{"step": 4300000, "timestamp": "2026-03-23T17:51:27.709495", "purpose_state": [0.17600000000000002, 0.13200000000000014, 0.43999999999999984, 0.13200000000000003, 0.9739307976132947, 0.43259885014998384, 0.0, 0.0, 0.1079104415364258], "exploration_rate": 0.1, "stats": {"purpose_switches": 0, "goals_achieved": 0, "predictions_made": 0, "reflections": 430000}}