{"step": 4290000, "timestamp": "2026-03-23T17:49:44.188078", "purpose_state": [0.17600000000000002, 0.13200000000000014, 0.43999999999999984, 0.13200000000000003, 0.9739307976132947, 0.43100973917728036, 0.0, 0.0, 0.10806369412536698], "exploration_rate": 0.1, "stats": {"purpose_switches": 0, "goals_achieved": 0, "predictions_made": 0, "reflections": 429000}}