{
  "experiment_id": "longterm_24h_0311_2108",
  "restored_from": "longterm_24h_0311_2108_1773275608",
  "final_action_count": 493250,
  "final_knowledge": 148464,
  "final_reward": 11963.688303439967,
  "final_weights": {
    "survival": 0.20996253129679177,
    "curiosity": 0.5349467879956509,
    "influence": 0.1890614785611262,
    "optimization": 0.0660292021464311
  }
}