{
  "total_experiments": 25,
  "strategy_distribution": {
    "Influence-Dominant": 4,
    "Mixed": 6,
    "Curiosity-Dominant": 12,
    "Survival-Dominant": 2,
    "Optimization-Dominant": 1
  },
  "strategy_percentages": {
    "Influence-Dominant": 16.0,
    "Mixed": 24.0,
    "Curiosity-Dominant": 48.0,
    "Survival-Dominant": 8.0,
    "Optimization-Dominant": 4.0
  },
  "clustering": {
    "optimal_k": 3,
    "centers": [
      [
        0.19149913480767158,
        0.44507141077458395,
        0.25307333203563587,
        0.11035612238210862
      ],
      [
        0.34837166044895485,
        0.1870176719650051,
        0.35229462557195834,
        0.11231604201408169
      ],
      [
        0.08570919657486484,
        0.0475054615445184,
        0.17197315644738773,
        0.694812185433229
      ]
    ]
  },
  "statistics": {
    "reward": {
      "mean": 765.3038556719998,
      "std": 120.30366260402761,
      "median": 694.2268493697595,
      "min": 671.7270711556024,
      "max": 1087.7607434314834,
      "ci_95": [
        714.6209416204969,
        815.9867697235028
      ]
    },
    "actions": {
      "mean": 14636.4,
      "std": 5678.407121719963
    },
    "knowledge": {
      "mean": 4196.6,
      "std": 1552.1752993782627
    }
  },
  "statistical_tests": {
    "high_curiosity_count": 12,
    "high_influence_count": 12,
    "high_curiosity_mean_reward": 749.510068910763,
    "high_influence_mean_reward": 725.9374872396553,
    "t_statistic": 0.5047966046743672,
    "p_value": 0.6187208693185913,
    "significant": false
  },
  "timestamp": "2026-03-15"
}