{
  "timestamp": "2026-04-03T12:41:55.630427",
  "tests": [
    {
      "test": "correlation_analysis",
      "correlations": {
        "survival": -0.007953717273369505,
        "curiosity": 0.04109022780719407,
        "influence": 0.08129968841430353,
        "optimization": 0.04796978131039722
      },
      "max_correlation": 0.08129968841430353,
      "threshold": 0.6,
      "passed": 