{
  "timestamp": "2026-04-03T12:48:28.357931",
  "test": "emergence_path_analysis",
  "path_metrics": {
    "growth_continuity": 0.5283018867924528,
    "growth_stability": 0.9261482606724084,
    "emergence_clarity": 0.31412152882353284,
    "latent_phase_avg": -0.011273695262807006,
    "growth_phase_avg": 0.20136648313237188,
    "stable_phase_avg": 0.34909093069174
  },
  "conclusion": {
    "clarity_score": 0.5834016915657635,
    "threshold": 0.6,
    "passed": false,
    "interpretation": "\u6f14\u5316\u8def\u5f84\u6a21\u7cca",
    "evidence_strength": "\u5f31"
  }
}