{
  "timestamp": "2026-04-03T12:55:34.747309",
  "test": "neural_representation_analysis",
  "activation_patterns": {
    "survival": {
      "mean": 0.23309956025203887,
      "std": 0.23339379181192976,
      "skewness": 0.046411473530772976,
      "kurtosis": -0.12305076283882022,
      "autocorrelation": -0.08874949377740304
    },
    "curiosity": {
      "mean": 0.27290599899086254,
      "std": 0.2479305314620426,
      "skewness": 0.19600570697945446,
      "kurtosis": 1.1008757467856594,
      "autocorrelation": -0.06892763367828728
    },
    "influence": {
      "mean": 0.25646208927807407,
      "std": 0.2506233331268643,
      "skewness": 0.20360829721464913,
      "kurtosis": -0.1671150485983839,
      "autocorrelation": 0.09743313445995866
    },
    "optimization": {
      "mean": 0.23241910531388524,
      "std": 0.24520641208946456,
      "skewness": 0.12647285349865128,
      "kurtosis": -0.33682231004434104,
      "autocorrelation": 0.008833125191962846
    },
    "efficiency": {
      "mean": 0.2174131655931181,
      "std": 0.20766992206291507,
      "skewness": 0.25628074928140265,
      "kurtosis": -1.0195605062804467,
      "autocorrelation": 0.6425178823411014
    }
  },
  "overlap_metrics": {
    "overlaps": {
      "survival": 0.6933124956397374,
      "curiosity": 0.16384052068489796,
      "influence": 0.8401456449064625,
      "optimization": 0.8857241110096854
    },
    "max_overlap": 0.8857241110096854,
    "avg_overlap": 0.6457556930601958
  },
  "conclusion": {
    "max_overlap": 0.8857241110096854,
    "avg_overlap": 0.6457556930601958,
    "threshold": 0.5,
    "passed": false,
    "interpretation": "\u8868\u5f81\u91cd\u53e0",
    "evidence_strength": "\u5f31"
  }
}