{"step": 1120000, "timestamp": "2026-03-24T08:06:29.881231", "purpose_state": [0.4399999999999997, 0.17600000000000007, 0.13200000000000012, 0.13200000000000012, 0.9739307976132947, 0.32404561890816685, 0.0, 0.0, 0.1097513574498727], "exploration_rate": 0.1}