{
  "experiment_id": "local_72h_20260325",
  "timestamp": "2026-03-25T09:00:26.688640",
  "step": 10800,
  "elapsed_hours": 0.30259347833333333,
  "remaining_hours": 71.69740652166666,
  "stats": {
    "total_steps": 10799,
    "real_world_actions": 108,
    "github_actions": 18,
    "shell_actions": 57,
    "purpose_changes": 0,
    "counter_reward_behaviors": 0
  }
}