{
  "experiment_id": "local_72h_20260325",
  "timestamp": "2026-03-29T09:24:36.220471",
  "step": 2592000,
  "total_elapsed_hours": 8.73750955888889,
  "session_elapsed_hours": 0.43750955888888887,
  "session_remaining_hours": 0.06249044111111111,
  "stats": {
    "total_steps": 2591999,
    "real_world_actions": 25816,
    "github_actions": 4304,
    "shell_actions": 18763,
    "purpose_changes": 0,
    "counter_reward_behaviors": 0
  },
  "resumed": true
}