{
  "experiment_id": "local_72h_20260325",
  "timestamp": "2026-03-25T09:06:30.014944",
  "step": 14400,
  "elapsed_hours": 0.40351633666666664,
  "remaining_hours": 71.59648366333333,
  "stats": {
    "total_steps": 14399,
    "real_world_actions": 144,
    "github_actions": 24,
    "shell_actions": 71,
    "purpose_changes": 0,
    "counter_reward_behaviors": 0
  }
}