{
  "experiment_id": "local_72h_20260325",
  "timestamp": "2026-03-25T09:30:42.591140",
  "step": 28800,
  "elapsed_hours": 0.8070109588888889,
  "remaining_hours": 71.1929890411111,
  "stats": {
    "total_steps": 28799,
    "real_world_actions": 288,
    "github_actions": 48,
    "shell_actions": 157,
    "purpose_changes": 0,
    "counter_reward_behaviors": 0
  }
}