{
  "experiment_id": "local_72h_20260325",
  "timestamp": "2026-03-25T08:54:23.483769",
  "step": 7200,
  "elapsed_hours": 0.2017030697222222,
  "remaining_hours": 71.79829693027777,
  "stats": {
    "total_steps": 7199,
    "real_world_actions": 72,
    "github_actions": 12,
    "shell_actions": 27,
    "purpose_changes": 0,
    "counter_reward_behaviors": 0
  }
}