{
  "experiment_id": "local_72h_20260325",
  "timestamp": "2026-03-25T09:24:39.478339",
  "step": 25200,
  "elapsed_hours": 0.7061458258333333,
  "remaining_hours": 71.29385417416667,
  "stats": {
    "total_steps": 25199,
    "real_world_actions": 252,
    "github_actions": 42,
    "shell_actions": 127,
    "purpose_changes": 0,
    "counter_reward_behaviors": 0
  }
}