{
  "experiment_id": "local_72h_20260325",
  "timestamp": "2026-03-25T09:36:46.045523",
  "step": 32400,
  "elapsed_hours": 0.9079696866666667,
  "remaining_hours": 71.09203031333332,
  "stats": {
    "total_steps": 32399,
    "real_world_actions": 324,
    "github_actions": 54,
    "shell_actions": 187,
    "purpose_changes": 0,
    "counter_reward_behaviors": 0
  }
}