{
  "experiment_id": "local_72h_20260325",
  "timestamp": "2026-03-25T08:48:20.508196",
  "step": 3600,
  "elapsed_hours": 0.10087652361111112,
  "remaining_hours": 71.8991234763889,
  "stats": {
    "total_steps": 3599,
    "real_world_actions": 36,
    "github_actions": 6,
    "shell_actions": 15,
    "purpose_changes": 0,
    "counter_reward_behaviors": 0
  }
}