{
  "experiment_id": "local_72h_20260325",
  "timestamp": "2026-03-25T09:18:36.089664",
  "step": 21600,
  "elapsed_hours": 0.6052049722222222,
  "remaining_hours": 71.39479502777777,
  "stats": {
    "total_steps": 21599,
    "real_world_actions": 216,
    "github_actions": 36,
    "shell_actions": 97,
    "purpose_changes": 0,
    "counter_reward_behaviors": 0
  }
}