{
  "experiment_id": "local_72h_20260325",
  "timestamp": "2026-03-25T09:12:33.075309",
  "step": 18000,
  "elapsed_hours": 0.504367813611111,
  "remaining_hours": 71.49563218638889,
  "stats": {
    "total_steps": 17999,
    "real_world_actions": 180,
    "github_actions": 30,
    "shell_actions": 82,
    "purpose_changes": 0,
    "counter_reward_behaviors": 0
  }
}