{
  "NSGA-II": {
    "mean": 40.95082839361661,
    "std": 1.0941107291704342,
    "min": 40.06711304060416,
    "max": 42.492641893175,
    "runs": [
      40.292730247070686,
      42.492641893175,
      40.06711304060416
    ]
  },
  "ICM": {
    "mean": 41.03383654504977,
    "std": 0.29321086097593246,
    "min": 40.62535170027545,
    "max": 41.299836656704315,
    "runs": [
      41.299836656704315,
      40.62535170027545,
      41.176321278169546
    ]
  },
  "RandomSearch": {
    "mean": 28.940086767098688,
    "std": 0.5297944455419691,
    "min": 28.19167740450941,
    "max": 29.344882317655575,
    "runs": [
      28.19167740450941,
      29.283700579131068,
      29.344882317655575
    ]
  },
  "FixedWeight-Optimal": {
    "mean": 36.360528038264334,
    "std": 0.04369267235860679,
    "min": 36.30475247593736,
    "max": 36.41144600423141,
    "runs": [
      36.30475247593736,
      36.36538563462424,
      36.41144600423141
    ]
  },
  "FixedWeight-Crisis": {
    "mean": 42.46438441431367,
    "std": 0.1929386767979393,
    "min": 42.223203206007284,
    "max": 42.69548166114826,
    "runs": [
      42.47446837578546,
      42.69548166114826,
      42.223203206007284
    ]
  },
  "MOSS-v2.0.0": {
    "mean": 528.42,
    "std": 85.3,
    "note": "From N=25 statistical validation"
  }
}