{
  "knowledge_acquired": {
    "random": {
      "strategy1": "moss",
      "strategy2": "random",
      "metric": "knowledge_acquired",
      "mean1": 4.0,
      "mean2": 3.466666666666667,
      "std1": 1.8937283058959973,
      "std2": 1.407696414502182,
      "t_statistic": 1.2379893664107113,
      "p_value": 0.2207079033948944,
      "cohens_d": 0.31964747992603715,
      "significant": 