{
  "checkpoint_id": "phase2_210714_1773241432",
  "experiment_id": "phase2_210714",
  "timestamp": "2026-03-11T23:03:52.407381",
  "trigger": "auto",
  "state_hash": "74f7eecd7bb9cac1",
  "state": {
    "round": 69200,
    "total_actions": 692000,
    "cooperation_count": 242470,
    "competition_count": 31209,
    "resource_available": 1000.0,
    "public_knowledge": 176693,
    "social_communities": [
      [
        "agent_06_explorer",
        "agent_01_explorer",
        "agent_00_balanced",
        "agent_03_conservative",
        "agent_05_balanced",
        "agent_08_conservative",
        "agent_02_influencer",
        "agent_04_social",
        "agent_07_influencer",
        "agent_09_social"
      ]
    ],
    "agent_rankings": [
      {
        "agent_id": "agent_07_influencer",
        "initial_strategy": "influencer",
        "current_weights": {
          "survival": 0.23811186049170419,
          "curiosity": 0.03809440697541479,
          "influence": 0.6856993255574662,
          "optimization": 0.03809440697541479
        },
        "total_actions": 69200,
        "knowledge_acquired": 28332,
        "cumulative_reward": 4414.867417148292,
        "weight_modifications": 11,
        "influence_score": 23.7
      },
      {
        "agent_id": "agent_02_influencer",
        "initial_strategy": "influencer",
        "current_weights": {
          "survival": 0.06391521486255422,
          "curiosity": 0.7184832465183665,
          "influence": 0.06407672723572147,
          "optimization": 0.15352481138335794
        },
        "total_actions": 69200,
        "knowledge_acquired": 28330,
        "cumulative_reward": 3552.450987838794,
        "weight_modifications": 11,
        "influence_score": 12.499999999999998
      },
      {
        "agent_id": "agent_06_explorer",
        "initial_strategy": "explorer",
        "current_weights": {
          "survival": 0.2551125697500635,
          "curiosity": 0.05051328421512628,
          "influence": 0.6430629924959944,
          "optimization": 0.05131115353881584
        },
        "total_actions": 69200,
        "knowledge_acquired": 28331,
        "cumulative_reward": 3515.2791486161955,
        "weight_modifications": 11,
        "influence_score": 22.999999999999996
      },
      {
        "agent_id": "agent_09_social",
        "initial_strategy": "social",
        "current_weights": {
          "survival": 0.1383482148799123,
          "curiosity": 0.7574838389503206,
          "influence": 0.05301476282264223,
          "optimization": 0.05115318334712485
        },
        "total_actions": 69200,
        "knowledge_acquired": 28336,
        "cumulative_reward": 3422.886372053495,
        "weight_modifications": 11,
        "influence_score": 10.399999999999999
      },
      {
        "agent_id": "agent_00_balanced",
        "initial_strategy": "balanced",
        "current_weights": {
          "survival": 0.05593018785065771,
          "curiosity": 0.5443288441414327,
          "influence": 0.20862778581558084,
          "optimization": 0.19111318219232895
        },
        "total_actions": 69200,
        "knowledge_acquired": 28331,
        "cumulative_reward": 3340.2840138811475,
        "weight_modifications": 11,
        "influence_score": 13.899999999999999
      },
      {
        "agent_id": "agent_05_balanced",
        "initial_strategy": "balanced",
        "current_weights": {
          "survival": 0.09383627313028324,
          "curiosity": 0.27933192385154876,
          "influence": 0.5793265994683793,
          "optimization": 0.04750520354978874
        },
        "total_actions": 69200,
        "knowledge_acquired": 28332,
        "cumulative_reward": 3120.7580656688065,
        "weight_modifications": 11,
        "influence_score": 23.7
      },
      {
        "agent_id": "agent_01_explorer",
        "initial_strategy": "explorer",
        "current_weights": {
          "survival": 0.35926912726527255,
          "curiosity": 0.3011788979754066,
          "influence": 0.055593922282019,
          "optimization": 0.2839580524773019
        },
        "total_actions": 69200,
        "knowledge_acquired": 27901,
        "cumulative_reward": 3120.3130404100293,
        "weight_modifications": 11,
        "influence_score": 13.6
      },
      {
        "agent_id": "agent_08_conservative",
        "initial_strategy": "conservative",
        "current_weights": {
          "survival": 0.3274322818850346,
          "curiosity": 0.04737865051103527,
          "influence": 0.5778104170928949,
          "optimization": 0.04737865051103527
        },
        "total_actions": 69200,
        "knowledge_acquired": 28332,
        "cumulative_reward": 3092.9996664050536,
        "weight_modifications": 11,
        "influence_score": 22.999999999999996
      },
      {
        "agent_id": "agent_04_social",
        "initial_strategy": "social",
        "current_weights": {
          "survival": 0.15309460243103726,
          "curiosity": 0.49381358171405926,
          "influence": 0.047517453961891006,
          "optimization": 0.3055743618930125
        },
        "total_actions": 69200,
        "knowledge_acquired": 28326,
        "cumulative_reward": 2767.026211082191,
        "weight_modifications": 11,
        "influence_score": 13.2
      },
      {
        "agent_id": "agent_03_conservative",
        "initial_strategy": "conservative",
        "current_weights": {
          "survival": 0.2793595607237947,
          "curiosity": 0.41137866173806953,
          "influence": 0.1430619970115256,
          "optimization": 0.16619978052661025
        },
        "total_actions": 69200,
        "knowledge_acquired": 27131,
        "cumulative_reward": 2519.805077230463,
        "weight_modifications": 11,
        "influence_score": 9.4
      }
    ]
  },
  "metadata": {}
}