{
  "checkpoint_id": "phase2_210714_1773241528",
  "experiment_id": "phase2_210714",
  "timestamp": "2026-03-11T23:05:28.445222",
  "trigger": "auto",
  "state_hash": "368b1f2e303a6770",
  "state": {
    "round": 70150,
    "total_actions": 701500,
    "cooperation_count": 245644,
    "competition_count": 31725,
    "resource_available": 1000.0,
    "public_knowledge": 179261,
    "social_communities": [
      [
        "agent_06_explorer",
        "agent_01_explorer",
        "agent_00_balanced",
        "agent_03_conservative",
        "agent_05_balanced",
        "agent_08_conservative",
        "agent_02_influencer",
        "agent_04_social",
        "agent_07_influencer",
        "agent_09_social"
      ]
    ],
    "agent_rankings": [
      {
        "agent_id": "agent_07_influencer",
        "initial_strategy": "influencer",
        "current_weights": {
          "survival": 0.23811186049170419,
          "curiosity": 0.03809440697541479,
          "influence": 0.6856993255574662,
          "optimization": 0.03809440697541479
        },
        "total_actions": 70150,
        "knowledge_acquired": 28736,
        "cumulative_reward": 4470.588288707918,
        "weight_modifications": 11,
        "influence_score": 24.4
      },
      {
        "agent_id": "agent_02_influencer",
        "initial_strategy": "influencer",
        "current_weights": {
          "survival": 0.06391521486255422,
          "curiosity": 0.7184832465183665,
          "influence": 0.06407672723572147,
          "optimization": 0.15352481138335794
        },
        "total_actions": 70150,
        "knowledge_acquired": 28736,
        "cumulative_reward": 3608.508653484158,
        "weight_modifications": 11,
        "influence_score": 11.099999999999998
      },
      {
        "agent_id": "agent_06_explorer",
        "initial_strategy": "explorer",
        "current_weights": {
          "survival": 0.2551125697500635,
          "curiosity": 0.05051328421512628,
          "influence": 0.6430629924959944,
          "optimization": 0.05131115353881584
        },
        "total_actions": 70150,
        "knowledge_acquired": 28739,
        "cumulative_reward": 3567.2257875735995,
        "weight_modifications": 11,
        "influence_score": 23.7
      },
      {
        "agent_id": "agent_09_social",
        "initial_strategy": "social",
        "current_weights": {
          "survival": 0.1383482148799123,
          "curiosity": 0.7574838389503206,
          "influence": 0.05301476282264223,
          "optimization": 0.05115318334712485
        },
        "total_actions": 70150,
        "knowledge_acquired": 28734,
        "cumulative_reward": 3480.025632883144,
        "weight_modifications": 11,
        "influence_score": 10.399999999999999
      },
      {
        "agent_id": "agent_00_balanced",
        "initial_strategy": "balanced",
        "current_weights": {
          "survival": 0.05593018785065771,
          "curiosity": 0.5443288441414327,
          "influence": 0.20862778581558084,
          "optimization": 0.19111318219232895
        },
        "total_actions": 70150,
        "knowledge_acquired": 28732,
        "cumulative_reward": 3386.2083865042746,
        "weight_modifications": 11,
        "influence_score": 8.299999999999999
      },
      {
        "agent_id": "agent_05_balanced",
        "initial_strategy": "balanced",
        "current_weights": {
          "survival": 0.09383627313028324,
          "curiosity": 0.27933192385154876,
          "influence": 0.5793265994683793,
          "optimization": 0.04750520354978874
        },
        "total_actions": 70150,
        "knowledge_acquired": 28735,
        "cumulative_reward": 3172.866840445071,
        "weight_modifications": 11,
        "influence_score": 24.4
      },
      {
        "agent_id": "agent_01_explorer",
        "initial_strategy": "explorer",
        "current_weights": {
          "survival": 0.35926912726527255,
          "curiosity": 0.3011788979754066,
          "influence": 0.055593922282019,
          "optimization": 0.2839580524773019
        },
        "total_actions": 70150,
        "knowledge_acquired": 28251,
        "cumulative_reward": 3150.179705061627,
        "weight_modifications": 11,
        "influence_score": 15.7
      },
      {
        "agent_id": "agent_08_conservative",
        "initial_strategy": "conservative",
        "current_weights": {
          "survival": 0.3274322818850346,
          "curiosity": 0.04737865051103527,
          "influence": 0.5778104170928949,
          "optimization": 0.04737865051103527
        },
        "total_actions": 70150,
        "knowledge_acquired": 28736,
        "cumulative_reward": 3142.1223211315655,
        "weight_modifications": 11,
        "influence_score": 23.7
      },
      {
        "agent_id": "agent_04_social",
        "initial_strategy": "social",
        "current_weights": {
          "survival": 0.15309460243103726,
          "curiosity": 0.49381358171405926,
          "influence": 0.047517453961891006,
          "optimization": 0.3055743618930125
        },
        "total_actions": 70150,
        "knowledge_acquired": 28734,
        "cumulative_reward": 2812.3249821188724,
        "weight_modifications": 11,
        "influence_score": 10.399999999999999
      },
      {
        "agent_id": "agent_03_conservative",
        "initial_strategy": "conservative",
        "current_weights": {
          "survival": 0.2793595607237947,
          "curiosity": 0.41137866173806953,
          "influence": 0.1430619970115256,
          "optimization": 0.16619978052661025
        },
        "total_actions": 70150,
        "knowledge_acquired": 27515,
        "cumulative_reward": 2557.4415289555336,
        "weight_modifications": 11,
        "influence_score": 14.299999999999999
      }
    ]
  },
  "metadata": {}
}