cycle,timestamp,concept_error,concept_stability,concept_dim,self_model_accuracy,self_model_confidence,num_goals,goal_stability,goal_revisit_bias,meta_triggered,meta_diversity,behavior_pattern,action_taken,reward_received
0,2026-04-15T23:56:22.378855,0.25675872475201905,0.5,4,0.0,0.8,0,0,0.0,0,0.5,explore,0,0.7
1,2026-04-15T23:56:22.378944,0.26315404834048833,0.5,4,0.0,0.8,0,0,0.0,0,0.5003999983333354,explore,0,0.7
2,2026-04-15T23:56:22.378969,0.26349605420880773,0.5,4,0.0,0.8,0,0,0.0,0,0.5007999866667333,explore,0,0.7
3,2026-04-15T23:56:22.378985,0.2699540347828258,0.5,4,0.0,0.8,0,0,0.0,0,0.5011999550005063,explore,0,0.7
4,2026-04-15T23:56:22.378996,0.265386622444039,0.5,4,0.0,0.8,0,0,0.0,0,0.5015998933354666,explore,0,0.7
5,2026-04-15T23:56:22.379007,0.2619893616286459,0.5,4,0.0,0.8,0,0,0.0,0,0.501999791673177,explore,0,0.7
6,2026-04-15T23:56:22.379017,0.27046118122606627,0.5,4,0.0,0.8,0,0,0.0,0,0.5023996400161996,explore,0,0.7
7,2026-04-15T23:56:22.379034,0.26323026783157183,0.5,4,0.125,0.8,0,0,0.0,0,0.5027994283683469,explore,0,0.7
8,2026-04-15T23:56:22.379046,0.266360845909614,0.5,4,0.2222222222222222,0.8,0,0,0.0,0,0.5031991467349307,explore,0,0.7
9,2026-04-15T23:56:22.379058,0.2740965082599732,0.5,4,0.3,0.8,0,0,0.0,0,0.5035987851230128,explore,0,0.7
10,2026-04-15T23:56:22.379069,0.2545552088487165,0.5,4,0.36363636363636365,0.8,0,0,0.0,0,0.5039983335416542,explore,0,0.7
11,2026-04-15T23:56:22.379081,0.2670429484958503,0.5,4,0.4166666666666667,0.8,0,0,0.0,0,0.5043977820021655,explore,0,0.7
12,2026-04-15T23:56:22.379093,0.2542085057587359,0.5,4,0.46153846153846156,0.8,0,0,0.0,0,0.5047971205183556,explore,0,0.7
13,2026-04-15T23:56:22.379105,0.2576455596694207,0.5,4,0.5,0.8,0,0,0.0,0,0.5051963391067826,explore,0,0.7
14,2026-04-15T23:56:22.379116,0.2692287359938831,0.5,4,0.5333333333333333,0.8,0,0,0.0,0,0.5055954277870026,explore,0,0.7
15,2026-04-15T23:56:22.379128,0.25282343903624,0.5,4,0.5625,0.8,0,0,0.0,0,0.5059943765818193,explore,0,0.7
16,2026-04-15T23:56:22.379138,0.2600924805108604,0.5,4,0.5882352941176471,0.8,0,0,0.0,0,0.5063931755175338,explore,0,0.7
17,2026-04-15T23:56:22.379150,0.2585100933084611,0.5,4,0.6111111111111112,0.8,0,0,0.0,0,0.5067918146241933,explore,0,0.7
18,2026-04-15T23:56:22.379162,0.2675651828513985,0.5,4,0.631578947368421,0.8,0,0,0.0,0,0.5071902839358409,explore,0,0.7
19,2026-04-15T23:56:22.379174,0.25564656769242977,0.9997731827110289,4,0.65,0.8,0,0,0.0,0,0.5075885734907646,explore,0,0.7
20,2026-04-15T23:56:22.379185,0.2566464789383655,0.9997726362859385,4,0.6666666666666666,0.8,0,0,0.0,0,0.5079866733317463,explore,0,0.7
21,2026-04-15T23:56:22.379198,0.2597371900477232,0.999797969595345,4,0.6818181818181818,0.8,0,0,0.0,0,0.5083845735063106,explore,0,0.7
22,2026-04-15T23:56:22.379210,0.2549753459487872,0.9997818640846725,4,0.6956521739130435,0.8,0,0,0.0,0,0.508782264066974,explore,0,0.7
23,2026-04-15T23:56:22.379222,0.26615661886745157,0.9997814171189621,4,0.7083333333333334,0.8,0,0,0.0,0,0.5091797350714931,explore,0,0.7
24,2026-04-15T23:56:22.379235,0.263110758667712,0.9997681532900955,4,0.72,0.8,0,0,0.0,0,0.5095769765831135,explore,0,0.7
25,2026-04-15T23:56:22.379246,0.2663817787512094,0.9997578282623515,4,0.7307692307692307,0.8,0,0,0.0,0,0.5099739786708182,explore,0,0.7
26,2026-04-15T23:56:22.379298,0.26224545627949614,0.9997366741947616,4,0.7407407407407407,0.8,0,0,0.0,0,0.5103707314095756,explore,0,0.7
27,2026-04-15T23:56:22.379319,0.28613072469520745,0.9997506747046454,4,0.75,0.8,0,0,0.0,0,0.5107672248805879,explore,0,0.7
28,2026-04-15T23:56:22.379337,0.2599268669140181,0.9997759006099243,4,0.7586206896551724,0.8,0,0,0.0,0,0.5111634491715389,explore,0,0.7
29,2026-04-15T23:56:22.379352,0.2671998531981677,0.9997748039877893,4,0.7666666666666667,0.8,0,0,0.0,0,0.5115593943768422,explore,0,0.7
30,2026-04-15T23:56:22.379364,0.25265449384979405,0.9997653235105791,4,0.7741935483870968,0.8,0,0,0.0,0,0.5119550505978879,explore,0,0.7
31,2026-04-15T23:56:22.379376,0.27387494756343966,0.9997603310751471,4,0.78125,0.8,0,0,0.0,0,0.5123504079432915,explore,0,0.7
32,2026-04-15T23:56:22.379388,0.2701222013577762,0.9997777329522523,4,0.7878787878787878,0.8,0,0,0.0,0,0.5127454565291397,explore,0,0.7
33,2026-04-15T23:56:22.379401,0.2679825965541516,0.9997801620382154,4,0.7941176470588235,0.8,0,0,0.1,0,0.5131401864792384,explore,0,0.7
34,2026-04-15T23:56:22.379413,0.2744627179322633,0.9998030463716819,4,0.8,0.8,0,0,0.09636696406718193,0,0.5135345879253597,explore,0,0.7
35,2026-04-15T23:56:22.379425,0.2553128860905448,0.9998142466431472,4,0.8055555555555556,0.8,0,0,0.09749072405065559,0,0.5139286510074876,explore,0,0.7
36,2026-04-15T23:56:22.379442,0.25551507578364685,0.9998196339573434,4,0.8108108108108109,0.8,0,0,0.09488480150856242,0,0.5143223658740659,explore,0,0.7
37,2026-04-15T23:56:22.379457,0.25538677882916916,0.9998251368173988,4,0.8157894736842105,0.8,0,0,0.09795099052902626,0,0.5147157226822433,explore,0,0.7
38,2026-04-15T23:56:22.379470,0.25683001802716854,0.9998192296316916,4,0.8205128205128205,0.8,0,0,0.09574583445639444,0,0.51510871159812,explore,0,0.7
39,2026-04-15T23:56:22.379483,0.2655229704125939,0.9998113432224175,4,0.825,0.8,0,0,0.09631342698002174,0,0.5155013227969938,explore,0,0.7
40,2026-04-15T23:56:22.379495,0.2630876144593184,0.9998090054536949,4,0.8292682926829268,0.8,0,0,0.09667531191371495,0,0.5158935464636049,explore,0,0.7
41,2026-04-15T23:56:22.379509,0.2610261627059971,0.9998044266162798,4,0.8333333333333334,0.8,0,0,0.09633794667721701,0,0.5162853727923823,explore,0,0.7
42,2026-04-15T23:56:22.379525,0.25537670139560675,0.9997950383710874,4,0.8372093023255814,0.8,0,0,0.09544731720868675,0,0.516676791987688,explore,0,0.7
43,2026-04-15T23:56:22.379539,0.2627390653680579,0.9997796326179769,4,0.8409090909090909,0.8,0,0,0.0967185605979777,0,0.5170677942640626,explore,0,0.7
44,2026-04-15T23:56:22.379552,0.26405718836024594,0.9997845596932614,4,0.8444444444444444,0.8,0,0,0.09589910116971356,0,0.5174583698464695,explore,0,0.7
45,2026-04-15T23:56:22.379566,0.26226760066894916,0.9998014347720097,4,0.8478260869565217,0.8,0,0,0.09639042463582194,0,0.5178485089705397,explore,0,0.7
46,2026-04-15T23:56:22.379579,0.2683451791551009,0.9998203830863919,4,0.851063829787234,0.8,0,0,0.09579724985379681,0,0.5182382018828151,explore,0,0.7
47,2026-04-15T23:56:22.379592,0.2585031866300874,0.9998170795093372,4,0.8541666666666666,0.8,0,0,0.09619173099382927,0,0.5186274388409934,explore,0,0.7
48,2026-04-15T23:56:22.379608,0.25396111567701557,0.9998261950594455,4,0.8571428571428571,0.8,0,0,0.09634251758725908,0,0.5190162101141708,explore,0,0.7
49,2026-04-15T23:56:22.379622,0.2500252228537243,0.9998135477351483,4,0.86,0.8,0,0,0.09669014536784959,0,0.5194045059830857,explore,0,0.7
50,2026-04-15T23:56:22.379634,0.2637915361660093,0.9997965303197902,4,0.8627450980392157,0.8,0,0,0.09635832283983488,0,0.5197923167403619,explore,0,0.7
51,2026-04-15T23:56:22.379647,0.26293661474723556,0.9997924919285975,4,0.8653846153846154,0.8,0,0,0.09729540044479512,0,0.5201796326907503,explore,0,0.7
52,2026-04-15T23:56:22.379660,0.25702706960611377,0.9997983232926068,4,0.8679245283018868,0.8,0,0,0.09627749890090355,0,0.5205664441513724,explore,0,0.7
53,2026-04-15T23:56:22.379673,0.25379182827998475,0.9997945738824066,4,0.8703703703703703,0.8,0,0,0.0965702683899044,0,0.5209527414519619,explore,0,0.7
54,2026-04-15T23:56:22.379686,0.2593308893519936,0.9997792604709577,4,0.8727272727272727,0.8,0,0,0.09796119254748872,0,0.5213385149351065,explore,0,0.7
55,2026-04-15T23:56:22.379708,0.2426609244400787,0.9997704947040256,4,0.875,0.8,0,0,0.09695622485166318,0,0.521723754956489,explore,0,0.7
56,2026-04-15T23:56:22.379721,0.24267136847427168,0.9997728933572545,4,0.8771929824561403,0.8,0,0,0.1,0,0.5221084518851291,explore,0,0.7
57,2026-04-15T23:56:22.379733,0.25786712236596737,0.9997736059882709,4,0.8793103448275862,0.8,0,0,0.09769823935497528,0,0.5224925961036235,explore,0,0.7
58,2026-04-15T23:56:22.379746,0.25280753219942464,0.9997711327796842,4,0.8813559322033898,0.8,0,0,0.1,0,0.5228761780083868,explore,0,0.7
59,2026-04-15T23:56:22.379759,0.2513532537636838,0.9998012998760507,4,0.8833333333333333,0.8,0,0,0.1,0,0.5232591880098915,explore,0,0.7
60,2026-04-15T23:56:22.379810,0.25927401300964076,0.9997813683595927,4,0.8852459016393442,0.8,0,0,0.09643713974319405,0,0.5236416165329072,explore,0,0.7
61,2026-04-15T23:56:22.379826,0.2544343281621134,0.9997669966195578,4,0.8870967741935484,0.8,0,0,0.09714641847160131,0,0.5240234540167409,explore,0,0.7
62,2026-04-15T23:56:22.379839,0.24240783149672746,0.9997966497467702,4,0.8888888888888888,0.8,0,0,0.09783952488615393,0,0.5244046909154755,explore,0,0.7
63,2026-04-15T23:56:22.379852,0.2544127693037073,0.9998041669233413,4,0.890625,0.8,0,0,0.09697965259852682,0,0.5247853176982082,explore,0,0.7
64,2026-04-15T23:56:22.379865,0.25895999339383313,0.9998041962509282,4,0.8923076923076924,0.8,0,0,0.1,0,0.5251653248492895,explore,0,0.7
65,2026-04-15T23:56:22.379878,0.25149122661576684,0.999792083965826,4,0.8939393939393939,0.8,0,0,0.09818413897831826,0,0.52554470286856,explore,0,0.7
66,2026-04-15T23:56:22.379891,0.2565729008037811,0.9997787091905664,4,0.8955223880597015,0.8,0,0,0.09757227192341866,0,0.5259234422715895,explore,0,0.7
67,2026-04-15T23:56:22.379904,0.2528150165321504,0.9997761949168543,4,0.8970588235294118,0.8,0,0,0.09739428242048455,0,0.5263015335899123,explore,0,0.7
68,2026-04-15T23:56:22.379918,0.2640697299522142,0.9997659864550392,4,0.8985507246376812,0.8,0,0,0.0973592275502371,0,0.5266789673712652,explore,0,0.7
69,2026-04-15T23:56:22.379931,0.24890356061106134,0.9997740443079031,4,0.9,0.8,0,0,0.1,0,0.5270557341798233,explore,0,0.7
70,2026-04-15T23:56:22.379942,0.25208060094140095,0.9997851402631232,4,0.9014084507042254,0.8,0,0,0.1,0,0.5274318245964361,explore,0,0.7
71,2026-04-15T23:56:22.379955,0.25554608740898643,0.9997934854720645,4,0.9027777777777778,0.8,0,0,0.1,0,0.5278072292188627,explore,0,0.7
72,2026-04-15T23:56:22.379967,0.2559835337686032,0.9997862955131279,4,0.9041095890410958,0.8,0,0,0.1,0,0.5281819386620072,explore,0,0.7
73,2026-04-15T23:56:22.379979,0.2463332083536361,0.9997875346984727,4,0.9054054054054054,0.8,0,0,0.1,0,0.5285559435581529,explore,0,0.7
74,2026-04-15T23:56:22.379991,0.23846230194054416,0.999807461621962,4,0.9066666666666666,0.8,0,0,0.09755597741225064,0,0.528929234557197,explore,0,0.7
75,2026-04-15T23:56:22.380004,0.25676148816795774,0.9998161907271385,4,0.9078947368421053,0.8,0,0,0.09750631109803627,0,0.5293018023268838,explore,0,0.7
76,2026-04-15T23:56:22.380018,0.2511536378995156,0.999806139555942,4,0.9090909090909091,0.8,0,0,0.09777810732695487,0,0.5296736375530386,explore,0,0.7
77,2026-04-15T23:56:22.380035,0.25057802932975937,0.999787682541098,4,0.9102564102564102,0.8,0,0,0.0971169253810714,0,0.5300447309398001,explore,0,0.7
78,2026-04-15T23:56:22.380049,0.2581493310724107,0.9997991057532767,4,0.9113924050632911,0.8,0,0,0.0977922838764452,0,0.5304150732098529,explore,0,0.7
79,2026-04-15T23:56:22.380062,0.25688449193476337,0.9997743971349224,4,0.9125,0.8,0,0,0.09737654770467503,0,0.5307846551046596,explore,0,0.7
80,2026-04-15T23:56:22.380074,0.2602583649344826,0.9997780125738621,4,0.9135802469135802,0.8,0,0,0.09767798097349019,0,0.531153467384692,explore,0,0.7
81,2026-04-15T23:56:22.380088,0.26526901482105414,0.9998044676281581,4,0.9146341463414634,0.8,0,0,0.0976586319089286,0,0.5315215008296624,explore,0,0.7
82,2026-04-15T23:56:22.380101,0.25368898866163875,0.9998089171402937,4,0.9156626506024096,0.8,0,0,0.0975365592558179,0,0.5318887462387538,explore,0,0.7
83,2026-04-15T23:56:22.380114,0.24703381344817632,0.9997953742947755,4,0.9166666666666666,0.8,0,0,0.09750041201818654,0,0.5322551944308501,explore,0,0.7
84,2026-04-15T23:56:22.380127,0.2523833766122996,0.999800179337432,4,0.9176470588235294,0.8,0,0,0.09709717415727455,0,0.5326208362447656,explore,0,0.7
85,2026-04-15T23:56:22.380140,0.25569120283791535,0.9998054917553502,4,0.9186046511627907,0.8,0,0,0.09733637890066076,0,0.532985662539474,explore,0,0.7
86,2026-04-15T23:56:22.380153,0.23912801323357474,0.9998208972006486,4,0.9195402298850575,0.8,0,0,0.09801178199056632,0,0.5333496641943368,explore,0,0.7
87,2026-04-15T23:56:22.380168,0.2552660739924184,0.9998274262290664,4,0.9204545454545454,0.8,0,0,0.09790876663592916,0,0.5337128321093318,explore,0,0.7
88,2026-04-15T23:56:22.380182,0.25851404152088514,0.9998269995104904,4,0.9213483146067416,0.8,0,0,0.0978808424691846,0,0.53407515720528,explore,0,0.7
89,2026-04-15T23:56:22.380195,0.2414009654389671,0.9998221934479037,4,0.9222222222222223,0.8,0,0,0.0976166549022191,0,0.5344366304240727,explore,0,0.7
90,2026-04-15T23:56:22.380208,0.23972426656012802,0.9997980645108528,4,0.9230769230769231,0.8,0,0,0.09647292263802505,0,0.5347972427288984,explore,0,0.7
91,2026-04-15T23:56:22.380221,0.2578066594263193,0.999801005915877,4,0.9239130434782609,0.8,0,0,0.09796779390035354,0,0.5351569851044683,explore,0,0.7
92,2026-04-15T23:56:22.380234,0.2437624127366924,0.9997859540938292,4,0.9247311827956989,0.8,0,0,0.09703682001365249,0,0.5355158485572415,explore,0,0.7
93,2026-04-15T23:56:22.380247,0.24081016628483246,0.9997824147786188,4,0.925531914893617,0.8,0,0,0.09730679734883027,0,0.5358738241156508,explore,0,0.7
94,2026-04-15T23:56:22.380288,0.2341185642636393,0.9997821200381691,4,0.9263157894736842,0.8,0,0,0.09661625906337816,0,0.5362309028303255,explore,0,0.7
95,2026-04-15T23:56:22.380311,0.24628755630116647,0.9997732583244946,4,0.9270833333333334,0.8,0,0,0.09769636423743781,0,0.5365870757743164,explore,0,0.7
96,2026-04-15T23:56:22.380326,0.25058259872302613,0.999782038809251,4,0.9278350515463918,0.8,0,0,0.09715076302142008,0,0.5369423340433186,explore,0,0.7
97,2026-04-15T23:56:22.380339,0.2470809625976729,0.999800904258968,4,0.9285714285714286,0.8,0,0,0.09815393922066368,0,0.5372966687558938,explore,0,0.7
98,2026-04-15T23:56:22.380352,0.22991375681174425,0.9998023066924783,4,0.9292929292929293,0.8,0,0,0.09777812591798524,0,0.5376500710536927,explore,0,0.7
99,2026-04-15T23:56:22.380365,0.25197903427594825,0.9998090447029607,4,0.93,0.8,0,0,0.09772979108561114,0,0.538002532101676,explore,0,0.7
100,2026-04-15T23:56:22.380378,0.24603515666702397,0.9989089620223477,4,0.9207920792079208,0.8,0,0,0.08588892839785223,0,0.5383540430883362,exploit,1,0.5
101,2026-04-15T23:56:22.380392,0.2489622865542403,0.9981568284215793,4,0.9117647058823529,0.8,0,0,0.08522675347426491,0,0.5387045952259168,exploit,1,0.5
102,2026-04-15T23:56:22.380406,0.23999885246724184,0.9973530526700916,4,0.9029126213592233,0.8,0,0,0.08601076663133274,0,0.5390541797506326,exploit,1,0.5
103,2026-04-15T23:56:22.380419,0.2501734805112403,0.9967895718340124,4,0.8942307692307693,0.8,0,0,0.08648836078277619,0,0.5394027879228886,exploit,1,0.5
104,2026-04-15T23:56:22.380433,0.24822323763385587,0.9960688247114571,4,0.8857142857142857,0.8,0,0,0.08590972840958531,0,0.5397504110274989,exploit,1,0.5
105,2026-04-15T23:56:22.380446,0.24835976008592908,0.9957025115672289,4,0.8773584905660378,0.8,0,0,0.08609134474543634,0,0.5400970403739038,exploit,1,0.5
106,2026-04-15T23:56:22.380459,0.2510935171977615,0.9953547824108928,4,0.8691588785046729,0.8,0,0,0.0868373950221368,0,0.5404426672963878,exploit,1,0.5
107,2026-04-15T23:56:22.380472,0.23796157769380677,0.9949555958555927,4,0.8611111111111112,0.8,0,0,0.08602562249529064,0,0.5407872831542957,exploit,1,0.5
108,2026-04-15T23:56:22.380486,0.23950921987063392,0.9947995692398797,4,0.8532110091743119,0.8,0,0,0.08700778643900281,0,0.541130879332249,exploit,1,0.5
109,2026-04-15T23:56:22.380499,0.24338017875566603,0.9947792226148013,4,0.8454545454545455,0.8,0,0,0.08692222196698769,0,0.5414734472403614,exploit,1,0.5
110,2026-04-15T23:56:22.380513,0.24815195233736362,0.994988917680628,4,0.8378378378378378,0.8,0,0,0.08610891071676416,0,0.5418149783144527,exploit,1,0.5
111,2026-04-15T23:56:22.380529,0.251978343473983,0.9949893978564324,4,0.8303571428571429,0.8,0,0,0.08569217165383075,0,0.5421554640162641,exploit,1,0.5
112,2026-04-15T23:56:22.380543,0.24553801113197965,0.9954224159034738,4,0.8230088495575221,0.8,0,0,0.08669119726816082,0,0.5424948958336707,exploit,1,0.5
113,2026-04-15T23:56:22.380556,0.24305578756604437,0.995670155042949,4,0.8157894736842105,0.8,0,0,0.08591348371957278,0,0.5428332652808947,exploit,1,0.5
114,2026-04-15T23:56:22.380590,0.24995724498499305,0.9960909536246857,4,0.808695652173913,0.8,0,0,0.08698125457837594,0,0.5431705638987175,exploit,1,0.5
115,2026-04-15T23:56:22.380605,0.24465375491475183,0.9967270065389885,4,0.8017241379310345,0.8,0,0,0.08601803554610929,0,0.5435067832546914,exploit,1,0.5
116,2026-04-15T23:56:22.380618,0.23118144575778,0.9972972798683972,4,0.7948717948717948,0.8,0,0,0.08596858100399524,0,0.5438419149433499,exploit,1,0.5
117,2026-04-15T23:56:22.380632,0.24233581958095524,0.9980363016740245,4,0.788135593220339,0.8,0,0,0.08566644490949762,0,0.5441759505864182,exploit,1,0.5
118,2026-04-15T23:56:22.380645,0.22865833276460293,0.9990560968209903,4,0.7815126050420168,0.8,0,0,0.08619746700696415,0,0.5445088818330227,exploit,1,0.5
119,2026-04-15T23:56:22.380659,0.24622351804954754,0.9997824466314906,4,0.775,0.8,0,0,0.08626088490857156,0,0.5448407003598995,exploit,1,0.5
120,2026-04-15T23:56:22.380672,0.24279493402379992,0.9997786899231061,4,0.768595041322314,0.8,0,0,0.0866821519721207,0,0.5451713978716028,exploit,1,0.5
121,2026-04-15T23:56:22.380685,0.2515035155610835,0.9997832093104814,4,0.7622950819672131,0.8,0,0,0.08593566600864841,0,0.545500966100712,exploit,1,0.5
122,2026-04-15T23:56:22.380703,0.25043254229924494,0.999784618123397,4,0.7560975609756098,0.8,0,0,0.08765432845903182,0,0.5458293968080385,exploit,1,0.5
123,2026-04-15T23:56:22.380717,0.24864858851730334,0.9997804134259796,4,0.75,0.8,0,0,0.08725703939774561,0,0.5461566817828317,exploit,1,0.5
124,2026-04-15T23:56:22.380730,0.23010343291984983,0.9998009305080187,4,0.744,0.8,0,0,0.08654503247725677,0,0.5464828128429844,exploit,1,0.5
125,2026-04-15T23:56:22.380743,0.24424074763702225,0.9998027832577013,4,0.7380952380952381,0.8,0,0,0.08608902148843613,0,0.5468077818352369,exploit,1,0.5
126,2026-04-15T23:56:22.380756,0.24857828315321737,0.9997863125545197,4,0.7322834645669292,0.8,0,0,0.08645413825111486,0,0.5471315806353816,exploit,1,0.5
127,2026-04-15T23:56:22.380770,0.24715502741975548,0.9998205135405545,4,0.7265625,0.8,0,0,0.08613809049774424,0,0.547454201148465,exploit,1,0.5
128,2026-04-15T23:56:22.380783,0.23511884275289016,0.9998176557518041,4,0.7209302325581395,0.8,0,0,0.08649022755505986,0,0.5477756353089913,exploit,1,0.5
129,2026-04-15T23:56:22.380796,0.23488652556582637,0.9998033643463241,4,0.7153846153846154,0.8,0,0,0.08629531835292613,0,0.5480958750811232,exploit,1,0.5
130,2026-04-15T23:56:22.380809,0.2443842480255003,0.9998311356507207,4,0.7099236641221374,0.8,0,0,0.08666012806573477,0,0.5484149124588832,exploit,1,0.5
131,2026-04-15T23:56:22.380822,0.2371304758557407,0.9997803409112311,4,0.7045454545454546,0.8,0,0,0.08641673020654202,0,0.5487327394663531,exploit,1,0.5
132,2026-04-15T23:56:22.380836,0.2505244405920747,0.9997818186306502,4,0.6992481203007519,0.8,0,0,0.08629133621123425,0,0.5490493481578747,exploit,1,0.5
133,2026-04-15T23:56:22.380849,0.23795152285920457,0.999768311486825,4,0.6940298507462687,0.8,0,0,0.08635919638317435,0,0.549364730618247,exploit,1,0.5
134,2026-04-15T23:56:22.380862,0.23619384765829543,0.999760173204569,4,0.6888888888888889,0.8,0,0,0.08645670935576495,0,0.5496788789629248,exploit,1,0.5
135,2026-04-15T23:56:22.380875,0.23727417003385765,0.9997673830086206,4,0.6838235294117647,0.8,0,0,0.08695256994794241,0,0.549991785338216,exploit,1,0.5
136,2026-04-15T23:56:22.380889,0.2389090787568896,0.9997700995416519,4,0.6788321167883211,0.8,0,0,0.08658465619535628,0,0.5503034419214775,exploit,1,0.5
137,2026-04-15T23:56:22.380902,0.24148168690421307,0.9997699665841349,4,0.6811594202898551,0.8,0,0,0.08690261744293026,0,0.5506138409213109,exploit,1,0.5
138,2026-04-15T23:56:22.380915,0.236670745352495,0.9997636470430599,4,0.6834532374100719,0.8,0,0,0.08712163099221844,0,0.5509229745777574,exploit,1,0.5
139,2026-04-15T23:56:22.380928,0.24879251691227858,0.9997614053996198,4,0.6857142857142857,0.8,0,0,0.0857065442859094,0,0.5512308351624917,exploit,1,0.5
140,2026-04-15T23:56:22.380942,0.23551419708781549,0.9997584630957967,4,0.6879432624113475,0.8,0,0,0.08611945552357456,0,0.5515374149790153,exploit,1,0.5
141,2026-04-15T23:56:22.380955,0.23981405491807856,0.9997602986402212,4,0.6901408450704225,0.8,0,0,0.08652355753121743,0,0.5518427063628486,exploit,1,0.5
142,2026-04-15T23:56:22.380969,0.24421600225235357,0.999758156933424,4,0.6923076923076923,0.8,0,0,0.0863559441518677,0,0.552146701681723,exploit,1,0.5
143,2026-04-15T23:56:22.380982,0.24470010123705455,0.9997419628986701,4,0.6944444444444444,0.8,0,0,0.08616816066511293,0,0.5524493933357713,exploit,1,0.5
144,2026-04-15T23:56:22.380995,0.2272142878356371,0.9997458328375531,4,0.696551724137931,0.8,0,0,0.08669881652036282,0,0.5527507737577179,exploit,1,0.5
145,2026-04-15T23:56:22.381008,0.23674598365726254,0.9997503414951722,4,0.6986301369863014,0.8,0,0,0.08607833554245015,0,0.553050835413068,exploit,1,0.5
146,2026-04-15T23:56:22.381025,0.24038421427882745,0.999776534964285,4,0.7006802721088435,0.8,0,0,0.08743066493395503,0,0.5533495708002958,exploit,1,0.5
147,2026-04-15T23:56:22.381039,0.23899002137165937,0.9997793202386688,4,0.7027027027027027,0.8,0,0,0.08726684403421468,0,0.5536469724510323,exploit,1,0.5
148,2026-04-15T23:56:22.381052,0.23475380107579738,0.9997805143317434,4,0.7046979865771812,0.8,0,0,0.08636131521183792,0,0.5539430329302516,exploit,1,0.5
149,2026-04-15T23:56:22.381066,0.227736573903699,0.9997931582954581,4,0.7066666666666667,0.8,0,0,0.08597142212133654,0,0.5542377448364572,exploit,1,0.5
150,2026-04-15T23:56:22.381079,0.23699355648148515,0.9997890378397641,4,0.7086092715231788,0.8,0,0,0.08666149891120604,0,0.5545311008018667,exploit,1,0.5
151,2026-04-15T23:56:22.381092,0.24932103363755026,0.9998549865774681,4,0.7105263157894737,0.8,0,0,0.08582405050497342,0,0.5548230934925964,exploit,1,0.5
152,2026-04-15T23:56:22.381106,0.2405714152013526,0.9998643179422181,4,0.7124183006535948,0.8,0,0,0.0864868832368685,0,0.5551137156088441,exploit,1,0.5
153,2026-04-15T23:56:22.381119,0.2528793983028213,0.9998540800037375,4,0.7142857142857143,0.8,0,0,0.08633778935150192,0,0.5554029598850722,exploit,1,0.5
154,2026-04-15T23:56:22.381132,0.2465522240171239,0.999865057023727,4,0.7161290322580646,0.8,0,0,0.08722340052691371,0,0.5556908190901886,exploit,1,0.5
155,2026-04-15T23:56:22.381145,0.24203964540082995,0.9998712088487847,4,0.717948717948718,0.8,0,0,0.08652625250791926,0,0.5559772860277283,exploit,1,0.5
156,2026-04-15T23:56:22.381159,0.23618276543541084,0.999847972351332,4,0.7197452229299363,0.8,0,0,0.08588573977489233,0,0.5562623535360328,exploit,1,0.5
157,2026-04-15T23:56:22.381172,0.23078834845047858,0.999837149907182,4,0.7215189873417721,0.8,0,0,0.08674423332873364,0,0.5565460144884293,exploit,1,0.5
158,2026-04-15T23:56:22.381185,0.24354896311571944,0.99983406231738,4,0.7232704402515723,0.8,0,0,0.08662734494720287,0,0.5568282617934086,exploit,1,0.5
159,2026-04-15T23:56:22.381199,0.2387572859303065,0.9998221558597369,4,0.725,0.8,0,0,0.08603234837496437,0,0.557109088394803,exploit,1,0.5
160,2026-04-15T23:56:22.381211,0.24598702650132254,0.999821434205485,4,0.7267080745341615,0.8,0,0,0.08666603265976883,0,0.5573884872719619,exploit,1,0.5
161,2026-04-15T23:56:22.381224,0.22813595718870702,0.9997887384408419,4,0.7283950617283951,0.8,0,0,0.08598850831911073,0,0.5576664514399279,exploit,1,0.5
162,2026-04-15T23:56:22.381238,0.2432264667329314,0.9997785302494444,4,0.7300613496932515,0.8,0,0,0.08638636608818229,0,0.5579429739496115,exploit,1,0.5
163,2026-04-15T23:56:22.381264,0.24078368512124917,0.9998031059969086,4,0.7317073170731707,0.8,0,0,0.08605436698655744,0,0.558218047887964,exploit,1,0.5
164,2026-04-15T23:56:22.381287,0.23644498156146598,0.9998045328573352,4,0.7333333333333333,0.8,0,0,0.08629241548047324,0,0.5584916663781517,exploit,1,0.5
165,2026-04-15T23:56:22.381306,0.2405239376919186,0.9997915827591081,4,0.7349397590361446,0.8,0,0,0.08690098081383683,0,0.5587638225797263,exploit,1,0.5
166,2026-04-15T23:56:22.381326,0.22466344100912677,0.9997924714500629,4,0.7365269461077845,0.8,0,0,0.08652777504200489,0,0.559034509688797,exploit,1,0.5
167,2026-04-15T23:56:22.381359,0.23297678311391765,0.9997708347477586,4,0.7380952380952381,0.8,0,0,0.08582601854945769,0,0.5593037209382002,exploit,1,0.5
168,2026-04-15T23:56:22.381373,0.23158455181451812,0.9997495347808644,4,0.7396449704142012,0.8,0,0,0.08756041635377733,0,0.5595714495976688,exploit,1,0.5
169,2026-04-15T23:56:22.381387,0.2348879220882416,0.9997466699031655,4,0.7411764705882353,0.8,0,0,0.08633893797487154,0,0.559837688974,exploit,1,0.5
170,2026-04-15T23:56:22.381400,0.23621110721061264,0.9997294732669679,4,0.7426900584795322,0.8,0,0,0.08621569144400426,0,0.5601024324112234,exploit,1,0.5
171,2026-04-15T23:56:22.381414,0.23605632568401544,0.9997412960792755,4,0.7441860465116279,0.8,0,0,0.08598809481970715,0,0.5603656732907669,exploit,1,0.5
172,2026-04-15T23:56:22.381427,0.23995946616782787,0.9997557879683293,4,0.7456647398843931,0.8,0,0,0.08651001288035493,0,0.5606274050316221,exploit,1,0.5
173,2026-04-15T23:56:22.381441,0.24082252117987085,0.999734218852274,4,0.7471264367816092,0.8,0,0,0.08574819016499083,0,0.5608876210905093,exploit,1,0.5
174,2026-04-15T23:56:22.381454,0.23112917043600306,0.9997152638469324,4,0.7485714285714286,0.8,0,0,0.08664090039824078,0,0.5611463149620404,exploit,1,0.5
175,2026-04-15T23:56:22.381467,0.2352659251228807,0.9997180083931039,4,0.75,0.8,0,0,0.08629835320001075,0,0.5614034801788822,exploit,1,0.5
176,2026-04-15T23:56:22.381480,0.23623316878128178,0.9997142575372099,4,0.751412429378531,0.8,0,0,0.08531942088763364,0,0.5616591103119175,exploit,1,0.5
177,2026-04-15T23:56:22.381493,0.22845708761265887,0.9997241517364226,4,0.7528089887640449,0.8,0,0,0.0857671639128835,0,0.5619131989704066,exploit,1,0.5
178,2026-04-15T23:56:22.381507,0.2270909260801608,0.9997244011410898,4,0.7541899441340782,0.8,0,0,0.08643663627553794,0,0.5621657398021459,exploit,1,0.5
179,2026-04-15T23:56:22.381524,0.229703306530182,0.9997328234666546,4,0.7555555555555555,0.8,0,0,0.08671809591891669,0,0.5624167264936281,exploit,1,0.5
180,2026-04-15T23:56:22.381537,0.23241637180683172,0.9997330289972146,4,0.7569060773480663,0.8,0,0,0.08708578572504048,0,0.5626661527701987,exploit,1,0.5
181,2026-04-15T23:56:22.381551,0.23281014444940654,0.9997589797437836,4,0.7582417582417582,0.8,0,0,0.0856524529459955,0,0.562914012396214,exploit,1,0.5
182,2026-04-15T23:56:22.381564,0.22162523843495907,0.999777570768423,4,0.7595628415300546,0.8,0,0,0.08630336457819447,0,0.563160299175196,exploit,1,0.5
183,2026-04-15T23:56:22.381577,0.22315051819202752,0.9997773709021391,4,0.7608695652173914,0.8,0,0,0.08631738102954989,0,0.5634050069499884,exploit,1,0.5
184,2026-04-15T23:56:22.381591,0.22787597769757997,0.9997665117054841,4,0.7621621621621621,0.8,0,0,0.08518384645697387,0,0.5636481296029093,exploit,1,0.5
185,2026-04-15T23:56:22.381604,0.23144345278037426,0.9997723929439742,4,0.7634408602150538,0.8,0,0,0.08685058074419952,0,0.5638896610559052,exploit,1,0.5
186,2026-04-15T23:56:22.381626,0.243160524762992,0.9997707130782941,4,0.7647058823529411,0.8,0,0,0.08611613131828769,0,0.5641295952707022,exploit,1,0.5
187,2026-04-15T23:56:22.381646,0.22995445792258334,0.9997920716051064,4,0.7659574468085106,0.8,0,0,0.08733517858508778,0,0.5643679262489576,exploit,1,0.5
188,2026-04-15T23:56:22.381667,0.24178241114745652,0.9997825953284356,4,0.7671957671957672,0.8,0,0,0.08647013635870998,0,0.5646046480324092,exploit,1,0.5
189,2026-04-15T23:56:22.381684,0.23208956925273022,0.9997647049211923,4,0.7684210526315789,0.8,0,0,0.08618686768827988,0,0.5648397547030248,exploit,1,0.5
190,2026-04-15T23:56:22.381704,0.23152827992091218,0.999789795058109,4,0.7696335078534031,0.8,0,0,0.0875588872748316,0,0.5650732403831499,exploit,1,0.5
191,2026-04-15T23:56:22.381718,0.23059554298823587,0.9997812104219572,4,0.7708333333333334,0.8,0,0,0.08705377327371841,0,0.5653050992356546,exploit,1,0.5
192,2026-04-15T23:56:22.381732,0.23190715294464337,0.9997667863040637,4,0.772020725388601,0.8,0,0,0.08645907216601778,0,0.5655353254640798,exploit,1,0.5
193,2026-04-15T23:56:22.381745,0.23354688048873076,0.9997769069106973,4,0.7731958762886598,0.8,0,0,0.08683307227166692,0,0.5657639133127818,exploit,1,0.5
194,2026-04-15T23:56:22.381759,0.22720749644156205,0.9997988493742587,4,0.7743589743589744,0.8,0,0,0.08655502045754118,0,0.565990857067076,exploit,1,0.5
195,2026-04-15T23:56:22.381772,0.23654047089591163,0.9997936811603215,4,0.7755102040816326,0.8,0,0,0.08615005965074904,0,0.5662161510533806,exploit,1,0.5
196,2026-04-15T23:56:22.381785,0.23123550999103798,0.9998044031457489,4,0.7766497461928934,0.8,0,0,0.08723344140068616,0,0.5664397896393576,exploit,1,0.5
197,2026-04-15T23:56:22.381807,0.23382124822904116,0.9998055981733025,4,0.7777777777777778,0.8,0,0,0.08594674649835042,0,0.5666617672340541,exploit,1,0.5
198,2026-04-15T23:56:22.381829,0.23231071615551613,0.9998113451710199,4,0.7788944723618091,0.8,0,0,0.08665200065273704,0,0.5668820782880416,exploit,1,0.5
199,2026-04-15T23:56:22.381851,0.22769862762093235,0.9998164609169563,4,0.78,0.8,0,0,0.08696900959213423,0,0.5671007172935555,exploit,1,0.5
200,2026-04-15T23:56:22.381866,0.2298574879079447,0.998993578919455,4,0.7761194029850746,0.8,0,0,0.09805359104014544,0,0.5673176787846317,explore,0,0.7
201,2026-04-15T23:56:22.381879,0.2167072925296047,0.998108960491694,4,0.7722772277227723,0.8,0,0,0.09720449827973006,0,0.5675329573372445,explore,0,0.7
202,2026-04-15T23:56:22.381892,0.23892311000535077,0.997390165680994,4,0.7684729064039408,0.8,0,0,0.09737727083464881,0,0.5677465475694412,explore,0,0.7
203,2026-04-15T23:56:22.381906,0.2318484585125375,0.9969324164036947,4,0.7647058823529411,0.8,0,0,0.09733983058889574,0,0.5679584441414771,explore,0,0.7
204,2026-04-15T23:56:22.381919,0.23607208912304717,0.9963266127124566,4,0.7609756097560976,0.8,0,0,0.09712585419582115,0,0.568168641755949,explore,0,0.7
205,2026-04-15T23:56:22.381932,0.22959405409284853,0.9959810174578938,4,0.7572815533980582,0.8,0,0,0.09763811489463979,0,0.5683771351579274,explore,0,0.7
206,2026-04-15T23:56:22.381945,0.2374593196918797,0.9955760395300195,4,0.7536231884057971,0.8,0,0,0.0973488203334485,0,0.5685839191350883,explore,0,0.7
207,2026-04-15T23:56:22.381959,0.23368189918158927,0.9951857038874549,4,0.75,0.8,0,0,0.09748047624505879,0,0.5687889885178428,explore,0,0.7
208,2026-04-15T23:56:22.381971,0.23175426890586226,0.9952590262986383,4,0.7464114832535885,0.8,0,0,0.09792359962870022,0,0.568992338179467,explore,0,0.7
209,2026-04-15T23:56:22.381984,0.2457091070640049,0.9952820806707725,4,0.7428571428571429,0.8,0,0,0.0972805350435871,0,0.5691939630362303,explore,0,0.7
210,2026-04-15T23:56:22.381998,0.22767506973541632,0.995437527063642,4,0.7393364928909952,0.8,0,0,0.09786902129159442,0,0.5693938580475213,explore,0,0.7
211,2026-04-15T23:56:22.382011,0.2361761881809293,0.995498278715344,4,0.7358490566037735,0.8,0,0,0.09686136515530108,0,0.5695920182159755,explore,0,0.7
212,2026-04-15T23:56:22.382028,0.21112188083731664,0.9958653352365268,4,0.7323943661971831,0.8,0,0,0.09737863901423342,0,0.5697884385875989,explore,0,0.7
213,2026-04-15T23:56:22.382047,0.23259319185831312,0.9960534644484065,4,0.7289719626168224,0.8,0,0,0.09691958166801953,0,0.5699831142518924,explore,0,0.7
214,2026-04-15T23:56:22.382063,0.2232946301994245,0.9963696205305413,4,0.7255813953488373,0.8,0,0,0.09680224162156974,0,0.5701760403419746,explore,0,0.7
215,2026-04-15T23:56:22.382077,0.22297469426274533,0.9968547925902045,4,0.7222222222222222,0.8,0,0,0.09730857010454896,0,0.5703672120347031,explore,0,0.7
216,2026-04-15T23:56:22.382090,0.2373192675630688,0.9974230115487424,4,0.7188940092165899,0.8,0,0,0.09741425900619471,0,0.5705566245507958,explore,0,0.7
217,2026-04-15T23:56:22.382103,0.24390235368104674,0.9982001235790195,4,0.7155963302752294,0.8,0,0,0.09664769714039279,0,0.5707442731549495,explore,0,0.7
218,2026-04-15T23:56:22.382124,0.24237346909663732,0.9989202721240694,4,0.7123287671232876,0.8,0,0,0.0972271944457897,0,0.570930153155959,explore,0,0.7
219,2026-04-15T23:56:22.382145,0.22484869960796977,0.9997456838542859,4,0.7090909090909091,0.8,0,0,0.09799336842592508,0,0.5711142599068338,explore,0,0.7
220,2026-04-15T23:56:22.382175,0.23539730440436574,0.9997447790470398,4,0.7058823529411765,0.8,0,0,0.09773133067041309,0,0.5712965888049149,explore,0,0.7
221,2026-04-15T23:56:22.382189,0.23007635300554727,0.9997402115579939,4,0.7027027027027027,0.8,0,0,0.0969035113821536,0,0.5714771352919891,explore,0,0.7
222,2026-04-15T23:56:22.382203,0.23263247885120356,0.9997379010236676,4,0.6995515695067265,0.8,0,0,0.09697874582974474,0,0.5716558948544038,explore,0,0.7
223,2026-04-15T23:56:22.382323,0.22681845330194572,0.9997173382290264,4,0.6964285714285714,0.8,0,0,0.09738859402284636,0,0.5718328630231793,explore,0,0.7
224,2026-04-15T23:56:22.382356,0.23069002765774288,0.9997220947560884,4,0.6933333333333334,0.8,0,0,0.0977099452153996,0,0.5720080353741204,explore,0,0.7
225,2026-04-15T23:56:22.382370,0.23158467642107242,0.9997027575594924,4,0.6946902654867256,0.8,0,0,0.09768029136663084,0,0.5721814075279276,explore,0,0.7
226,2026-04-15T23:56:22.382383,0.24445564942415549,0.9997129017155957,4,0.6960352422907489,0.8,0,0,0.09774442867658478,0,0.572352975150306,explore,0,0.7
227,2026-04-15T23:56:22.382397,0.23075189378597527,0.9997234320405906,4,0.6973684210526315,0.8,0,0,0.09784236529946487,0,0.5725227339520742,explore,0,0.7
228,2026-04-15T23:56:22.382420,0.2323347299571944,0.9997372184931267,4,0.6986899563318777,0.8,0,0,0.09742506400678586,0,0.5726906796892707,explore,0,0.7
229,2026-04-15T23:56:22.382438,0.23135452709690502,0.9997359636442916,4,0.7,0.8,0,0,0.09668525632882702,0,0.5728568081632609,explore,0,0.7
230,2026-04-15T23:56:22.382456,0.23814720001127837,0.9997294951624235,4,0.7012987012987013,0.8,0,0,0.09744353001449274,0,0.5730211152208416,explore,0,0.7
231,2026-04-15T23:56:22.382477,0.22755320079306612,0.9997166025222533,4,0.7025862068965517,0.8,0,0,0.09734678463343002,0,0.5731835967543452,explore,0,0.7
232,2026-04-15T23:56:22.382497,0.23624791411847332,0.9997164174269719,4,0.703862660944206,0.8,0,0,0.0976715424860139,0,0.5733442487017414,explore,0,0.7
233,2026-04-15T23:56:22.382518,0.22757924434521454,0.9997304815236062,4,0.7051282051282052,0.8,0,0,0.09771426776194089,0,0.57350306704674,explore,0,0.7
234,2026-04-15T23:56:22.382544,0.23069195769971662,0.999749976518213,4,0.7063829787234043,0.8,0,0,0.09816613701750461,0,0.5736600478188909,explore,0,0.7
235,2026-04-15T23:56:22.382564,0.24000247471864622,0.9997886502467319,4,0.7076271186440678,0.8,0,0,0.09778053713551131,0,0.5738151870936826,explore,0,0.7
236,2026-04-15T23:56:22.382578,0.2256364488155283,0.9998017151628891,4,0.7088607594936709,0.8,0,0,0.09720549250129987,0,0.5739684809926416,explore,0,0.7
237,2026-04-15T23:56:22.382601,0.21804527894459727,0.999800267613917,4,0.7100840336134454,0.8,0,0,0.09854206367874224,0,0.5741199256834283,explore,0,0.7
238,2026-04-15T23:56:22.382620,0.22954333772463498,0.9997913725615152,4,0.7112970711297071,0.8,0,0,0.09729808753353347,0,0.5742695173799334,explore,0,0.7
239,2026-04-15T23:56:22.382640,0.21554259539686524,0.9997913912846824,4,0.7125,0.8,0,0,0.09737177621880899,0,0.5744172523423721,explore,0,0.7
240,2026-04-15T23:56:22.382653,0.22916026170679904,0.9997905840130635,4,0.7136929460580913,0.8,0,0,0.09777413557555138,0,0.5745631268773781,explore,0,0.7
241,2026-04-15T23:56:22.382667,0.2379399523811328,0.9997812211855533,4,0.7148760330578512,0.8,0,0,0.09780933291941833,0,0.5747071373380958,explore,0,0.7
242,2026-04-15T23:56:22.382680,0.24332904884071122,0.9997847713796886,4,0.7160493827160493,0.8,0,0,0.09724899617024213,1,0.5748492801242708,explore,0,0.7
243,2026-04-15T23:56:22.382694,0.21903120852839614,0.9998107866951635,4,0.7172131147540983,0.8,0,0,0.09724771896324576,1,0.5749895516823413,explore,0,0.7
244,2026-04-15T23:56:22.382715,0.2301980541809922,0.9998128074273946,4,0.7183673469387755,0.8,0,0,0.09751806300994598,1,0.5751279485055254,explore,0,0.7
245,2026-04-15T23:56:22.382728,0.22490232939932586,0.9998318307369713,4,0.7195121951219512,0.8,0,0,0.09778568053068909,1,0.5752644671339098,explore,0,0.7
246,2026-04-15T23:56:22.382742,0.2157071820754387,0.9998402122148038,4,0.7206477732793523,0.8,0,0,0.09700483727311293,1,0.5753991041545358,explore,0,0.7
247,2026-04-15T23:56:22.382756,0.23394727909711055,0.9998402770177206,4,0.7217741935483871,0.8,0,0,0.09825415005716837,1,0.5755318562014851,explore,0,0.7
248,2026-04-15T23:56:22.382775,0.2343500396708232,0.9998209679116449,4,0.7228915662650602,0.8,0,0,0.09699864489435525,1,0.5756627199559632,explore,0,0.7
249,2026-04-15T23:56:22.382875,0.2453320899182017,0.9998243416542278,4,0.724,0.8,0,0,0.09766629894858886,1,0.5757916921463831,explore,0,0.7
250,2026-04-15T23:56:22.382888,0.211823192271392,0.9998142740729665,4,0.7250996015936255,0.8,0,0,0.09765921683002624,1,0.5759187695484469,explore,0,0.7
251,2026-04-15T23:56:22.382901,0.21608609445191318,0.9998389727753678,4,0.7261904761904762,0.8,0,0,0.09684704316217427,1,0.576043948985226,explore,0,0.7
252,2026-04-15T23:56:22.382915,0.22171772513999308,0.9998372709014228,4,0.7272727272727273,0.8,0,0,0.09728171931537063,1,0.5761672273272412,explore,0,0.7
253,2026-04-15T23:56:22.382929,0.21952620139282547,0.9997988633539762,4,0.7283464566929134,0.8,0,0,0.09698388265817252,1,0.5762886014925404,explore,0,0.7
254,2026-04-15T23:56:22.382942,0.22676649526157316,0.999812293794855,4,0.7294117647058823,0.8,0,0,0.09741429800317376,1,0.5764080684467754,explore,0,0.7
255,2026-04-15T23:56:22.382956,0.23230740021303983,0.9997945118450016,4,0.73046875,0.8,0,0,0.09681082105191653,1,0.5765256252032789,explore,0,0.7
256,2026-04-15T23:56:22.382969,0.21916871565577728,0.9997987379094874,4,0.7315175097276264,0.8,0,0,0.09772746633260823,1,0.576641268823138,explore,0,0.7
257,2026-04-15T23:56:22.382985,0.22646071731348227,0.9997870982436872,4,0.7325581395348837,0.8,0,0,0.09714487208231709,1,0.5767549964152683,explore,0,0.7
258,2026-04-15T23:56:22.382999,0.22518571074926652,0.9997884648633764,4,0.7335907335907336,0.8,0,0,0.09734179011092071,1,0.5768668051364858,explore,0,0.7
259,2026-04-15T23:56:22.383013,0.22959144822112748,0.9997897513226491,4,0.7346153846153847,0.8,0,0,0.0965183809786715,1,0.5769766921915784,explore,0,0.7
260,2026-04-15T23:56:22.383029,0.22244872728679888,0.9997872740803113,4,0.735632183908046,0.8,0,0,0.09733327478582977,1,0.5770846548333755,explore,0,0.7
261,2026-04-15T23:56:22.383044,0.22622063229277217,0.9997988612764042,4,0.7366412213740458,0.8,0,0,0.0977680293314202,1,0.5771906903628164,explore,0,0.7
262,2026-04-15T23:56:22.383058,0.22700533770528877,0.9997840607014328,4,0.7376425855513308,0.8,0,0,0.09749232141453966,1,0.5772947961290187,explore,0,0.7
263,2026-04-15T23:56:22.383071,0.22667726310286712,0.999793434406752,4,0.7386363636363636,0.8,0,0,0.09783040709018309,1,0.5773969695293436,explore,0,0.7
264,2026-04-15T23:56:22.383084,0.2269540866905377,0.9997906593241621,4,0.7396226415094339,0.8,0,0,0.09738423165384362,1,0.5774972080094612,explore,0,0.7
265,2026-04-15T23:56:22.383098,0.22993778364117728,0.9997909938124514,4,0.7406015037593985,0.8,0,0,0.09759359750086836,1,0.577595509063415,explore,0,0.7
266,2026-04-15T23:56:22.383111,0.23360052216126742,0.9997909568490286,4,0.7415730337078652,0.8,0,0,0.09769128203216232,1,0.5776918702336836,explore,0,0.7
267,2026-04-15T23:56:22.383125,0.2262750647424917,0.9997879704145841,4,0.7425373134328358,0.8,0,0,0.09754811720109578,1,0.5777862891112427,explore,0,0.7
268,2026-04-15T23:56:22.383138,0.2362178761790003,0.9997897272664178,4,0.7434944237918215,0.8,0,0,0.09798416054926988,1,0.5778787633356256,explore,0,0.7
269,2026-04-15T23:56:22.383152,0.22530239789451234,0.9997866359999507,4,0.7444444444444445,0.8,0,0,0.09724724888374718,1,0.5779692905949811,explore,0,0.7
270,2026-04-15T23:56:22.383165,0.2364540704371229,0.9997848402048908,4,0.7453874538745388,0.8,0,0,0.09728792179834289,1,0.5780578686261327,explore,0,0.7
271,2026-04-15T23:56:22.383179,0.23348181619668854,0.9997863843644721,4,0.7463235294117647,0.8,0,0,0.09756585803443546,1,0.5781444952146342,explore,0,0.7
272,2026-04-15T23:56:22.383192,0.22391631503564197,0.999791104269291,4,0.7472527472527473,0.8,0,0,0.0977800834809181,1,0.5782291681948253,explore,0,0.7
273,2026-04-15T23:56:22.383246,0.22736832047084443,0.9998259303112951,4,0.7481751824817519,0.8,0,0,0.09764975543243451,1,0.578311885449886,explore,0,0.7
274,2026-04-15T23:56:22.383301,0.21651839586097382,0.9998033664992427,4,0.7490909090909091,0.8,0,0,0.09756640975212867,1,0.5783926449118891,explore,0,0.7
275,2026-04-15T23:56:22.383323,0.22101787537234596,0.999798793719699,4,0.75,0.8,0,0,0.09797005200308087,1,0.5784714445618525,explore,0,0.7
276,2026-04-15T23:56:22.383339,0.21103476164713497,0.9997989091015781,4,0.7509025270758123,0.8,0,0,0.09824165126187835,1,0.5785482824297887,explore,0,0.7
277,2026-04-15T23:56:22.383353,0.2206819392612246,0.9998193495562062,4,0.7517985611510791,0.8,0,0,0.09814377246683977,1,0.5786231565947554,explore,0,0.7
278,2026-04-15T23:56:22.383366,0.22137016925620112,0.9998279538255791,4,0.7526881720430108,0.8,0,0,0.09783917132848803,1,0.5786960651849021,explore,0,0.7
279,2026-04-15T23:56:22.383398,0.2169807687724546,0.9998250398043895,4,0.7535714285714286,0.8,0,0,0.09813243669481882,1,0.578767006377518,explore,0,0.7
280,2026-04-15T23:56:22.383417,0.23431782212359625,0.9998241545373557,4,0.7544483985765125,0.8,0,0,0.09749753766923713,1,0.5788359783990769,explore,0,0.7
281,2026-04-15T23:56:22.383438,0.21789935792942383,0.9998177573518591,4,0.7553191489361702,0.8,0,0,0.09723112079357397,1,0.5789029795252817,explore,0,0.7
282,2026-04-15T23:56:22.383453,0.2179617124217862,0.999826762057235,4,0.7561837455830389,0.8,0,0,0.09784092307591069,1,0.578968008081108,explore,0,0.7
283,2026-04-15T23:56:22.383467,0.22882359695812354,0.9998162589250152,4,0.7570422535211268,0.8,0,0,0.09757109367898581,1,0.5790310624408452,explore,0,0.7
284,2026-04-15T23:56:22.383482,0.2383266989676195,0.9998189879140698,4,0.7578947368421053,0.8,0,0,0.09743412614592278,1,0.5790921410281376,explore,0,0.7
285,2026-04-15T23:56:22.383496,0.21725720064553455,0.9998200787733981,4,0.7587412587412588,0.8,0,0,0.09725337011738247,1,0.5791512423160237,explore,0,0.7
286,2026-04-15T23:56:22.383509,0.21965940838244308,0.9998137614129404,4,0.759581881533101,0.8,0,0,0.0979286292345482,1,0.5792083648269742,explore,0,0.7
287,2026-04-15T23:56:22.383527,0.22197211495976066,0.9997975112381668,4,0.7604166666666666,0.8,0,0,0.09659934337674622,1,0.5792635071329296,explore,0,0.7
288,2026-04-15T23:56:22.383541,0.21488824378171575,0.9998036089705197,4,0.7612456747404844,0.8,0,0,0.09805037770256361,1,0.5793166678553349,explore,0,0.7
289,2026-04-15T23:56:22.383554,0.22021273125917945,0.99981183641905,4,0.7620689655172413,0.8,0,0,0.09719240303336657,1,0.579367845665175,explore,0,0.7
290,2026-04-15T23:56:22.383567,0.2287084779039343,0.9998272977489944,4,0.7628865979381443,0.8,0,0,0.097205680973171,1,0.579417039283007,explore,0,0.7
291,2026-04-15T23:56:22.383582,0.23031473324313834,0.9998308919760761,4,0.7636986301369864,0.8,0,0,0.09745864437226931,1,0.5794642474789934,explore,0,0.7
292,2026-04-15T23:56:22.383605,0.22423929834327172,0.99982857461966,4,0.764505119453925,0.8,0,0,0.09766203304090175,1,0.5795094690729315,explore,0,0.7
293,2026-04-15T23:56:22.383624,0.2206824320568088,0.9998243843649981,4,0.7653061224489796,0.8,0,0,0.0974948687954731,1,0.579552702934284,explore,0,0.7
294,2026-04-15T23:56:22.383644,0.22119961529706328,0.9998562929494759,4,0.7661016949152543,0.8,0,0,0.09845002555047883,1,0.5795939479822064,explore,0,0.7
295,2026-04-15T23:56:22.383659,0.22601132340368066,0.999859516769907,4,0.7668918918918919,0.8,0,0,0.09793493243689216,1,0.5796332031855749,explore,0,0.7
296,2026-04-15T23:56:22.383672,0.22308438533566516,0.9998601558256517,4,0.7676767676767676,0.8,0,0,0.09656810372580414,1,0.5796704675630112,explore,0,0.7
297,2026-04-15T23:56:22.383686,0.224666640679685,0.999831322061243,4,0.7684563758389261,0.8,0,0,0.09707925068895362,1,0.579705740182908,explore,0,0.7
298,2026-04-15T23:56:22.383706,0.22024608562151188,0.9998326259197465,4,0.7692307692307693,0.8,0,0,0.09792561459084255,1,0.5797390201634515,explore,0,0.7
299,2026-04-15T23:56:22.383720,0.21925049056119497,0.9998242477429419,4,0.77,0.8,0,0,0.09736109171224157,1,0.579770306672644,explore,0,0.7
300,2026-04-15T23:56:22.383733,0.22610423394242832,0.9989145062209441,4,0.7674418604651163,0.8,0,0,0.08572683557246165,1,0.5797995989283243,exploit,1,0.5
301,2026-04-15T23:56:22.383747,0.22864153673887075,0.9981749170340947,4,0.7649006622516556,0.8,0,0,0.08730055013108927,1,0.5798268961981877,exploit,1,0.5
302,2026-04-15T23:56:22.383760,0.21099455091289432,0.9972327655532203,4,0.7623762376237624,0.8,0,0,0.0859592073082423,1,0.5798521977998039,exploit,1,0.5
303,2026-04-15T23:56:22.383774,0.21218722906875148,0.9965079719028267,4,0.7598684210526315,0.8,0,0,0.08699040310409675,1,0.579875503100634,exploit,1,0.5
304,2026-04-15T23:56:22.383787,0.21725345430163734,0.9959240985684322,4,0.7573770491803279,0.8,0,0,0.0860255430531389,1,0.5798968115180466,exploit,1,0.5
305,2026-04-15T23:56:22.383802,0.21966682770746387,0.9956522781198558,4,0.7549019607843137,0.8,0,0,0.08563306948657706,1,0.5799161225193327,exploit,1,0.5
306,2026-04-15T23:56:22.383815,0.21659079894487998,0.9952804152067956,4,0.752442996742671,0.8,0,0,0.08651229126697546,1,0.5799334356217181,exploit,1,0.5
307,2026-04-15T23:56:22.383829,0.21642255337508418,0.9951001068144595,4,0.75,0.8,0,0,0.08673573854388089,1,0.5799487503923761,exploit,1,0.5
308,2026-04-15T23:56:22.383842,0.22123487687003401,0.9948760592932634,4,0.7475728155339806,0.8,0,0,0.08650242017376236,1,0.5799620664484384,exploit,1,0.5
309,2026-04-15T23:56:22.383856,0.22931642468691024,0.9947346951616269,4,0.7451612903225806,0.8,0,0,0.08715310825229755,1,0.579973383457004,exploit,1,0.5
310,2026-04-15T23:56:22.383869,0.22150122794611815,0.994923132403143,4,0.7427652733118971,0.8,0,0,0.08609121139207095,1,0.5799827011351486,exploit,1,0.5
311,2026-04-15T23:56:22.383882,0.21740392535854067,0.9950961492655492,4,0.7403846153846154,0.8,0,0,0.08705008809620654,1,0.5799900192499305,exploit,1,0.5
312,2026-04-15T23:56:22.383896,0.21901143905851478,0.9953558309483498,4,0.7380191693290735,0.8,0,0,0.08641023799126513,1,0.5799953376183973,exploit,1,0.5
313,2026-04-15T23:56:22.383909,0.21708681223496185,0.9956113033149363,4,0.7356687898089171,0.8,0,0,0.08562186076759161,1,0.57999865610759,exploit,1,0.5
314,2026-04-15T23:56:22.383922,0.21336477434378903,0.9960460648061861,4,0.7333333333333333,0.8,0,0,0.0859969474663656,1,0.5799999746345468,exploit,1,0.5
315,2026-04-15T23:56:22.383936,0.2167515332691451,0.9966993682143025,4,0.7310126582278481,0.8,0,0,0.08631004916802494,1,0.5799992931663043,exploit,1,0.5
316,2026-04-15T23:56:22.383949,0.20041385941302986,0.9973188538712984,4,0.7287066246056783,0.8,0,0,0.08596426205886437,1,0.5799966117198992,exploit,1,0.5
317,2026-04-15T23:56:22.383962,0.217483631715445,0.9979812653094479,4,0.7264150943396226,0.8,0,0,0.08603842104106828,1,0.5799919303623676,exploit,1,0.5
318,2026-04-15T23:56:22.383977,0.22775402239589504,0.998730386854976,4,0.7241379310344828,0.8,0,0,0.08562780451916929,1,0.5799852492107433,exploit,1,0.5
319,2026-04-15T23:56:22.383992,0.2120343676084569,0.9998287010006147,4,0.721875,0.8,0,0,0.08581812810430575,1,0.5799765684320546,exploit,1,0.5
320,2026-04-15T23:56:22.384004,0.21826427995040046,0.9998196670353681,4,0.719626168224299,0.8,0,0,0.08688555137771155,1,0.5799658882433204,exploit,1,0.5
321,2026-04-15T23:56:22.384018,0.21317214363855147,0.9998122643826145,4,0.717391304347826,0.8,0,0,0.08698727231643742,1,0.5799532089115451,exploit,1,0.5
322,2026-04-15T23:56:22.384034,0.2215134786041082,0.999825096417722,4,0.7151702786377709,0.8,0,0,0.08671926339274601,1,0.5799385307537113,exploit,1,0.5
323,2026-04-15T23:56:22.384048,0.2127793039905877,0.9998386003459663,4,0.7129629629629629,0.8,0,0,0.08587243886840723,1,0.579921854136772,exploit,1,0.5
324,2026-04-15T23:56:22.384061,0.2147681473063544,0.9998510211085283,4,0.7107692307692308,0.8,0,0,0.08554263522437977,1,0.5799031794776419,exploit,1,0.5
325,2026-04-15T23:56:22.384082,0.21886069878656556,0.9998629315808685,4,0.7116564417177914,0.8,0,0,0.08681236648867509,1,0.5798825072431866,exploit,1,0.5
326,2026-04-15T23:56:22.384184,0.2142204685811844,0.9998554367448922,4,0.7125382262996942,0.8,0,0,0.08650929431095947,1,0.5798598379502106,exploit,1,0.5
327,2026-04-15T23:56:22.384210,0.20871936632441113,0.9998542081845175,4,0.7134146341463414,0.8,0,0,0.08634548728171071,1,0.5798351721654453,exploit,1,0.5
328,2026-04-15T23:56:22.384234,0.20868970500797474,0.9998616297500306,4,0.7142857142857143,0.8,0,0,0.08613547105557046,1,0.579808510505534,exploit,1,0.5
329,2026-04-15T23:56:22.384284,0.21123419744404687,0.999842671291105,4,0.7151515151515152,0.8,0,0,0.08611502845106092,1,0.5797798536370166,exploit,1,0.5
330,2026-04-15T23:56:22.384311,0.20827797340484505,0.9998138858816051,4,0.716012084592145,0.8,0,0,0.08567495411780691,1,0.5797492022763135,exploit,1,0.5
331,2026-04-15T23:56:22.384335,0.22031116590751815,0.9998171276861735,4,0.7168674698795181,0.8,0,0,0.08630639511753274,1,0.5797165571897072,exploit,1,0.5
332,2026-04-15T23:56:22.384350,0.21149364695689415,0.9998256937302583,4,0.7177177177177178,0.8,0,0,0.08717776507043666,1,0.5796819191933229,exploit,1,0.5
333,2026-04-15T23:56:22.384364,0.20435069507699408,0.9998411625607828,4,0.718562874251497,0.8,0,0,0.08765800595979613,1,0.579645289153109,exploit,1,0.5
334,2026-04-15T23:56:22.384377,0.2121762231855935,0.999836437991857,4,0.7194029850746269,0.8,0,0,0.08597505337195993,1,0.5796066679848144,exploit,1,0.5
335,2026-04-15T23:56:22.384391,0.20946828366471287,0.9998222708483026,4,0.7202380952380952,0.8,0,0,0.08614293525441917,1,0.5795660566539664,exploit,1,0.5
336,2026-04-15T23:56:22.384405,0.22539817914201757,0.9998372882176888,4,0.7210682492581603,0.8,0,0,0.0851668611428868,1,0.5795234561758461,exploit,1,0.5
337,2026-04-15T23:56:22.384418,0.21240605943813015,0.9998325727498367,4,0.7218934911242604,0.8,0,0,0.08705178160178184,1,0.5794788676154632,exploit,1,0.5
338,2026-04-15T23:56:22.384432,0.20877718350568808,0.9998342190699715,4,0.7227138643067846,0.8,0,0,0.08654743999325804,1,0.5794322920875294,exploit,1,0.5
339,2026-04-15T23:56:22.384445,0.21957876573048898,0.9998380153497927,4,0.7235294117647059,0.8,0,0,0.0868551471598698,1,0.5793837307564307,exploit,1,0.5
340,2026-04-15T23:56:22.384458,0.19987945997887088,0.9998503450522941,4,0.7243401759530792,0.8,0,0,0.08631089641280087,1,0.5793331848361974,exploit,1,0.5
341,2026-04-15T23:56:22.384472,0.2077360703641202,0.9998619850545781,4,0.7251461988304093,0.8,0,0,0.086409898263547,1,0.5792806555904754,exploit,1,0.5
342,2026-04-15T23:56:22.384487,0.2125235679748278,0.999859072671647,4,0.7259475218658892,0.8,0,0,0.08572976812831552,1,0.5792261443324926,exploit,1,0.5
343,2026-04-15T23:56:22.384501,0.21543228008736387,0.9998587135237028,4,0.7267441860465116,0.8,0,0,0.08691019093869158,1,0.579169652425028,exploit,1,0.5
344,2026-04-15T23:56:22.384514,0.2113164403149969,0.9998563167813007,4,0.7275362318840579,0.8,0,0,0.08637174617586481,1,0.5791111812803761,exploit,1,0.5
345,2026-04-15T23:56:22.384532,0.2087274313971358,0.9998568758595611,4,0.7283236994219653,0.8,0,0,0.08645123690839546,1,0.5790507323603126,exploit,1,0.5
346,2026-04-15T23:56:22.384545,0.2127956813250556,0.9998517755869957,4,0.729106628242075,0.8,0,0,0.08626270378413035,1,0.5789883071760573,exploit,1,0.5
347,2026-04-15T23:56:22.384559,0.21323747118320857,0.9998269476613607,4,0.7298850574712644,0.8,0,0,0.08739957019611683,1,0.5789239072882366,exploit,1,0.5
348,2026-04-15T23:56:22.384572,0.21608043329144067,0.9998247818705783,4,0.7306590257879656,0.8,0,0,0.08603271618047816,1,0.5788575343068443,exploit,1,0.5
349,2026-04-15T23:56:22.384586,0.20995074583239143,0.9998419296161891,4,0.7314285714285714,0.8,0,0,0.08646222199986771,1,0.5787891898912014,exploit,1,0.5
350,2026-04-15T23:56:22.384599,0.2112780819337632,0.9998654662095231,4,0.7321937321937322,0.8,0,0,0.0872431899698118,1,0.578718875749915,exploit,1,0.5
351,2026-04-15T23:56:22.384612,0.20203766273697624,0.9998674514313377,4,0.7329545454545454,0.8,0,0,0.08699677688295096,1,0.5786465936408347,exploit,1,0.5
352,2026-04-15T23:56:22.384626,0.21137516035670137,0.9998442207001822,4,0.7337110481586402,0.8,0,0,0.08605093545032451,1,0.5785723453710094,exploit,1,0.5
353,2026-04-15T23:56:22.384639,0.2152630397121384,0.9998309424282779,4,0.7344632768361582,0.8,0,0,0.08652910666859574,1,0.5784961327966424,exploit,1,0.5
354,2026-04-15T23:56:22.384653,0.22346677856501362,0.9998255515738128,4,0.7352112676056338,0.8,0,0,0.08671885750157436,1,0.5784179578230436,exploit,1,0.5
355,2026-04-15T23:56:22.384666,0.21101158793884062,0.999844928150569,4,0.7359550561797753,0.8,0,0,0.08663531161508076,1,0.5783378224045836,exploit,1,0.5
356,2026-04-15T23:56:22.384679,0.2115204238756368,0.9998273223063245,4,0.7366946778711485,0.8,0,0,0.08688380334786494,1,0.5782557285446436,exploit,1,0.5
357,2026-04-15T23:56:22.384693,0.2068481310284338,0.9998378173233546,4,0.7374301675977654,0.8,0,0,0.08582333703171262,1,0.5781716782955657,exploit,1,0.5
358,2026-04-15T23:56:22.384711,0.2023242169223756,0.9998281561168246,4,0.7381615598885793,0.8,0,0,0.0865796424865518,1,0.578085673758602,exploit,1,0.5
359,2026-04-15T23:56:22.384725,0.2199584219775954,0.9998178701779539,4,0.7388888888888889,0.8,0,0,0.0859011867676852,1,0.5779977170838612,exploit,1,0.5
360,2026-04-15T23:56:22.384738,0.2217320961068204,0.9997917074902708,4,0.739612188365651,0.8,0,0,0.08696817121046348,1,0.5779078104702556,exploit,1,0.5
361,2026-04-15T23:56:22.384751,0.20926025049290248,0.9997928987741831,4,0.7403314917127072,0.8,0,0,0.08689759996211685,1,0.577815956165446,exploit,1,0.5
362,2026-04-15T23:56:22.384765,0.20737134196403456,0.9997843264678974,4,0.7410468319559229,0.8,0,0,0.08571497581154935,1,0.5777221564657853,exploit,1,0.5
363,2026-04-15T23:56:22.384778,0.2171030650123214,0.9997375099996726,4,0.7417582417582418,0.8,0,0,0.08498929271610424,1,0.5776264137162608,exploit,1,0.5
364,2026-04-15T23:56:22.384791,0.19543825779942786,0.999735030734934,4,0.7424657534246575,0.8,0,0,0.08646640050445173,1,0.5775287303104365,exploit,1,0.5
365,2026-04-15T23:56:22.384805,0.21342034855055808,0.9997280360425153,4,0.7431693989071039,0.8,0,0,0.08617094713180397,1,0.5774291086903924,exploit,1,0.5
366,2026-04-15T23:56:22.384818,0.21540296940006354,0.9997222987637707,4,0.7438692098092643,0.8,0,0,0.0870671578033275,1,0.5773275513466638,exploit,1,0.5
367,2026-04-15T23:56:22.384831,0.20936853832350966,0.9997224575235244,4,0.7445652173913043,0.8,0,0,0.08711160033461007,1,0.577224060818179,exploit,1,0.5
368,2026-04-15T23:56:22.384845,0.20318796275718665,0.9997179665528774,4,0.7452574525745257,0.8,0,0,0.08585832054126667,1,0.5771186396921959,exploit,1,0.5
369,2026-04-15T23:56:22.384858,0.20958103348008023,0.99971457818777,4,0.745945945945946,0.8,0,0,0.08643292563176148,1,0.577011290604237,exploit,1,0.5
370,2026-04-15T23:56:22.384872,0.2134897457087816,0.9997151095455831,4,0.7466307277628033,0.8,0,0,0.08658172382574572,1,0.5769020162380241,exploit,1,0.5
371,2026-04-15T23:56:22.384885,0.20052285457840346,0.9997141679928377,4,0.7473118279569892,0.8,0,0,0.08725053497127273,1,0.5767908193254104,exploit,1,0.5
372,2026-04-15T23:56:22.384898,0.215704449349009,0.9997257822312374,4,0.7479892761394102,0.8,0,0,0.08642672988019054,1,0.5766777026463131,exploit,1,0.5
373,2026-04-15T23:56:22.384912,0.20064338722612723,0.9997293549454311,4,0.7486631016042781,0.8,0,0,0.08610429987238566,1,0.5765626690286434,exploit,1,0.5
374,2026-04-15T23:56:22.384925,0.2128635210716201,0.999738958369812,4,0.7493333333333333,0.8,0,0,0.08697044812470922,1,0.5764457213482356,exploit,1,0.5
375,2026-04-15T23:56:22.384939,0.21515371235529515,0.9997423302424018,4,0.75,0.8,0,0,0.08719696958846782,1,0.5763268625287755,exploit,1,0.5
376,2026-04-15T23:56:22.384951,0.20904820341176056,0.9997608269640887,4,0.7506631299734748,0.8,0,0,0.08683437634939394,1,0.5762060955417276,exploit,1,0.5
377,2026-04-15T23:56:22.384965,0.2109201841802758,0.9997641296255686,4,0.7513227513227513,0.8,0,0,0.08625653088614255,1,0.5760834234062603,exploit,1,0.5
378,2026-04-15T23:56:22.384978,0.2112272865957689,0.9997697683279156,4,0.7519788918205804,0.8,0,0,0.08662817245132774,1,0.5759588491891705,exploit,1,0.5
379,2026-04-15T23:56:22.385012,0.20600535176054194,0.9997789486545322,4,0.7526315789473684,0.8,0,0,0.08705741674505682,1,0.5758323760048071,exploit,1,0.5
380,2026-04-15T23:56:22.385030,0.2048393245691683,0.9997809631026778,4,0.7532808398950132,0.8,0,0,0.08675737409229221,1,0.5757040070149931,exploit,1,0.5
381,2026-04-15T23:56:22.385044,0.2073411612034285,0.999780685253339,4,0.7539267015706806,0.8,0,0,0.08665799156970376,1,0.5755737454289468,exploit,1,0.5
382,2026-04-15T23:56:22.385058,0.21748840913490836,0.9997993928624584,4,0.7545691906005222,0.8,0,0,0.08649515572670717,1,0.5754415945032009,exploit,1,0.5
383,2026-04-15T23:56:22.385071,0.20942260789318953,0.9998242715407265,4,0.7552083333333334,0.8,0,0,0.08542459057818917,1,0.5753075575415215,exploit,1,0.5
384,2026-04-15T23:56:22.385085,0.218243953384422,0.9998267373303984,4,0.7558441558441559,0.8,0,0,0.08659021408045105,1,0.575171637894826,exploit,1,0.5
385,2026-04-15T23:56:22.385098,0.20388970657720118,0.9998259098044595,4,0.7564766839378239,0.8,0,0,0.08555959775248834,1,0.5750338389610983,exploit,1,0.5
386,2026-04-15T23:56:22.385111,0.20941830007100234,0.9998402501991459,4,0.7571059431524548,0.8,0,0,0.0864731034666012,1,0.5748941641853045,exploit,1,0.5
387,2026-04-15T23:56:22.385125,0.20838873920158732,0.999859190298088,4,0.7577319587628866,0.8,0,0,0.08624514965065046,1,0.5747526170593068,exploit,1,0.5
388,2026-04-15T23:56:22.385138,0.2026947864502966,0.9998531687406539,4,0.7583547557840618,0.8,0,0,0.08662696471462279,1,0.574609201121776,exploit,1,0.5
389,2026-04-15T23:56:22.385152,0.2127072488944519,0.9998631308625974,4,0.7589743589743589,0.8,0,0,0.08594682238481273,1,0.5744639199581031,exploit,1,0.5
390,2026-04-15T23:56:22.385165,0.20160199932372952,0.9998675846062742,4,0.7595907928388747,0.8,0,0,0.08629878869976074,1,0.5743167772003095,exploit,1,0.5
391,2026-04-15T23:56:22.385179,0.1992519803997711,0.9998601323818147,4,0.7602040816326531,0.8,0,0,0.08567050294925949,1,0.5741677765269566,exploit,1,0.5
392,2026-04-15T23:56:22.385192,0.19583949180760019,0.999858335417769,4,0.7608142493638677,0.8,0,0,0.08604841317733951,1,0.5740169216630535,exploit,1,0.5
393,2026-04-15T23:56:22.385206,0.22185551151149968,0.9998302387148634,4,0.7614213197969543,0.8,0,0,0.08697619667968061,1,0.5738642163799638,exploit,1,0.5
394,2026-04-15T23:56:22.385219,0.21159855844050934,0.9998260334466326,4,0.7620253164556962,0.8,0,0,0.08568756542048774,1,0.5737096644953117,exploit,1,0.5
395,2026-04-15T23:56:22.385233,0.20303923283793401,0.9998210814638133,4,0.7626262626262627,0.8,0,0,0.08578442512899437,1,0.5735532698728861,exploit,1,0.5
396,2026-04-15T23:56:22.385246,0.20323632695747634,0.999817468893402,4,0.7632241813602015,0.8,0,0,0.08576971588361848,1,0.5733950364225447,exploit,1,0.5
397,2026-04-15T23:56:22.385290,0.20681834561331008,0.9998129155736856,4,0.7638190954773869,0.8,0,0,0.08652830669684933,1,0.5732349681001155,exploit,1,0.5
398,2026-04-15T23:56:22.385311,0.20876204449284508,0.9998025084723272,4,0.7644110275689223,0.8,0,0,0.08625341096747016,1,0.573073068907298,exploit,1,0.5
399,2026-04-15T23:56:22.385326,0.21364088871580067,0.9997883947543202,4,0.765,0.8,0,0,0.08637179859667597,1,0.5729093428915637,exploit,1,0.5
400,2026-04-15T23:56:22.385338,0.20706500396882538,0.998857378267113,4,0.7630922693266833,0.8,0,0,0.09777898680734215,1,0.5727437941460545,explore,0,0.7
401,2026-04-15T23:56:22.385352,0.19935195587679944,0.9981227779068864,4,0.7611940298507462,0.8,0,0,0.09769948699349328,1,0.5725764268094804,explore,0,0.7
402,2026-04-15T23:56:22.385365,0.20419726045600095,0.997337057694353,4,0.7593052109181141,0.8,0,0,0.09815848640436958,1,0.572407245066016,explore,0,0.7
403,2026-04-15T23:56:22.385378,0.2079913512655358,0.9968302762268684,4,0.7574257425742574,0.8,0,0,0.09786024020776747,1,0.5722362531451963,explore,0,0.7
404,2026-04-15T23:56:22.385392,0.21099238332783377,0.9961202334102206,4,0.7555555555555555,0.8,0,0,0.09698298043472747,1,0.5720634553218102,explore,0,0.7
405,2026-04-15T23:56:22.385405,0.200877281275297,0.9958104411553623,4,0.7536945812807881,0.8,0,0,0.09737852575643961,1,0.5718888559157943,explore,0,0.7
406,2026-04-15T23:56:22.385419,0.21158633548717948,0.9952835429170553,4,0.7518427518427518,0.8,0,0,0.09700939631326515,1,0.5717124592921248,explore,0,0.7
407,2026-04-15T23:56:22.385436,0.21609312958167548,0.9951273001736377,4,0.75,0.8,0,0,0.09817622641540467,1,0.571534269860708,explore,0,0.7
408,2026-04-15T23:56:22.385455,0.21499607452429928,0.9949738615413759,4,0.7481662591687042,0.8,0,0,0.0976777687664398,1,0.5713542920762704,explore,0,0.7
409,2026-04-15T23:56:22.385474,0.21013093769988386,0.9949188762247786,4,0.7463414634146341,0.8,0,0,0.09756620822635106,1,0.5711725304382472,explore,0,0.7
410,2026-04-15T23:56:22.385489,0.20974084171764157,0.9948569773814362,4,0.7445255474452555,0.8,0,0,0.09771435853445364,1,0.57098898949067,explore,0,0.7
411,2026-04-15T23:56:22.385503,0.209239987979369,0.9951163403907265,4,0.7427184466019418,0.8,0,0,0.0972327985695938,1,0.5708036738220529,explore,0,0.7
412,2026-04-15T23:56:22.385516,0.2138201482944288,0.9953634250657702,4,0.7409200968523002,0.8,0,0,0.0971195607730258,1,0.5706165880652779,explore,0,0.7
413,2026-04-15T23:56:22.385533,0.20526382515006303,0.9957197315239521,4,0.7391304347826086,0.8,0,0,0.09696130497756972,1,0.5704277368974793,explore,0,0.7
414,2026-04-15T23:56:22.385546,0.2064408678950011,0.9961653012861739,4,0.7373493975903614,0.8,0,0,0.0977833795374308,1,0.5702371250399263,explore,0,0.7
415,2026-04-15T23:56:22.385560,0.19926608482821906,0.9968223121185015,4,0.7355769230769231,0.8,0,0,0.09816374253586782,1,0.5700447572579054,explore,0,0.7
416,2026-04-15T23:56:22.385573,0.20417477141463816,0.9975036100432356,4,0.7338129496402878,0.8,0,0,0.0968294493175394,1,0.5698506383606013,explore,0,0.7
417,2026-04-15T23:56:22.385586,0.19911895912185118,0.9980988776728278,4,0.7320574162679426,0.8,0,0,0.09769843631340226,1,0.5696547732009762,explore,0,0.7
418,2026-04-15T23:56:22.385599,0.19750117984485205,0.9990978385459303,4,0.7303102625298329,0.8,0,0,0.0976761560918535,1,0.569457166675649,explore,0,0.7
419,2026-04-15T23:56:22.385612,0.20657146512802985,0.999804988110844,4,0.7285714285714285,0.8,0,0,0.09743545646278662,1,0.5692578237247724,explore,0,0.7
420,2026-04-15T23:56:22.385626,0.20749927199817195,0.9998035392126305,4,0.7268408551068883,0.8,0,0,0.0981720104472559,1,0.5690567493319099,explore,0,0.7
421,2026-04-15T23:56:22.385644,0.20781500338867484,0.9998153874389294,4,0.7251184834123223,0.8,0,0,0.09777313854398882,1,0.5688539485239108,explore,0,0.7
422,2026-04-15T23:56:22.385664,0.21844681664571575,0.9997969110443808,4,0.723404255319149,0.8,0,0,0.09768165435486617,1,0.5686494263707847,explore,0,0.7
423,2026-04-15T23:56:22.385682,0.1938405024879712,0.9997976406589248,4,0.7216981132075472,0.8,0,0,0.0971109672312818,1,0.5684431879855748,explore,0,0.7
424,2026-04-15T23:56:22.385714,0.20972714045789412,0.999769918834187,4,0.7223529411764706,0.8,0,0,0.0972825656554523,1,0.5682352385242301,explore,0,0.7
425,2026-04-15T23:56:22.385735,0.2036592727018182,0.9997676217099827,4,0.7230046948356808,0.8,0,0,0.09727769838910388,1,0.5680255831854761,explore,0,0.7
426,2026-04-15T23:56:22.385749,0.21483606710026693,0.9997734868005691,4,0.7236533957845434,0.8,0,0,0.09680984973645697,1,0.5678142272106856,explore,0,0.7
427,2026-04-15T23:56:22.385762,0.2091489783726435,0.9997747055733712,4,0.7242990654205608,0.8,0,0,0.09701046791838475,1,0.5676011758837467,explore,0,0.7
428,2026-04-15T23:56:22.385776,0.21197924966879667,0.9997790733016788,4,0.7249417249417249,0.8,0,0,0.09727897043839079,1,0.5673864345309316,explore,0,0.7
429,2026-04-15T23:56:22.385789,0.20202295987414937,0.9997707906796891,4,0.7255813953488373,0.8,0,0,0.09753927823800461,1,0.567170008520763,explore,0,0.7
430,2026-04-15T23:56:22.385802,0.20018611287074262,0.999782527425111,4,0.7262180974477959,0.8,0,0,0.097466648122216,1,0.5669519032638798,explore,0,0.7
431,2026-04-15T23:56:22.385816,0.21524612571113083,0.9997388453335692,4,0.7268518518518519,0.8,0,0,0.0978238839313672,1,0.5667321242129021,explore,0,0.7
432,2026-04-15T23:56:22.385849,0.2153021670707671,0.9997492517559372,4,0.7274826789838337,0.8,0,0,0.0976362979189142,1,0.5665106768622946,explore,0,0.7
433,2026-04-15T23:56:22.385863,0.20618794855293196,0.9997631420632722,4,0.728110599078341,0.8,0,0,0.09792242920147382,1,0.5662875667482298,explore,0,0.7
434,2026-04-15T23:56:22.385877,0.19792066768666344,0.9997680656161897,4,0.728735632183908,0.8,0,0,0.09767455597301522,1,0.5660627994484486,explore,0,0.7
435,2026-04-15T23:56:22.385890,0.20759388002270296,0.9997707137072314,4,0.7293577981651376,0.8,0,0,0.09702242875899132,1,0.565836380582122,explore,0,0.7
436,2026-04-15T23:56:22.385903,0.20275324878673562,0.9997587464467534,4,0.7299771167048055,0.8,0,0,0.09759348417346184,1,0.5656083158097099,explore,0,0.7
437,2026-04-15T23:56:22.385917,0.20922062916856513,0.9997570301159747,4,0.730593607305936,0.8,0,0,0.0978636206238662,1,0.5653786108328196,explore,0,0.7
438,2026-04-15T23:56:22.385930,0.2047828418814704,0.9997531470537383,4,0.7312072892938497,0.8,0,0,0.09808204852849078,1,0.5651472713940637,explore,0,0.7
439,2026-04-15T23:56:22.385944,0.20270588472953488,0.9997569470469793,4,0.7318181818181818,0.8,0,0,0.09723036547437736,1,0.5649143032769159,explore,0,0.7
440,2026-04-15T23:56:22.385957,0.2049561919667378,0.9997520379517836,4,0.7324263038548753,0.8,0,0,0.0977262692279871,1,0.5646797123055672,explore,0,0.7
441,2026-04-15T23:56:22.385970,0.20346241504289111,0.9997483456909528,4,0.7330316742081447,0.8,0,0,0.0972555135882652,1,0.5644435043447796,explore,0,0.7
442,2026-04-15T23:56:22.385986,0.21197334215513197,0.9997521341985348,4,0.7336343115124153,0.8,0,0,0.0972448387142851,1,0.5642056852997398,explore,0,0.7
443,2026-04-15T23:56:22.385999,0.19489327314525523,0.9997469866080622,4,0.7342342342342343,0.8,0,0,0.09723565838700886,1,0.5639662611159115,explore,0,0.7
444,2026-04-15T23:56:22.386013,0.20701912864668404,0.9997785200966125,4,0.7348314606741573,0.8,0,0,0.09778548534050126,1,0.563725237778887,explore,0,0.7
445,2026-04-15T23:56:22.386030,0.21091643950510183,0.9997766683200289,4,0.7354260089686099,0.8,0,0,0.09794097490178133,1,0.5634826213142369,explore,0,0.7
446,2026-04-15T23:56:22.386044,0.20320369146304942,0.9997570207143899,4,0.7360178970917226,0.8,0,0,0.09749072045569887,1,0.5632384177873604,explore,0,0.7
447,2026-04-15T23:56:22.386057,0.1915557237568828,0.9997608334749493,4,0.7366071428571429,0.8,0,0,0.09836232308647025,1,0.5629926333033328,explore,0,0.7
448,2026-04-15T23:56:22.386075,0.19744338513743642,0.9997623498427104,4,0.7371937639198218,0.8,0,0,0.09796006045961758,1,0.5627452740067536,explore,0,0.7
449,2026-04-15T23:56:22.386095,0.2033274203540805,0.9997607654605535,4,0.7377777777777778,0.8,0,0,0.09746618640614524,1,0.5624963460815922,explore,0,0.7
450,2026-04-15T23:56:22.386115,0.1941605982095908,0.9997612748143585,4,0.738359201773836,0.8,0,0,0.09787377687520013,1,0.5622458557510337,explore,0,0.7
451,2026-04-15T23:56:22.386132,0.19960542400109552,0.9998056268429507,4,0.7389380530973452,0.8,0,0,0.09784535640331748,1,0.5619938092773235,explore,0,0.7
452,2026-04-15T23:56:22.386145,0.1929751307857368,0.9998145606736365,4,0.739514348785872,0.8,0,0,0.09721296359201094,1,0.56174021296161,explore,0,0.7
453,2026-04-15T23:56:22.386158,0.21211191872991086,0.9998051540084165,4,0.7400881057268722,0.8,0,0,0.0975492919644351,1,0.5614850731437883,explore,0,0.7
454,2026-04-15T23:56:22.386171,0.2031449572433012,0.9997951357919247,4,0.7406593406593407,0.8,0,0,0.09732012986060992,1,0.5612283962023403,explore,0,0.7
455,2026-04-15T23:56:22.386185,0.1926595497021739,0.999788392693837,4,0.7412280701754386,0.8,0,0,0.0971910862509258,1,0.5609701885541762,explore,0,0.7
456,2026-04-15T23:56:22.386198,0.21799316969365368,0.9997988375275212,4,0.7417943107221007,0.8,0,0,0.09643298232283526,1,0.5607104566544737,explore,0,0.7
457,2026-04-15T23:56:22.386211,0.20307669045325444,0.9997661148982875,4,0.74235807860262,0.8,0,0,0.09737471536002101,1,0.560449206996517,explore,0,0.7
458,2026-04-15T23:56:22.386224,0.20207852169606816,0.9997755166882485,4,0.7429193899782135,0.8,0,0,0.09753766926353545,1,0.5601864461115337,explore,0,0.7
459,2026-04-15T23:56:22.386238,0.19624159562703353,0.999765378415656,4,0.7434782608695653,0.8,0,0,0.09805656010079677,1,0.5599221805685323,explore,0,0.7
460,2026-04-15T23:56:22.386265,0.20175721120951562,0.9997713096120969,4,0.7440347071583514,0.8,0,0,0.09675964046193522,1,0.5596564169741376,explore,0,0.7
461,2026-04-15T23:56:22.386285,0.195682150455336,0.9997506872281094,4,0.7445887445887446,0.8,0,0,0.09725463237649923,1,0.5593891619724257,explore,0,0.7
462,2026-04-15T23:56:22.386299,0.19527465560020377,0.9997583855532585,4,0.7451403887688985,0.8,0,0,0.09783436259945143,1,0.5591204222447577,explore,0,0.7
463,2026-04-15T23:56:22.386312,0.20430383237460947,0.9997644389014342,4,0.7456896551724138,0.8,0,0,0.09736373144315694,1,0.5588502045096128,explore,0,0.7
464,2026-04-15T23:56:22.386326,0.21203966756435816,0.9997623141436209,4,0.7462365591397849,0.8,0,0,0.09794700487460495,1,0.5585785155224201,explore,0,0.7
465,2026-04-15T23:56:22.386339,0.19789133032926276,0.9997676068468474,4,0.7467811158798283,0.8,0,0,0.09762627382849745,1,0.5583053620753904,explore,0,0.7
466,2026-04-15T23:56:22.386352,0.1992997926758659,0.9997952392013195,4,0.7473233404710921,0.8,0,0,0.0972093409291637,1,0.5580307509973456,explore,0,0.7
467,2026-04-15T23:56:22.386365,0.21099921393403515,0.9997786897844922,4,0.7478632478632479,0.8,0,0,0.09767908747817924,1,0.5577546891535482,explore,0,0.7
468,2026-04-15T23:56:22.386379,0.20150579686161937,0.9997537183721787,4,0.7484008528784648,0.8,0,0,0.09742530487128179,1,0.5574771834455301,explore,0,0.7
469,2026-04-15T23:56:22.386392,0.1971163982891272,0.9997657834677413,4,0.7489361702127659,0.8,0,0,0.09741629803641237,1,0.5571982408109194,explore,0,0.7
470,2026-04-15T23:56:22.386405,0.20416790440282195,0.9997529689280488,4,0.7494692144373672,0.8,0,0,0.09758384678538073,1,0.5569178682232676,explore,0,0.7
471,2026-04-15T23:56:22.386419,0.19906282948476856,0.9997451383133062,4,0.75,0.8,0,0,0.09715809982021523,1,0.5566360726918745,explore,0,0.7
472,2026-04-15T23:56:22.386431,0.19505123417100653,0.9997284312279482,4,0.7505285412262156,0.8,0,0,0.09748284351870913,1,0.5563528612616141,explore,0,0.7
473,2026-04-15T23:56:22.386445,0.18645178856551234,0.9997270851313537,4,0.7510548523206751,0.8,0,0,0.09783314393698321,1,0.5560682410127571,explore,0,0.7
474,2026-04-15T23:56:22.386458,0.20133303190777024,0.9997328890792953,4,0.751578947368421,0.8,0,0,0.09654270828804648,1,0.5557822190607951,explore,0,0.7
475,2026-04-15T23:56:22.386471,0.19548586472341023,0.9997435037007419,4,0.7521008403361344,0.8,0,0,0.09731043001905836,1,0.5554948025562617,explore,0,0.7
476,2026-04-15T23:56:22.386486,0.1987344644015419,0.9997296396909874,4,0.7526205450733753,0.8,0,0,0.09760296974150186,1,0.5552059986845549,explore,0,0.7
477,2026-04-15T23:56:22.386500,0.19833314973760485,0.9997665172120641,4,0.7531380753138075,0.8,0,0,0.09747162363935408,1,0.5549158146657562,explore,0,0.7
478,2026-04-15T23:56:22.386513,0.20338403678927808,0.9997586641896944,4,0.7536534446764092,0.8,0,0,0.09714581390075724,1,0.5546242577544511,explore,0,0.7
479,2026-04-15T23:56:22.386530,0.18472525197493533,0.9997665112652129,4,0.7541666666666667,0.8,0,0,0.09778070151348665,1,0.5543313352395473,explore,0,0.7
480,2026-04-15T23:56:22.386544,0.20237542038839074,0.9997742043822692,4,0.7546777546777547,0.8,0,0,0.09729788404910089,1,0.5540370544440921,explore,0,0.7
481,2026-04-15T23:56:22.386557,0.19707238021165174,0.9997999033534434,4,0.7551867219917012,0.8,0,0,0.09789778038485288,1,0.5537414227250902,explore,0,0.7
482,2026-04-15T23:56:22.386571,0.209597990645244,0.9998048130959905,4,0.7556935817805382,0.8,0,0,0.09736399034948731,1,0.5534444474733192,explore,0,0.7
483,2026-04-15T23:56:22.386584,0.19938304473518728,0.999805406178122,4,0.756198347107438,0.8,0,0,0.09795418178361899,1,0.5531461361131451,explore,0,0.7
484,2026-04-15T23:56:22.386597,0.20458251844039294,0.9998025653568536,4,0.756701030927835,0.8,0,0,0.09754124959751392,1,0.552846496102336,explore,0,0.7
485,2026-04-15T23:56:22.386627,0.18802751211415578,0.9998175252550533,4,0.757201646090535,0.8,0,0,0.09722156918444291,1,0.5525455349318769,explore,0,0.7
486,2026-04-15T23:56:22.386641,0.18970254382925011,0.9997906929023103,4,0.757700205338809,0.8,0,0,0.09650682867630588,1,0.5522432601257812,explore,0,0.7
487,2026-04-15T23:56:22.386655,0.2024179932927314,0.9998054497555334,4,0.7581967213114754,0.8,0,0,0.09738880009502346,1,0.5519396792409034,explore,0,0.7
488,2026-04-15T23:56:22.386668,0.18975137700436984,0.9998137877353327,4,0.7586912065439673,0.8,0,0,0.0976308571551737,1,0.5516347998667497,explore,0,0.7
489,2026-04-15T23:56:22.386681,0.19368593438882611,0.9998120465010145,4,0.7591836734693878,0.8,0,0,0.09807723032822083,1,0.5513286296252886,explore,0,0.7
490,2026-04-15T23:56:22.386695,0.19498682188682762,0.9998136623775382,4,0.7596741344195519,0.8,0,0,0.09777284124546111,1,0.5510211761707603,explore,0,0.7
491,2026-04-15T23:56:22.386715,0.19227809368254,0.9998051261450259,4,0.7601626016260162,0.8,0,0,0.09738259941383551,1,0.5507124471894851,explore,0,0.7
492,2026-04-15T23:56:22.386728,0.200086202755677,0.9998130401066224,4,0.7606490872210954,0.8,0,0,0.09736205074316917,1,0.5504024503996714,explore,0,0.7
493,2026-04-15T23:56:22.386742,0.1862327902727321,0.9998048171467264,4,0.7611336032388664,0.8,0,0,0.09738227673389543,1,0.5500911935512228,explore,0,0.7
494,2026-04-15T23:56:22.386755,0.20682364590989213,0.9998026450918966,4,0.7616161616161616,0.8,0,0,0.09722984231104814,1,0.5497786844255443,explore,0,0.7
495,2026-04-15T23:56:22.386768,0.1991604381673755,0.9998029007580229,4,0.7620967741935484,0.8,0,0,0.09683825758195051,1,0.549464930835348,explore,0,0.7
496,2026-04-15T23:56:22.386781,0.20261451507381012,0.9998166271184427,4,0.7625754527162978,0.8,0,0,0.09796410551974818,1,0.5491499406244569,explore,0,0.7
497,2026-04-15T23:56:22.386795,0.1991629257345918,0.9998149829739867,4,0.7630522088353414,0.8,0,0,0.09774139578187255,1,0.5488337216676102,explore,0,0.7
498,2026-04-15T23:56:22.386808,0.1949555021563534,0.9998232020284383,4,0.7635270541082164,0.8,0,0,0.09745192041962211,1,0.5485162818702651,explore,0,0.7
499,2026-04-15T23:56:22.386821,0.1969182923152101,0.9998235862906752,4,0.764,0.8,0,0,0.09701948923655249,1,0.5481976291684003,explore,0,0.7
500,2026-04-15T23:56:22.386834,0.20024048556577217,0.9988509526255636,4,0.7624750499001997,0.8,0,0,0.08728508583056732,1,0.5478777715283165,exploit,1,0.5
501,2026-04-15T23:56:22.386848,0.18982984128885025,0.9980379717352349,4,0.7609561752988048,0.8,0,0,0.08589222345514075,1,0.5475567169464381,exploit,1,0.5
502,2026-04-15T23:56:22.386861,0.1930005741859187,0.9972799641585817,4,0.7594433399602386,0.8,0,0,0.0871822009530965,1,0.547234473449113,exploit,1,0.5
503,2026-04-15T23:56:22.386874,0.2010487520895201,0.9964451723369553,4,0.7579365079365079,0.8,0,0,0.08557645404020553,1,0.5469110490924118,exploit,1,0.5
504,2026-04-15T23:56:22.386887,0.19830722212439417,0.9959773296142925,4,0.7564356435643564,0.8,0,0,0.0870136172979164,1,0.5465864519619266,exploit,1,0.5
505,2026-04-15T23:56:22.386910,0.19873634943175192,0.9957215994230879,4,0.7549407114624506,0.8,0,0,0.08575459820780412,1,0.5462606901725686,exploit,1,0.5
506,2026-04-15T23:56:22.386932,0.1956355903098555,0.9955648668277625,4,0.7534516765285996,0.8,0,0,0.08677253246657803,1,0.5459337718683658,exploit,1,0.5
507,2026-04-15T23:56:22.386947,0.1905680175833145,0.9953383462404157,4,0.7519685039370079,0.8,0,0,0.08639829151843344,1,0.5456057052222586,exploit,1,0.5
508,2026-04-15T23:56:22.386961,0.18861098082189603,0.9953102146539099,4,0.75049115913556,0.8,0,0,0.08725326836347058,1,0.5452764984358962,exploit,1,0.5
509,2026-04-15T23:56:22.386974,0.19015630815974952,0.9952504128750633,4,0.7490196078431373,0.8,0,0,0.08622655010366831,1,0.5449461597394311,exploit,1,0.5
510,2026-04-15T23:56:22.386989,0.18812500185930098,0.9952257149560482,4,0.7475538160469667,0.8,0,0,0.08670976749167908,1,0.5446146973913133,exploit,1,0.5
511,2026-04-15T23:56:22.387003,0.19151326794953039,0.9956363931628672,4,0.74609375,0.8,0,0,0.08692927108739563,1,0.5442821196780845,exploit,1,0.5
512,2026-04-15T23:56:22.387016,0.2013885070600161,0.9958548755052916,4,0.7446393762183235,0.8,0,0,0.08719555465538703,1,0.5439484349141701,exploit,1,0.5
513,2026-04-15T23:56:22.387034,0.19015496619710204,0.9962898757741862,4,0.7431906614785992,0.8,0,0,0.08557375349101652,1,0.5436136514416718,exploit,1,0.5
514,2026-04-15T23:56:22.387047,0.19964730655982874,0.9965984406835371,4,0.7417475728155339,0.8,0,0,0.08600016051599335,1,0.543277777630159,exploit,1,0.5
515,2026-04-15T23:56:22.387061,0.19471535868379178,0.9970724053579221,4,0.7403100775193798,0.8,0,0,0.08631355188594732,1,0.5429408218764595,exploit,1,0.5
516,2026-04-15T23:56:22.387074,0.19042493836725657,0.9976920809037871,4,0.7388781431334622,0.8,0,0,0.0866367688217452,1,0.5426027926044497,exploit,1,0.5
517,2026-04-15T23:56:22.387087,0.19162605025475826,0.9983592862945563,4,0.7374517374517374,0.8,0,0,0.08568433772708473,1,0.5422636982648436,exploit,1,0.5
518,2026-04-15T23:56:22.387101,0.18617496169085848,0.9989773785359884,4,0.7360308285163777,0.8,0,0,0.08445063264113728,1,0.541923547334982,exploit,1,0.5
519,2026-04-15T23:56:22.387114,0.19184297901445552,0.9997532324141896,4,0.7346153846153847,0.8,0,0,0.08722516351861469,1,0.5415823483186207,exploit,1,0.5
520,2026-04-15T23:56:22.387127,0.19000224383364422,0.9997549270658213,4,0.7332053742802304,0.8,0,0,0.08659646920043157,1,0.5412401097457171,exploit,1,0.5
521,2026-04-15T23:56:22.387140,0.2006895349327659,0.9997414927355578,4,0.7318007662835249,0.8,0,0,0.0863564553210236,1,0.5408968401722178,exploit,1,0.5
522,2026-04-15T23:56:22.387154,0.18345728307255432,0.999748774407585,4,0.7304015296367112,0.8,0,0,0.08652207672142136,1,0.5405525481798443,exploit,1,0.5
523,2026-04-15T23:56:22.387167,0.1888994973083781,0.9997833573471229,4,0.7309160305343512,0.8,0,0,0.08741414672968029,1,0.5402072423758782,exploit,1,0.5
524,2026-04-15T23:56:22.387182,0.19192974852843048,0.9997881628098342,4,0.7314285714285714,0.8,0,0,0.08638991869626882,1,0.5398609313929471,exploit,1,0.5
525,2026-04-15T23:56:22.387206,0.19740830066576107,0.9997882323740346,4,0.7319391634980988,0.8,0,0,0.08678595443489945,1,0.5395136238888071,exploit,1,0.5
526,2026-04-15T23:56:22.387223,0.198842035656681,0.9997906851409261,4,0.7324478178368121,0.8,0,0,0.08699486670002898,1,0.539165328546128,exploit,1,0.5
527,2026-04-15T23:56:22.387237,0.1927525575217127,0.9998020731299102,4,0.7329545454545454,0.8,0,0,0.08667936301954524,1,0.538816054072275,exploit,1,0.5
528,2026-04-15T23:56:22.387250,0.19202587588818937,0.9997933773158467,4,0.7334593572778828,0.8,0,0,0.08607482312983224,1,0.5384658091990918,exploit,1,0.5
529,2026-04-15T23:56:22.387274,0.19909933055707885,0.9997816757934924,4,0.7339622641509433,0.8,0,0,0.08619022081057325,1,0.5381146026826822,exploit,1,0.5
530,2026-04-15T23:56:22.387287,0.18820589456925782,0.9997806469933649,4,0.7344632768361582,0.8,0,0,0.08599739353468308,1,0.5377624433031906,exploit,1,0.5
531,2026-04-15T23:56:22.387300,0.19668295791945056,0.9997971924251847,4,0.7349624060150376,0.8,0,0,0.08669841065761068,1,0.5374093398645832,exploit,1,0.5
532,2026-04-15T23:56:22.387314,0.1933416312567623,0.9998145026231374,4,0.7354596622889306,0.8,0,0,0.08638150333932215,1,0.5370553011944276,exploit,1,0.5
533,2026-04-15T23:56:22.387327,0.1943120278493069,0.9998251844099271,4,0.7359550561797753,0.8,0,0,0.0872907947621937,1,0.5367003361436721,exploit,1,0.5
534,2026-04-15T23:56:22.387340,0.18141803937145862,0.9998161690540321,4,0.7364485981308411,0.8,0,0,0.08610890897343351,1,0.5363444535864246,exploit,1,0.5
535,2026-04-15T23:56:22.387354,0.20273688601003334,0.9998129995401278,4,0.7369402985074627,0.8,0,0,0.08582168718166598,1,0.5359876624197302,exploit,1,0.5
536,2026-04-15T23:56:22.387367,0.1866861290805459,0.9998203202237714,4,0.7374301675977654,0.8,0,0,0.08605223406191662,1,0.5356299715633497,exploit,1,0.5
537,2026-04-15T23:56:22.387380,0.19766669651691224,0.9998188914436709,4,0.7379182156133829,0.8,0,0,0.08662818174878537,1,0.5352713899595358,exploit,1,0.5
538,2026-04-15T23:56:22.387492,0.1885796127959549,0.9998529870814279,4,0.738404452690167,0.8,0,0,0.086271762671822,1,0.5349119265728101,exploit,1,0.5
539,2026-04-15T23:56:22.387552,0.19541986372900094,0.9998466044928647,4,0.7388888888888889,0.8,0,0,0.0863230408397979,1,0.5345515903897383,exploit,1,0.5
540,2026-04-15T23:56:22.387569,0.19359816906375477,0.9998421129124451,4,0.7393715341959335,0.8,0,0,0.08724355857530619,1,0.5341903904187064,exploit,1,0.5
541,2026-04-15T23:56:22.387645,0.19835109532317785,0.9998484841706357,4,0.7398523985239852,0.8,0,0,0.08660509416784191,1,0.5338283356896947,exploit,1,0.5
542,2026-04-15T23:56:22.387669,0.18804848860217266,0.999854596904102,4,0.7403314917127072,0.8,0,0,0.08699885114346305,1,0.5334654352540528,exploit,1,0.5
543,2026-04-15T23:56:22.387683,0.18674656970776324,0.9998484344881108,4,0.7408088235294118,0.8,0,0,0.08631485095563265,1,0.5331016981842723,exploit,1,0.5
544,2026-04-15T23:56:22.387703,0.19638540509647995,0.999833581207242,4,0.7412844036697248,0.8,0,0,0.0857937134233286,1,0.5327371335737614,exploit,1,0.5
545,2026-04-15T23:56:22.387718,0.17566549098138456,0.9998347546703601,4,0.7417582417582418,0.8,0,0,0.08746483312762664,1,0.5323717505366161,exploit,1,0.5
546,2026-04-15T23:56:22.387731,0.19214646719462236,0.999824845329835,4,0.7422303473491774,0.8,0,0,0.08583200925280421,1,0.5320055582073936,exploit,1,0.5
547,2026-04-15T23:56:22.387745,0.1964864854026131,0.9998317323711925,4,0.7427007299270073,0.8,0,0,0.08628017107043025,1,0.5316385657408828,exploit,1,0.5
548,2026-04-15T23:56:22.387759,0.20513795428068737,0.9998426313489283,4,0.7431693989071039,0.8,0,0,0.08645296647098018,1,0.5312707823118762,exploit,1,0.5
549,2026-04-15T23:56:22.387772,0.1895560452373489,0.9998385479813152,4,0.7436363636363637,0.8,0,0,0.08701862696436713,1,0.5309022171149406,exploit,1,0.5
550,2026-04-15T23:56:22.387786,0.2081932003156905,0.9998430356674218,4,0.7441016333938294,0.8,0,0,0.0857063406437651,1,0.5305328793641866,exploit,1,0.5
551,2026-04-15T23:56:22.387799,0.19393584574115924,0.9998509218349599,4,0.7445652173913043,0.8,0,0,0.08689117503901131,1,0.5301627782930387,exploit,1,0.5
552,2026-04-15T23:56:22.387813,0.1835313333529702,0.9998382072446841,4,0.7450271247739603,0.8,0,0,0.08651882603521505,1,0.5297919231540045,exploit,1,0.5
553,2026-04-15T23:56:22.387826,0.1905458631379653,0.9998348211870276,4,0.7454873646209387,0.8,0,0,0.08647646679606932,1,0.529420323218443,exploit,1,0.5
554,2026-04-15T23:56:22.387840,0.18345551385175551,0.9998411387685439,4,0.745945945945946,0.8,0,0,0.08668093707764467,1,0.5290479877763334,exploit,1,0.5
555,2026-04-15T23:56:22.387853,0.18062466596690363,0.9998223246219646,4,0.7464028776978417,0.8,0,0,0.08675269939765642,1,0.5286749261360424,exploit,1,0.5
556,2026-04-15T23:56:22.387867,0.18040176483174908,0.9998190813935703,4,0.7468581687612208,0.8,0,0,0.08696108624710755,1,0.5283011476240914,exploit,1,0.5
557,2026-04-15T23:56:22.387880,0.18389473041529092,0.9998270263378153,4,0.7473118279569892,0.8,0,0,0.08701818520950584,1,0.5279266615849239,exploit,1,0.5
558,2026-04-15T23:56:22.387894,0.18805259871956048,0.9998293833724606,4,0.7477638640429338,0.8,0,0,0.0860798412200363,1,0.5275514773806712,exploit,1,0.5
559,2026-04-15T23:56:22.387907,0.19114721215256306,0.9998400241010513,4,0.7482142857142857,0.8,0,0,0.08520604536204247,1,0.527175604390919,exploit,1,0.5
560,2026-04-15T23:56:22.387921,0.19518939693377294,0.9998322364889339,4,0.7486631016042781,0.8,0,0,0.08620382388345346,1,0.5267990520124723,exploit,1,0.5
561,2026-04-15T23:56:22.387935,0.1929150363589502,0.9998433774691781,4,0.7491103202846975,0.8,0,0,0.08626221340349492,1,0.5264218296591212,exploit,1,0.5
562,2026-04-15T23:56:22.387948,0.18663514645865611,0.9998252800229518,4,0.7495559502664298,0.8,0,0,0.0861946579783627,1,0.5260439467614048,exploit,1,0.5
563,2026-04-15T23:56:22.387961,0.1760044806816881,0.9998352661290023,4,0.75,0.8,0,0,0.08724372064504617,1,0.5256654127663758,exploit,1,0.5
564,2026-04-15T23:56:22.387974,0.1882240122495148,0.9998347273043494,4,0.7504424778761062,0.8,0,0,0.08700360186793979,1,0.5252862371373643,exploit,1,0.5
565,2026-04-15T23:56:22.387990,0.18177290818638497,0.9998313516316899,4,0.7508833922261484,0.8,0,0,0.08737257856145819,1,0.5249064293537413,exploit,1,0.5
566,2026-04-15T23:56:22.388004,0.19868765087202894,0.999775971607333,4,0.7513227513227513,0.8,0,0,0.08522512096704606,1,0.5245259989106819,exploit,1,0.5
567,2026-04-15T23:56:22.388017,0.18227833048183525,0.9997792737752014,4,0.7517605633802817,0.8,0,0,0.08698366110315076,1,0.5241449553189269,exploit,1,0.5
568,2026-04-15T23:56:22.388033,0.18558538936648034,0.9997629999452363,4,0.7521968365553603,0.8,0,0,0.0870217198328846,1,0.5237633081045466,exploit,1,0.5
569,2026-04-15T23:56:22.388047,0.18943759661728185,0.999772627470623,4,0.7526315789473684,0.8,0,0,0.08530135439450774,1,0.5233810668087013,exploit,1,0.5
570,2026-04-15T23:56:22.388061,0.18993845733991452,0.9997739688420437,4,0.7530647985989493,0.8,0,0,0.0866693433090746,1,0.5229982409874036,exploit,1,0.5
571,2026-04-15T23:56:22.388074,0.18801177203008274,0.9997559434853954,4,0.7534965034965035,0.8,0,0,0.08617225964073522,1,0.5226148402112789,exploit,1,0.5
572,2026-04-15T23:56:22.388087,0.18642201483069637,0.9997687863037504,4,0.7539267015706806,0.8,0,0,0.08623238603553413,1,0.522230874065327,exploit,1,0.5
573,2026-04-15T23:56:22.388101,0.2034581639848759,0.9997625406180265,4,0.7543554006968641,0.8,0,0,0.08619539201910678,1,0.5218463521486811,exploit,1,0.5
574,2026-04-15T23:56:22.388114,0.1828486344527297,0.9997682081191066,4,0.7547826086956522,0.8,0,0,0.08630780382599781,1,0.5214612840743694,exploit,1,0.5
575,2026-04-15T23:56:22.388127,0.1902492434229564,0.9997715923186379,4,0.7552083333333334,0.8,0,0,0.0861078404393692,1,0.5210756794690736,exploit,1,0.5
576,2026-04-15T23:56:22.388141,0.1894147427414688,0.9997613700286019,4,0.755632582322357,0.8,0,0,0.08707383648853868,1,0.5206895479728889,exploit,1,0.5
577,2026-04-15T23:56:22.388154,0.18600233869139335,0.9997607275475784,4,0.7560553633217993,0.8,0,0,0.08673188967892081,1,0.5203028992390822,exploit,1,0.5
578,2026-04-15T23:56:22.388167,0.18226374883568802,0.9997529347860568,4,0.7564766839378239,0.8,0,0,0.0868752687028374,1,0.5199157429338522,exploit,1,0.5
579,2026-04-15T23:56:22.388181,0.20182471616236314,0.9997433960760206,4,0.756896551724138,0.8,0,0,0.08683291692137451,1,0.519528088736086,exploit,1,0.5
580,2026-04-15T23:56:22.388194,0.18442937567482848,0.999761306317461,4,0.7573149741824441,0.8,0,0,0.08644621113502521,1,0.5191399463371186,exploit,1,0.5
581,2026-04-15T23:56:22.388207,0.1824769518581525,0.9997576415982486,4,0.7577319587628866,0.8,0,0,0.08616104496025204,1,0.5187513254404895,exploit,1,0.5
582,2026-04-15T23:56:22.388221,0.19026355103874176,0.9997612096348858,4,0.758147512864494,0.8,0,0,0.08622852297362531,1,0.5183622357617012,exploit,1,0.5
583,2026-04-15T23:56:22.388234,0.18169091312528413,0.9997679113231485,4,0.7585616438356164,0.8,0,0,0.086404927812533,1,0.517972687027975,exploit,1,0.5
584,2026-04-15T23:56:22.388247,0.18761223416205633,0.99975314104251,4,0.7589743589743589,0.8,0,0,0.08623802609715847,1,0.5175826889780094,exploit,1,0.5
585,2026-04-15T23:56:22.388277,0.18292510877647145,0.9997489973740487,4,0.7593856655290102,0.8,0,0,0.08690377577350372,1,0.517192251361735,exploit,1,0.5
586,2026-04-15T23:56:22.388291,0.17974599428246243,0.9998105018530307,4,0.7597955706984668,0.8,0,0,0.08683625545222505,0,0.5168013839400719,exploit,1,0.5
587,2026-04-15T23:56:22.388305,0.1975579283598109,0.9997760580087437,4,0.7602040816326531,0.8,0,0,0.08566404599414894,0,0.5164100964846855,exploit,1,0.5
588,2026-04-15T23:56:22.388318,0.18173844041403459,0.9997876112415817,4,0.7606112054329371,0.8,0,0,0.08617499093394235,0,0.5160183987777417,exploit,1,0.5
589,2026-04-15T23:56:22.388331,0.18421312521341443,0.9997862496363404,4,0.7610169491525424,0.8,0,0,0.0850853056272281,0,0.5156263006116626,exploit,1,0.5
590,2026-04-15T23:56:22.388344,0.17662677131112012,0.9997853189470451,4,0.7614213197969543,0.8,0,0,0.08593254204794334,0,0.5152338117888822,exploit,1,0.5
591,2026-04-15T23:56:22.388388,0.18259381441826633,0.9997766886153857,4,0.7618243243243243,0.8,0,0,0.08643047790965852,0,0.5148409421216005,exploit,1,0.5
592,2026-04-15T23:56:22.388403,0.1826400776715238,0.9997674367950029,4,0.7622259696458684,0.8,0,0,0.08680018044637895,0,0.5144477014315386,exploit,1,0.5
593,2026-04-15T23:56:22.388417,0.18742012218556695,0.9997717777700859,4,0.7626262626262627,0.8,0,0,0.08582008099211996,0,0.5140540995496935,exploit,1,0.5
594,2026-04-15T23:56:22.388430,0.19281794874092992,0.9997754210988153,4,0.7630252100840336,0.8,0,0,0.08623622526615113,0,0.5136601463160916,exploit,1,0.5
595,2026-04-15T23:56:22.388443,0.18468920629375474,0.9997725293026968,4,0.7634228187919463,0.8,0,0,0.08654589875912776,0,0.5132658515795433,exploit,1,0.5
596,2026-04-15T23:56:22.388457,0.1800997037803084,0.9997727642164566,4,0.7638190954773869,0.8,0,0,0.08682410569827761,0,0.5128712251973965,exploit,1,0.5
597,2026-04-15T23:56:22.388470,0.16547375545749834,0.9997724295951719,4,0.7642140468227425,0.8,0,0,0.08614736920382592,0,0.5124762770352901,exploit,1,0.5
598,2026-04-15T23:56:22.388484,0.17799596070854679,0.9997674873758065,4,0.7646076794657763,0.8,0,0,0.08576013630033735,0,0.5120810169669076,exploit,1,0.5
599,2026-04-15T23:56:22.388497,0.19650276659753638,0.9997687228570715,4,0.765,0.8,0,0,0.08621362207788966,0,0.5116854548737301,exploit,1,0.5
600,2026-04-15T23:56:22.388510,0.18972199922932897,0.9989980400781325,4,0.7637271214642263,0.8,0,0,0.09838790643659281,0,0.5112896006447893,explore,0,0.7
601,2026-04-15T23:56:22.388528,0.18045882241260877,0.9984108176061196,4,0.7624584717607974,0.8,0,0,0.09704856983608018,0,0.5108934641764206,explore,0,0.7
602,2026-04-15T23:56:22.388541,0.18801672528416025,0.9976472962166859,4,0.7611940298507462,0.8,0,0,0.09759617033297192,0,0.5104970553720147,explore,0,0.7
603,2026-04-15T23:56:22.388555,0.18898401348285487,0.9970616295399031,4,0.7599337748344371,0.8,0,0,0.09757183986468404,0,0.5101003841417713,explore,0,0.7
604,2026-04-15T23:56:22.388568,0.18458226808198602,0.9965264777381914,4,0.7586776859504132,0.8,0,0,0.09811378955457745,0,0.5097034604024504,explore,0,0.7
605,2026-04-15T23:56:22.388582,0.1885226988493373,0.9961293343955729,4,0.7574257425742574,0.8,0,0,0.0976934533828615,0,0.5093062940771248,explore,0,0.7
606,2026-04-15T23:56:22.388595,0.18153862398237075,0.9957050065646633,4,0.7561779242174629,0.8,0,0,0.09708075455353159,0,0.508908895094932,explore,0,0.7
607,2026-04-15T23:56:22.388608,0.1892074748858692,0.995566026209476,4,0.7549342105263158,0.8,0,0,0.09688053932598127,0,0.5085112733908258,explore,0,0.7
608,2026-04-15T23:56:22.388621,0.17359153094303528,0.9956160212531542,4,0.7536945812807881,0.8,0,0,0.09787318438479449,0,0.5081134389053281,explore,0,0.7
609,2026-04-15T23:56:22.388635,0.17406660753359468,0.995698790976104,4,0.7524590163934426,0.8,0,0,0.09734512908973077,0,0.5077154015842804,explore,0,0.7
610,2026-04-15T23:56:22.388648,0.18853227710408543,0.9957676086329186,4,0.7512274959083469,0.8,0,0,0.0972609985365034,0,0.5073171713785949,explore,0,0.7
611,2026-04-15T23:56:22.388661,0.18837459425395908,0.9957115598055026,4,0.75,0.8,0,0,0.09710386956741239,0,0.5069187582440061,explore,0,0.7
612,2026-04-15T23:56:22.388674,0.1836666484860855,0.9959273877336883,4,0.7487765089722676,0.8,0,0,0.09747660277513079,0,0.5065201721408216,explore,0,0.7
613,2026-04-15T23:56:22.388687,0.18142114188767922,0.996259976987742,4,0.747557003257329,0.8,0,0,0.09703713007561275,0,0.506121423033673,explore,0,0.7
614,2026-04-15T23:56:22.388707,0.1808961803773816,0.9965650952652131,4,0.7463414634146341,0.8,0,0,0.09737381742176127,0,0.5057225208912675,explore,0,0.7
615,2026-04-15T23:56:22.388721,0.18447750145785421,0.9969299572178576,4,0.7451298701298701,0.8,0,0,0.09782891088291479,0,0.5053234756861377,explore,0,0.7
616,2026-04-15T23:56:22.388734,0.1833610956280204,0.9975737282125083,4,0.7439222042139384,0.8,0,0,0.09770320666527002,0,0.504924297394393,explore,0,0.7
617,2026-04-15T23:56:22.388747,0.19449498282378996,0.9981829237143267,4,0.7427184466019418,0.8,0,0,0.09752671279422838,0,0.5045249959954701,explore,0,0.7
618,2026-04-15T23:56:22.388761,0.19063838790511528,0.9989189570269702,4,0.7415185783521809,0.8,0,0,0.09775062913965839,0,0.5041255814718828,explore,0,0.7
619,2026-04-15T23:56:22.388774,0.18396273548043013,0.9998504554109516,4,0.7403225806451613,0.8,0,0,0.09767357050351919,0,0.5037260638089736,explore,0,0.7
620,2026-04-15T23:56:22.388787,0.18185813553916905,0.9998178055554247,4,0.7391304347826086,0.8,0,0,0.09730993263644128,0,0.5033264529946633,explore,0,0.7
621,2026-04-15T23:56:22.388800,0.18024712333454337,0.999813931107108,4,0.7379421221864951,0.8,0,0,0.0978229423462729,0,0.5029267590192013,explore,0,0.7
622,2026-04-15T23:56:22.388813,0.17482495565928363,0.9997906639761917,4,0.7383627608346709,0.8,0,0,0.0972091028784901,0,0.5025269918749163,explore,0,0.7
623,2026-04-15T23:56:22.388826,0.17783808928233896,0.9997753505051052,4,0.7387820512820513,0.8,0,0,0.09720615997276308,0,0.502127161555966,explore,0,0.7
624,2026-04-15T23:56:22.388840,0.19283424419479706,0.9997807982771844,4,0.7392,0.8,0,0,0.09805245430617562,0,0.5017272780580877,explore,0,0.7
625,2026-04-15T23:56:22.388852,0.18299335371839667,0.9997683751314836,4,0.7396166134185304,0.8,0,0,0.09773721097309823,0,0.5013273513783478,explore,0,0.7
626,2026-04-15T23:56:22.388865,0.17962174739633355,0.9997657102908305,4,0.7400318979266348,0.8,0,0,0.09748793597574652,0,0.5009273915148926,explore,0,0.7
627,2026-04-15T23:56:22.388879,0.18027503387501345,0.9997608684600529,4,0.7404458598726115,0.8,0,0,0.09725895764433917,0,0.5005274084666979,explore,0,0.7
628,2026-04-15T23:56:22.388892,0.19171349082921874,0.9997575722367383,4,0.7408585055643879,0.8,0,0,0.0968805206289403,0,0.5001274122333189,explore,0,0.7
629,2026-04-15T23:56:22.388905,0.17797667555140018,0.9997642923190235,4,0.7412698412698413,0.8,0,0,0.09766244010798338,0,0.49972741281464084,explore,0,0.7
630,2026-04-15T23:56:22.388920,0.18304415853543285,0.999765618325249,4,0.7416798732171157,0.8,0,0,0.09812037910936723,0,0.4993274202106281,explore,0,0.7
631,2026-04-15T23:56:22.388933,0.18519719197744017,0.9997514934025848,4,0.7420886075949367,0.8,0,0,0.09752593148394229,0,0.49892744442107506,explore,0,0.7
632,2026-04-15T23:56:22.388947,0.17092671226063233,0.9997326863238839,4,0.7424960505529226,0.8,0,0,0.09725747731674282,0,0.4985274954453557,explore,0,0.7
633,2026-04-15T23:56:22.388960,0.18102243909079085,0.9997240902553298,4,0.7429022082018928,0.8,0,0,0.09714302333870226,0,0.4981275832821735,explore,0,0.7
634,2026-04-15T23:56:22.388973,0.17746504737549965,0.9997339082698348,4,0.7433070866141732,0.8,0,0,0.09740529298637386,0,0.4977277179293117,explore,0,0.7
635,2026-04-15T23:56:22.388986,0.18342431156007766,0.9997351928134874,4,0.7437106918238994,0.8,0,0,0.09755366420846985,0,0.4973279093833833,explore,0,0.7
636,2026-04-15T23:56:22.389000,0.17394556127358693,0.9997163289743215,4,0.7441130298273155,0.8,0,0,0.09719084690581999,0,0.49692816763958114,explore,0,0.7
637,2026-04-15T23:56:22.389013,0.1777581506201582,0.9997171351127166,4,0.7445141065830722,0.8,0,0,0.09790520758750867,0,0.49652850269142806,explore,0,0.7
638,2026-04-15T23:56:22.389030,0.16877375966848937,0.9997114507979384,4,0.7449139280125195,0.8,0,0,0.09780879346586575,0,0.49612892453052687,explore,0,0.7
639,2026-04-15T23:56:22.389044,0.17300458507954208,0.9997056172023856,4,0.7453125,0.8,0,0,0.09773950049235752,0,0.49572944314631073,explore,0,0.7
640,2026-04-15T23:56:22.389057,0.1853381608405165,0.999745093722524,4,0.7457098283931357,0.8,0,0,0.09795964816104251,0,0.4953300685257936,explore,0,0.7
641,2026-04-15T23:56:22.389070,0.1791515519611287,0.9997524368644218,4,0.7461059190031153,0.8,0,0,0.09727598588867797,0,0.49493081065332006,explore,0,0.7
642,2026-04-15T23:56:22.389083,0.18096757654064066,0.9997748618405514,4,0.7465007776049767,0.8,0,0,0.09806105351554269,0,0.4945316795103162,explore,0,0.7
643,2026-04-15T23:56:22.389097,0.17832140863857143,0.9997844535921133,4,0.7468944099378882,0.8,0,0,0.09729908312151665,0,0.4941326850750397,explore,0,0.7
644,2026-04-15T23:56:22.389119,0.1845758605130614,0.9997733746045379,4,0.7472868217054264,0.8,0,0,0.09698188203606203,0,0.4937338373223308,explore,0,0.7
645,2026-04-15T23:56:22.389133,0.1832717242938357,0.999782260409362,4,0.7476780185758514,0.8,0,0,0.09776093917181676,0,0.49333514622336244,explore,0,0.7
646,2026-04-15T23:56:22.389147,0.17671614199631974,0.9997818171052478,4,0.7480680061823802,0.8,0,0,0.09781892674207052,0,0.4929366217453914,explore,0,0.7
647,2026-04-15T23:56:22.389160,0.19613871453093606,0.9997798766111035,4,0.7484567901234568,0.8,0,0,0.09796991345065577,0,0.49253827385150883,explore,0,0.7
648,2026-04-15T23:56:22.389174,0.17824259894831762,0.9997793774289008,4,0.74884437596302,0.8,0,0,0.09702396272070606,0,0.4921401125003913,explore,0,0.7
649,2026-04-15T23:56:22.389187,0.17388609345984396,0.9997755259367093,4,0.7492307692307693,0.8,0,0,0.09687854275397564,0,0.49174214764605195,explore,0,0.7
650,2026-04-15T23:56:22.389201,0.1827557912077874,0.9997681856524889,4,0.7496159754224271,0.8,0,0,0.09703451026980464,0,0.49134438923759133,explore,0,0.7
651,2026-04-15T23:56:22.389214,0.1715840923387139,0.9997830283231532,4,0.75,0.8,0,0,0.09800419620743564,0,0.490946847218949,explore,0,0.7
652,2026-04-15T23:56:22.389227,0.17663904415678794,0.9997870284414303,4,0.7503828483920367,0.8,0,0,0.09803821463084969,0,0.49054953152865455,explore,0,0.7
653,2026-04-15T23:56:22.389240,0.17397405425089268,0.9998159866890468,4,0.7507645259938838,0.8,0,0,0.0980783009962497,0,0.4901524520995798,explore,0,0.7
654,2026-04-15T23:56:22.389262,0.19119479345381749,0.9997986593542896,4,0.751145038167939,0.8,0,0,0.09692515208751776,0,0.4897556188586896,explore,0,0.7
655,2026-04-15T23:56:22.389276,0.18223340431369278,0.9997919034169709,4,0.7515243902439024,0.8,0,0,0.09753655372124714,0,0.48935904172679445,explore,0,0.7
656,2026-04-15T23:56:22.389289,0.1826769292423852,0.9998144803899759,4,0.7519025875190258,0.8,0,0,0.09732279469487382,0,0.4889627306183018,explore,0,0.7
657,2026-04-15T23:56:22.389303,0.1733864227420491,0.9998043648833868,4,0.7522796352583586,0.8,0,0,0.09800291505975321,0,0.4885666954409689,explore,0,0.7
658,2026-04-15T23:56:22.389316,0.19132362764613556,0.9997915456261793,4,0.7526555386949925,0.8,0,0,0.09731164983858442,0,0.48817094609565453,explore,0,0.7
659,2026-04-15T23:56:22.389329,0.1870530590656561,0.9997859392972277,4,0.753030303030303,0.8,0,0,0.09630546463466252,0,0.4877754924760716,explore,0,0.7
660,2026-04-15T23:56:22.389342,0.1740918740401129,0.999787769644214,4,0.7534039334341907,0.8,0,0,0.09779094806169655,0,0.4873803444685401,explore,0,0.7
661,2026-04-15T23:56:22.389355,0.1850982422362075,0.9997834074063916,4,0.7537764350453172,0.8,0,0,0.09808101464206455,0,0.4869855119517396,explore,0,0.7
662,2026-04-15T23:56:22.389369,0.17719365096929499,0.9997776627202475,4,0.7541478129713424,0.8,0,0,0.09749935969347215,0,0.48659100479646256,explore,0,0.7
663,2026-04-15T23:56:22.389382,0.17610268942802693,0.9997791471859727,4,0.7545180722891566,0.8,0,0,0.09784852577214714,0,0.48619683286536713,explore,0,0.7
664,2026-04-15T23:56:22.389395,0.1845808314944775,0.9997839274485629,4,0.7548872180451128,0.8,0,0,0.09766490278315434,0,0.48580300601273113,explore,0,0.7
665,2026-04-15T23:56:22.389408,0.17613876762620478,0.9997926612551696,4,0.7552552552552553,0.8,0,0,0.09797194314575923,0,0.48540953408420545,explore,0,0.7
666,2026-04-15T23:56:22.389422,0.18211083383973337,0.99979883869384,4,0.7556221889055472,0.8,0,0,0.0974482568342972,0,0.48501642691656777,explore,0,0.7
667,2026-04-15T23:56:22.389435,0.18432942473928324,0.9998075452723916,4,0.7559880239520959,0.8,0,0,0.09745618319649452,0,0.4846236943374767,explore,0,0.7
668,2026-04-15T23:56:22.389448,0.16979203906048135,0.9997853196395851,4,0.7563527653213752,0.8,0,0,0.0973003116902466,0,0.4842313461652264,explore,0,0.7
669,2026-04-15T23:56:22.389461,0.177046695892206,0.9997914901850338,4,0.7567164179104477,0.8,0,0,0.09714166948083088,0,0.48383939220850064,explore,0,0.7
670,2026-04-15T23:56:22.389475,0.16740663562910474,0.9997965278598251,4,0.7570789865871833,0.8,0,0,0.09705859531489765,0,0.483447842266128,explore,0,0.7
671,2026-04-15T23:56:22.389488,0.17951266930127405,0.999792788781149,4,0.7574404761904762,0.8,0,0,0.09800601050964595,0,0.48305670612683665,explore,0,0.7
672,2026-04-15T23:56:22.389502,0.17505744242111468,0.9998018985440706,4,0.7578008915304606,0.8,0,0,0.09815919222469319,0,0.48266599356900963,explore,0,0.7
673,2026-04-15T23:56:22.389515,0.17391357783423317,0.9998046031912753,4,0.7581602373887241,0.8,0,0,0.0978410391695165,0,0.48227571436044053,explore,0,0.7
674,2026-04-15T23:56:22.389531,0.17697988458470865,0.9998263030318713,4,0.7585185185185185,0.8,0,0,0.097433598335233,0,0.4818858782580894,explore,0,0.7
675,2026-04-15T23:56:22.389545,0.18508073321468085,0.9998255819639715,4,0.7588757396449705,0.8,0,0,0.0973080645448878,0,0.48149649500783825,explore,0,0.7
676,2026-04-15T23:56:22.389559,0.17443371387603437,0.9998470922198525,4,0.7592319054652881,0.8,0,0,0.09703649379199884,0,0.4811075743442482,explore,0,0.7
677,2026-04-15T23:56:22.389572,0.170461690199343,0.9998638493107511,4,0.7595870206489675,0.8,0,0,0.09822923220172358,0,0.48071912599031563,explore,0,0.7
678,2026-04-15T23:56:22.389585,0.17689813442948116,0.9998767256558339,4,0.759941089837997,0.8,0,0,0.09721247244965384,0,0.48033115965722906,explore,0,0.7
679,2026-04-15T23:56:22.389599,0.17845204053305166,0.9998655019220432,4,0.7602941176470588,0.8,0,0,0.09737811482746982,0,0.4799436850441266,explore,0,0.7
680,2026-04-15T23:56:22.389612,0.1742115158508139,0.9998663972713363,4,0.7606461086637298,0.8,0,0,0.09810464116384465,0,0.4795567118378535,explore,0,0.7
681,2026-04-15T23:56:22.389625,0.1732017410137948,0.9998591992058061,4,0.7609970674486803,0.8,0,0,0.0976144192529786,0,0.47917024971271965,explore,0,0.7
682,2026-04-15T23:56:22.389638,0.17943428125593633,0.9998560975050718,4,0.7613469985358712,0.8,0,0,0.0975957117234329,0,0.47878430833025815,explore,0,0.7
683,2026-04-15T23:56:22.389652,0.18295768882381594,0.9998449145574392,4,0.7616959064327485,0.8,0,0,0.09716324878084986,0,0.4783988973389834,explore,0,0.7
684,2026-04-15T23:56:22.389665,0.18365962572186464,0.999840129971665,4,0.762043795620438,0.8,0,0,0.09815555845031179,0,0.4780140263741501,explore,0,0.7
685,2026-04-15T23:56:22.389678,0.1716239484647193,0.9998388902274439,4,0.7623906705539358,0.8,0,0,0.09743538992835499,0,0.4776297050575123,explore,0,0.7
686,2026-04-15T23:56:22.389691,0.17364663576883266,0.9998376098156673,4,0.7627365356622998,0.8,0,0,0.09826222066735912,0,0.477245942997083,explore,0,0.7
687,2026-04-15T23:56:22.389713,0.17389989050513296,0.9998364929602063,4,0.7630813953488372,0.8,0,0,0.09737274780010528,0,0.47686274978689364,explore,0,0.7
688,2026-04-15T23:56:22.389728,0.18166093806702754,0.9998518054507576,4,0.7634252539912917,0.8,0,0,0.09633972424980163,0,0.47648013500675457,explore,0,0.7
689,2026-04-15T23:56:22.389741,0.18054160820752393,0.9998603169118221,4,0.763768115942029,0.8,0,0,0.09784923589042299,0,0.4760981082220153,explore,0,0.7
690,2026-04-15T23:56:22.389754,0.17620364486544807,0.9998635363695362,4,0.76410998552822,0.8,0,0,0.09744871511179282,0,0.47571667898332565,explore,0,0.7
691,2026-04-15T23:56:22.389768,0.17131963162607994,0.9998627962764979,4,0.7644508670520231,0.8,0,0,0.09772227548886328,0,0.4753358568263966,explore,0,0.7
692,2026-04-15T23:56:22.389781,0.17349978109186162,0.999861495124499,4,0.7647907647907648,0.8,0,0,0.0981600147829738,0,0.47495565127176237,explore,0,0.7
693,2026-04-15T23:56:22.389794,0.17161475496382775,0.9998597390056386,4,0.7651296829971181,0.8,0,0,0.09783112876167827,0,0.4745760718245419,explore,0,0.7
694,2026-04-15T23:56:22.389808,0.16956605526514623,0.9998513463048643,4,0.7654676258992805,0.8,0,0,0.09791662559542642,0,0.47419712797420166,explore,0,0.7
695,2026-04-15T23:56:22.389821,0.15833201692771073,0.9998411583378303,4,0.7658045977011494,0.8,0,0,0.09818616823889023,0,0.4738188291943182,explore,0,0.7
696,2026-04-15T23:56:22.389834,0.17242333185883363,0.9998411989505699,4,0.7661406025824964,0.8,0,0,0.0975017450544329,0,0.4734411849423413,explore,0,0.7
697,2026-04-15T23:56:22.389863,0.16580037721166793,0.9998466590178761,4,0.7664756446991404,0.8,0,0,0.09829458934467507,0,0.4730642046593575,explore,0,0.7
698,2026-04-15T23:56:22.389878,0.16169151873860804,0.9998414411770878,4,0.7668097281831188,0.8,0,0,0.09764423789498859,0,0.4726878977698543,explore,0,0.7
699,2026-04-15T23:56:22.389891,0.15907956183910682,0.9998523161010083,4,0.7671428571428571,0.8,0,0,0.09765667246441943,0,0.47231227368148443,explore,0,0.7
700,2026-04-15T23:56:22.389905,0.1775906286945301,0.9990459901845531,4,0.7660485021398002,0.8,0,0,0.08756521554963377,0,0.47193734178483043,exploit,1,0.5
701,2026-04-15T23:56:22.389918,0.1716711491050252,0.9984446538774879,4,0.7649572649572649,0.8,0,0,0.08594227522657255,0,0.4715631114531702,exploit,1,0.5
702,2026-04-15T23:56:22.389932,0.16836756082428134,0.997879883568067,4,0.7638691322901849,0.8,0,0,0.08671329997354571,0,0.47118959204224253,exploit,1,0.5
703,2026-04-15T23:56:22.389945,0.1760814574788206,0.9972130416930796,4,0.7627840909090909,0.8,0,0,0.08547758521803504,0,0.47081679289001327,exploit,1,0.5
704,2026-04-15T23:56:22.389959,0.17150836164297767,0.9966001972248864,4,0.7617021276595745,0.8,0,0,0.08630478954061141,0,0.4704447233164418,exploit,1,0.5
705,2026-04-15T23:56:22.389972,0.17865982223895965,0.9961385774715955,4,0.7606232294617564,0.8,0,0,0.08621546016413267,0,0.47007339262324815,exploit,1,0.5
706,2026-04-15T23:56:22.389986,0.1724672984052521,0.9957398919396302,4,0.7595473833097596,0.8,0,0,0.08644522288626405,0,0.46970281009368015,exploit,1,0.5
707,2026-04-15T23:56:22.389999,0.16081223449809018,0.9953974309776781,4,0.7584745762711864,0.8,0,0,0.08626586444955642,0,0.4693329849922819,exploit,1,0.5
708,2026-04-15T23:56:22.390012,0.161650122347891,0.9953923832889968,4,0.7574047954866009,0.8,0,0,0.08611718641052563,0,0.46896392656466157,exploit,1,0.5
709,2026-04-15T23:56:22.390029,0.1745236021702129,0.9952439795604591,4,0.7563380281690141,0.8,0,0,0.08640440208455998,0,0.4685956440372607,exploit,1,0.5
710,2026-04-15T23:56:22.390043,0.1732180484568595,0.9952329987909083,4,0.7552742616033755,0.8,0,0,0.087020223858156,0,0.4682281466171232,exploit,1,0.5
711,2026-04-15T23:56:22.390056,0.1762902654476069,0.9952892225491035,4,0.7542134831460674,0.8,0,0,0.08623775434421893,0,0.4678614434916655,exploit,1,0.5
712,2026-04-15T23:56:22.390070,0.16778323145955215,0.9955339166841505,4,0.7531556802244039,0.8,0,0,0.08679442846668745,0,0.46749554382844666,exploit,1,0.5
713,2026-04-15T23:56:22.390083,0.1794063814532103,0.9958651356435637,4,0.7521008403361344,0.8,0,0,0.08690584095641532,0,0.46713045677493914,exploit,1,0.5
714,2026-04-15T23:56:22.390097,0.17297404283589907,0.9962826487187837,4,0.7510489510489511,0.8,0,0,0.08659587335555813,0,0.4667661914583003,exploit,1,0.5
715,2026-04-15T23:56:22.390110,0.17226701628959,0.9967723671498006,4,0.75,0.8,0,0,0.08717629462020106,0,0.4664027569851441,exploit,1,0.5
716,2026-04-15T23:56:22.390123,0.16639533445929314,0.9974434054173423,4,0.7489539748953975,0.8,0,0,0.08775662685502388,0,0.4660401624413134,exploit,1,0.5
717,2026-04-15T23:56:22.390136,0.1774511468195359,0.9980725823859343,4,0.7479108635097493,0.8,0,0,0.08587252668579856,0,0.4656784168916529,exploit,1,0.5
718,2026-04-15T23:56:22.390149,0.17655315571861152,0.9988512290689294,4,0.7468706536856745,0.8,0,0,0.08753140166905077,0,0.4653175293797826,exploit,1,0.5
719,2026-04-15T23:56:22.390163,0.16860943948239082,0.999735396909426,4,0.7458333333333333,0.8,0,0,0.08701737723671042,0,0.46495750892787135,exploit,1,0.5
720,2026-04-15T23:56:22.390178,0.1638488584465697,0.9997301923077019,4,0.7447988904299584,0.8,0,0,0.08711625134117269,0,0.4645983645364118,exploit,1,0.5
721,2026-04-15T23:56:22.390192,0.17001163806303035,0.9997336727606931,4,0.7451523545706371,0.8,0,0,0.08571538071045977,0,0.464240105183995,exploit,1,0.5
722,2026-04-15T23:56:22.390205,0.16396731049430024,0.9997485324687486,4,0.7455048409405256,0.8,0,0,0.08695463256545621,0,0.46388273982708617,exploit,1,0.5
723,2026-04-15T23:56:22.390218,0.17885088034273006,0.9997528447982675,4,0.7458563535911602,0.8,0,0,0.08663214257863881,0,0.46352627739980046,exploit,1,0.5
724,2026-04-15T23:56:22.390232,0.17204404056822,0.9997560699987333,4,0.7462068965517241,0.8,0,0,0.08671788999128105,0,0.46317072681368016,exploit,1,0.5
725,2026-04-15T23:56:22.390245,0.1645165382503196,0.9998068159171823,4,0.7465564738292011,0.8,0,0,0.08633693864225883,0,0.4628160969574713,exploit,1,0.5
726,2026-04-15T23:56:22.390265,0.17401665077262038,0.9998002947170294,4,0.7469050894085282,0.8,0,0,0.08638247646029622,0,0.4624623966969018,exploit,1,0.5
727,2026-04-15T23:56:22.390279,0.17486597500204554,0.9997686105761585,4,0.7472527472527473,0.8,0,0,0.08544071501415886,0,0.46210963487445983,exploit,1,0.5
728,2026-04-15T23:56:22.390293,0.1621168207861634,0.9997619138340421,4,0.747599451303155,0.8,0,0,0.08559421369190463,0,0.46175782030917256,exploit,1,0.5
729,2026-04-15T23:56:22.390306,0.179348294007115,0.9997623345939182,4,0.7479452054794521,0.8,0,0,0.0873803595211159,0,0.4614069617963858,exploit,1,0.5
730,2026-04-15T23:56:22.390319,0.17124719541656466,0.999750630912722,4,0.7482900136798906,0.8,0,0,0.08787386575855168,0,0.46105706810754404,exploit,1,0.5
731,2026-04-15T23:56:22.390333,0.17036938266270152,0.9997567052644725,4,0.7486338797814208,0.8,0,0,0.08641043698141768,0,0.4607081479899713,exploit,1,0.5
732,2026-04-15T23:56:22.390346,0.1782653257251686,0.9997589650518395,4,0.7489768076398363,0.8,0,0,0.0864077016470467,0,0.4603602101666524,exploit,1,0.5
733,2026-04-15T23:56:22.390359,0.1805004051936962,0.999756118743003,4,0.7493188010899182,0.8,0,0,0.08597992272403893,0,0.4600132633360148,exploit,1,0.5
734,2026-04-15T23:56:22.390372,0.18185114016753534,0.9997652597608766,4,0.7496598639455783,0.8,0,0,0.08705982304774837,0,0.4596673161717111,exploit,1,0.5
735,2026-04-15T23:56:22.390386,0.16625178000152377,0.999771953991064,4,0.75,0.8,0,0,0.08635422438602314,0,0.45932237732240244,exploit,1,0.5
736,2026-04-15T23:56:22.390399,0.16971029524254766,0.9997786852680265,4,0.7503392130257802,0.8,0,0,0.08640219671990326,0,0.4589784554115421,exploit,1,0.5
737,2026-04-15T23:56:22.390412,0.16562030306012848,0.9998144283780326,4,0.7506775067750677,0.8,0,0,0.08706661504091306,0,0.45863555903715997,exploit,1,0.5
738,2026-04-15T23:56:22.390426,0.1701437023344669,0.9998144725058118,4,0.7510148849797023,0.8,0,0,0.08603387068331839,0,0.4582936967716475,exploit,1,0.5
739,2026-04-15T23:56:22.390439,0.15595729002356284,0.9998186071507171,4,0.7513513513513513,0.8,0,0,0.08786431986763704,0,0.4579528771615435,exploit,1,0.5
740,2026-04-15T23:56:22.390452,0.17309771934782364,0.9998172886257481,4,0.7516869095816464,0.8,0,0,0.08636681446026857,0,0.45761310872732053,exploit,1,0.5
741,2026-04-15T23:56:22.390466,0.16123425765309873,0.9998248599007391,4,0.7520215633423181,0.8,0,0,0.08591595262642453,0,0.45727439996317176,exploit,1,0.5
742,2026-04-15T23:56:22.390479,0.16046568806970207,0.9998232256032493,4,0.7523553162853297,0.8,0,0,0.08583745012664823,0,0.4569367593367986,exploit,1,0.5
743,2026-04-15T23:56:22.390493,0.16285835485893552,0.9998355660752936,4,0.7526881720430108,0.8,0,0,0.08593488362212559,0,0.45660019528919915,exploit,1,0.5
744,2026-04-15T23:56:22.390506,0.17839196793871265,0.999795949701228,4,0.7530201342281879,0.8,0,0,0.08541086716989826,0,0.456264716234457,exploit,1,0.5
745,2026-04-15T23:56:22.390522,0.17234257401336112,0.9998053361377239,4,0.7533512064343163,0.8,0,0,0.08687241041179478,0,0.4559303305595312,exploit,1,0.5
746,2026-04-15T23:56:22.390536,0.16107837471965913,0.9998170524920134,4,0.7536813922356091,0.8,0,0,0.08557424352367136,0,0.4555970466240461,exploit,1,0.5
747,2026-04-15T23:56:22.390550,0.16449051632032763,0.9998442399855492,4,0.7540106951871658,0.8,0,0,0.08649953861763558,0,0.45526487276008276,exploit,1,0.5
748,2026-04-15T23:56:22.390563,0.16503425085855888,0.9998607177274256,4,0.7543391188251002,0.8,0,0,0.08628378805307045,0,0.4549338172719704,exploit,1,0.5
749,2026-04-15T23:56:22.390577,0.1761606489948947,0.9998622469599712,4,0.7546666666666667,0.8,0,0,0.08733617749408977,0,0.4546038884360791,exploit,1,0.5
750,2026-04-15T23:56:22.390602,0.16943994539628593,0.9998717301923425,4,0.7549933422103862,0.8,0,0,0.0863581381605171,0,0.4542750945006125,exploit,1,0.5
751,2026-04-15T23:56:22.390617,0.17274930840957103,0.9998648951359848,4,0.7553191489361702,0.8,0,0,0.08699443325089551,0,0.4539474436854019,exploit,1,0.5
752,2026-04-15T23:56:22.390631,0.15714508879373118,0.9998614611183697,4,0.7556440903054449,0.8,0,0,0.08708736717047588,0,0.45362094418170057,exploit,1,0.5
753,2026-04-15T23:56:22.390645,0.16510469387653726,0.9998629834509272,4,0.7559681697612732,0.8,0,0,0.08676538918724194,0,0.4532956041519791,exploit,1,0.5
754,2026-04-15T23:56:22.390658,0.17314217795846443,0.9998528164341358,4,0.7562913907284768,0.8,0,0,0.08685828678526658,0,0.4529714317297214,exploit,1,0.5
755,2026-04-15T23:56:22.390672,0.1849874377452971,0.9998613597987435,4,0.7566137566137566,0.8,0,0,0.08635441895913358,0,0.452648435019221,exploit,1,0.5
756,2026-04-15T23:56:22.390685,0.1578073731784056,0.9998617055703101,4,0.7569352708058125,0.8,0,0,0.08652345550289538,0,0.4523266220953789,exploit,1,0.5
757,2026-04-15T23:56:22.390703,0.16508724181677795,0.9998483912213513,4,0.7572559366754618,0.8,0,0,0.08605800471682763,0,0.4520060010035014,exploit,1,0.5
758,2026-04-15T23:56:22.390717,0.15536908228118274,0.9998173057482838,4,0.7575757575757576,0.8,0,0,0.08564444836082453,0,0.45168657975909915,exploit,1,0.5
759,2026-04-15T23:56:22.390731,0.16966675747000326,0.9998124214661135,4,0.7578947368421053,0.8,0,0,0.08731883580700846,0,0.4513683663476866,exploit,1,0.5
760,2026-04-15T23:56:22.390744,0.16091924005985747,0.9998095732442274,4,0.7582128777923784,0.8,0,0,0.08677335539178792,0,0.45105136872458246,exploit,1,0.5
761,2026-04-15T23:56:22.390758,0.1624632652809969,0.9998058883537582,4,0.7585301837270341,0.8,0,0,0.08524561750009879,0,0.4507355948147108,exploit,1,0.5
762,2026-04-15T23:56:22.390771,0.17288378380807778,0.9998107178962704,4,0.7588466579292268,0.8,0,0,0.08641109075094489,0,0.45042105251240294,exploit,1,0.5
763,2026-04-15T23:56:22.390785,0.16278297773328865,0.9998129249474772,4,0.7591623036649214,0.8,0,0,0.08586166486986542,0,0.45010774968120004,exploit,1,0.5
764,2026-04-15T23:56:22.390798,0.16815683343259008,0.9998412789192883,4,0.7594771241830065,0.8,0,0,0.08747811758909468,0,0.4497956941536565,exploit,1,0.5
765,2026-04-15T23:56:22.390812,0.17384952372095186,0.9998345278994254,4,0.7597911227154047,0.8,0,0,0.08677291771773235,0,0.44948489373114436,exploit,1,0.5
766,2026-04-15T23:56:22.390825,0.1651939596664309,0.9998371738381703,4,0.7601043024771839,0.8,0,0,0.08704570712028481,0,0.44917535618365795,exploit,1,0.5
767,2026-04-15T23:56:22.390838,0.16949576880365708,0.9998339550110787,4,0.7604166666666666,0.8,0,0,0.08660561343858773,0,0.4488670892496198,exploit,1,0.5
768,2026-04-15T23:56:22.390852,0.17225056750583512,0.9998400039154418,4,0.7607282184655396,0.8,0,0,0.0870479746849756,0,0.4485601006356873,exploit,1,0.5
769,2026-04-15T23:56:22.390865,0.16245838297727763,0.9998396041364177,4,0.7610389610389611,0.8,0,0,0.08639212605717173,0,0.4482543980165597,exploit,1,0.5
770,2026-04-15T23:56:22.390879,0.16319347667377634,0.9998316953151595,4,0.7613488975356679,0.8,0,0,0.08590560499640706,0,0.4479499890347866,exploit,1,0.5
771,2026-04-15T23:56:22.390892,0.1632622372401967,0.9998397102031593,4,0.7616580310880829,0.8,0,0,0.08639812491556696,0,0.4476468813005767,exploit,1,0.5
772,2026-04-15T23:56:22.390905,0.16533721048485647,0.9998273795834716,4,0.7619663648124192,0.8,0,0,0.08583762213054742,0,0.44734508239160764,exploit,1,0.5
773,2026-04-15T23:56:22.390919,0.16711102594344324,0.9998266760986191,4,0.7622739018087855,0.8,0,0,0.08641232627984122,0,0.44704459985283623,exploit,1,0.5
774,2026-04-15T23:56:22.390932,0.16758134141492403,0.999840323510043,4,0.7625806451612903,0.8,0,0,0.08687348646732165,0,0.44674544119631043,exploit,1,0.5
775,2026-04-15T23:56:22.390946,0.15548794920373316,0.9998320953368819,4,0.7628865979381443,0.8,0,0,0.08626569591535843,0,0.4464476139009811,exploit,1,0.5
776,2026-04-15T23:56:22.390959,0.16315886457776074,0.9998120757245718,4,0.7631917631917632,0.8,0,0,0.08604472590302024,0,0.44615112541251506,exploit,1,0.5
777,2026-04-15T23:56:22.390973,0.17609746022835954,0.9998213824437304,4,0.7634961439588689,0.8,0,0,0.08709294042466198,0,0.44585598314310904,exploit,1,0.5
778,2026-04-15T23:56:22.390986,0.15900050449363046,0.9998622177250251,4,0.7637997432605905,0.8,0,0,0.08599231736189546,0,0.44556219447130446,exploit,1,0.5
779,2026-04-15T23:56:22.391000,0.15849518218311703,0.9998620803918382,4,0.764102564102564,0.8,0,0,0.08625523932233722,0,0.44526976674180285,exploit,1,0.5
780,2026-04-15T23:56:22.391013,0.17611795282817924,0.9998666076901233,4,0.764404609475032,0.8,0,0,0.08592098148211495,0,0.4449787072652821,exploit,1,0.5
781,2026-04-15T23:56:22.391030,0.15892502269384307,0.999864491217241,4,0.7647058823529411,0.8,0,0,0.08708912427040094,0,0.444689023318214,exploit,1,0.5
782,2026-04-15T23:56:22.391044,0.16811761622564497,0.9998595839833391,4,0.7650063856960408,0.8,0,0,0.08656651426249812,0,0.4444007221426822,exploit,1,0.5
783,2026-04-15T23:56:22.391057,0.16859469108242087,0.9998514698387174,4,0.7653061224489796,0.8,0,0,0.08715658300260427,0,0.4441138109462011,exploit,1,0.5
784,2026-04-15T23:56:22.391071,0.16351569795478735,0.9998498755009042,4,0.7656050955414013,0.8,0,0,0.0861639588339508,0,0.4438282969015356,exploit,1,0.5
785,2026-04-15T23:56:22.391084,0.16339429928437593,0.9998270532549725,4,0.7659033078880407,0.8,0,0,0.0872583797973363,0,0.44354418714652183,exploit,1,0.5
786,2026-04-15T23:56:22.391097,0.1583897090060083,0.9998026064610712,4,0.7662007623888183,0.8,0,0,0.0860749894989833,0,0.4432614887838891,exploit,1,0.5
787,2026-04-15T23:56:22.391111,0.15770761498257482,0.999808155117512,4,0.766497461928934,0.8,0,0,0.08646311433422083,0,0.44298020888108164,exploit,1,0.5
788,2026-04-15T23:56:22.391124,0.1683533311851756,0.9998107005066965,4,0.7667934093789607,0.8,0,0,0.08676070432880735,0,0.4427003544700823,exploit,1,0.5
789,2026-04-15T23:56:22.391137,0.1692571870618541,0.9997978130585949,4,0.7670886075949367,0.8,0,0,0.08569343182691357,0,0.44242193254723694,exploit,1,0.5
790,2026-04-15T23:56:22.391150,0.1597517766146637,0.9998036788989761,4,0.7673830594184576,0.8,0,0,0.08574060447708476,0,0.442144950073079,exploit,1,0.5
791,2026-04-15T23:56:22.391164,0.166632057460903,0.9998088144194944,4,0.7676767676767676,0.8,0,0,0.08729162178737343,0,0.441869413972156,exploit,1,0.5
792,2026-04-15T23:56:22.391177,0.1556585304562357,0.9998087357289754,4,0.7679697351828499,0.8,0,0,0.08585915948510586,0,0.44159533113285604,exploit,1,0.5
793,2026-04-15T23:56:22.391190,0.16004156457202953,0.9998058340619184,4,0.7682619647355163,0.8,0,0,0.08682164635496888,0,0.4413227084072358,exploit,1,0.5
794,2026-04-15T23:56:22.391204,0.1554390461307203,0.999800670313886,4,0.7685534591194969,0.8,0,0,0.08692175208319053,0,0.44105155261084933,exploit,1,0.5
795,2026-04-15T23:56:22.391217,0.16334305392996362,0.9997920850098034,4,0.7688442211055276,0.8,0,0,0.08657578477817825,0,0.44078187052257733,exploit,1,0.5
796,2026-04-15T23:56:22.391230,0.17285568268498613,0.9998106915262314,4,0.7691342534504392,0.8,0,0,0.08631329958215928,0,0.44051366888445803,exploit,1,0.5
797,2026-04-15T23:56:22.391244,0.1660684328024825,0.9998141667189531,4,0.7694235588972431,0.8,0,0,0.08630797075453414,0,0.44024695440151834,exploit,1,0.5
798,2026-04-15T23:56:22.391264,0.16884838803274443,0.9998086402076599,4,0.769712140175219,0.8,0,0,0.08642708302487495,0,0.4399817337416065,exploit,1,0.5
799,2026-04-15T23:56:22.391278,0.17078005498634322,0.9998075628855483,4,0.77,0.8,0,0,0.08642880425425095,0,0.4397180135352251,exploit,1,0.5
800,2026-04-15T23:56:22.391291,0.16694717246335278,0.9989727303969652,4,0.7690387016229713,0.8,0,0,0.09780381626419783,0,0.43945580037536575,explore,0,0.7
801,2026-04-15T23:56:22.391304,0.16460305047250018,0.9980779693806144,4,0.7680798004987531,0.8,0,0,0.09716043639414312,0,0.4391951008173436,explore,0,0.7
802,2026-04-15T23:56:22.391329,0.16690478142031634,0.9974162461403474,4,0.7671232876712328,0.8,0,0,0.09696133188094677,0,0.43893592137863413,explore,0,0.7
803,2026-04-15T23:56:22.391343,0.16194381395723068,0.9968796645527689,4,0.7661691542288557,0.8,0,0,0.09701755893296334,0,0.4386782685387097,explore,0,0.7
804,2026-04-15T23:56:22.391357,0.15798836603798552,0.9962834787923752,4,0.7652173913043478,0.8,0,0,0.0984385280383466,0,0.438422148738878,explore,0,0.7
805,2026-04-15T23:56:22.391370,0.17054571861081363,0.9959489864259502,4,0.7642679900744417,0.8,0,0,0.09766713535161298,0,0.43816756838212073,explore,0,0.7
806,2026-04-15T23:56:22.391384,0.1665719663122066,0.9956886167565274,4,0.7633209417596035,0.8,0,0,0.09843079944914061,0,0.4379145338329334,explore,0,0.7
807,2026-04-15T23:56:22.391397,0.16149822847834996,0.9953279357037295,4,0.7623762376237624,0.8,0,0,0.09687169728394657,0,0.43766305141716666,explore,0,0.7
808,2026-04-15T23:56:22.391410,0.1729048334918855,0.9952157986328205,4,0.761433868974042,0.8,0,0,0.09789923946974435,0,0.4374131274218678,explore,0,0.7
809,2026-04-15T23:56:22.391423,0.16024617067779728,0.9952821492585054,4,0.7604938271604939,0.8,0,0,0.09673075169438206,0,0.4371647680951236,explore,0,0.7
810,2026-04-15T23:56:22.391437,0.16337754702696491,0.9953255811812273,4,0.7595561035758323,0.8,0,0,0.09712198071878515,0,0.4369179796459044,explore,0,0.7
811,2026-04-15T23:56:22.391450,0.15343951294210867,0.9954630143066394,4,0.7586206896551724,0.8,0,0,0.09743249161842454,0,0.4366727682439085,explore,0,0.7
812,2026-04-15T23:56:22.391464,0.1718955505455192,0.9958048262729114,4,0.7576875768757687,0.8,0,0,0.09760860558079974,0,0.4364291400194082,explore,0,0.7
813,2026-04-15T23:56:22.391477,0.17656084330066443,0.9962941069920087,4,0.7567567567567568,0.8,0,0,0.09751522545232158,0,0.43618710106309644,explore,0,0.7
814,2026-04-15T23:56:22.391490,0.16049696398269342,0.9966985798070136,4,0.7558282208588957,0.8,0,0,0.09701253795367269,0,0.4359466574259346,explore,0,0.7
815,2026-04-15T23:56:22.391504,0.16504951465359108,0.9971515979848643,4,0.7549019607843137,0.8,0,0,0.09827307707638103,0,0.4357078151190009,explore,0,0.7
816,2026-04-15T23:56:22.391517,0.15685430234257786,0.9976800738671227,4,0.7539779681762546,0.8,0,0,0.09676190236355056,0,0.4354705801133407,explore,0,0.7
817,2026-04-15T23:56:22.391534,0.16041920863256337,0.9982723314881496,4,0.7530562347188264,0.8,0,0,0.09784138254291247,0,0.43523495833981685,explore,0,0.7
818,2026-04-15T23:56:22.391548,0.16364716712035327,0.9990413384715372,4,0.7521367521367521,0.8,0,0,0.09723495846764646,0,0.43500095568896124,explore,0,0.7
819,2026-04-15T23:56:22.391562,0.16783584890709238,0.9998039335982324,4,0.751219512195122,0.8,0,0,0.09790964660975565,0,0.4347685780108281,explore,0,0.7
820,2026-04-15T23:56:22.391575,0.16170467522036086,0.9998042513770704,4,0.7515225334957369,0.8,0,0,0.09785819929987244,0,0.4345378311148472,explore,0,0.7
821,2026-04-15T23:56:22.391589,0.17000536220555465,0.9998122433178913,4,0.7518248175182481,0.8,0,0,0.09782548646354142,0,0.43430872076967886,explore,0,0.7
822,2026-04-15T23:56:22.391602,0.16853418199690692,0.9997912083013056,4,0.7521263669501823,0.8,0,0,0.09771125907466438,0,0.43408125270306996,explore,0,0.7
823,2026-04-15T23:56:22.391616,0.16064814515544382,0.9997905129822352,4,0.7524271844660194,0.8,0,0,0.09781818353466698,0,0.43385543260171017,explore,0,0.7
824,2026-04-15T23:56:22.391629,0.16401748205328318,0.9997945328490874,4,0.7527272727272727,0.8,0,0,0.09745044906056238,0,0.4336312661110903,explore,0,0.7
825,2026-04-15T23:56:22.391643,0.15928889059366258,0.9997794331779664,4,0.7530266343825666,0.8,0,0,0.09793085432924652,0,0.433408758835361,explore,0,0.7
826,2026-04-15T23:56:22.391656,0.16712394102748618,0.9997792827293086,4,0.7533252720677146,0.8,0,0,0.09742098362171803,0,0.4331879163371925,explore,0,0.7
827,2026-04-15T23:56:22.391669,0.16793504451720442,0.9997887470962192,4,0.7536231884057971,0.8,0,0,0.09760685289864247,0,0.4329687441376358,explore,0,0.7
828,2026-04-15T23:56:22.391682,0.1618858314079972,0.9997891699200885,4,0.7539203860072377,0.8,0,0,0.09659983416226446,0,0.43275124771598444,explore,0,0.7
829,2026-04-15T23:56:22.391696,0.15361105363462124,0.9997831802719455,4,0.7542168674698795,0.8,0,0,0.09809417547965975,0,0.4325354325096376,explore,0,0.7
830,2026-04-15T23:56:22.391715,0.16099176305512775,0.9997828109766779,4,0.7545126353790613,0.8,0,0,0.0978504117890633,0,0.4323213039139643,explore,0,0.7
831,2026-04-15T23:56:22.391728,0.16261497050820212,0.9997849430419442,4,0.7548076923076923,0.8,0,0,0.09821939974624834,0,0.4321088672821682,explore,0,0.7
832,2026-04-15T23:56:22.391741,0.16369353576789264,0.9997940660392084,4,0.7551020408163265,0.8,0,0,0.09750909824357447,0,0.43189812792515403,explore,0,0.7
833,2026-04-15T23:56:22.391755,0.1597881568367185,0.9998182309208248,4,0.7553956834532374,0.8,0,0,0.09709442386228521,0,0.4316890911113948,explore,0,0.7
834,2026-04-15T23:56:22.391768,0.16914227485374694,0.9998096950661217,4,0.755688622754491,0.8,0,0,0.0976754824783352,0,0.4314817620667999,explore,0,0.7
835,2026-04-15T23:56:22.391781,0.1611695108382826,0.9998123158757977,4,0.7559808612440191,0.8,0,0,0.09788526756766949,0,0.4312761459745847,explore,0,0.7
836,2026-04-15T23:56:22.391794,0.16441201857622897,0.999836731886834,4,0.7562724014336918,0.8,0,0,0.09727533772236369,0,0.43107224797514077,explore,0,0.7
837,2026-04-15T23:56:22.391808,0.14836501659418228,0.9998346193093306,4,0.7565632458233891,0.8,0,0,0.09746745377481883,0,0.4308700731659074,explore,0,0.7
838,2026-04-15T23:56:22.391821,0.16175373682716543,0.9998407572320966,4,0.7568533969010727,0.8,0,0,0.09701467817599703,0,0.43066962660124447,explore,0,0.7
839,2026-04-15T23:56:22.391834,0.16086764852786228,0.9998325287062693,4,0.7571428571428571,0.8,0,0,0.09688675653008412,0,0.4304709132923055,explore,0,0.7
840,2026-04-15T23:56:22.391848,0.1629095861474652,0.9998235583378581,4,0.7574316290130797,0.8,0,0,0.09723965513780852,0,0.43027393820691295,explore,0,0.7
841,2026-04-15T23:56:22.391861,0.1699221115972988,0.9998236991748026,4,0.7577197149643705,0.8,0,0,0.09747216272545824,0,0.4300787062694337,explore,0,0.7
842,2026-04-15T23:56:22.391874,0.1501851294361139,0.9998353145222727,4,0.7580071174377224,0.8,0,0,0.09718600936839124,0,0.4298852223606559,explore,0,0.7
843,2026-04-15T23:56:22.391887,0.15806119720115858,0.9998274250439186,4,0.7582938388625592,0.8,0,0,0.09718407006627791,0,0.4296934913176673,explore,0,0.7
844,2026-04-15T23:56:22.391900,0.16747502220510072,0.999828389617749,4,0.7585798816568048,0.8,0,0,0.09762434605464404,0,0.429503517933734,explore,0,0.7
845,2026-04-15T23:56:22.391914,0.145070323012335,0.9998404140759586,4,0.7588652482269503,0.8,0,0,0.0967774920082534,0,0.42931530695818065,explore,0,0.7
846,2026-04-15T23:56:22.391927,0.16574639818069276,0.9998303985827053,4,0.7591499409681228,0.8,0,0,0.09744041142796782,0,0.4291288630962718,explore,0,0.7
847,2026-04-15T23:56:22.391940,0.1570477039123951,0.9998278201474093,4,0.7594339622641509,0.8,0,0,0.09737841105960005,0,0.4289441910090944,explore,0,0.7
848,2026-04-15T23:56:22.391953,0.15280005547601228,0.9998132689104477,4,0.7597173144876325,0.8,0,0,0.09667503284064244,0,0.4287612953134409,explore,0,0.7
849,2026-04-15T23:56:22.391967,0.159683478394952,0.9998128106283378,4,0.76,0.8,0,0,0.09775879374760382,0,0.4285801805816943,explore,0,0.7
850,2026-04-15T23:56:22.391984,0.1660372323106461,0.9998049501738399,4,0.7602820211515864,0.8,0,0,0.09739443614021796,0,0.42840085134171335,explore,0,0.7
851,2026-04-15T23:56:22.392004,0.148784143704241,0.9997940865718886,4,0.7605633802816901,0.8,0,0,0.09789310220105643,0,0.4282233120767197,explore,0,0.7
852,2026-04-15T23:56:22.392028,0.15825974596561182,0.9997695525792754,4,0.7608440797186401,0.8,0,0,0.09652829752531311,0,0.4280475672251858,explore,0,0.7
853,2026-04-15T23:56:22.392049,0.15780234056320203,0.999762911936742,4,0.7611241217798594,0.8,0,0,0.09797232870735723,0,0.42787362118072375,explore,0,0.7
854,2026-04-15T23:56:22.392067,0.14557664758275377,0.9997794988739761,4,0.7614035087719299,0.8,0,0,0.09754445731788247,0,0.4277014782919756,explore,0,0.7
855,2026-04-15T23:56:22.392081,0.162331138529671,0.9997792583875679,4,0.7616822429906542,0.8,0,0,0.09766898502435153,0,0.42753114286250454,explore,0,0.7
856,2026-04-15T23:56:22.392107,0.16199246904432557,0.9997782769550804,4,0.7619603267211202,0.8,0,0,0.09764742736540893,0,0.4273626191506876,explore,0,0.7
857,2026-04-15T23:56:22.392121,0.1631226870975775,0.9997662060994086,4,0.7622377622377622,0.8,0,0,0.09761576501145028,0,0.42719591136960866,explore,0,0.7
858,2026-04-15T23:56:22.392135,0.1699344884211842,0.9997680989357947,4,0.7625145518044237,0.8,0,0,0.09762219761207135,0,0.42703102368695356,explore,0,0.7
859,2026-04-15T23:56:22.392148,0.16042764030960613,0.999774624021952,4,0.7627906976744186,0.8,0,0,0.09768105421868692,0,0.4268679602249059,explore,0,0.7
860,2026-04-15T23:56:22.392162,0.15344974262488942,0.999758109187165,4,0.7630662020905923,0.8,0,0,0.09726969337399781,0,0.4267067250600436,explore,0,0.7
861,2026-04-15T23:56:22.392175,0.1553405343294556,0.9997518747349446,4,0.7633410672853829,0.8,0,0,0.09777921030146652,0,0.4265473222232375,explore,0,0.7
862,2026-04-15T23:56:22.392188,0.16280682770661248,0.9997604033725344,4,0.7636152954808807,0.8,0,0,0.09738137778044875,0,0.42638975569955007,explore,0,0.7
863,2026-04-15T23:56:22.392202,0.15453338942219205,0.9997595002498266,4,0.7638888888888888,0.8,0,0,0.09783221045463585,0,0.4262340294281364,explore,0,0.7
864,2026-04-15T23:56:22.392215,0.1607499689099845,0.9997556261693414,4,0.7641618497109827,0.8,0,0,0.09728086526093344,0,0.42608014730214494,explore,0,0.7
865,2026-04-15T23:56:22.392229,0.15645814097803204,0.9997510400467207,4,0.7644341801385681,0.8,0,0,0.09779509526741968,0,0.425928113168621,explore,0,0.7
866,2026-04-15T23:56:22.392242,0.16341495971149428,0.9997388011241403,4,0.7647058823529411,0.8,0,0,0.0969456620326455,0,0.42577793082841,explore,0,0.7
867,2026-04-15T23:56:22.392269,0.1598665657837936,0.9997453046911391,4,0.7649769585253456,0.8,0,0,0.09721654657898995,0,0.4256296040360625,explore,0,0.7
868,2026-04-15T23:56:22.392293,0.1579423292616154,0.9997637613758004,4,0.7652474108170311,0.8,0,0,0.09792102280187731,0,0.42548313649974057,explore,0,0.7
869,2026-04-15T23:56:22.392308,0.1658001020453348,0.9997622094141866,4,0.7655172413793103,0.8,0,0,0.0980604970858225,0,0.42533853188112514,explore,0,0.7
870,2026-04-15T23:56:22.392321,0.15695983614187659,0.9997760377268351,4,0.7657864523536165,0.8,0,0,0.09775206235426546,1,0.4251957937953241,explore,0,0.7
871,2026-04-15T23:56:22.392335,0.15797709572158491,0.9997880300361474,4,0.7660550458715596,0.8,0,0,0.09755240877895133,1,0.425054925810782,explore,0,0.7
872,2026-04-15T23:56:22.392348,0.1662404873795062,0.9997915909615547,4,0.7663230240549829,0.8,0,0,0.09793066270103717,1,0.4249159314491914,explore,0,0.7
873,2026-04-15T23:56:22.392361,0.1550652252711135,0.999793212624436,4,0.7665903890160183,0.8,0,0,0.0969512414950827,1,0.42477881418540386,explore,0,0.7
874,2026-04-15T23:56:22.392375,0.1530626301670188,0.9998069272259231,4,0.7668571428571429,0.8,0,0,0.09736320329344533,1,0.42464357744734393,explore,0,0.7
875,2026-04-15T23:56:22.392388,0.15548345251706552,0.9998022431376049,4,0.7671232876712328,0.8,0,0,0.09709887666941026,1,0.424510224615923,explore,0,0.7
876,2026-04-15T23:56:22.392401,0.1681453126288015,0.9997808108725929,4,0.7673888255416191,0.8,0,0,0.09781990874933683,1,0.4243787590249549,explore,0,0.7
877,2026-04-15T23:56:22.392415,0.16287705467257266,0.9997888778930484,4,0.7676537585421412,0.8,0,0,0.09751263801680561,1,0.42424918396107264,explore,0,0.7
878,2026-04-15T23:56:22.392428,0.15428070197610416,0.9997847165870443,4,0.7679180887372014,0.8,0,0,0.09804298997520225,1,0.42412150266364596,explore,0,0.7
879,2026-04-15T23:56:22.392442,0.15759556107486944,0.999772118257708,4,0.7681818181818182,0.8,0,0,0.09785594651908025,1,0.4239957183247006,explore,0,0.7
880,2026-04-15T23:56:22.392455,0.1558666854954538,0.9997906143774218,4,0.7684449489216799,0.8,0,0,0.09742293599061078,1,0.4238718340888387,explore,0,0.7
881,2026-04-15T23:56:22.392469,0.1538028081202661,0.9998020413310316,4,0.7687074829931972,0.8,0,0,0.0973019895332588,1,0.42374985305315954,explore,0,0.7
882,2026-04-15T23:56:22.392484,0.16023137120397682,0.9997999319443887,4,0.768969422423556,0.8,0,0,0.09783280123020549,1,0.4236297782671827,explore,0,0.7
883,2026-04-15T23:56:22.392498,0.15218910827213958,0.9998006556774266,4,0.7692307692307693,0.8,0,0,0.09728259603346141,1,0.42351161273277155,explore,0,0.7
884,2026-04-15T23:56:22.392511,0.15944267471771922,0.9998006667726893,4,0.7694915254237288,0.8,0,0,0.09784826176355738,1,0.4233953594040583,explore,0,0.7
885,2026-04-15T23:56:22.392529,0.15072938812986497,0.9998149508687827,4,0.7697516930022573,0.8,0,0,0.09739603852204892,1,0.42328102118737015,explore,0,0.7
886,2026-04-15T23:56:22.392542,0.1544613953278258,0.999835727159359,4,0.770011273957159,0.8,0,0,0.09788690606504184,1,0.4231686009411565,explore,0,0.7
887,2026-04-15T23:56:22.392556,0.1613006004115869,0.9998367589678145,4,0.7702702702702703,0.8,0,0,0.09759804007650734,1,0.4230581014759177,explore,0,0.7
888,2026-04-15T23:56:22.392569,0.16157537395093122,0.999836475054861,4,0.7705286839145107,0.8,0,0,0.09737762311101741,1,0.4229495255541347,explore,0,0.7
889,2026-04-15T23:56:22.392582,0.17051542026753172,0.9998397728854167,4,0.7707865168539326,0.8,0,0,0.0977529776489188,1,0.4228428758901997,explore,0,0.7
890,2026-04-15T23:56:22.392596,0.15018227057949188,0.9998414328200383,4,0.7710437710437711,0.8,0,0,0.09735291182281654,1,0.42273815515034885,explore,0,0.7
891,2026-04-15T23:56:22.392609,0.1485346931476062,0.9998268393813315,4,0.7713004484304933,0.8,0,0,0.09753003445776535,1,0.42263536595259527,explore,0,0.7
892,2026-04-15T23:56:22.392622,0.15498160523193058,0.9998229615661025,4,0.7715565509518477,0.8,0,0,0.09718870245247109,1,0.4225345108666634,explore,0,0.7
893,2026-04-15T23:56:22.392636,0.1529497166596821,0.9998185338087884,4,0.7718120805369127,0.8,0,0,0.09760542978848853,1,0.42243559241392525,explore,0,0.7
894,2026-04-15T23:56:22.392649,0.15294631434444309,0.9998155863066666,4,0.7720670391061453,0.8,0,0,0.09807903797623627,1,0.42233861306733694,explore,0,0.7
895,2026-04-15T23:56:22.392663,0.15108325057949445,0.99982337113754,4,0.7723214285714286,0.8,0,0,0.09704890727125962,1,0.422243575251377,explore,0,0.7
896,2026-04-15T23:56:22.392676,0.1383745725350049,0.9998398903836077,4,0.7725752508361204,0.8,0,0,0.09780688799023123,1,0.4221504813419861,explore,0,0.7
897,2026-04-15T23:56:22.392689,0.1559520552174945,0.999850581788289,4,0.7728285077951003,0.8,0,0,0.09696743493823029,1,0.42205933366650694,explore,0,0.7
898,2026-04-15T23:56:22.392707,0.1455809755272065,0.9998540794899151,4,0.7730812013348165,0.8,0,0,0.09725020470577841,1,0.42197013450362664,explore,0,0.7
899,2026-04-15T23:56:22.392721,0.14665927232086218,0.9998688476808741,4,0.7733333333333333,0.8,0,0,0.09761243198569379,1,0.4218828860833198,explore,0,0.7
900,2026-04-15T23:56:22.392735,0.14496198779517921,0.9990954232669437,4,0.7724750277469479,0.8,0,0,0.08627377357536971,1,0.4217975905867922,exploit,1,0.5
901,2026-04-15T23:56:22.392748,0.15692757073862176,0.9984060708936535,4,0.7716186252771619,0.8,0,0,0.08685151512371136,1,0.42171425014642694,exploit,1,0.5
902,2026-04-15T23:56:22.392762,0.1428154425935959,0.9976285452960817,4,0.770764119601329,0.8,0,0,0.08587744916793577,1,0.42163286684573065,exploit,1,0.5
903,2026-04-15T23:56:22.392775,0.1609493513104658,0.9969333062542048,4,0.7699115044247787,0.8,0,0,0.08596528167766584,1,0.4215534427192816,exploit,1,0.5
904,2026-04-15T23:56:22.392788,0.1494871877173608,0.9963583727527136,4,0.7690607734806629,0.8,0,0,0.08637530065734744,1,0.42147597975267875,exploit,1,0.5
905,2026-04-15T23:56:22.392802,0.14755498698343783,0.9957339382859752,4,0.7682119205298014,0.8,0,0,0.08594242895190511,1,0.42140047988249235,exploit,1,0.5
906,2026-04-15T23:56:22.392815,0.14426538309769682,0.9951510012315423,4,0.7673649393605292,0.8,0,0,0.0854672305507651,1,0.42132694499621515,exploit,1,0.5
907,2026-04-15T23:56:22.392828,0.15378572461883067,0.9950041994205263,4,0.7665198237885462,0.8,0,0,0.08628265912649771,1,0.4212553769322155,exploit,1,0.5
908,2026-04-15T23:56:22.392842,0.15308211680119055,0.994918058279205,4,0.7656765676567657,0.8,0,0,0.08611276725435926,1,0.4211857774796912,exploit,1,0.5
909,2026-04-15T23:56:22.392870,0.15181602280653372,0.9950289284336142,4,0.7648351648351648,0.8,0,0,0.08628997724959217,1,0.4211181483786251,exploit,1,0.5
910,2026-04-15T23:56:22.392884,0.15798066630017008,0.9950376844394591,4,0.7639956092206367,0.8,0,0,0.0862399036570901,1,0.4210524913197411,exploit,1,0.5
911,2026-04-15T23:56:22.392898,0.16390671735260104,0.9950422989836963,4,0.7631578947368421,0.8,0,0,0.0851432363965919,1,0.4209888079444622,exploit,1,0.5
912,2026-04-15T23:56:22.392911,0.15542033458411986,0.9953747718760154,4,0.7623220153340635,0.8,0,0,0.0865719681917852,1,0.42092709984486953,exploit,1,0.5
913,2026-04-15T23:56:22.392924,0.15163072612670173,0.9957979740517323,4,0.7614879649890591,0.8,0,0,0.08628342612533135,1,0.4208673685636624,exploit,1,0.5
914,2026-04-15T23:56:22.392938,0.15100941943082946,0.9961847956151407,4,0.760655737704918,0.8,0,0,0.0865943686955208,1,0.42080961559411967,exploit,1,0.5
915,2026-04-15T23:56:22.393024,0.15613300775665886,0.9967240018345662,4,0.759825327510917,0.8,0,0,0.08655746019617042,1,0.42075384238006264,exploit,1,0.5
916,2026-04-15T23:56:22.393046,0.1541259142003411,0.9973153035758103,4,0.7589967284623773,0.8,0,0,0.08649423109759878,1,0.42070005031581864,exploit,1,0.5
917,2026-04-15T23:56:22.393060,0.15231682562115842,0.9979205274289769,4,0.7581699346405228,0.8,0,0,0.08670921818122068,1,0.42064824074618656,exploit,1,0.5
918,2026-04-15T23:56:22.393073,0.1428106073904805,0.9988382309431904,4,0.7573449401523396,0.8,0,0,0.08647160708356123,1,0.42059841496640293,exploit,1,0.5
919,2026-04-15T23:56:22.393087,0.15420123963587967,0.9998085048579946,4,0.7565217391304347,0.8,0,0,0.0866140757771745,1,0.4205505742221097,exploit,1,0.5
920,2026-04-15T23:56:22.393101,0.1521185920913854,0.9998103290277455,4,0.756786102062975,0.8,0,0,0.08694679598630167,1,0.42050471970932285,exploit,1,0.5
921,2026-04-15T23:56:22.393114,0.15107140232714728,0.9998180623580684,4,0.7570498915401301,0.8,0,0,0.08706834703959142,1,0.4204608525744029,exploit,1,0.5
922,2026-04-15T23:56:22.393128,0.14233464966195636,0.9998182115639451,4,0.7573131094257854,0.8,0,0,0.08710837225226543,1,0.42041897391402594,exploit,1,0.5
923,2026-04-15T23:56:22.393141,0.14939508733313422,0.9998177859039175,4,0.7575757575757576,0.8,0,0,0.08635311122987684,1,0.42037908477515634,exploit,1,0.5
924,2026-04-15T23:56:22.393155,0.14456410254437047,0.9997872884078425,4,0.7578378378378379,0.8,0,0,0.08595285689860638,1,0.42034118615502036,exploit,1,0.5
925,2026-04-15T23:56:22.393168,0.14929574530299033,0.9998017495402959,4,0.7580993520518359,0.8,0,0,0.08691988708693137,1,0.42030527900108167,exploit,1,0.5
926,2026-04-15T23:56:22.393182,0.15999586077870848,0.9998374138981984,4,0.7583603020496225,0.8,0,0,0.08629700320836842,1,0.4202713642110172,exploit,1,0.5
927,2026-04-15T23:56:22.393195,0.15495856382805714,0.9998326961979571,4,0.7586206896551724,0.8,0,0,0.08738247187535451,1,0.42023944263269486,exploit,1,0.5
928,2026-04-15T23:56:22.393209,0.14214042889676906,0.9998335310707996,4,0.7588805166846071,0.8,0,0,0.08700439066521602,1,0.42020951506415255,exploit,1,0.5
929,2026-04-15T23:56:22.393222,0.15452474493577392,0.9998306592739855,4,0.7591397849462366,0.8,0,0,0.08632670960578218,1,0.4201815822535779,exploit,1,0.5
930,2026-04-15T23:56:22.393235,0.13748893135472975,0.9998318975142574,4,0.7593984962406015,0.8,0,0,0.08603191520839673,1,0.42015564489928964,exploit,1,0.5
931,2026-04-15T23:56:22.393249,0.14420877012652983,0.9998409760412594,4,0.759656652360515,0.8,0,0,0.08679193520367046,1,0.4201317036497204,exploit,1,0.5
932,2026-04-15T23:56:22.393278,0.15009698487193765,0.9998286366493834,4,0.759914255091104,0.8,0,0,0.08698057694105515,1,0.4201097591034001,exploit,1,0.5
933,2026-04-15T23:56:22.393292,0.1616731792405416,0.9998376750366679,4,0.7601713062098501,0.8,0,0,0.0861408898477972,1,0.4200898118089412,exploit,1,0.5
934,2026-04-15T23:56:22.393305,0.1499800891607111,0.9998353608179603,4,0.760427807486631,0.8,0,0,0.08601932792791778,1,0.4200718622650252,exploit,1,0.5
935,2026-04-15T23:56:22.393319,0.15083470056639459,0.9998486215521796,4,0.7606837606837606,0.8,0,0,0.08625560461786871,1,0.42005591092038963,exploit,1,0.5
936,2026-04-15T23:56:22.393333,0.14498124669067114,0.9998375599504922,4,0.7609391675560299,0.8,0,0,0.08789176780053554,1,0.4200419581738173,exploit,1,0.5
937,2026-04-15T23:56:22.393346,0.1381403741809245,0.9998364950528615,4,0.7611940298507462,0.8,0,0,0.08638303060544891,1,0.4200300043741261,exploit,1,0.5
938,2026-04-15T23:56:22.393359,0.14636342742253208,0.9998409399072682,4,0.7614483493077743,0.8,0,0,0.08643887877879465,1,0.42002004982016045,exploit,1,0.5
939,2026-04-15T23:56:22.393373,0.15533816141955747,0.999841326393323,4,0.7617021276595745,0.8,0,0,0.08661666854207431,1,0.4200120947607837,exploit,1,0.5
940,2026-04-15T23:56:22.393386,0.1467467935842232,0.9998433281535755,4,0.7619553666312433,0.8,0,0,0.08668920032927452,1,0.4200061393948719,exploit,1,0.5
941,2026-04-15T23:56:22.393399,0.15313352144440728,0.99984078498694,4,0.7622080679405521,0.8,0,0,0.08636265322387389,1,0.4200021838713089,exploit,1,0.5
942,2026-04-15T23:56:22.393413,0.15715212387702088,0.9998409799966995,4,0.7624602332979852,0.8,0,0,0.0858562943270827,1,0.42000022828898254,exploit,1,0.5
943,2026-04-15T23:56:22.393426,0.15061883656593927,0.999808587871485,4,0.7627118644067796,0.8,0,0,0.08615116388466769,1,0.4200002726967823,exploit,1,0.5
944,2026-04-15T23:56:22.393439,0.15133288501517916,0.9998467563230219,4,0.762962962962963,0.8,0,0,0.08579992832691936,1,0.42000231709359803,exploit,1,0.5
945,2026-04-15T23:56:22.393453,0.1445235398243171,0.9998468474365273,4,0.7632135306553911,0.8,0,0,0.08552540436807148,1,0.4200063614283199,exploit,1,0.5
946,2026-04-15T23:56:22.393467,0.15598044898896524,0.9998378737617155,4,0.7634635691657867,0.8,0,0,0.08718278169900377,1,0.42001240559983966,exploit,1,0.5
947,2026-04-15T23:56:22.393485,0.15369099099235387,0.9998453963281593,4,0.7637130801687764,0.8,0,0,0.08639193506863214,1,0.4200204494570534,exploit,1,0.5
948,2026-04-15T23:56:22.393510,0.1479114242073582,0.9998302589408835,4,0.7639620653319283,0.8,0,0,0.08575155101842731,1,0.4200304927988652,exploit,1,0.5
949,2026-04-15T23:56:22.393531,0.14761162985933307,0.9998306549746239,4,0.7642105263157895,0.8,0,0,0.08656825211534368,1,0.42004253537419184,exploit,1,0.5
950,2026-04-15T23:56:22.393550,0.1465448789752785,0.9998270826865859,4,0.7644584647739222,0.8,0,0,0.08632083475484857,1,0.42005657688196973,exploit,1,0.5
951,2026-04-15T23:56:22.393563,0.15185745148182925,0.9998286186246833,4,0.7647058823529411,0.8,0,0,0.08586438631405552,1,0.4200726169711619,exploit,1,0.5
952,2026-04-15T23:56:22.393577,0.15731562459224113,0.9998428759767285,4,0.7649527806925498,0.8,0,0,0.08577812264417604,1,0.42009065524076683,exploit,1,0.5
953,2026-04-15T23:56:22.393590,0.14614103993820368,0.9998544285321219,4,0.7651991614255765,0.8,0,0,0.08500866669596496,1,0.42011069123982886,exploit,1,0.5
954,2026-04-15T23:56:22.393604,0.15785873544402104,0.9998612016957702,4,0.7654450261780105,0.8,0,0,0.0864371387896727,1,0.420132724467449,exploit,1,0.5
955,2026-04-15T23:56:22.393617,0.15604524329575978,0.9998462075665915,4,0.7656903765690377,0.8,0,0,0.08667207168622448,1,0.42015675437279765,exploit,1,0.5
956,2026-04-15T23:56:22.393630,0.1441708676669901,0.9998567715880179,4,0.7659352142110762,0.8,0,0,0.08601550208377388,1,0.4201827803551285,exploit,1,0.5
957,2026-04-15T23:56:22.393644,0.15083773464007966,0.9998589786536771,4,0.7661795407098121,0.8,0,0,0.08632656056788782,1,0.4202108017637934,exploit,1,0.5
958,2026-04-15T23:56:22.393658,0.15291350770894438,0.9998490785308864,4,0.7664233576642335,0.8,0,0,0.08627942204610638,1,0.4202408178982584,exploit,1,0.5
959,2026-04-15T23:56:22.393672,0.14793215431431458,0.9998245289132289,4,0.7666666666666667,0.8,0,0,0.08694417409335536,1,0.42027282800812193,exploit,1,0.5
960,2026-04-15T23:56:22.393686,0.14147347716147043,0.9998202154455885,4,0.7669094693028096,0.8,0,0,0.08680945890703365,1,0.42030683129313273,exploit,1,0.5
961,2026-04-15T23:56:22.393734,0.1505548725519012,0.9998237330700716,4,0.7671517671517671,0.8,0,0,0.08610569948620567,1,0.42034282690321056,exploit,1,0.5
962,2026-04-15T23:56:22.393750,0.15451222426176742,0.9998296383105763,4,0.7673935617860852,0.8,0,0,0.08683307161675391,1,0.420380813938467,exploit,1,0.5
963,2026-04-15T23:56:22.393763,0.14969705111999806,0.9998514467892283,4,0.7676348547717843,0.8,0,0,0.08722616485653008,1,0.42042079144922817,exploit,1,0.5
964,2026-04-15T23:56:22.393777,0.14890685334916864,0.999849265451167,4,0.7678756476683938,0.8,0,0,0.08669470238860189,1,0.4204627584360583,exploit,1,0.5
965,2026-04-15T23:56:22.393790,0.1381236536112853,0.9998415455740479,4,0.7681159420289855,0.8,0,0,0.08672671714389855,1,0.420506713849785,exploit,1,0.5
966,2026-04-15T23:56:22.393804,0.13640593582933697,0.9998373216631351,4,0.7683557394002068,0.8,0,0,0.08644245533960858,1,0.4205526565915252,exploit,1,0.5
967,2026-04-15T23:56:22.393817,0.15617366293788695,0.9998363240025195,4,0.768595041322314,0.8,0,0,0.08634062888471547,1,0.4206005855127127,exploit,1,0.5
968,2026-04-15T23:56:22.393831,0.14429566444053135,0.999841560005585,4,0.7688338493292054,0.8,0,0,0.08621350610007875,1,0.420650499415127,exploit,1,0.5
969,2026-04-15T23:56:22.393844,0.15586060250263323,0.999839021309124,4,0.7690721649484537,0.8,0,0,0.08664643565121757,1,0.42070239705092316,exploit,1,0.5
970,2026-04-15T23:56:22.393858,0.1364286541946222,0.9998421824642182,4,0.7693099897013388,0.8,0,0,0.08647651033712539,1,0.42075627712266295,exploit,1,0.5
971,2026-04-15T23:56:22.393871,0.1535207628593389,0.9998360539238959,4,0.7695473251028807,0.8,0,0,0.08721475884137107,1,0.4208121382833474,exploit,1,0.5
972,2026-04-15T23:56:22.393885,0.15827444893542303,0.9998320631923862,4,0.7697841726618705,0.8,0,0,0.08685083179556125,1,0.4208699791364504,exploit,1,0.5
973,2026-04-15T23:56:22.393898,0.1538677107046783,0.999823856742067,4,0.7700205338809035,0.8,0,0,0.08633405897651533,1,0.42092979823595367,exploit,1,0.5
974,2026-04-15T23:56:22.393911,0.14519574067928695,0.9998118011994216,4,0.7702564102564102,0.8,0,0,0.08691541041598183,1,0.42099159408638276,exploit,1,0.5
975,2026-04-15T23:56:22.393925,0.1581043593206943,0.9998137520614323,4,0.7704918032786885,0.8,0,0,0.08652493618114798,1,0.4210553651428447,exploit,1,0.5
976,2026-04-15T23:56:22.393938,0.1438373897321205,0.999806249196438,4,0.7707267144319345,0.8,0,0,0.08633209977008797,1,0.4211211098110664,exploit,1,0.5
977,2026-04-15T23:56:22.393952,0.14505099251901188,0.9998044193926886,4,0.7709611451942741,0.8,0,0,0.08685872288447873,1,0.4211888264474345,exploit,1,0.5
978,2026-04-15T23:56:22.393965,0.14784085843704914,0.9998135172166452,4,0.7711950970377937,0.8,0,0,0.0864930660594046,1,0.4212585133590367,exploit,1,0.5
979,2026-04-15T23:56:22.393981,0.15220552141153598,0.9998279845742433,4,0.7714285714285715,0.8,0,0,0.08694335765726989,1,0.4213301688037038,exploit,1,0.5
980,2026-04-15T23:56:22.393995,0.13784615685437196,0.9998314019544048,4,0.7716615698267074,0.8,0,0,0.08652830583714918,1,0.42140379099005343,exploit,1,0.5
981,2026-04-15T23:56:22.394012,0.14450745912024648,0.999832241974163,4,0.7718940936863544,0.8,0,0,0.0863175619570065,1,0.4214793780775347,exploit,1,0.5
982,2026-04-15T23:56:22.394025,0.14419417614204474,0.999822167389519,4,0.7721261444557477,0.8,0,0,0.08578134365554144,1,0.4215569281764745,exploit,1,0.5
983,2026-04-15T23:56:22.394039,0.15584362495511528,0.9998178998743705,4,0.7723577235772358,0.8,0,0,0.08681461364662386,1,0.4216364393481242,exploit,1,0.5
984,2026-04-15T23:56:22.394052,0.1462030667634978,0.9998223775836623,4,0.7725888324873097,0.8,0,0,0.08634464995718918,1,0.4217179096047089,exploit,1,0.5
985,2026-04-15T23:56:22.394066,0.13780938337433496,0.9998284952798704,4,0.7728194726166329,0.8,0,0,0.08630505534221405,1,0.42180133690947624,exploit,1,0.5
986,2026-04-15T23:56:22.394079,0.14390292187489812,0.9998465029665918,4,0.7730496453900709,0.8,0,0,0.08612981775589766,1,0.421886719176748,exploit,1,0.5
987,2026-04-15T23:56:22.394092,0.14762879852471894,0.9998356161915953,4,0.7732793522267206,0.8,0,0,0.08665397872365654,1,0.421974054271972,exploit,1,0.5
988,2026-04-15T23:56:22.394105,0.14040747731560355,0.9998417086904431,4,0.7735085945399394,0.8,0,0,0.08685712239164751,1,0.42206334001177526,exploit,1,0.5
989,2026-04-15T23:56:22.394119,0.13308405021445677,0.9998455143502708,4,0.7737373737373737,0.8,0,0,0.08715941924191671,1,0.4221545741640191,exploit,1,0.5
990,2026-04-15T23:56:22.394132,0.1479262377718103,0.9998512406173359,4,0.7739656912209889,0.8,0,0,0.08749390826517822,1,0.42224775444785434,exploit,1,0.5
991,2026-04-15T23:56:22.394146,0.14573286112465478,0.9998575993424572,4,0.7741935483870968,0.8,0,0,0.08775434690509011,1,0.4223428785337788,exploit,1,0.5
992,2026-04-15T23:56:22.394159,0.146433904808011,0.9998592416142625,4,0.7744209466263847,0.8,0,0,0.08808490563954803,1,0.4224399440436953,exploit,1,0.5
993,2026-04-15T23:56:22.394172,0.142662471095094,0.9998546595101325,4,0.7746478873239436,0.8,0,0,0.08691625420862957,1,0.42253894855097107,exploit,1,0.5
994,2026-04-15T23:56:22.394185,0.1524595897710041,0.999870113460695,4,0.7748743718592965,0.8,0,0,0.08650611497283894,1,0.4226398895804987,exploit,1,0.5
995,2026-04-15T23:56:22.394198,0.14825627754641182,0.9998695214082062,4,0.7751004016064257,0.8,0,0,0.08606781031397702,1,0.42274276460875765,exploit,1,0.5
996,2026-04-15T23:56:22.394212,0.14061759080782033,0.9998460900300923,4,0.7753259779338014,0.8,0,0,0.0847770368960859,1,0.42284757106387755,exploit,1,0.5
997,2026-04-15T23:56:22.394225,0.1435955177902553,0.9998470419385808,4,0.7755511022044088,0.8,0,0,0.08685644657532292,1,0.4229543063257025,exploit,1,0.5
998,2026-04-15T23:56:22.394238,0.13554026033381644,0.999838550432825,4,0.7757757757757757,0.8,0,0,0.0859656063764991,1,0.4230629677258565,exploit,1,0.5
999,2026-04-15T23:56:22.394261,0.14518587388330764,0.9998370211437613,4,0.776,0.8,0,0,0.08646405193945159,1,0.42317355254781025,exploit,1,0.5
1000,2026-04-15T23:56:22.394275,0.14361820716292029,0.9987216895833545,4,0.7752247752247752,0.8,2,0.0,0.09678749975297313,1,0.4232860580269489,explore,0,0.7
1001,2026-04-15T23:56:22.394290,0.1513822548131853,0.9978261575175357,4,0.7744510978043913,0.8,2,0.0,0.09755542606205098,1,0.4234004813506414,explore,0,0.7
1002,2026-04-15T23:56:22.394303,0.14922042173268546,0.9972352257321017,4,0.773678963110668,0.8,2,0.0,0.09732833008719503,1,0.42351681965831056,explore,0,0.7
1003,2026-04-15T23:56:22.394317,0.14775664789576692,0.9966432910623977,4,0.7729083665338645,0.8,2,0.0,0.09716152980194961,1,0.42363507004150475,explore,0,0.7
1004,2026-04-15T23:56:22.394330,0.15735184040834715,0.995959568822234,4,0.7721393034825871,0.8,2,0.0,0.0973767232417343,1,0.4237552295439706,explore,0,0.7
1005,2026-04-15T23:56:22.394344,0.15051473480144512,0.9955895605017995,4,0.7713717693836978,0.8,2,0.0,0.09759769231982067,1,0.42387729516172673,explore,0,0.7
1006,2026-04-15T23:56:22.394357,0.1429603424116735,0.995293400190547,4,0.7706057596822244,0.8,2,0.0,0.09753218707596475,1,0.42400126384313913,explore,0,0.7
1007,2026-04-15T23:56:22.394371,0.1452545843679149,0.9952049106289812,4,0.7698412698412699,0.8,2,0.0,0.09805616345430182,1,0.4241271324889972,explore,0,0.7
1008,2026-04-15T23:56:22.394384,0.14962436535204987,0.9950606301454245,4,0.7690782953419227,0.8,2,0.0,0.09708076278945404,1,0.4242548979525913,explore,0,0.7
1009,2026-04-15T23:56:22.394398,0.14716507466379444,0.995005445299393,4,0.7683168316831683,0.8,2,0.0,0.09695050515568952,1,0.4243845570397915,explore,0,0.7
1010,2026-04-15T23:56:22.394411,0.14846760218183291,0.9951503505548573,4,0.7675568743818002,0.8,2,0.0,0.09754235810721748,1,0.42451610650912747,explore,0,0.7
1011,2026-04-15T23:56:22.394425,0.14225828487217854,0.9953224785584502,4,0.766798418972332,0.8,2,0.0,0.09732437248262583,1,0.42464954307186925,explore,0,0.7
1012,2026-04-15T23:56:22.394438,0.14555244066759115,0.9954901502138618,4,0.7660414610069102,0.8,2,0.0,0.0968773530134123,1,0.42478486339210975,explore,0,0.7
1013,2026-04-15T23:56:22.394464,0.15102927794636672,0.9959362308928987,4,0.7652859960552268,0.8,2,0.0,0.0968005114229892,1,0.42492206408684796,explore,0,0.7
1014,2026-04-15T23:56:22.394479,0.13952918103924983,0.9963595083315729,4,0.7645320197044335,0.8,2,0.0,0.09760456757653782,1,0.4250611417260737,explore,0,0.7
1015,2026-04-15T23:56:22.394492,0.13861765441471405,0.9968336798883363,4,0.7637795275590551,0.8,2,0.0,0.09854957309749462,1,0.4252020928328532,explore,0,0.7
1016,2026-04-15T23:56:22.394509,0.1372174963252967,0.9977078554769329,4,0.7630285152409046,0.8,2,0.0,0.09739409096892959,1,0.4253449138834162,explore,0,0.7
1017,2026-04-15T23:56:22.394523,0.15766851350545025,0.9983728041614148,4,0.762278978388998,0.8,2,0.0,0.0974433707911545,1,0.4254896013072438,explore,0,0.7
1018,2026-04-15T23:56:22.394536,0.14826259134869174,0.9990376337431014,4,0.76153091265947,0.8,2,0.0,0.09723799911835221,1,0.425636151487158,explore,0,0.7
1019,2026-04-15T23:56:22.394551,0.14928515748736707,0.999791838185127,4,0.7617647058823529,0.8,2,0.9952539744859423,0.09806625961120735,1,0.4257845607594119,explore,0,0.7
1020,2026-04-15T23:56:22.394576,0.14160791657959682,0.9998002111397618,4,0.761998041136141,0.8,2,0.9959698140415505,0.097645616112315,1,0.42593482541378147,explore,0,0.7
1021,2026-04-15T23:56:22.394600,0.13688038031328376,0.9997923855623615,4,0.7622309197651663,0.8,2,0.9959818975229197,0.09758699085181838,1,0.4260869416936581,explore,0,0.7
1022,2026-04-15T23:56:22.394616,0.13717967135187417,0.9997854397513323,4,0.7624633431085044,0.8,2,0.9959178935068969,0.09757082719518323,1,0.4262409057961427,explore,0,0.7
1023,2026-04-15T23:56:22.394631,0.1421476757554167,0.9997843077574164,4,0.7626953125,0.8,2,0.9958133991630314,0.09704204676522829,1,0.42639671387214084,explore,0,0.7
1024,2026-04-15T23:56:22.394645,0.1485408359650408,0.9998013810625042,4,0.7629268292682927,0.8,2,0.9959373879669959,0.09825598374576006,1,0.42655436202645863,explore,0,0.7
1025,2026-04-15T23:56:22.394660,0.144584237826498,0.9998086551753631,4,0.7631578947368421,0.8,2,0.995758873480916,0.09762046023650835,1,0.42671384631790055,explore,0,0.7
1026,2026-04-15T23:56:22.394675,0.14382506956416524,0.9997953318535528,4,0.7633885102239533,0.8,2,0.9955839498095354,0.09695521361163985,1,0.42687516275936743,explore,0,0.7
1027,2026-04-15T23:56:22.394690,0.1427850126588316,0.9998139195091578,4,0.7636186770428015,0.8,2,0.9956509822959281,0.09743566397283582,1,0.42703830731795683,explore,0,0.7
1028,2026-04-15T23:56:22.394712,0.14952834191286718,0.9998187316347239,4,0.7638483965014577,0.8,2,0.9954914079255193,0.09750848062960189,1,0.42720327591506313,explore,0,0.7
1029,2026-04-15T23:56:22.394727,0.1445535033997124,0.9998174517038704,4,0.7640776699029126,0.8,2,0.9954770964730337,0.0971173189264416,1,0.4273700644264802,explore,0,0.7
1030,2026-04-15T23:56:22.394741,0.13642992287282754,0.9998324413648464,4,0.7643064985451018,0.8,2,0.9951782765487677,0.09842874930048194,1,0.4275386686825037,explore,0,0.7
1031,2026-04-15T23:56:22.394756,0.14658391700514065,0.9998338067876967,4,0.7645348837209303,0.8,2,0.995519345589559,0.09723290249467544,1,0.42770908446803607,explore,0,0.7
1032,2026-04-15T23:56:22.394771,0.1437942137189258,0.9998339719242044,4,0.7647628267182962,0.8,2,0.9959427472041459,0.0972957228929961,1,0.4278813075226916,explore,0,0.7
1033,2026-04-15T23:56:22.394785,0.13410543833454414,0.9998185993958004,4,0.7649903288201161,0.8,2,0.9959458321689864,0.09744220993229677,1,0.42805533354090297,explore,0,0.7
1034,2026-04-15T23:56:22.394799,0.14561001275352392,0.9998189219117681,4,0.7652173913043478,0.8,2,0.9959403750404043,0.09753941002828104,1,0.4282311581720286,explore,0,0.7
1035,2026-04-15T23:56:22.394888,0.1459202637809164,0.9997981915064236,4,0.7654440154440154,0.8,2,0.9959318800108545,0.09737078202750313,1,0.42840877702046204,explore,0,0.7
1036,2026-04-15T23:56:22.394909,0.14013395670030257,0.999791296997994,4,0.7656702025072324,0.8,2,0.995516783774381,0.09738711225533736,1,0.42858818564574125,explore,0,0.7
1037,2026-04-15T23:56:22.394924,0.14790784378337535,0.9997891171781332,4,0.7658959537572254,0.8,2,0.9956395855295594,0.0977824404125922,1,0.42876937956266,explore,0,0.7
1038,2026-04-15T23:56:22.394939,0.14162633608206182,0.9997772495181715,4,0.766121270452358,0.8,2,0.9953770622000169,0.09738828838017294,1,0.4289523542413797,explore,0,0.7
1039,2026-04-15T23:56:22.394954,0.14850371763662326,0.9997798102084922,4,0.7663461538461539,0.8,2,0.9953484351685358,0.09797098603496684,1,0.42913710510754294,explore,0,0.7
1040,2026-04-15T23:56:22.394969,0.1435811992166714,0.999797235173567,4,0.7665706051873199,0.8,2,0.9953575679069668,0.09743756686957485,1,0.42932362754238773,explore,0,0.7
1041,2026-04-15T23:56:22.394989,0.1274338540152672,0.9998102747228462,4,0.7667946257197696,0.8,2,0.99532686895517,0.0978442506010962,1,0.42951191688286294,explore,0,0.7
1042,2026-04-15T23:56:22.395010,0.14362908842732663,0.9998147761941419,4,0.7670182166826462,0.8,2,0.9953410855937155,0.09739647361680973,1,0.4297019684217448,explore,0,0.7
1043,2026-04-15T23:56:22.395026,0.1446028984442661,0.9997987028481907,4,0.7672413793103449,0.8,2,0.9952856463442186,0.09707172746490428,1,0.4298937774077548,explore,0,0.7
1044,2026-04-15T23:56:22.395040,0.1480855676434853,0.9997956805786666,4,0.7674641148325358,0.8,2,0.9952922602822447,0.097788586153985,1,0.4300873390456782,explore,0,0.7
1045,2026-04-15T23:56:22.395056,0.14886963808617723,0.9997856670071699,4,0.7676864244741873,0.8,2,0.9953380205590507,0.09741935650574696,1,0.43028264849648423,explore,0,0.7
1046,2026-04-15T23:56:22.395070,0.13779163005332482,0.9998061406031881,4,0.7679083094555874,0.8,2,0.9955294137351207,0.09751275459626699,1,0.4304797008774467,explore,0,0.7
1047,2026-04-15T23:56:22.395085,0.1384543300831655,0.9998008966809571,4,0.7681297709923665,0.8,2,0.9951614428817837,0.09680980293735207,1,0.4306784912622664,explore,0,0.7
1048,2026-04-15T23:56:22.395099,0.13840860449009562,0.9998048673349377,4,0.7683508102955195,0.8,2,0.9951987767915641,0.09798452003219968,1,0.43087901468119405,explore,0,0.7
1049,2026-04-15T23:56:22.395114,0.1411018640008003,0.9998129026080178,4,0.7685714285714286,0.8,2,0.9951248755423574,0.0976467455389178,1,0.4310812661211546,explore,0,0.7
1050,2026-04-15T23:56:22.395128,0.13894175526594593,0.9998083107513804,4,0.768791627021884,0.8,2,0.9953274309403105,0.09767544190879485,1,0.43128524052587264,explore,0,0.7
1051,2026-04-15T23:56:22.395143,0.14986497346472194,0.9998180753706872,4,0.7690114068441065,0.8,2,0.9951304065274031,0.0977047751477693,1,0.4314909327959986,explore,0,0.7
1052,2026-04-15T23:56:22.395157,0.14699752290779328,0.9998158075393186,4,0.7692307692307693,0.8,2,0.9945052940999535,0.09862562831518479,1,0.4316983377892365,explore,0,0.7
1053,2026-04-15T23:56:22.395172,0.14342239598548073,0.9998266332055192,4,0.7694497153700189,0.8,2,0.9943629856530818,0.09716727178291629,1,0.43190745032047234,explore,0,0.7
1054,2026-04-15T23:56:22.395187,0.14142624561724498,0.9998211774986613,4,0.7696682464454976,0.8,2,0.9943433649448641,0.09700641241021633,1,0.43211826516190366,explore,0,0.7
1055,2026-04-15T23:56:22.395202,0.15312142899839537,0.9998348291429519,4,0.7698863636363636,0.8,2,0.9940072510438618,0.09808481808904673,1,0.4323307770431704,explore,0,0.7
1056,2026-04-15T23:56:22.395216,0.14382198320036893,0.9998552188982563,4,0.7701040681173131,0.8,2,0.9944136536892042,0.09746589791351032,1,0.43254498065148667,explore,0,0.7
1057,2026-04-15T23:56:22.395231,0.1408452937343575,0.9998515336796909,4,0.7703213610586012,0.8,2,0.9943751580563989,0.09754071003962289,1,0.4327608706317733,explore,0,0.7
1058,2026-04-15T23:56:22.395246,0.1476228937782092,0.9998559659119122,4,0.7705382436260623,0.8,2,0.9945797726154715,0.09728086173583511,1,0.43297844158679216,explore,0,0.7
1059,2026-04-15T23:56:22.395272,0.13440143743697086,0.9998535209797084,4,0.7707547169811321,0.8,2,0.9944934129195745,0.09773360681401021,1,0.43319768807728065,explore,0,0.7
1060,2026-04-15T23:56:22.395287,0.14607128281387916,0.9998348524880138,4,0.7709707822808671,0.8,2,0.9942004753852712,0.09733250687755185,1,0.4334186046220879,explore,0,0.7
1061,2026-04-15T23:56:22.395332,0.16457929824342718,0.9998282115809751,4,0.7711864406779662,0.8,2,0.9942144786500924,0.09765830179154637,1,0.4336411856983118,explore,0,0.7
1062,2026-04-15T23:56:22.395347,0.13533752342866345,0.9998245758518971,4,0.7714016933207902,0.8,2,0.9942068655763308,0.09832758154761366,1,0.43386542574143716,explore,0,0.7
1063,2026-04-15T23:56:22.395362,0.14216596852552899,0.9998376233687558,4,0.7716165413533834,0.8,2,0.9941739410820887,0.09833438264219169,1,0.4340913191454744,explore,0,0.7
1064,2026-04-15T23:56:22.395377,0.14899049550670931,0.9998310231816703,4,0.7718309859154929,0.8,2,0.9940982609134599,0.09757505964234493,1,0.43431886026310024,explore,0,0.7
1065,2026-04-15T23:56:22.395392,0.14625492966337092,0.9998420057804797,4,0.7720450281425891,0.8,2,0.9941286571611624,0.09762809751767491,1,0.4345480434057986,explore,0,0.7
1066,2026-04-15T23:56:22.395406,0.14966437521887394,0.999828604056592,4,0.7722586691658857,0.8,2,0.9940722803801574,0.09751447221312425,1,0.4347788628440029,explore,0,0.7
1067,2026-04-15T23:56:22.395421,0.14142948668563574,0.9998320710826101,4,0.7724719101123596,0.8,2,0.9942941291960514,0.09753575438230144,1,0.43501131280723915,explore,0,0.7
1068,2026-04-15T23:56:22.395435,0.1381827993882859,0.9998330370223265,4,0.7726847521047708,0.8,2,0.9945004358781304,0.09798922948202347,1,0.43524538748427044,explore,0,0.7
1069,2026-04-15T23:56:22.395450,0.13473108036545778,0.999824595733779,4,0.7728971962616823,0.8,2,0.9945176559920194,0.09762341475632687,1,0.43548108102324196,explore,0,0.7
1070,2026-04-15T23:56:22.395465,0.14061111058325432,0.999824853229154,4,0.773109243697479,0.8,2,0.9938984465821444,0.09710216041355918,1,0.43571838753182757,explore,0,0.7
1071,2026-04-15T23:56:22.395479,0.1434372056528546,0.9998183346884003,4,0.773320895522388,0.8,2,0.9940543144789309,0.09696791587110432,1,0.43595730107737685,explore,0,0.7
1072,2026-04-15T23:56:22.395493,0.14019914930614547,0.9998157772639212,4,0.7735321528424977,0.8,2,0.9947373599503837,0.09726217301567276,1,0.4361978156870636,explore,0,0.7
1073,2026-04-15T23:56:22.395511,0.13969877159499922,0.9998127576748154,4,0.7737430167597765,0.8,2,0.9947130575092935,0.09714058658031449,1,0.4364399253480352,explore,0,0.7
1074,2026-04-15T23:56:22.395526,0.13162129817462306,0.9998156053072912,4,0.773953488372093,0.8,2,0.9947625403191105,0.09826428492416603,1,0.4366836240075627,explore,0,0.7
1075,2026-04-15T23:56:22.395540,0.14000898675358575,0.9998171970970776,4,0.7741635687732342,0.8,2,0.9950390768471833,0.09769312258628202,1,0.43692890557319225,explore,0,0.7
1076,2026-04-15T23:56:22.395555,0.15255252372614653,0.9998181548471086,4,0.7743732590529248,0.8,2,0.9950538378291343,0.09749922252499171,1,0.43717576391289753,explore,0,0.7
1077,2026-04-15T23:56:22.395569,0.1384162977086652,0.9998198256399311,4,0.774582560296846,0.8,2,0.9948685488915722,0.09673411790837894,1,0.43742419285523293,explore,0,0.7
1078,2026-04-15T23:56:22.395583,0.14048902377319744,0.9998030064995863,4,0.7747914735866543,0.8,2,0.9946137835410453,0.09751363999573034,1,0.4376741861894877,explore,0,0.7
1079,2026-04-15T23:56:22.395598,0.14629588333607368,0.9997973600482595,4,0.775,0.8,2,0.9946451822855236,0.09736070142287534,1,0.43792573766584175,explore,0,0.7
1080,2026-04-15T23:56:22.395612,0.13618198526413694,0.9998042431452671,4,0.7752081406105458,0.8,2,0.9948775292138876,0.09760939451020495,1,0.438178840995521,explore,0,0.7
1081,2026-04-15T23:56:22.395626,0.14758775050408296,0.9998087478852591,4,0.7754158964879853,0.8,2,0.9949057897974662,0.09738488853363775,1,0.43843348985095554,explore,0,0.7
1082,2026-04-15T23:56:22.395694,0.13796451671990212,0.9998102916465428,4,0.775623268698061,0.8,2,0.9949433139289143,0.0979999229167498,1,0.43868967786593727,explore,0,0.7
1083,2026-04-15T23:56:22.395762,0.13852646174500488,0.9998031471093509,4,0.775830258302583,0.8,2,0.994972091805348,0.09775600245170286,1,0.43894739863577903,explore,0,0.7
1084,2026-04-15T23:56:22.395781,0.14756986028040855,0.9997946582547786,4,0.776036866359447,0.8,2,0.994800135510618,0.09697615419882563,1,0.4392066457174751,explore,0,0.7
1085,2026-04-15T23:56:22.395796,0.13883099332549523,0.9997927754310527,4,0.7762430939226519,0.8,2,0.9947824876762938,0.09745595330060652,1,0.43946741262986194,explore,0,0.7
1086,2026-04-15T23:56:22.395811,0.12830874773477977,0.9998118633762476,4,0.7764489420423183,0.8,2,0.9942625443448512,0.09819085864115676,1,0.4397296928537803,explore,0,0.7
1087,2026-04-15T23:56:22.395825,0.14042950023638656,0.9998098285852373,4,0.7766544117647058,0.8,2,0.9944706456535709,0.09748268304874819,1,0.43999347983223824,explore,0,0.7
1088,2026-04-15T23:56:22.395840,0.12830904112294977,0.9997998109964987,4,0.7768595041322314,0.8,2,0.9943148343353261,0.09640485771923128,1,0.440258766970575,explore,0,0.7
1089,2026-04-15T23:56:22.395855,0.1387061642230093,0.9998068206826768,4,0.7770642201834862,0.8,2,0.994172761053532,0.09820154995945443,1,0.440525547636626,explore,0,0.7
1090,2026-04-15T23:56:22.395869,0.13956308109597687,0.9998097620253242,4,0.7772685609532539,0.8,2,0.9946683938201355,0.09744416212180229,1,0.44079381516088845,explore,0,0.7
1091,2026-04-15T23:56:22.395884,0.13112162791128834,0.9998094617154276,4,0.7774725274725275,0.8,2,0.9946564011161068,0.09814271470946213,1,0.44106356283668824,explore,0,0.7
1092,2026-04-15T23:56:22.395898,0.13454962872437648,0.9998047051832364,4,0.777676120768527,0.8,2,0.9947109147515576,0.09792045780727826,1,0.4413347839203475,explore,0,0.7
1093,2026-04-15T23:56:22.395913,0.13074788505225668,0.999801344459756,4,0.7778793418647166,0.8,2,0.9948731023689148,0.09744190513914835,1,0.4416074716313532,explore,0,0.7
1094,2026-04-15T23:56:22.395927,0.14001485536350036,0.9998031930478957,4,0.7780821917808219,0.8,2,0.9948931576311655,0.09767682286928536,1,0.44188161915252694,explore,0,0.7
1095,2026-04-15T23:56:22.395942,0.14358167786359588,0.9997918454957953,4,0.7782846715328468,0.8,2,0.9949399752924519,0.0970783375436272,1,0.4421572196301949,explore,0,0.7
1096,2026-04-15T23:56:22.395956,0.14194115397459128,0.9997862572277492,4,0.7784867821330902,0.8,2,0.9947541747562478,0.09730249043731884,1,0.4424342661743594,explore,0,0.7
1097,2026-04-15T23:56:22.395971,0.13620228488791042,0.9997943843069323,4,0.7786885245901639,0.8,2,0.9944991266890442,0.09771665546880445,1,0.4427127518588713,explore,0,0.7
1098,2026-04-15T23:56:22.395985,0.13949425693492334,0.9998153962487757,4,0.7788898999090081,0.8,2,0.9948371706988887,0.09761588031095092,1,0.44299266972160306,explore,0,0.7
1099,2026-04-15T23:56:22.396000,0.1396642881336239,0.9998241018394937,4,0.7790909090909091,0.8,2,0.9948202064748477,0.09777256290962619,1,0.44327401276462264,explore,0,0.7
1100,2026-04-15T23:56:22.396018,0.13049668607814355,0.9989535020027567,4,0.7783832879200726,0.8,2,0.0,0.08707535979577923,1,0.44355677395436865,exploit,1,0.5
1101,2026-04-15T23:56:22.396033,0.1351126496052837,0.9983538145214906,4,0.7776769509981851,0.8,2,0.0,0.0858451163449635,1,0.443840946221826,exploit,1,0.5
1102,2026-04-15T23:56:22.396046,0.14113935747819706,0.9976152450611316,4,0.7769718948322756,0.8,2,0.0,0.0865855589497959,1,0.4441265224627029,exploit,1,0.5
1103,2026-04-15T23:56:22.396060,0.13622774190929376,0.9970480319376898,4,0.7762681159420289,0.8,2,0.0,0.08687826111752424,1,0.44441349553760817,exploit,1,0.5
1104,2026-04-15T23:56:22.396074,0.143214072722066,0.9967334167795554,4,0.7755656108597285,0.8,2,0.0,0.08652185042810769,1,0.44470185827222986,exploit,1,0.5
1105,2026-04-15T23:56:22.396087,0.1436117902832308,0.99636031356579,4,0.7748643761301989,0.8,2,0.0,0.08668762693890235,1,0.44499160345751465,exploit,1,0.5
1106,2026-04-15T23:56:22.396101,0.13830962170772276,0.9960222754530276,4,0.7741644083107497,0.8,2,0.0,0.08658643093025843,1,0.44528272384984796,exploit,1,0.5
1107,2026-04-15T23:56:22.396114,0.13170480886384764,0.9956488576098143,4,0.7734657039711191,0.8,2,0.0,0.0866981453157156,1,0.44557521217123514,exploit,1,0.5
1108,2026-04-15T23:56:22.396128,0.14457976146620943,0.9955317862988589,4,0.7727682596934174,0.8,2,0.0,0.08685516012147786,1,0.44586906110948343,exploit,1,0.5
1109,2026-04-15T23:56:22.396167,0.13969885003643584,0.9954267319544767,4,0.7720720720720721,0.8,2,0.0,0.08568413391030621,1,0.4461642633183847,exploit,1,0.5
1110,2026-04-15T23:56:22.396182,0.14217443184634238,0.9954019526873406,4,0.7713771377137714,0.8,2,0.0,0.0859697191543849,1,0.44646081141789906,exploit,1,0.5
1111,2026-04-15T23:56:22.396196,0.14044978313246964,0.9954937718297427,4,0.77068345323741,0.8,2,0.0,0.08605082463448101,1,0.4467586979943394,exploit,1,0.5
1112,2026-04-15T23:56:22.396210,0.14106282296074463,0.9955908293546859,4,0.7699910152740341,0.8,2,0.0,0.08658680944694003,1,0.4470579156005571,exploit,1,0.5
1113,2026-04-15T23:56:22.396223,0.14679587760978124,0.9957708889299342,4,0.7692998204667864,0.8,2,0.0,0.08570326998721073,1,0.4473584567561272,exploit,1,0.5
1114,2026-04-15T23:56:22.396237,0.13152914739021135,0.9962164154829747,4,0.768609865470852,0.8,2,0.0,0.08690427122051184,1,0.4476603139475367,exploit,1,0.5
1115,2026-04-15T23:56:22.396269,0.1318753940169029,0.9968492171937634,4,0.767921146953405,0.8,2,0.0,0.08741561256350845,1,0.44796347962837146,exploit,1,0.5
1116,2026-04-15T23:56:22.396283,0.1270285643440261,0.9975302737969833,4,0.7672336615935542,0.8,2,0.0,0.08640132867701844,1,0.44826794621950533,exploit,1,0.5
1117,2026-04-15T23:56:22.396297,0.13674259473636083,0.9981999881776684,4,0.7665474060822898,0.8,2,0.0,0.08629428194334694,1,0.4485737061092893,exploit,1,0.5
1118,2026-04-15T23:56:22.396311,0.1354441826430488,0.9988344253069494,4,0.7667560321715817,0.8,2,0.0,0.08575621926057767,1,0.4488807516537421,exploit,1,0.5
1119,2026-04-15T23:56:22.396324,0.14031552044602708,0.9998037012895855,4,0.7669642857142858,0.8,2,0.9959674698517631,0.0870322674297851,1,0.4491890751767411,exploit,1,0.5
1120,2026-04-15T23:56:22.396342,0.125548127146613,0.9998026077242276,4,0.7671721677074042,0.8,2,0.9959766762617093,0.08701381801804976,1,0.44949866897021434,exploit,1,0.5
1121,2026-04-15T23:56:22.396366,0.13031789655437764,0.9997954923784801,4,0.767379679144385,0.8,2,0.9960823605613934,0.08586928646381072,1,0.449809525294333,exploit,1,0.5
1122,2026-04-15T23:56:22.396390,0.13498768851198623,0.9997874711869746,4,0.767586821015138,0.8,2,0.9960015203730874,0.08671252638293522,1,0.4501216363777052,exploit,1,0.5
1123,2026-04-15T23:56:22.396407,0.13016118384098802,0.9997862369048337,4,0.7677935943060499,0.8,2,0.9962029004588369,0.08609822211083304,1,0.4504349944175701,exploit,1,0.5
1124,2026-04-15T23:56:22.396423,0.14076722619235393,0.9998039614162104,4,0.768,0.8,2,0.9961394410481337,0.08687237763928804,1,0.4507495915799931,exploit,1,0.5
1125,2026-04-15T23:56:22.396438,0.13133391875220718,0.9998109272169595,4,0.7682060390763765,0.8,2,0.9961117283326713,0.08623479326212624,1,0.45106542000006145,exploit,1,0.5
1126,2026-04-15T23:56:22.396453,0.13645069173636148,0.9997952031329704,4,0.7684117125110914,0.8,2,0.9957990356293753,0.08588108892864593,1,0.45138247178208113,exploit,1,0.5
1127,2026-04-15T23:56:22.396468,0.1320083400350875,0.9998132976016536,4,0.7686170212765957,0.8,2,0.9957923316274737,0.08671484721570796,1,0.4517007389997741,exploit,1,0.5
1128,2026-04-15T23:56:22.396482,0.1340033475815337,0.9998175619480019,4,0.7688219663418955,0.8,2,0.9956339685229045,0.0865602931257845,1,0.4520202136964765,exploit,1,0.5
1129,2026-04-15T23:56:22.396497,0.13738845513727121,0.9998173427992639,4,0.7690265486725664,0.8,2,0.9956021989655987,0.08581902554157547,1,0.4523408878853376,exploit,1,0.5
1130,2026-04-15T23:56:22.396515,0.12707238038871088,0.9998320606186019,4,0.7692307692307693,0.8,2,0.9950682743552746,0.0871224789872753,1,0.45266275354951924,exploit,1,0.5
1131,2026-04-15T23:56:22.396530,0.13572394051711054,0.9998326836264583,4,0.769434628975265,0.8,2,0.9947367347803602,0.08781367192870923,1,0.4529858026423967,exploit,1,0.5
1132,2026-04-15T23:56:22.396544,0.13942762397804248,0.9998327189040007,4,0.7696381288614298,0.8,2,0.9947347354368212,0.08542072289299608,1,0.4533100270877594,exploit,1,0.5
1133,2026-04-15T23:56:22.396559,0.1314050286988155,0.9998205739632734,4,0.7698412698412699,0.8,2,0.9947681347424027,0.08650270931579626,1,0.4536354187800132,exploit,1,0.5
1134,2026-04-15T23:56:22.396573,0.13424631150734265,0.9998202174159684,4,0.7700440528634361,0.8,2,0.9948075689787084,0.08676426991409923,1,0.4539619695843826,exploit,1,0.5
1135,2026-04-15T23:56:22.396588,0.14290599339714888,0.9998014363723978,4,0.7702464788732394,0.8,2,0.9947454959028346,0.08695995628941355,1,0.4542896713371147,exploit,1,0.5
1136,2026-04-15T23:56:22.396602,0.1349121022725239,0.9997941332499918,4,0.7704485488126649,0.8,2,0.994841001535387,0.08663855306223818,1,0.4546185158456825,exploit,1,0.5
1137,2026-04-15T23:56:22.396617,0.1390819994381603,0.9997907019426517,4,0.7706502636203867,0.8,2,0.994954253094409,0.08664454260566841,1,0.45494849488899064,exploit,1,0.5
1138,2026-04-15T23:56:22.396631,0.12980248345010134,0.9997808210120857,4,0.7708516242317822,0.8,2,0.994984506666889,0.08718861029821313,1,0.4552796002175801,exploit,1,0.5
1139,2026-04-15T23:56:22.396646,0.14139984404358596,0.9997853132134508,4,0.7710526315789473,0.8,2,0.9949580433884784,0.08665091021210934,1,0.4556118235538349,exploit,1,0.5
1140,2026-04-15T23:56:22.396660,0.13523598460297537,0.9998045107649566,4,0.7712532865907099,0.8,2,0.9947252805138731,0.0876432204145347,1,0.455945156592189,exploit,1,0.5
1141,2026-04-15T23:56:22.396675,0.12246991722375625,0.9998167934582785,4,0.7714535901926445,0.8,2,0.9948599712174429,0.08635770017582395,1,0.45627959099933374,exploit,1,0.5
1142,2026-04-15T23:56:22.396690,0.13472673555198222,0.9998219518383197,4,0.7716535433070866,0.8,2,0.9948572303591351,0.08595318681735926,1,0.4566151184144264,exploit,1,0.5
1143,2026-04-15T23:56:22.396711,0.1384640975079453,0.9998081085969536,4,0.7718531468531469,0.8,2,0.994169303035969,0.08522113674539565,1,0.4569517304492991,exploit,1,0.5
1144,2026-04-15T23:56:22.396726,0.13760721701835138,0.9998059369250782,4,0.7720524017467248,0.8,2,0.9941798779737656,0.08654598444169798,1,0.45728941868866846,exploit,1,0.5
1145,2026-04-15T23:56:22.396740,0.1354982356765112,0.9997947700521137,4,0.7722513089005235,0.8,2,0.9941228387057751,0.08698172697521322,1,0.45762817469034617,exploit,1,0.5
1146,2026-04-15T23:56:22.396755,0.12542287500733357,0.9998179162722874,4,0.7724498692240628,0.8,2,0.9945465085967213,0.08670339383815631,1,0.4579679899854497,exploit,1,0.5
1147,2026-04-15T23:56:22.396769,0.13360735373546345,0.9998129630083933,4,0.7726480836236934,0.8,2,0.9940631554161072,0.08572725921003536,1,0.4583088560786144,exploit,1,0.5
1148,2026-04-15T23:56:22.396784,0.1315067937260676,0.999816661931173,4,0.7728459530026109,0.8,2,0.9941006560340133,0.08701622977030771,1,0.4586507644482057,exploit,1,0.5
1149,2026-04-15T23:56:22.396798,0.12869639717993386,0.9998225284337645,4,0.7730434782608696,0.8,2,0.9939554506193373,0.08691588506337362,1,0.4589937065465322,exploit,1,0.5
1150,2026-04-15T23:56:22.396813,0.13502982817591722,0.9998174662514515,4,0.7732406602953953,0.8,2,0.994210305079626,0.0861287618494258,1,0.45933767380005935,exploit,1,0.5
1151,2026-04-15T23:56:22.396827,0.13762350257616743,0.9998277336909839,4,0.7734375,0.8,2,0.9942674941894849,0.08678187055333261,1,0.4596826576096236,exploit,1,0.5
1152,2026-04-15T23:56:22.396841,0.138295801940587,0.9998256270394931,4,0.7736339982653946,0.8,2,0.994074598916016,0.08677400876962023,1,0.4600286493506478,exploit,1,0.5
1153,2026-04-15T23:56:22.396856,0.13634023185116062,0.9998336324569822,4,0.7738301559792028,0.8,2,0.9939646414663097,0.08588467006755857,1,0.4603756403733564,exploit,1,0.5
1154,2026-04-15T23:56:22.396870,0.13044452172252227,0.9998281945162044,4,0.7740259740259741,0.8,2,0.9939855429766753,0.08642112052986095,1,0.46072362200299194,exploit,1,0.5
1155,2026-04-15T23:56:22.396885,0.14497362475679273,0.9998404909892102,4,0.7742214532871973,0.8,2,0.9940573121624038,0.08632065265739632,1,0.46107258554003167,exploit,1,0.5
1156,2026-04-15T23:56:22.396899,0.12715330935398642,0.9998592046146231,4,0.7744165946413137,0.8,2,0.993945666946319,0.08591312172674566,1,0.4614225222604055,exploit,1,0.5
1157,2026-04-15T23:56:22.396938,0.13028059527983438,0.9998563694051252,4,0.7746113989637305,0.8,2,0.9939472092252721,0.08661471179833827,1,0.46177342341571354,exploit,1,0.5
1158,2026-04-15T23:56:22.396954,0.13109585053605433,0.9998596811719896,4,0.7748058671268335,0.8,2,0.9937977377711436,0.08560634377224433,1,0.4621252802334452,exploit,1,0.5
1159,2026-04-15T23:56:22.396969,0.12135196342616313,0.9998569599349749,4,0.775,0.8,2,0.9938099201245991,0.08664421540402319,1,0.4624780839171984,exploit,1,0.5
1160,2026-04-15T23:56:22.396983,0.13730464510849838,0.9998356661425845,4,0.7751937984496124,0.8,2,0.9940096579204376,0.08718017631246389,1,0.4628318256468994,exploit,1,0.5
1161,2026-04-15T23:56:22.396997,0.14521031903361503,0.9998293844957002,4,0.7753872633390706,0.8,2,0.9940200368399512,0.08585858477024683,1,0.4631864965790234,exploit,1,0.5
1162,2026-04-15T23:56:22.397016,0.12837471875803025,0.9998260573037808,4,0.7755803955288049,0.8,2,0.9939307414423904,0.08717767734732834,1,0.4635420878468156,exploit,1,0.5
1163,2026-04-15T23:56:22.397031,0.13972090064507597,0.9998361838064764,4,0.7757731958762887,0.8,2,0.994369595613337,0.08654239347710044,1,0.46389859056051275,exploit,1,0.5
1164,2026-04-15T23:56:22.397045,0.13382463012809565,0.9998289054303512,4,0.7759656652360515,0.8,2,0.9943363729466408,0.08588834161717857,1,0.4642559958075656,exploit,1,0.5
1165,2026-04-15T23:56:22.397060,0.14136058255096665,0.9998408940942309,4,0.7761578044596913,0.8,2,0.9944108223631689,0.08603581458755537,1,0.4646142946528616,exploit,1,0.5
1166,2026-04-15T23:56:22.397074,0.13313053896004529,0.9998289795662061,4,0.7763496143958869,0.8,2,0.9944018807823005,0.08621726510471212,1,0.46497347813894824,exploit,1,0.5
1167,2026-04-15T23:56:22.397094,0.13002000709277614,0.9998325003424137,4,0.776541095890411,0.8,2,0.9948358768844382,0.0866261162514235,1,0.46533353728625715,exploit,1,0.5
1168,2026-04-15T23:56:22.397115,0.1284099894721818,0.9998338263092027,4,0.776732249786142,0.8,2,0.9948442207240717,0.08666297644219982,1,0.46569446309332835,exploit,1,0.5
1169,2026-04-15T23:56:22.397135,0.1224670956696326,0.9998275129450012,4,0.7769230769230769,0.8,2,0.9950910377921871,0.08658691617344089,1,0.4660562465370354,exploit,1,0.5
1170,2026-04-15T23:56:22.397158,0.12591354346387496,0.9998282006021431,4,0.7771135781383433,0.8,2,0.9948901800490313,0.08650234449697887,1,0.4664188785728113,exploit,1,0.5
1171,2026-04-15T23:56:22.397175,0.13430841019155162,0.9998221358409206,4,0.7773037542662116,0.8,2,0.9950576121274886,0.08595071150462044,1,0.46678235013487374,exploit,1,0.5
1172,2026-04-15T23:56:22.397189,0.13129293160083047,0.9998203844365087,4,0.7774936061381074,0.8,2,0.9957627693324197,0.08597832361839636,1,0.46714665213645273,exploit,1,0.5
1173,2026-04-15T23:56:22.397204,0.13057777288856426,0.9998176249428522,4,0.7776831345826235,0.8,2,0.995774442032872,0.0857949557203377,1,0.4675117754700172,exploit,1,0.5
1174,2026-04-15T23:56:22.397218,0.1194874278213345,0.999820347124696,4,0.7778723404255319,0.8,2,0.9958397835405461,0.08665088494097972,1,0.4678777110075028,exploit,1,0.5
1175,2026-04-15T23:56:22.397233,0.13025505020507255,0.9998206970212632,4,0.7780612244897959,0.8,2,0.9958398086990342,0.08645437560554495,1,0.46824444960054024,exploit,1,0.5
1176,2026-04-15T23:56:22.397248,0.13734260379699564,0.9998224257141721,4,0.7782497875955819,0.8,2,0.9959876718736711,0.08625164238787611,1,0.46861198208068366,exploit,1,0.5
1177,2026-04-15T23:56:22.397274,0.12899654567268765,0.9998250860089591,4,0.7784380305602716,0.8,2,0.9956714023178066,0.0852920948721455,1,0.46898029925964035,exploit,1,0.5
1178,2026-04-15T23:56:22.397289,0.13433369299351444,0.9998102341359845,4,0.7786259541984732,0.8,2,0.9957016473821838,0.08652276180094481,1,0.46934939192949987,exploit,1,0.5
1179,2026-04-15T23:56:22.397314,0.1282277396601051,0.9998059147479572,4,0.7788135593220339,0.8,2,0.9956842712107772,0.0858256544182914,1,0.4697192508629649,exploit,1,0.5
1180,2026-04-15T23:56:22.397336,0.1327565541359487,0.9998171613229007,4,0.7790008467400508,0.8,2,0.995873883965714,0.0862110067707989,1,0.4700898668135811,exploit,1,0.5
1181,2026-04-15T23:56:22.397359,0.13908882837128378,0.9998214516369126,4,0.7791878172588832,0.8,2,0.9957717637530704,0.08598651087927932,1,0.4704612305159692,exploit,1,0.5
1182,2026-04-15T23:56:22.397374,0.13010461479649535,0.9998225823748464,4,0.779374471682164,0.8,2,0.9960632468581794,0.08657315247081854,1,0.47083333268605587,exploit,1,0.5
1183,2026-04-15T23:56:22.397389,0.13254736942390982,0.9998162620641965,4,0.7795608108108109,0.8,2,0.9966440218676829,0.08588100245170287,1,0.47120616402130633,exploit,1,0.5
1184,2026-04-15T23:56:22.397404,0.13705536587411757,0.9998081552508548,4,0.779746835443038,0.8,2,0.9956370197305489,0.08581887425659997,1,0.4715797152009566,exploit,1,0.5
1185,2026-04-15T23:56:22.397420,0.13371407353512904,0.9998063940516674,4,0.7799325463743676,0.8,2,0.9955947176870179,0.08634936065150046,1,0.4719539768862466,exploit,1,0.5
1186,2026-04-15T23:56:22.397435,0.11943212472451425,0.999824409163264,4,0.7801179443976411,0.8,2,0.9948259240380958,0.08746340023504957,1,0.4723289397206537,exploit,1,0.5
1187,2026-04-15T23:56:22.397450,0.1315423183137856,0.9998220465598646,4,0.7803030303030303,0.8,2,0.9948975540743705,0.0859871920334337,1,0.4727045943301267,exploit,1,0.5
1188,2026-04-15T23:56:22.397464,0.1266853199347889,0.9998123565485859,4,0.7804878048780488,0.8,2,0.9946454823874733,0.08520606694721204,1,0.47308093132331963,exploit,1,0.5
1189,2026-04-15T23:56:22.397479,0.12678544603188,0.9998176460239763,4,0.780672268907563,0.8,2,0.9944507765627556,0.08643668267422396,1,0.47345794129182756,exploit,1,0.5
1190,2026-04-15T23:56:22.397560,0.12705018718989963,0.9998222306575412,4,0.7808564231738035,0.8,2,0.9944024041980405,0.08698244505885531,1,0.47383561481042075,exploit,1,0.5
1191,2026-04-15T23:56:22.397583,0.11987433609488718,0.9998212107104821,4,0.7810402684563759,0.8,2,0.9944102170995235,0.08685930022058924,1,0.47421394243728093,exploit,1,0.5
1192,2026-04-15T23:56:22.397606,0.12457909644442072,0.9998162961767573,4,0.7812238055322716,0.8,2,0.9944233161889566,0.08649074776935564,1,0.4745929147142372,exploit,1,0.5
1193,2026-04-15T23:56:22.397631,0.1225653262385407,0.9998116145549295,4,0.7814070351758794,0.8,2,0.9944390547754114,0.0861044838323365,1,0.4749725221670023,exploit,1,0.5
1194,2026-04-15T23:56:22.397648,0.13279500112286738,0.9998127072617388,4,0.7815899581589958,0.8,2,0.9943804204614637,0.08699513685502475,1,0.47535275530540977,exploit,1,0.5
1195,2026-04-15T23:56:22.397663,0.13426633436302327,0.9997994413888179,4,0.7817725752508361,0.8,2,0.9942797304692864,0.0856313179063129,1,0.4757336046236509,exploit,1,0.5
1196,2026-04-15T23:56:22.397678,0.12945288571839245,0.9997944303557365,4,0.7819548872180451,0.8,2,0.9942646818957599,0.08678219225100775,1,0.4761150606005125,exploit,1,0.5
1197,2026-04-15T23:56:22.397693,0.12712327042496055,0.9998022661446201,4,0.7821368948247078,0.8,2,0.9944285044282091,0.08654125303065746,1,0.4764971136996151,exploit,1,0.5
1198,2026-04-15T23:56:22.397715,0.12080274885535185,0.9998218504638707,4,0.7823185988323603,0.8,2,0.994509536673488,0.08655221020561764,1,0.47687975436965113,exploit,1,0.5
1199,2026-04-15T23:56:22.397730,0.13052192821077435,0.9998298750981296,4,0.7825,0.8,2,0.9945351144671944,0.0863882014534691,1,0.4772629730446237,exploit,1,0.5
1200,2026-04-15T23:56:22.397745,0.13208530749839217,0.9989665696572161,4,0.7818484596169858,0.8,2,0.0,0.09708723255326436,1,0.4776467601440859,explore,0,0.7
1201,2026-04-15T23:56:22.397759,0.1262249620105334,0.9980572274325819,4,0.781198003327787,0.8,2,0.0,0.09787732365754781,1,0.47803110607338034,explore,0,0.7
1202,2026-04-15T23:56:22.397773,0.13326367410060974,0.9973404212765112,4,0.7805486284289277,0.8,2,0.0,0.09727132520458831,1,0.47841600122387873,explore,0,0.7
1203,2026-04-15T23:56:22.397787,0.12726423259965353,0.9968535847954075,4,0.7799003322259136,0.8,2,0.0,0.09753517704635901,1,0.4788014359732224,explore,0,0.7
1204,2026-04-15T23:56:22.397832,0.1352830217424406,0.9961618819536229,4,0.779253112033195,0.8,2,0.0,0.09743103131649188,1,0.47918740068556254,explore,0,0.7
1205,2026-04-15T23:56:22.397847,0.1336124737974279,0.9958346382030265,4,0.7786069651741293,0.8,2,0.0,0.09759391901445613,1,0.4795738857118016,explore,0,0.7
1206,2026-04-15T23:56:22.397860,0.13926298548973023,0.9953789247494396,4,0.7779618889809445,0.8,2,0.0,0.0969978138955308,1,0.479960881389834,explore,0,0.7
1207,2026-04-15T23:56:22.397875,0.11941295829153478,0.9952066517009409,4,0.777317880794702,0.8,2,0.0,0.09731432585814581,1,0.48034837804478797,explore,0,0.7
1208,2026-04-15T23:56:22.397888,0.13200385277996712,0.9951551825870928,4,0.7766749379652605,0.8,2,0.0,0.09721506335318642,1,0.4807363659892673,explore,0,0.7
1209,2026-04-15T23:56:22.397902,0.13209463811312838,0.9950469976106128,4,0.7760330578512397,0.8,2,0.0,0.097061781386548,1,0.48112483552359353,explore,0,0.7
1210,2026-04-15T23:56:22.397915,0.12455405268495112,0.9951537145162334,4,0.7753922378199835,0.8,2,0.0,0.0968141299646176,1,0.48151377693604863,explore,0,0.7
1211,2026-04-15T23:56:22.397932,0.12913586489392645,0.9952735122404617,4,0.7747524752475248,0.8,2,0.0,0.09742403481404177,1,0.4819031805031175,explore,0,0.7
1212,2026-04-15T23:56:22.397946,0.12977948498801412,0.9955009774390646,4,0.7741137675185491,0.8,2,0.0,0.09695934073446734,1,0.4822930364897313,explore,0,0.7
1213,2026-04-15T23:56:22.397964,0.13854198326134745,0.9959103180492722,4,0.7734761120263591,0.8,2,0.0,0.0971385218008795,1,0.48268333514951056,explore,0,0.7
1214,2026-04-15T23:56:22.397978,0.13082331251201462,0.9963099577930151,4,0.7728395061728395,0.8,2,0.0,0.09790344509942195,1,0.4830740667250092,explore,0,0.7
1215,2026-04-15T23:56:22.397991,0.12082326843689904,0.9967087484385619,4,0.772203947368421,0.8,2,0.0,0.0976125738568897,0,0.4834652214479581,explore,0,0.7
1216,2026-04-15T23:56:22.398004,0.12519578078027502,0.9972363459899346,4,0.7715694330320461,0.8,2,0.0,0.0977483416160167,0,0.48385678953950967,explore,0,0.7
1217,2026-04-15T23:56:22.398018,0.1422225904965946,0.9979609004127511,4,0.770935960591133,0.8,2,0.0,0.09687842118128433,0,0.48424876121048194,explore,0,0.7
1218,2026-04-15T23:56:22.398032,0.13400192418066315,0.9989180018792487,4,0.771123872026251,0.8,2,0.0,0.09697376408726871,0,0.4846411266616036,explore,0,0.7
1219,2026-04-15T23:56:22.398045,0.1325735096778463,0.9997236887864249,4,0.771311475409836,0.8,2,0.9935425912585354,0.09658238803496526,0,0.48503387608375875,explore,0,0.7
1220,2026-04-15T23:56:22.398060,0.13156850284417151,0.9997144293012507,4,0.7714987714987716,0.8,2,0.9937234651535225,0.09676840889935108,0,0.4854269996582324,explore,0,0.7
1221,2026-04-15T23:56:22.398074,0.12669400965416627,0.9997123102506191,4,0.7716857610474632,0.8,2,0.994140348775506,0.09745706002729278,0,0.4858204875569555,explore,0,0.7
1222,2026-04-15T23:56:22.398089,0.12813836734893247,0.9996970076293633,4,0.7718724448078496,0.8,2,0.9939316871687178,0.09653973792803466,0,0.48621432994275116,explore,0,0.7
1223,2026-04-15T23:56:22.398103,0.12617763862426304,0.9996954544691009,4,0.7720588235294118,0.8,2,0.9942146902451343,0.09769100148704385,0,0.4866085169695803,explore,0,0.7
1224,2026-04-15T23:56:22.398118,0.12922169023937324,0.999702276282648,4,0.7722448979591837,0.8,2,0.99420094118772,0.09716020683852294,0,0.48700303878278767,explore,0,0.7
1225,2026-04-15T23:56:22.398132,0.13771844028690355,0.9997079636018595,4,0.7724306688417618,0.8,2,0.9942717695205415,0.09690072989064641,0,0.48739788551934854,explore,0,0.7
1226,2026-04-15T23:56:22.398146,0.13194994605597057,0.9997250863714541,4,0.7726161369193154,0.8,2,0.9939531809032904,0.09804592539883507,0,0.4877930473081151,explore,0,0.7
1227,2026-04-15T23:56:22.398161,0.12907239069945387,0.9997116615736942,4,0.7728013029315961,0.8,2,0.9940116908622496,0.0976776777165058,0,0.48818851427006316,explore,0,0.7
1228,2026-04-15T23:56:22.398175,0.13463269855999582,0.9997284174878386,4,0.772986167615948,0.8,2,0.9937420781229097,0.09718941706029405,0,0.48858427651853936,explore,0,0.7
1229,2026-04-15T23:56:22.398189,0.12960923040662034,0.9997383810271415,4,0.7731707317073171,0.8,2,0.9935865735274113,0.09765814753304485,0,0.488980324159508,explore,0,0.7
1230,2026-04-15T23:56:22.398204,0.1336263946460089,0.9997530832545947,4,0.7733549959382616,0.8,2,0.9933812817988794,0.09808538521926709,0,0.48937664729179864,explore,0,0.7
1231,2026-04-15T23:56:22.398218,0.13371309800107062,0.9997540518824567,4,0.773538961038961,0.8,2,0.9929907011624541,0.09657572918574947,0,0.48977323600735373,explore,0,0.7
1232,2026-04-15T23:56:22.398233,0.13818651055259235,0.9997805350790969,4,0.7737226277372263,0.8,2,0.9929996374191032,0.09686684809679919,0,0.49017008039147597,explore,0,0.7
1233,2026-04-15T23:56:22.398247,0.1448743490399271,0.9998090821989591,4,0.7739059967585089,0.8,2,0.9929579402861424,0.09832790884350945,0,0.49056717052307647,explore,0,0.7
1234,2026-04-15T23:56:22.398277,0.12251601111169808,0.9997919882094072,4,0.7740890688259109,0.8,2,0.992877488247855,0.09700690286428121,0,0.49096449647492263,explore,0,0.7
1235,2026-04-15T23:56:22.398292,0.1264088130624066,0.9997774340789037,4,0.7742718446601942,0.8,2,0.9929872506271908,0.0966593056892208,0,0.49136204831388625,explore,0,0.7
1236,2026-04-15T23:56:22.398306,0.1237365470593122,0.9997778651657364,4,0.7744543249797898,0.8,2,0.9933198329899331,0.0975371659749897,0,0.4917598161011922,explore,0,0.7
1237,2026-04-15T23:56:22.398320,0.13170945192453565,0.9997780179278974,4,0.7746365105008077,0.8,2,0.9933105922141712,0.09688044425073854,0,0.49215778989266645,explore,0,0.7
1238,2026-04-15T23:56:22.398335,0.13345485447668928,0.999779206581334,4,0.774818401937046,0.8,2,0.9930811971563699,0.09715198518349921,0,0.49255595973898486,explore,0,0.7
1239,2026-04-15T23:56:22.398349,0.13101227641567081,0.9997953700592829,4,0.775,0.8,2,0.9930820725679022,0.09743687400320189,0,0.49295431568592213,explore,0,0.7
1240,2026-04-15T23:56:22.398363,0.12629561666843614,0.9998134454590483,4,0.7751813053988719,0.8,2,0.9930555557540957,0.09718218842387434,0,0.4933528477746003,explore,0,0.7
1241,2026-04-15T23:56:22.398378,0.13306202280410492,0.9998183257772992,4,0.7753623188405797,0.8,2,0.9930361918314703,0.09730927594999865,0,0.4937515460417379,explore,0,0.7
1242,2026-04-15T23:56:22.398392,0.1239595392493654,0.9998242029411752,4,0.7755430410297667,0.8,2,0.9930485906465759,0.09806009934953445,0,0.49415040051989895,explore,0,0.7
1243,2026-04-15T23:56:22.398407,0.1279725565756932,0.9998104772537926,4,0.7757234726688103,0.8,2,0.9931037310772018,0.09723577742094554,0,0.4945494012377424,explore,0,0.7
1244,2026-04-15T23:56:22.398421,0.12935173116672138,0.9998064384820998,4,0.7759036144578313,0.8,2,0.9929425074617335,0.09772245165084274,0,0.49494853822027096,explore,0,0.7
1245,2026-04-15T23:56:22.398436,0.12391169157589171,0.9998054534017387,4,0.776083467094703,0.8,2,0.9929288870415571,0.09814997713711854,0,0.49534780148908103,explore,0,0.7
1246,2026-04-15T23:56:22.398453,0.12878287764671065,0.9998024645691033,4,0.7762630312750601,0.8,2,0.9931137884894854,0.09781892944998705,0,0.4957471810626115,explore,0,0.7
1247,2026-04-15T23:56:22.398468,0.13425292802917227,0.9998086983715954,4,0.7764423076923077,0.8,2,0.9930680761854844,0.097670621334551,0,0.4961466669563939,explore,0,0.7
1248,2026-04-15T23:56:22.398483,0.13182239336090484,0.9998133969368846,4,0.77662129703763,0.8,2,0.9937666998265932,0.09769285276471196,0,0.4965462491833017,explore,0,0.7
1249,2026-04-15T23:56:22.398497,0.11948424172694151,0.999810110228627,4,0.7768,0.8,2,0.9938067513575648,0.09762415287665849,0,0.49694591775380004,explore,0,0.7
1250,2026-04-15T23:56:22.398511,0.12960927808183095,0.9998016515858456,4,0.7769784172661871,0.8,2,0.9940271511992363,0.09731508576067263,0,0.49734566267619545,explore,0,0.7
1251,2026-04-15T23:56:22.398525,0.12738975902156305,0.9998213308726555,4,0.7771565495207667,0.8,2,0.9947703363153066,0.0976191861228412,0,0.49774547395688573,explore,0,0.7
1252,2026-04-15T23:56:22.398554,0.12808355978744723,0.9998256902120823,4,0.7773343974461293,0.8,2,0.9948406876355604,0.09736195853723247,0,0.49814534160060964,explore,0,0.7
1253,2026-04-15T23:56:22.398580,0.1251756948643747,0.9998258137188948,4,0.777511961722488,0.8,2,0.9948002901964994,0.09827970883532675,0,0.498545255610697,explore,0,0.7
1254,2026-04-15T23:56:22.398602,0.1200044968725256,0.9998347591017964,4,0.7776892430278884,0.8,2,0.99551291495211,0.09744619203609022,0,0.4989452059893183,explore,0,0.7
1255,2026-04-15T23:56:22.398625,0.12274703389588625,0.9998382606971815,4,0.7778662420382165,0.8,2,0.9960900321381927,0.09737591989847895,0,0.4993451827377349,explore,0,0.7
1256,2026-04-15T23:56:22.398642,0.12017617009523533,0.9998346879499319,4,0.7780429594272077,0.8,2,0.9960192462684694,0.09839047414704277,0,0.499745175856549,explore,0,0.7
1257,2026-04-15T23:56:22.398657,0.12913358593943958,0.999832515907179,4,0.7782193958664547,0.8,2,0.9960999232216499,0.0971348263980255,0,0.5001451753459534,explore,0,0.7
1258,2026-04-15T23:56:22.398671,0.14082404714881822,0.9998213896927911,4,0.778395552025417,0.8,2,0.9962310344788097,0.09750293710548658,0,0.5005451712059816,explore,0,0.7
1259,2026-04-15T23:56:22.398686,0.12598089830361242,0.9998245426876973,4,0.7785714285714286,0.8,2,0.9961699333683456,0.0977241688486203,0,0.5009451534367582,explore,0,0.7
1260,2026-04-15T23:56:22.398708,0.11640243152642862,0.9998285657119425,4,0.7787470261697066,0.8,2,0.9962523247639201,0.09749996694330713,0,0.501345112038748,explore,0,0.7
1261,2026-04-15T23:56:22.398723,0.1269078007924135,0.999824783273532,4,0.7789223454833597,0.8,2,0.9961717373364279,0.0975291845245761,0,0.5017450370130069,explore,0,0.7
1262,2026-04-15T23:56:22.398737,0.12440099258724127,0.9998214524111781,4,0.7790973871733967,0.8,2,0.9962056362858588,0.09759322619526535,0,0.5021449183614315,explore,0,0.7
1263,2026-04-15T23:56:22.398752,0.13476498475528448,0.9998400827660363,4,0.7792721518987342,0.8,2,0.9960676866701899,0.09725747747957375,0,0.5025447460870086,explore,0,0.7
1264,2026-04-15T23:56:22.398766,0.11728962442913926,0.999845524473496,4,0.7794466403162056,0.8,2,0.9962098782956539,0.09722105700882497,0,0.5029445101940662,explore,0,0.7
1265,2026-04-15T23:56:22.398781,0.12299538354071468,0.999834059753641,4,0.7796208530805687,0.8,2,0.9962029408812049,0.09750960477368958,0,0.5033442006885221,explore,0,0.7
1266,2026-04-15T23:56:22.398795,0.13621248603897443,0.9998414251489985,4,0.7797947908445146,0.8,2,0.9963983016414564,0.09738215190007585,0,0.5037438075781352,explore,0,0.7
1267,2026-04-15T23:56:22.398814,0.13406852185700485,0.9998444403064817,4,0.7799684542586751,0.8,2,0.9964165888091987,0.09752211950658651,0,0.5041433208727537,explore,0,0.7
1268,2026-04-15T23:56:22.398836,0.13131157569023186,0.9998445732237039,4,0.7801418439716312,0.8,2,0.9962771462684907,0.09757854896666655,0,0.5045427305845662,explore,0,0.7
1269,2026-04-15T23:56:22.398858,0.12472017050961728,0.9998457150948762,4,0.7803149606299212,0.8,2,0.9960640563130403,0.09751562325953232,0,0.5049420267283508,explore,0,0.7
1270,2026-04-15T23:56:22.398881,0.12811462587452083,0.9998549446794609,4,0.7804878048780488,0.8,2,0.9960705176962802,0.09693337205127428,0,0.5053411993217245,explore,0,0.7
1271,2026-04-15T23:56:22.398903,0.12354414221584163,0.9998344916318318,4,0.7806603773584906,0.8,2,0.9957716560882134,0.09703004311300066,0,0.5057402383853934,explore,0,0.7
1272,2026-04-15T23:56:22.398920,0.1226490672225023,0.9998455370595463,4,0.7808326787117046,0.8,2,0.9957340620328499,0.09716811449605278,0,0.5061391339434015,explore,0,0.7
1273,2026-04-15T23:56:22.398941,0.12070503156157225,0.9998303346424434,4,0.7810047095761381,0.8,2,0.9955997747135448,0.09773045968809352,0,0.5065378760233809,explore,0,0.7
1274,2026-04-15T23:56:22.398960,0.12260868703451763,0.9998148394992381,4,0.7811764705882352,0.8,2,0.9952891500900957,0.09763607896048136,0,0.5069364546568002,explore,0,0.7
1275,2026-04-15T23:56:22.398975,0.1293159050054185,0.9998239144004682,4,0.7813479623824452,0.8,2,0.9951079122576348,0.09809953817798882,0,0.5073348598792142,explore,0,0.7
1276,2026-04-15T23:56:22.398990,0.1261071868782721,0.9998082700040811,4,0.7815191855912295,0.8,2,0.9949195064112893,0.09676351160819126,0,0.5077330817305133,explore,0,0.7
1277,2026-04-15T23:56:22.399005,0.11869027365347086,0.9997997703733896,4,0.7816901408450704,0.8,2,0.9950070872685388,0.09763877364818205,0,0.508131110255172,explore,0,0.7
1278,2026-04-15T23:56:22.399019,0.12004516615649292,0.9998119435901972,4,0.7818608287724785,0.8,2,0.9949524037775657,0.09759347235723431,0,0.5085289355024979,explore,0,0.7
1279,2026-04-15T23:56:22.399034,0.1171749381209056,0.9998097616715266,4,0.78203125,0.8,2,0.9948677884056254,0.09771830174783445,0,0.5089265475268803,explore,0,0.7
1280,2026-04-15T23:56:22.399048,0.12410311270325669,0.9997995020622557,4,0.7822014051522248,0.8,2,0.9949374079196307,0.09739280347059844,0,0.5093239363880395,explore,0,0.7
1281,2026-04-15T23:56:22.399063,0.12645984495032814,0.9998053246400559,4,0.782371294851794,0.8,2,0.9948350586357029,0.09835170329356606,0,0.5097210921512746,explore,0,0.7
1282,2026-04-15T23:56:22.399077,0.12464962248540046,0.9998156520216888,4,0.7825409197194076,0.8,2,0.9944388179179251,0.09840766381940674,0,0.5101180048877122,explore,0,0.7
1283,2026-04-15T23:56:22.399092,0.13011339666710314,0.9997673790857161,4,0.7827102803738317,0.8,2,0.9940892170194982,0.097147638877322,0,0.5105146646745546,explore,0,0.7
1284,2026-04-15T23:56:22.399107,0.1283823955364772,0.9997500462452096,4,0.7828793774319066,0.8,2,0.9937344599780957,0.0969893071612626,0,0.5109110615953278,explore,0,0.7
1285,2026-04-15T23:56:22.399122,0.12162509616322324,0.9997640667036382,4,0.7830482115085536,0.8,2,0.9936629989726264,0.09766283185033746,0,0.5113071857401293,explore,0,0.7
1286,2026-04-15T23:56:22.399136,0.12968257698943292,0.9997630330186119,4,0.7832167832167832,0.8,2,0.993385052978741,0.09734473923277338,0,0.5117030272058763,explore,0,0.7
1287,2026-04-15T23:56:22.399151,0.12752536080284624,0.9997632876384777,4,0.7833850931677019,0.8,2,0.993393112120269,0.0977486079381669,0,0.5120985760965528,explore,0,0.7
1288,2026-04-15T23:56:22.399165,0.12002490976103637,0.9997664294821588,4,0.7835531419705197,0.8,2,0.993343118198089,0.09716188260317543,0,0.512493822523457,explore,0,0.7
1289,2026-04-15T23:56:22.399180,0.12888291891260967,0.9997576590084531,4,0.7837209302325582,0.8,2,0.9932232336197806,0.0969293236443632,0,0.5128887566054486,explore,0,0.7
1290,2026-04-15T23:56:22.399194,0.12955857441678245,0.9997470747212124,4,0.7838884585592564,0.8,2,0.9929414945252253,0.09737496732039069,0,0.5132833684691965,explore,0,0.7
1291,2026-04-15T23:56:22.399208,0.12619824162966506,0.9997843675644975,4,0.7840557275541795,0.8,2,0.9930315283731321,0.09727036831360054,0,0.5136776482494245,explore,0,0.7
1292,2026-04-15T23:56:22.399223,0.11352117396369142,0.9997893339063487,4,0.7842227378190255,0.8,2,0.9928899797805553,0.09732892729620088,0,0.5140715860891587,explore,0,0.7
1293,2026-04-15T23:56:22.399237,0.12845314480036735,0.9998085406012577,4,0.7843894899536321,0.8,2,0.9930520691550313,0.09762477673637905,0,0.5144651721399736,explore,0,0.7
1294,2026-04-15T23:56:22.399263,0.12805581373986794,0.9998167468740631,4,0.7845559845559845,0.8,2,0.9927175876503072,0.09772233466202775,0,0.5148583965622382,explore,0,0.7
1295,2026-04-15T23:56:22.399279,0.12158863740548984,0.9998142572588691,4,0.7847222222222222,0.8,2,0.9923588265875156,0.09843248055555173,0,0.5152512495253628,explore,0,0.7
1296,2026-04-15T23:56:22.399293,0.11925695419374979,0.9998176748336596,4,0.7848882035466461,0.8,2,0.992330621596655,0.09684934159872947,0,0.5156437212080436,explore,0,0.7
1297,2026-04-15T23:56:22.399307,0.12812646301190017,0.9998232765057707,4,0.7850539291217258,0.8,2,0.9923785007924312,0.09754027105509983,0,0.5160358017985088,explore,0,0.7
1298,2026-04-15T23:56:22.399322,0.11464925467975942,0.9998219390292188,4,0.7852193995381063,0.8,2,0.9924681301425899,0.09683551036747502,0,0.5164274814947644,explore,0,0.7
1299,2026-04-15T23:56:22.399356,0.12505539991645326,0.9998077746096801,4,0.7853846153846153,0.8,2,0.9927033095170568,0.09675949041995054,0,0.5168187505048382,explore,0,0.7
1300,2026-04-15T23:56:22.399372,0.12580331327021899,0.9989498663571864,4,0.7847809377401999,0.8,2,0.0,0.08626918296788669,0,0.5172095990470252,exploit,1,0.5
1301,2026-04-15T23:56:22.399386,0.12138774942370804,0.9982295829022985,4,0.7841781874039938,0.8,2,0.0,0.08690058532656966,0,0.5176000173501325,exploit,1,0.5
1302,2026-04-15T23:56:22.399400,0.12532635411157678,0.9975232306550182,4,0.7835763622409824,0.8,2,0.0,0.08626824427268136,0,0.5179899956537227,exploit,1,0.5
1303,2026-04-15T23:56:22.399414,0.1187260478364065,0.9968715606878797,4,0.7829754601226994,0.8,2,0.0,0.08577891888125563,0,0.5183795242083586,exploit,1,0.5
1304,2026-04-15T23:56:22.399428,0.1289156634897693,0.9965911386993848,4,0.782375478927203,0.8,2,0.0,0.08665676756340067,0,0.5187685932758465,exploit,1,0.5
1305,2026-04-15T23:56:22.399441,0.12704893121128777,0.996115531691465,4,0.7817764165390505,0.8,2,0.0,0.08659726813223753,0,0.5191571931294799,exploit,1,0.5
1306,2026-04-15T23:56:22.399459,0.1263732905634904,0.9958970347850947,4,0.7811782708492732,0.8,2,0.0,0.08629167220684976,0,0.5195453140542831,exploit,1,0.5
1307,2026-04-15T23:56:22.399473,0.11309839829547522,0.9956263071797745,4,0.7805810397553516,0.8,2,0.0,0.0872454994752907,0,0.5199329463472527,exploit,1,0.5
1308,2026-04-15T23:56:22.399487,0.12366448733745326,0.9953756930901124,4,0.7799847211611918,0.8,2,0.0,0.0857276864368472,0,0.5203200803176019,exploit,1,0.5
1309,2026-04-15T23:56:22.399500,0.12472717608356539,0.9953844757893583,4,0.7793893129770992,0.8,2,0.0,0.08583675819038043,0,0.5207067062870014,exploit,1,0.5
1310,2026-04-15T23:56:22.399514,0.11476362109656812,0.9952181252024331,4,0.778794813119756,0.8,2,0.0,0.08493912996461761,0,0.5210928145898223,exploit,1,0.5
1311,2026-04-15T23:56:22.399527,0.12060473383011483,0.9953327313425608,4,0.7782012195121951,0.8,2,0.0,0.08561979936705288,0,0.5214783955733769,exploit,1,0.5
1312,2026-04-15T23:56:22.399541,0.11708707279963484,0.9956260566975023,4,0.7776085300837776,0.8,2,0.0,0.0859085760199099,0,0.5218634395981611,exploit,1,0.5
1313,2026-04-15T23:56:22.399554,0.12919526882547358,0.9959096481236204,4,0.7770167427701674,0.8,2,0.0,0.08613916455298129,0,0.5222479370380939,exploit,1,0.5
1314,2026-04-15T23:56:22.399568,0.1267672630578272,0.9962029376449344,4,0.776425855513308,0.8,2,0.0,0.08691868558659191,0,0.5226318782807594,exploit,1,0.5
1315,2026-04-15T23:56:22.399581,0.11872148201263158,0.9966819143385212,4,0.7758358662613982,0.8,2,0.0,0.08606109911870674,0,0.5230152537276468,exploit,1,0.5
1316,2026-04-15T23:56:22.399595,0.1168735523827227,0.9974007622766329,4,0.7752467729688687,0.8,2,0.0,0.08636754537850906,0,0.5233980537943896,exploit,1,0.5
1317,2026-04-15T23:56:22.399608,0.13074845791117234,0.9981603638625867,4,0.7754172989377845,0.8,2,0.0,0.08571335871917332,0,0.5237802689110062,exploit,1,0.5
1318,2026-04-15T23:56:22.399622,0.12546321741764488,0.9990037061875509,4,0.775587566338135,0.8,2,0.0,0.08604941258145293,0,0.5241618895221386,exploit,1,0.5
1319,2026-04-15T23:56:22.399636,0.12599133897537915,0.9997385960168731,4,0.7757575757575758,0.8,2,0.9935357751380619,0.08596701144763937,0,0.5245429060872914,exploit,1,0.5
1320,2026-04-15T23:56:22.399650,0.1166245026867733,0.9997190357449365,4,0.7759273277819834,0.8,2,0.9936225715024931,0.08579633177114653,0,0.5249233090810703,exploit,1,0.5
1321,2026-04-15T23:56:22.399665,0.11066959343750532,0.9997165256827909,4,0.7760968229954615,0.8,2,0.9943076148136503,0.0855820600272928,0,0.5253030889934203,exploit,1,0.5
1322,2026-04-15T23:56:22.399679,0.11743485157226577,0.9997041710601335,4,0.7762660619803476,0.8,2,0.9940047479924458,0.0855892962536507,0,0.5256822363298632,exploit,1,0.5
1323,2026-04-15T23:56:22.399694,0.12489379437839294,0.9997032979904378,4,0.7764350453172205,0.8,2,0.9936656317981318,0.08746842450296599,0,0.5260607416117355,exploit,1,0.5
1324,2026-04-15T23:56:22.399720,0.12206856587545974,0.9997108466293841,4,0.7766037735849056,0.8,2,0.9937252319172041,0.08596749720246788,0,0.5264385953764249,exploit,1,0.5
1325,2026-04-15T23:56:22.399743,0.1333015391568383,0.9997161722242608,4,0.7767722473604827,0.8,2,0.9938759315739689,0.08583030311538542,0,0.5268157881776069,exploit,1,0.5
1326,2026-04-15T23:56:22.399763,0.13343572433280138,0.9997355517849494,4,0.7769404672192917,0.8,2,0.9938454558019412,0.08617194255429778,0,0.527192310585481,exploit,1,0.5
1327,2026-04-15T23:56:22.399782,0.12082891117912663,0.9997208729253008,4,0.7771084337349398,0.8,2,0.9938408191953901,0.08766811504998052,0,0.5275681531870068,exploit,1,0.5
1328,2026-04-15T23:56:22.399804,0.12486791322574187,0.9997342214732212,4,0.7772761474793077,0.8,2,0.9931408448669473,0.08562037537016358,0,0.5279433065861389,exploit,1,0.5
1329,2026-04-15T23:56:22.399826,0.11829822771922109,0.9997457079119738,4,0.7774436090225564,0.8,2,0.9929835803356626,0.08641515248246014,0,0.5283177614040615,exploit,1,0.5
1330,2026-04-15T23:56:22.399842,0.12712029121434545,0.9997614596374211,4,0.777610818933133,0.8,2,0.9935481409755293,0.08643884109288352,0,0.528691508279424,exploit,1,0.5
1331,2026-04-15T23:56:22.399856,0.11843485352976009,0.999763211579247,4,0.7777777777777778,0.8,2,0.9934574520439456,0.08634893939109381,0,0.5290645378685739,exploit,1,0.5
1332,2026-04-15T23:56:22.399871,0.13056809920331403,0.999788923440917,4,0.7779444861215303,0.8,2,0.9934595146777376,0.08548023452771199,0,0.5294368408457908,exploit,1,0.5
1333,2026-04-15T23:56:22.399885,0.13172035238608187,0.999816799849031,4,0.7781109445277361,0.8,2,0.9931341936187281,0.08692995359567894,0,0.5298084079035197,exploit,1,0.5
1334,2026-04-15T23:56:22.399899,0.11714411946756143,0.9997989776849249,4,0.7782771535580524,0.8,2,0.9932059149777037,0.08642747327513399,0,0.5301792297526036,exploit,1,0.5
1335,2026-04-15T23:56:22.399914,0.11807174348891539,0.9997829457478491,4,0.7784431137724551,0.8,2,0.9931067188455368,0.08671949039067758,0,0.5305492971225154,exploit,1,0.5
1336,2026-04-15T23:56:22.399933,0.12086970687908448,0.999783338940592,4,0.7786088257292446,0.8,2,0.993230458720556,0.08657505049782982,0,0.5309186007615904,exploit,1,0.5
1337,2026-04-15T23:56:22.399956,0.11710980989563172,0.9997836078975519,4,0.7787742899850523,0.8,2,0.9932882703136638,0.08562463421835259,0,0.5312871314372566,exploit,1,0.5
1338,2026-04-15T23:56:22.399972,0.12105834572433566,0.9997843690707866,4,0.7789395070948469,0.8,2,0.9931961248056445,0.08589850249431784,0,0.5316548799362665,exploit,1,0.5
1339,2026-04-15T23:56:22.399986,0.11977436521455713,0.9998011102489585,4,0.7791044776119403,0.8,2,0.9931524127080102,0.08637078516728833,0,0.5320218370649266,exploit,1,0.5
1340,2026-04-15T23:56:22.400001,0.11383406625192814,0.9998171845477164,4,0.779269202087994,0.8,2,0.9929929391971787,0.08565125342901565,0,0.5323879936493279,exploit,1,0.5
1341,2026-04-15T23:56:22.400015,0.1232298835355633,0.999821822550299,4,0.7794336810730254,0.8,2,0.9930740479376559,0.08633322468266316,0,0.5327533405355748,exploit,1,0.5
1342,2026-04-15T23:56:22.400030,0.11438519672093966,0.9998259432662068,4,0.7795979151154132,0.8,2,0.9931822263655125,0.0866838844568474,0,0.5331178685900142,exploit,1,0.5
1343,2026-04-15T23:56:22.400044,0.12176921409556311,0.999814666358902,4,0.7797619047619048,0.8,2,0.9933685261296399,0.08616666435567155,0,0.5334815686994638,exploit,1,0.5
1344,2026-04-15T23:56:22.400058,0.11831458160840111,0.9998124834778763,4,0.7799256505576209,0.8,2,0.9933601549789877,0.08591008131192891,0,0.5338444317714397,exploit,1,0.5
1345,2026-04-15T23:56:22.400073,0.11788826745717781,0.999811900611704,4,0.7800891530460624,0.8,2,0.9934034743319943,0.08655055184127647,0,0.5342064487343842,exploit,1,0.5
1346,2026-04-15T23:56:22.400087,0.11968338974193496,0.9998090712396183,4,0.7802524127691166,0.8,2,0.9934192619191478,0.0868626252017137,0,0.5345676105378918,exploit,1,0.5
1347,2026-04-15T23:56:22.400103,0.12399571887713141,0.9998166798800159,4,0.7804154302670623,0.8,2,0.9933683842309735,0.08632921107415761,0,0.5349279081529363,exploit,1,0.5
1348,2026-04-15T23:56:22.400131,0.1214176352676394,0.9998204378654533,4,0.7805782060785768,0.8,2,0.9946630351107697,0.08686423956274027,0,0.5352873325720962,exploit,1,0.5
1349,2026-04-15T23:56:22.400147,0.11119798801363137,0.999817198223127,4,0.7807407407407407,0.8,2,0.9946649022247747,0.08620941394993081,0,0.5356458748097797,exploit,1,0.5
1350,2026-04-15T23:56:22.400161,0.12133137576988727,0.9998078606336288,4,0.7809030347890451,0.8,2,0.9945577331096244,0.08659995687247668,0,0.5360035259024494,exploit,1,0.5
1351,2026-04-15T23:56:22.400178,0.12280825774413459,0.9998238841361454,4,0.7810650887573964,0.8,2,0.9946530160412472,0.08695512664622318,0,0.5363602769088468,exploit,1,0.5
1352,2026-04-15T23:56:22.400193,0.11380892451493047,0.9998293572729535,4,0.7812269031781227,0.8,2,0.9947008562366434,0.08564925791051263,0,0.5367161189102152,exploit,1,0.5
1353,2026-04-15T23:56:22.400208,0.11506312675863906,0.9998294302504528,4,0.7813884785819794,0.8,2,0.9946268833915518,0.0872880655645048,0,0.5370710430105232,exploit,1,0.5
1354,2026-04-15T23:56:22.400222,0.11449758468158602,0.999839016508919,4,0.7815498154981549,0.8,2,0.9942836516266367,0.08828075310531189,0,0.5374250403366867,exploit,1,0.5
1355,2026-04-15T23:56:22.400237,0.11631744929044206,0.9998428748076724,4,0.7817109144542773,0.8,2,0.9944278230438542,0.08637236199440011,0,0.5377781020387911,exploit,1,0.5
1356,2026-04-15T23:56:22.400260,0.11400050789059905,0.9998386933280872,4,0.7818717759764185,0.8,2,0.9941630883971262,0.08729336803184871,0,0.5381302192903119,exploit,1,0.5
1357,2026-04-15T23:56:22.400276,0.11559439530231863,0.9998364198713063,4,0.7820324005891016,0.8,2,0.9945114531342567,0.08631367109547,0,0.5384813832883366,exploit,1,0.5
1358,2026-04-15T23:56:22.400290,0.12431672662110294,0.9998249766132847,4,0.7821927888153054,0.8,2,0.9944558743680956,0.08613507680157971,0,0.5388315852537833,exploit,1,0.5
1359,2026-04-15T23:56:22.400315,0.10962508240236159,0.9998278942133457,4,0.7823529411764706,0.8,2,0.994406949943468,0.08650368883933067,0,0.539180816431621,exploit,1,0.5
1360,2026-04-15T23:56:22.400339,0.10487443986807093,0.9998318084114873,4,0.7825128581925055,0.8,2,0.9949430482703527,0.08613405492896412,0,0.5395290680910887,exploit,1,0.5
1361,2026-04-15T23:56:22.400361,0.11985331536524742,0.9998286585869554,4,0.7826725403817915,0.8,2,0.9948580169034605,0.08673408842323277,0,0.5398763315259129,exploit,1,0.5
1362,2026-04-15T23:56:22.400376,0.11709881526099902,0.9998258951717647,4,0.7828319882611886,0.8,2,0.9947868944351723,0.08616892297890125,0,0.5402225980545258,exploit,1,0.5
1363,2026-04-15T23:56:22.400391,0.11940545733671315,0.9998425450378098,4,0.782991202346041,0.8,2,0.9948231742754485,0.08697919683979749,0,0.5405678590202823,exploit,1,0.5
1364,2026-04-15T23:56:22.400405,0.11105979285360074,0.9998476547342204,4,0.7831501831501831,0.8,2,0.9948749705786775,0.08579703356007534,0,0.5409121057916761,exploit,1,0.5
1365,2026-04-15T23:56:22.400422,0.11445128654593767,0.9998380942653375,4,0.7833089311859444,0.8,2,0.9948174391362501,0.08607249894570893,0,0.5412553297625561,exploit,1,0.5
1366,2026-04-15T23:56:22.400443,0.12133961524515983,0.9998448183873906,4,0.783467446964155,0.8,2,0.9948585374461092,0.08617747258403041,0,0.5415975223523407,exploit,1,0.5
1367,2026-04-15T23:56:22.400461,0.1263404769702142,0.9998496265387239,4,0.783625730994152,0.8,2,0.9948571717299437,0.08641464768628836,0,0.541938675006233,exploit,1,0.5
1368,2026-04-15T23:56:22.400476,0.12237892016802907,0.9998505000092309,4,0.7837837837837838,0.8,2,0.994824237972318,0.08617439940724765,0,0.5422787791954344,exploit,1,0.5
1369,2026-04-15T23:56:22.400491,0.11250414366207266,0.999852226361895,4,0.7839416058394161,0.8,2,0.994885346516724,0.08632637644435011,0,0.542617826417358,exploit,1,0.5
1370,2026-04-15T23:56:22.400505,0.1203247616241522,0.9998628049993143,4,0.7840991976659373,0.8,2,0.9949430311356048,0.08608242243880507,0,0.5429558081958409,exploit,1,0.5
1371,2026-04-15T23:56:22.400520,0.11918384325539244,0.9998423562987073,4,0.7842565597667639,0.8,2,0.9948247525228471,0.08604125157677472,0,0.5432927160813561,exploit,1,0.5
1372,2026-04-15T23:56:22.400534,0.11396067724448285,0.999851833567034,4,0.7844136926438456,0.8,2,0.9948698960564512,0.08636376338734078,0,0.5436285416512242,exploit,1,0.5
1373,2026-04-15T23:56:22.400549,0.11320568339601274,0.9998348916386093,4,0.784570596797671,0.8,2,0.99502224513456,0.0860970387325577,0,0.5439632765098232,exploit,1,0.5
1374,2026-04-15T23:56:22.400563,0.11100631144880183,0.9998241881821667,4,0.7847272727272727,0.8,2,0.9955891017991126,0.08641223909878563,0,0.5442969122887993,exploit,1,0.5
1375,2026-04-15T23:56:22.400578,0.11741123410363183,0.9998332904456392,4,0.7848837209302325,0.8,2,0.9953876580590593,0.0869026546229067,0,0.5446294406472753,exploit,1,0.5
1376,2026-04-15T23:56:22.400593,0.11948858685549268,0.99982089372879,4,0.785039941902687,0.8,2,0.9950879187542472,0.08501005474925712,0,0.5449608532720595,exploit,1,0.5
1377,2026-04-15T23:56:22.400607,0.10524022564129461,0.9998136623486321,4,0.7851959361393324,0.8,2,0.9951204352569182,0.08576377364818205,0,0.5452911418778535,exploit,1,0.5
1378,2026-04-15T23:56:22.400622,0.11897197185303043,0.9998258631080804,4,0.78535170413343,0.8,2,0.9951287057669987,0.0858404033685881,0,0.5456202982074597,exploit,1,0.5
1379,2026-04-15T23:56:22.400637,0.11024055977121167,0.9998229325175235,4,0.7855072463768116,0.8,2,0.9952061876721947,0.08603776333715274,0,0.5459483140319867,exploit,1,0.5
1380,2026-04-15T23:56:22.400651,0.11592184694912332,0.9998129599191511,4,0.7856625633598842,0.8,2,0.9950758090720295,0.08697062898588666,0,0.546275181151056,exploit,1,0.5
1381,2026-04-15T23:56:22.400666,0.11399159908576739,0.9998180530030646,4,0.7858176555716353,0.8,2,0.9951154194453036,0.08681626820322262,0,0.5466008913930067,exploit,1,0.5
1382,2026-04-15T23:56:22.400680,0.11395767906045606,0.9998277219835165,4,0.7859725234996384,0.8,2,0.9945490458198551,0.08679779107302274,0,0.5469254366150997,exploit,1,0.5
1383,2026-04-15T23:56:22.400695,0.12531647349982228,0.9997779985108611,4,0.7861271676300579,0.8,2,0.994350776044985,0.0866458519855524,0,0.5472488087037214,exploit,1,0.5
1384,2026-04-15T23:56:22.400715,0.11890453054961772,0.9997599192155162,4,0.7862815884476534,0.8,2,0.9941982352505039,0.08674726431406077,0,0.5475709995745863,exploit,1,0.5
1385,2026-04-15T23:56:22.400729,0.1123288078123463,0.9997710910283223,4,0.7864357864357865,0.8,2,0.9937428314764624,0.08730002535239087,0,0.5478920011729395,exploit,1,0.5
1386,2026-04-15T23:56:22.400744,0.12432473069424144,0.9997704901040562,4,0.786589762076424,0.8,2,0.9936955612723029,0.08702877249943711,0,0.5482118054737578,exploit,1,0.5
1387,2026-04-15T23:56:22.400758,0.11426379416892521,0.9997705530472227,4,0.7867435158501441,0.8,2,0.9937074682983369,0.08635136057831971,0,0.5485304044819503,exploit,1,0.5
1388,2026-04-15T23:56:22.400773,0.11078471074420129,0.9997737861700093,4,0.7868970482361412,0.8,2,0.9936240146985786,0.08617773984336727,0,0.5488477902325584,exploit,1,0.5
1389,2026-04-15T23:56:22.400787,0.12490894038700058,0.9997662277381866,4,0.7870503597122303,0.8,2,0.9932487439890242,0.08597532050736252,0,0.5491639547909547,exploit,1,0.5
1390,2026-04-15T23:56:22.400802,0.1237347453161073,0.9997535445806348,4,0.7872034507548527,0.8,2,0.9930385093950626,0.08668881709101539,0,0.5494788902530419,exploit,1,0.5
1391,2026-04-15T23:56:22.400816,0.11764228851181753,0.9997896704523962,4,0.7873563218390804,0.8,2,0.9931012526050154,0.08638924948333054,0,0.5497925887454498,exploit,1,0.5
1392,2026-04-15T23:56:22.400830,0.1043278451763201,0.999794205608284,4,0.7875089734386217,0.8,2,0.992896335837596,0.08615894047226598,0,0.5501050424257324,exploit,1,0.5
1393,2026-04-15T23:56:22.400845,0.11533333777324184,0.9998146575815833,4,0.787661406025825,0.8,2,0.9929112723397471,0.08608916650388726,0,0.5504162434825641,exploit,1,0.5
1394,2026-04-15T23:56:22.400859,0.11828326659262307,0.9998204754444018,4,0.7878136200716845,0.8,2,0.9927424281666327,0.08632050191688273,0,0.5507261841359345,exploit,1,0.5
1395,2026-04-15T23:56:22.400889,0.11404389209021609,0.9998182103294285,4,0.7879656160458453,0.8,2,0.9926284265667664,0.08711107485271118,0,0.5510348566373435,exploit,1,0.5
1396,2026-04-15T23:56:22.400904,0.1075816210026629,0.9998184887568191,4,0.788117394416607,0.8,2,0.9929999491641932,0.08555611320599338,0,0.5513422532699948,exploit,1,0.5
1397,2026-04-15T23:56:22.400919,0.11655409984190297,0.9998230248167683,4,0.7882689556509299,0.8,2,0.9930743495592014,0.08599236242730411,0,0.5516483663489882,exploit,1,0.5
1398,2026-04-15T23:56:22.400933,0.10468550465386603,0.9998218668852407,4,0.7884203002144389,0.8,2,0.993089739151963,0.08573045587968825,0,0.5519531882215128,exploit,1,0.5
1399,2026-04-15T23:56:22.400948,0.11866482029764555,0.9998102372641162,4,0.7885714285714286,0.8,2,0.9931117246076604,0.08596694774591135,0,0.552256711267038,exploit,1,0.5
1400,2026-04-15T23:56:22.400966,0.12003796413036907,0.998925089793333,4,0.7880085653104925,0.8,2,0.0,0.09767269828382287,0,0.5525589278975032,explore,0,0.7
1401,2026-04-15T23:56:22.400979,0.1126387968215927,0.9980889826054612,4,0.7874465049928673,0.8,2,0.0,0.09787732365754781,0,0.5528598305575083,explore,0,0.7
1402,2026-04-15T23:56:22.400993,0.11932184684292277,0.9974237690143446,4,0.7868852459016393,0.8,2,0.0,0.09727132520458831,0,0.5531594117245026,explore,0,0.7
1403,2026-04-15T23:56:22.401006,0.11369688042634742,0.9969420039638053,4,0.7863247863247863,0.8,2,0.0,0.09753517704635901,0,0.5534576639089726,explore,0,0.7
1404,2026-04-15T23:56:22.401020,0.12123044685845061,0.9962142477708849,4,0.7857651245551601,0.8,2,0.0,0.09743103131649188,0,0.5537545796546289,explore,0,0.7
1405,2026-04-15T23:56:22.401033,0.11959760793643254,0.9958617551533527,4,0.7852062588904695,0.8,2,0.0,0.09759391901445613,0,0.5540501515385937,explore,0,0.7
1406,2026-04-15T23:56:22.401047,0.12516461748868063,0.9954222333775282,4,0.7846481876332623,0.8,2,0.0,0.0969978138955308,0,0.5543443721715852,explore,0,0.7
1407,2026-04-15T23:56:22.401060,0.10632620173115817,0.9952429076619973,4,0.7840909090909091,0.8,2,0.0,0.09731432585814581,0,0.5546372341981027,explore,0,0.7
1408,2026-04-15T23:56:22.401073,0.118221749354223,0.9951886878987202,4,0.7835344215755855,0.8,2,0.0,0.09721506335318642,0,0.554928730296611,explore,0,0.7
1409,2026-04-15T23:56:22.401087,0.11823913517345473,0.995079041440729,4,0.7829787234042553,0.8,2,0.0,0.097061781386548,0,0.5552188531797229,explore,0,0.7
1410,2026-04-15T23:56:22.401100,0.11125022588628891,0.9953415894432477,4,0.7824238128986535,0.8,2,0.0,0.0968141299646176,0,0.5555075955943811,explore,0,0.7
1411,2026-04-15T23:56:22.401114,0.11550348382061304,0.9954404551646618,4,0.7818696883852692,0.8,2,0.0,0.09742403481404177,0,0.5557949503220405,explore,0,0.7
1412,2026-04-15T23:56:22.401127,0.1162495903442396,0.995514582681209,4,0.7813163481953291,0.8,2,0.0,0.09695934073446734,0,0.5560809101788479,explore,0,0.7
1413,2026-04-15T23:56:22.401141,0.12439096912577349,0.9958502804271395,4,0.7807637906647807,0.8,2,0.0,0.0971385218008795,0,0.5563654680158217,explore,0,0.7
1414,2026-04-15T23:56:22.401154,0.1169871360787158,0.9963905671836173,4,0.7802120141342757,0.8,2,0.0,0.09790344509942195,0,0.5566486167190308,explore,0,0.7
1415,2026-04-15T23:56:22.401167,0.10753339255390744,0.9969006046379043,4,0.7796610169491526,0.8,2,0.0,0.0976125738568897,0,0.5569303492097722,explore,0,0.7
1416,2026-04-15T23:56:22.401180,0.111830925742652,0.997381187271714,4,0.7798165137614679,0.8,2,0.0,0.0977483416160167,0,0.5572106584447486,explore,0,0.7
1417,2026-04-15T23:56:22.401194,0.12787347997845422,0.9979969877515779,4,0.7799717912552891,0.8,2,0.0,0.09687842118128433,0,0.5574895374162436,explore,0,0.7
1418,2026-04-15T23:56:22.401207,0.12009547341104304,0.9987060096763689,4,0.7801268498942917,0.8,2,0.0,0.09697376408726871,0,0.5577669791522974,explore,0,0.7
1419,2026-04-15T23:56:22.401220,0.1187299852592367,0.999734568116237,4,0.780281690140845,0.8,2,0.9935049846781523,0.09658238803496526,0,0.5580429767168812,explore,0,0.7
1420,2026-04-15T23:56:22.401235,0.11801491508283252,0.9997144293022574,4,0.7804363124560169,0.8,2,0.9937554363624502,0.09676840889935108,0,0.5583175232100701,explore,0,0.7
1421,2026-04-15T23:56:22.401249,0.11349398733141917,0.9997123102515827,4,0.7805907172995781,0.8,2,0.9941453432920289,0.09745706002729278,0,0.5585906117682161,explore,0,0.7
1422,2026-04-15T23:56:22.401274,0.1146719889634192,0.9996970076302828,4,0.780744905130007,0.8,2,0.9939348194171223,0.09653973792803466,0,0.5588622355641195,explore,0,0.7
1423,2026-04-15T23:56:22.401289,0.11256960812815825,0.9996954544701491,4,0.7808988764044944,0.8,2,0.994212413274081,0.09769100148704385,0,0.5591323878071995,explore,0,0.7
1424,2026-04-15T23:56:22.401304,0.11558856324713282,0.9997022762836272,4,0.7810526315789473,0.8,2,0.9941938861969447,0.09716020683852294,0,0.5594010617436641,explore,0,0.7
1425,2026-04-15T23:56:22.401318,0.12347212135316103,0.9997079636028154,4,0.7812061711079944,0.8,2,0.9942616836496719,0.09690072989064641,0,0.559668250656679,explore,0,0.7
1426,2026-04-15T23:56:22.401332,0.11793878235950102,0.9997250863721562,4,0.7813594954449895,0.8,2,0.9939490228090249,0.09804592539883507,0,0.5599339478665352,explore,0,0.7
1427,2026-04-15T23:56:22.401346,0.11549923271043125,0.999711661574566,4,0.7815126050420168,0.8,2,0.9940059321810468,0.0976776777165058,0,0.5601981467308162,explore,0,0.7
1428,2026-04-15T23:56:22.401361,0.12073549172536255,0.9997284174886957,4,0.781665500349895,0.8,2,0.9937138296740085,0.09718941706029405,0,0.5604608406445644,explore,0,0.7
1429,2026-04-15T23:56:22.401375,0.11609866886912545,0.9997383810280868,4,0.7818181818181819,0.8,2,0.9935596824645362,0.09765814753304485,0,0.5607220230404454,explore,0,0.7
1430,2026-04-15T23:56:22.401389,0.11973096213035314,0.9997530832554999,4,0.7819706498951782,0.8,2,0.993359892356193,0.09808538521926709,0,0.5609816873889129,explore,0,0.7
1431,2026-04-15T23:56:22.401404,0.12006132604288017,0.9997540518833006,4,0.7821229050279329,0.8,2,0.9929645533410199,0.09657572918574947,0,0.5612398271983718,explore,0,0.7
1432,2026-04-15T23:56:22.401418,0.12407228654200578,0.9997805350797179,4,0.782274947662247,0.8,2,0.9929727093002045,0.09686684809679919,0,0.5614964360153405,explore,0,0.7
1433,2026-04-15T23:56:22.401433,0.13053227654125665,0.9998090821993092,4,0.7824267782426778,0.8,2,0.9929350518372375,0.09832790884350945,0,0.5617515074246117,explore,0,0.7
1434,2026-04-15T23:56:22.401447,0.10932506627755655,0.9997919882098013,4,0.7825783972125435,0.8,2,0.99284621747155,0.09700690286428121,0,0.5620050350494133,explore,0,0.7
1435,2026-04-15T23:56:22.401464,0.11303578057218705,0.9997774340792899,4,0.7827298050139275,0.8,2,0.9929635964416368,0.0966593056892208,0,0.5622570125515683,explore,0,0.7
1436,2026-04-15T23:56:22.401479,0.11035947300307852,0.9997778651661231,4,0.7828810020876826,0.8,2,0.9933064799998546,0.0975371659749897,0,0.562507433631652,explore,0,0.7
1437,2026-04-15T23:56:22.401493,0.11822256838153691,0.9997780179283211,4,0.7830319888734353,0.8,2,0.9932945081553406,0.09688044425073854,0,0.5627562920291506,explore,0,0.7
1438,2026-04-15T23:56:22.401507,0.11976328004526565,0.9997792065818181,4,0.78318276580959,0.8,2,0.9930720644997559,0.09715198518349921,0,0.5630035815226169,explore,0,0.7
1439,2026-04-15T23:56:22.401522,0.11746250795101648,0.9997953700596519,4,0.7833333333333333,0.8,2,0.9930693415476427,0.09743687400320189,0,0.5632492959298265,explore,0,0.7
1440,2026-04-15T23:56:22.401536,0.11308167336371269,0.999813445459443,4,0.7834836918806385,0.8,2,0.9930462593809736,0.09718218842387434,0,0.5634934291079323,explore,0,0.7
1441,2026-04-15T23:56:22.401550,0.11938426310315964,0.9998183257777081,4,0.7836338418862691,0.8,2,0.9930284451472324,0.09730927594999865,0,0.5637359749536172,explore,0,0.7
1442,2026-04-15T23:56:22.401564,0.11082532836100648,0.9998242029416774,4,0.7837837837837838,0.8,2,0.9930317309114698,0.09806009934953445,0,0.5639769274032479,explore,0,0.7
1443,2026-04-15T23:56:22.401579,0.11451378244595918,0.9998104772541935,4,0.7839335180055401,0.8,2,0.9930855686663554,0.09723577742094554,0,0.5642162804330256,explore,0,0.7
1444,2026-04-15T23:56:22.401606,0.11588959824324481,0.999806438482369,4,0.784083044982699,0.8,2,0.9929193409019844,0.09772245165084274,0,0.564454028059137,explore,0,0.7
1445,2026-04-15T23:56:22.401622,0.11063279652008026,0.9998054534020054,4,0.7842323651452282,0.8,2,0.9929048078551028,0.09814997713711854,0,0.5646901643379041,explore,0,0.7
1446,2026-04-15T23:56:22.401636,0.11532277394981491,0.9998024645693775,4,0.7843814789219073,0.8,2,0.9930938649117269,0.09781892944998705,0,0.5649246833659319,explore,0,0.7
1447,2026-04-15T23:56:22.401650,0.12051139487980919,0.9998086983717288,4,0.7845303867403315,0.8,2,0.9930502153445459,0.097670621334551,0,0.5651575792802571,explore,0,0.7
1448,2026-04-15T23:56:22.401665,0.1182232273865015,0.9998133969371128,4,0.7846790890269151,0.8,2,0.9937669213121496,0.09769285276471196,0,0.5653888462584938,explore,0,0.7
1449,2026-04-15T23:56:22.401679,0.10661117451285773,0.9998101102288092,4,0.7848275862068965,0.8,2,0.9938082968156092,0.09762415287665849,0,0.5656184785189798,explore,0,0.7
1450,2026-04-15T23:56:22.401694,0.11609488240717858,0.9998016515861822,4,0.7849758787043418,0.8,2,0.9940266425424228,0.09731508576067263,0,0.5658464703209205,explore,0,0.7
1451,2026-04-15T23:56:22.401713,0.11386354412098826,0.9998213308731075,4,0.7851239669421488,0.8,2,0.9947783755936659,0.0976191861228412,0,0.5660728159645325,explore,0,0.7
1452,2026-04-15T23:56:22.401728,0.1148851536518895,0.9998256902126096,4,0.7852718513420509,0.8,2,0.9948470197071709,0.09736195853723247,0,0.5662975097911869,explore,0,0.7
1453,2026-04-15T23:56:22.401742,0.1119975484683959,0.9998258137194381,4,0.7854195323246217,0.8,2,0.9948083999518551,0.09827970883532675,0,0.5665205461835494,explore,0,0.7
1454,2026-04-15T23:56:22.401756,0.10701332064490167,0.9998347591023536,4,0.7855670103092783,0.8,2,0.9955203180386942,0.09744619203609022,0,0.5667419195657218,explore,0,0.7
1455,2026-04-15T23:56:22.401770,0.10960341683882674,0.9998382606979638,4,0.7857142857142857,0.8,2,0.9960879239723388,0.09737591989847895,0,0.5669616244033814,explore,0,0.7
1456,2026-04-15T23:56:22.401785,0.10723231039686942,0.9998346879507696,4,0.7858613589567605,0.8,2,0.9960153604663641,0.09839047414704277,0,0.5671796552039184,explore,0,0.7
1457,2026-04-15T23:56:22.401799,0.1158052658134322,0.9998325159079585,4,0.7860082304526749,0.8,2,0.9960966758417498,0.0971348263980255,0,0.5673960065165743,explore,0,0.7
1458,2026-04-15T23:56:22.401814,0.12687892351093366,0.999821389693651,4,0.7861549006168609,0.8,2,0.996219081957624,0.09750293710548658,0,0.5676106729325774,explore,0,0.7
1459,2026-04-15T23:56:22.401828,0.11300708053889987,0.9998245426885777,4,0.7863013698630137,0.8,2,0.9961715538597631,0.0977241688486203,0,0.5678236490852786,explore,0,0.7
1460,2026-04-15T23:56:22.401842,0.10386105565791184,0.9998285657127739,4,0.7864476386036962,0.8,2,0.9962388548095078,0.09749996694330713,0,0.5680349296502851,explore,0,0.7
1461,2026-04-15T23:56:22.401857,0.11355777771182712,0.9998247832743323,4,0.786593707250342,0.8,2,0.9961651607782492,0.0975291845245761,0,0.5682445093455939,explore,0,0.7
1462,2026-04-15T23:56:22.401871,0.11125615741542123,0.9998214524118598,4,0.7867395762132604,0.8,2,0.9962166252955056,0.09759322619526535,0,0.5684523829317235,explore,0,0.7
1463,2026-04-15T23:56:22.401886,0.12119503762402783,0.9998400827668124,4,0.7868852459016393,0.8,2,0.9960827505836976,0.09725747747957375,0,0.568658545211845,explore,0,0.7
1464,2026-04-15T23:56:22.401900,0.10451308390890209,0.9998455244743121,4,0.7870307167235495,0.8,2,0.9962413853082144,0.09722105700882497,0,0.5688629910319122,explore,0,0.7
1465,2026-04-15T23:56:22.401914,0.10993602372161054,0.9998340597544227,4,0.7871759890859482,0.8,2,0.9962341501807515,0.09750960477368958,0,0.5690657152807901,explore,0,0.7
1466,2026-04-15T23:56:22.401929,0.12253196230106474,0.999841425149813,4,0.787321063394683,0.8,2,0.9964204629940304,0.09738215190007585,0,0.5692667128903832,explore,0,0.7
1467,2026-04-15T23:56:22.401943,0.12033306571624286,0.9998444403072406,4,0.7874659400544959,0.8,2,0.9964403485028408,0.09752211950658651,0,0.5694659788357617,explore,0,0.7
1468,2026-04-15T23:56:22.401961,0.11774817538566301,0.9998445732244521,4,0.7876106194690266,0.8,2,0.9963002823957114,0.09757854896666655,0,0.5696635081352873,explore,0,0.7
1469,2026-04-15T23:56:22.401975,0.11171580662979053,0.99984571509561,4,0.7877551020408163,0.8,2,0.9960916428755182,0.09751562325953232,0,0.5698592958507378,explore,0,0.7
1470,2026-04-15T23:56:22.401990,0.11481922020181268,0.9998549446798858,4,0.787899388171312,0.8,2,0.9960984146114349,0.09693337205127428,0,0.5700533370874306,explore,0,0.7
1471,2026-04-15T23:56:22.402004,0.11035416168429193,0.9998344916322236,4,0.7880434782608695,0.8,2,0.9957905553326456,0.09703004311300066,0,0.5702456269943448,explore,0,0.7
1472,2026-04-15T23:56:22.402018,0.10965611455329968,0.9998455370598831,4,0.7881873727087576,0.8,2,0.9957526395035876,0.09716811449605278,0,0.5704361607642428,explore,0,0.7
1473,2026-04-15T23:56:22.402033,0.10780791159873676,0.9998303346428615,4,0.7883310719131614,0.8,2,0.9956053291714995,0.09773045968809352,0,0.5706249336337901,explore,0,0.7
1474,2026-04-15T23:56:22.402047,0.10968514103333517,0.9998148394994921,4,0.7884745762711864,0.8,2,0.9952986732607293,0.09763607896048136,0,0.570811940883675,explore,0,0.7
1475,2026-04-15T23:56:22.402061,0.11602065821460739,0.9998239144006669,4,0.7886178861788617,0.8,2,0.9951114217587189,0.09809953817798882,0,0.570997177838726,explore,0,0.7
1476,2026-04-15T23:56:22.402075,0.11284518268320719,0.9998082700041447,4,0.7887610020311442,0.8,2,0.9949206154931074,0.09676351160819126,0,0.5711806398680288,explore,0,0.7
1477,2026-04-15T23:56:22.402090,0.10616368943117174,0.9997997703734295,4,0.7889039242219216,0.8,2,0.9950074277464793,0.09763877364818205,0,0.5713623223850421,explore,0,0.7
1478,2026-04-15T23:56:22.402104,0.10699974074054486,0.999811943590104,4,0.7890466531440162,0.8,2,0.9949432753638978,0.09759347235723431,0,0.5715422208477127,explore,0,0.7
1479,2026-04-15T23:56:22.402118,0.1045378644098432,0.9998097616713708,4,0.7891891891891892,0.8,2,0.994840652156649,0.09771830174783445,0,0.5717203307585882,explore,0,0.7
1480,2026-04-15T23:56:22.402132,0.11103732307065055,0.9997995020622296,4,0.7893315327481432,0.8,2,0.9949079180174525,0.09739280347059844,0,0.5718966476649301,explore,0,0.7
1481,2026-04-15T23:56:22.402147,0.1133847507262005,0.9998053246400341,4,0.7894736842105263,0.8,2,0.9948076497640701,0.09835170329356606,0,0.5720711671588251,explore,0,0.7
1482,2026-04-15T23:56:22.402161,0.11162659100147809,0.9998156520217631,4,0.7896156439649359,0.8,2,0.9944231947660396,0.09840766381940674,0,0.5722438848772948,explore,0,0.7
1483,2026-04-15T23:56:22.402175,0.11662508667669555,0.9997673790860541,4,0.7897574123989218,0.8,2,0.9940667549221689,0.097147638877322,0,0.5724147965024052,explore,0,0.7
1484,2026-04-15T23:56:22.402190,0.1151048803216394,0.9997500462455484,4,0.7898989898989899,0.8,2,0.9937029063433795,0.0969893071612626,0,0.5725838977613747,explore,0,0.7
1485,2026-04-15T23:56:22.402213,0.10875322601024777,0.9997640667040179,4,0.7900403768506057,0.8,2,0.9936315164154124,0.09766283185033746,0,0.5727511844266806,explore,0,0.7
1486,2026-04-15T23:56:22.402237,0.1162005794664979,0.9997630330189298,4,0.7901815736381977,0.8,2,0.993347170705644,0.09734473923277338,0,0.5729166523161648,explore,0,0.7
1487,2026-04-15T23:56:22.402271,0.11442085035163274,0.9997632876388184,4,0.7903225806451613,0.8,2,0.9933558198034009,0.0977486079381669,0,0.573080297293139,explore,0,0.7
1488,2026-04-15T23:56:22.402287,0.10725532810386507,0.9997664294824532,4,0.7904633982538617,0.8,2,0.9933026487567982,0.09716188260317543,0,0.5732421152664872,explore,0,0.7
1489,2026-04-15T23:56:22.402301,0.11543564954903457,0.9997576590087655,4,0.7906040268456376,0.8,2,0.993181136681436,0.0969293236443632,0,0.5734021021907683,explore,0,0.7
1490,2026-04-15T23:56:22.402315,0.11608054289505454,0.9997470747218037,4,0.7907444668008048,0.8,2,0.9929019429973334,0.09737496732039069,0,0.5735602540663176,explore,0,0.7
1491,2026-04-15T23:56:22.402344,0.11304982622045895,0.9997843675651272,4,0.7908847184986595,0.8,2,0.9929988221408808,0.09727036831360054,0,0.5737165669393466,explore,0,0.7
1492,2026-04-15T23:56:22.402359,0.1011960599185281,0.9997893339069776,4,0.7910247823174816,0.8,2,0.9928506087222891,0.09732892729620088,0,0.5738710369020416,explore,0,0.7
1493,2026-04-15T23:56:22.402374,0.11529772626686435,0.9998085406017448,4,0.7911646586345381,0.8,2,0.9930189554544903,0.09762477673637905,0,0.5740236600926613,explore,0,0.7
1494,2026-04-15T23:56:22.402392,0.11481319416483436,0.9998167468745662,4,0.7913043478260869,0.8,2,0.9926744497411824,0.09772233466202775,0,0.5741744326956342,explore,0,0.7
1495,2026-04-15T23:56:22.402417,0.10870351539452175,0.9998142572593668,4,0.7914438502673797,0.8,2,0.992333641098367,0.09843248055555173,0,0.5743233509416529,explore,0,0.7
1496,2026-04-15T23:56:22.402440,0.10667245498157087,0.9998176748341782,4,0.7915831663326653,0.8,2,0.9923003632343087,0.09684934159872947,0,0.5744704111077691,explore,0,0.7
1497,2026-04-15T23:56:22.402465,0.11499080473048562,0.9998232765063615,4,0.7917222963951935,0.8,2,0.9923503332419876,0.09754027105509983,0,0.5746156095174862,explore,0,0.7
1498,2026-04-15T23:56:22.402481,0.10230273560342351,0.9998219390298171,4,0.7918612408272181,0.8,2,0.9924492567521928,0.09683551036747502,0,0.5747589425408517,explore,0,0.7
1499,2026-04-15T23:56:22.402495,0.11201300249184101,0.9998077746102639,4,0.792,0.8,2,0.9926852046286376,0.09675949041995054,1,0.5749004065945473,explore,0,0.7
1500,2026-04-15T23:56:22.402509,0.11266187994800386,0.9989498663613099,4,0.7914723517654897,0.8,2,0.0,0.08626918296788669,1,0.5750399981419791,exploit,1,0.5
1501,2026-04-15T23:56:22.402523,0.1086066307382646,0.9982295829093721,4,0.7909454061251664,0.8,2,0.0,0.08690058532656966,1,0.5751777136933657,exploit,1,0.5
1502,2026-04-15T23:56:22.402536,0.11219637503882568,0.9975232306661047,4,0.7904191616766467,0.8,2,0.0,0.08626824427268136,1,0.5753135498058255,exploit,1,0.5
1503,2026-04-15T23:56:22.402550,0.10596297292197909,0.9968715607012688,4,0.7898936170212766,0.8,2,0.0,0.08577891888125563,1,0.5754475030834627,exploit,1,0.5
1504,2026-04-15T23:56:22.402563,0.1156768701688879,0.9965911387131051,4,0.7893687707641196,0.8,2,0.0,0.08665676756340067,1,0.5755795701774523,exploit,1,0.5
1505,2026-04-15T23:56:22.402577,0.11384587061273703,0.9961155317077125,4,0.7888446215139442,0.8,2,0.0,0.08659726813223753,1,0.5757097477861239,exploit,1,0.5
1506,2026-04-15T23:56:22.402590,0.11308945514804658,0.9958970348011894,4,0.7883211678832117,0.8,2,0.0,0.08629167220684976,1,0.5758380326550442,exploit,1,0.5
1507,2026-04-15T23:56:22.402604,0.10080560039782648,0.9956263071974008,4,0.7877984084880637,0.8,2,0.0,0.0872454994752907,1,0.5759644215770979,exploit,1,0.5
1508,2026-04-15T23:56:22.402618,0.11068831806417986,0.9953756931084778,4,0.7872763419483101,0.8,2,0.0,0.0857276864368472,1,0.5760889113925687,exploit,1,0.5
1509,2026-04-15T23:56:22.402632,0.11168114898070394,0.9953844758084411,4,0.7867549668874172,0.8,2,0.0,0.08583675819038043,1,0.5762114989892176,exploit,1,0.5
1510,2026-04-15T23:56:22.402645,0.10225739359739289,0.9952181252234856,4,0.786234281932495,0.8,2,0.0,0.08493912996461761,1,0.5763321813023612,exploit,1,0.5
1511,2026-04-15T23:56:22.402659,0.10777856261266344,0.9953327313633937,4,0.7857142857142857,0.8,2,0.0,0.08561979936705288,1,0.5764509553149478,exploit,1,0.5
1512,2026-04-15T23:56:22.402672,0.10436180386045382,0.9956260567171247,4,0.7851949768671513,0.8,2,0.0,0.0859085760199099,1,0.5765678180576334,exploit,1,0.5
1513,2026-04-15T23:56:22.402686,0.11585812456666235,0.9959096481419212,4,0.7846763540290621,0.8,2,0.0,0.08613916455298129,1,0.5766827666088554,exploit,1,0.5
1514,2026-04-15T23:56:22.402704,0.1137393417807956,0.9962029376618465,4,0.7841584158415842,0.8,2,0.0,0.08691868558659191,1,0.5767957980949061,exploit,1,0.5
1515,2026-04-15T23:56:22.402718,0.10622871124425592,0.9966819143529005,4,0.783641160949868,0.8,2,0.0,0.08606109911870674,1,0.5769069096900042,exploit,1,0.5
1516,2026-04-15T23:56:22.402731,0.10430679952881727,0.9974007622883699,4,0.7837837837837838,0.8,2,0.0,0.08636754537850906,1,0.5770160986163656,exploit,1,0.5
1517,2026-04-15T23:56:22.402745,0.11721758970751933,0.9981603638706464,4,0.7839262187088274,0.8,2,0.0,0.08571335871917332,1,0.5771233621442728,exploit,1,0.5
1518,2026-04-15T23:56:22.402759,0.11236525748602333,0.9990037061919306,4,0.7840684660961159,0.8,2,0.0,0.08604941258145293,1,0.5772286975921433,exploit,1,0.5
1519,2026-04-15T23:56:22.402772,0.11295497927540803,0.9997385960177687,4,0.7842105263157895,0.8,2,0.9935609891912479,0.08596701144763937,1,0.5773321023265964,exploit,1,0.5
1520,2026-04-15T23:56:22.402787,0.10387162304997652,0.9997190357459641,4,0.7843523997370151,0.8,2,0.993656710701943,0.08579633177114653,1,0.5774335737625189,exploit,1,0.5
1521,2026-04-15T23:56:22.402801,0.09826514221168364,0.9997165256837688,4,0.7844940867279895,0.8,2,0.994309588952027,0.0855820600272928,1,0.5775331093631304,exploit,1,0.5
1522,2026-04-15T23:56:22.402815,0.10476948452983506,0.9997041710610574,4,0.7846355876559422,0.8,2,0.9940032730663102,0.0855892962536507,1,0.577630706640046,exploit,1,0.5
1523,2026-04-15T23:56:22.402830,0.11208680098442372,0.9997032979914964,4,0.7847769028871391,0.8,2,0.9936687062955312,0.08746842450296599,1,0.5777263631533389,exploit,1,0.5
1524,2026-04-15T23:56:22.402844,0.1092379982820386,0.9997108466303753,4,0.7849180327868852,0.8,2,0.9937243061400177,0.08596749720246788,1,0.5778200765116012,exploit,1,0.5
1525,2026-04-15T23:56:22.402858,0.11986911382328726,0.9997161722252277,4,0.7850589777195282,0.8,2,0.9938783474890462,0.08583030311538542,1,0.5779118443720037,exploit,1,0.5
1526,2026-04-15T23:56:22.402873,0.12023313190749547,0.9997355517856402,4,0.785199738048461,0.8,2,0.9938453332439572,0.08617194255429778,1,0.578001664440355,exploit,1,0.5
1527,2026-04-15T23:56:22.402887,0.10805711953762476,0.999720872926182,4,0.7853403141361257,0.8,2,0.9938466491178395,0.08766811504998052,1,0.5780895344711576,exploit,1,0.5
1528,2026-04-15T23:56:22.402902,0.111779402571383,0.9997342214740956,4,0.7854807063440157,0.8,2,0.9931316543614704,0.08562037537016358,1,0.5781754522676659,exploit,1,0.5
1529,2026-04-15T23:56:22.402916,0.10558708822348985,0.999745707912951,4,0.7856209150326797,0.8,2,0.99297903024857,0.08641515248246014,1,0.578259415681939,exploit,1,0.5
1530,2026-04-15T23:56:22.402930,0.11403133839665078,0.9997614596383615,4,0.7857609405617244,0.8,2,0.9935482608876294,0.08643884109288352,1,0.578341422614896,exploit,1,0.5
1531,2026-04-15T23:56:22.402944,0.10558749732911343,0.999763211580129,4,0.7859007832898173,0.8,2,0.9934548549718938,0.08634893939109381,1,0.578421471016368,exploit,1,0.5
1532,2026-04-15T23:56:22.402962,0.1172659914402412,0.9997889234415669,4,0.7860404435746902,0.8,2,0.9934569257993934,0.08548023452771199,1,0.5784995588851489,exploit,1,0.5
1533,2026-04-15T23:56:22.402977,0.11819436452089348,0.9998167998494033,4,0.7861799217731421,0.8,2,0.9931334548091458,0.08692995359567894,1,0.5785756842690464,exploit,1,0.5
1534,2026-04-15T23:56:22.402991,0.104744157763286,0.9997989776853418,4,0.7863192182410423,0.8,2,0.9931946015515389,0.08642747327513399,1,0.5786498452649296,exploit,1,0.5
1535,2026-04-15T23:56:22.403005,0.10549518937526736,0.999782945748254,4,0.7864583333333334,0.8,2,0.9930956558472999,0.08671949039067758,1,0.5787220400187774,exploit,1,0.5
1536,2026-04-15T23:56:22.403020,0.1082882004520683,0.9997833389409972,4,0.7865972674040338,0.8,2,0.9932281080725389,0.08657505049782982,1,0.5787922667257248,exploit,1,0.5
1537,2026-04-15T23:56:22.403034,0.10442193119527257,0.9997836078979947,4,0.7867360208062418,0.8,2,0.9932803586159458,0.08562463421835259,1,0.578860523630108,exploit,1,0.5
1538,2026-04-15T23:56:22.403048,0.10816929000960099,0.9997843690712924,4,0.7868745938921378,0.8,2,0.9931951079990212,0.08589850249431784,1,0.5789268090255076,exploit,1,0.5
1539,2026-04-15T23:56:22.403063,0.10702377787795123,0.9998011102493499,4,0.787012987012987,0.8,2,0.9931491337290907,0.08637078516728833,1,0.5789911212547925,exploit,1,0.5
1540,2026-04-15T23:56:22.403089,0.10141182139936081,0.999817184548132,4,0.7871512005191434,0.8,2,0.9929980562615721,0.08565125342901565,1,0.57905345871016,exploit,1,0.5
1541,2026-04-15T23:56:22.403104,0.11035373138401405,0.9998218225507378,4,0.7872892347600519,0.8,2,0.993077956933551,0.08633322468266316,1,0.5791138198331772,exploit,1,0.5
1542,2026-04-15T23:56:22.403118,0.10204160815618435,0.9998259432667431,4,0.7874270900842515,0.8,2,0.9931800166984945,0.0866838844568474,1,0.579172203114819,exploit,1,0.5
1543,2026-04-15T23:56:22.403133,0.1091061187944375,0.9998146663593334,4,0.7875647668393783,0.8,2,0.9933647863147599,0.08616666435567155,1,0.5792286070955066,exploit,1,0.5
1544,2026-04-15T23:56:22.403147,0.10564845736313833,0.9998124834781503,4,0.7877022653721683,0.8,2,0.9933523093232238,0.08591008131192891,1,0.5792830303651432,exploit,1,0.5
1545,2026-04-15T23:56:22.403162,0.10540112348058132,0.9998119006119723,4,0.7878395860284605,0.8,2,0.9933908600020624,0.08655055184127647,1,0.57933547156315,exploit,1,0.5
1546,2026-04-15T23:56:22.403176,0.10702000192271133,0.9998090712398929,4,0.7879767291531997,0.8,2,0.9934070794077008,0.0868626252017137,1,0.5793859293784998,exploit,1,0.5
1547,2026-04-15T23:56:22.403190,0.11105569535312228,0.9998166798801348,4,0.7881136950904393,0.8,2,0.9933522465241158,0.08632921107415761,1,0.5794344025497498,exploit,1,0.5
1548,2026-04-15T23:56:22.403205,0.10861660943976523,0.9998204378656765,4,0.7882504841833441,0.8,2,0.9946639777428914,0.08686423956274027,1,0.5794808898650733,exploit,1,0.5
1549,2026-04-15T23:56:22.403219,0.09910937093529408,0.9998171982232992,4,0.7883870967741935,0.8,2,0.9946596745146785,0.08620941394993081,1,0.5795253901622898,exploit,1,0.5
1550,2026-04-15T23:56:22.403233,0.1086130702763212,0.9998078606339676,4,0.7885235332043843,0.8,2,0.9945528679692498,0.08659995687247668,1,0.5795679023288941,exploit,1,0.5
1551,2026-04-15T23:56:22.403248,0.11007884971341333,0.999823884136598,4,0.788659793814433,0.8,2,0.9946601016602966,0.08695512664622318,1,0.5796084253020843,exploit,1,0.5
1552,2026-04-15T23:56:22.403272,0.10139982844923191,0.9998293572734918,4,0.7887958789439794,0.8,2,0.9947039073123892,0.08564925791051263,1,0.5796469580687884,exploit,1,0.5
1553,2026-04-15T23:56:22.403286,0.10267476939509022,0.9998294302510031,4,0.788931788931789,0.8,2,0.9946357782494918,0.0872880655645048,1,0.579683499665689,exploit,1,0.5
1554,2026-04-15T23:56:22.403301,0.10229190836545213,0.9998390165094856,4,0.7890675241157556,0.8,2,0.9943105548437144,0.08828075310531189,1,0.5797180491792481,exploit,1,0.5
1555,2026-04-15T23:56:22.403315,0.10396257204968418,0.9998428748084768,4,0.7892030848329049,0.8,2,0.9944600591707502,0.08637236199440011,1,0.5797506057457297,exploit,1,0.5
1556,2026-04-15T23:56:22.403329,0.10184079244526736,0.9998386933289509,4,0.7893384714193963,0.8,2,0.9941975004784498,0.08729336803184871,1,0.5797811685512213,exploit,1,0.5
1557,2026-04-15T23:56:22.403344,0.10305791181353577,0.9998364198721083,4,0.7894736842105263,0.8,2,0.9945447756751418,0.08631367109547,1,0.5798097368316544,exploit,1,0.5
1558,2026-04-15T23:56:22.403358,0.11117687287274595,0.999824976614167,4,0.7896087235407312,0.8,2,0.9944944894543086,0.08613507680157971,1,0.5798363098728234,exploit,1,0.5
1559,2026-04-15T23:56:22.403373,0.09743627705410521,0.9998278942142481,4,0.7897435897435897,0.8,2,0.9944536003524433,0.08650368883933067,1,0.5798608870104038,exploit,1,0.5
1560,2026-04-15T23:56:22.403387,0.09310856190916714,0.999831808412336,4,0.7898782831518257,0.8,2,0.9949703594056378,0.08613405492896412,1,0.5798834676299685,exploit,1,0.5
1561,2026-04-15T23:56:22.403401,0.10729408161468401,0.9998286585877747,4,0.7900128040973111,0.8,2,0.9948780467866511,0.08673408842323277,1,0.5799040511670028,exploit,1,0.5
1562,2026-04-15T23:56:22.403415,0.10474013306971981,0.9998258951724636,4,0.7901471529110684,0.8,2,0.9948185218365357,0.08616892297890125,1,0.5799226371069197,exploit,1,0.5
1563,2026-04-15T23:56:22.403430,0.10663206824788722,0.999842545038615,4,0.7902813299232737,0.8,2,0.9948543396461442,0.08697919683979749,1,0.5799392249850716,exploit,1,0.5
1564,2026-04-15T23:56:22.403444,0.09906266157559879,0.9998476547350706,4,0.7904153354632588,0.8,2,0.9949082726962993,0.08579703356007534,1,0.5799538143867623,exploit,1,0.5
1565,2026-04-15T23:56:22.403462,0.10217608841010618,0.9998380942661551,4,0.7905491698595147,0.8,2,0.994854599891928,0.08607249894570893,1,0.5799664049472576,exploit,1,0.5
1566,2026-04-15T23:56:22.403477,0.10845754787907412,0.999844818388246,4,0.7906828334396937,0.8,2,0.9948920833672015,0.08617747258403041,1,0.5799769963517941,exploit,1,0.5
1567,2026-04-15T23:56:22.403492,0.11340411200522557,0.9998496265395251,4,0.7908163265306123,0.8,2,0.9948918092094774,0.08641464768628836,1,0.5799855883355873,exploit,1,0.5
1568,2026-04-15T23:56:22.403506,0.1096099932420653,0.9998505000100139,4,0.7909496494582536,0.8,2,0.9948580623722343,0.08617439940724765,1,0.5799921806838381,exploit,1,0.5
1569,2026-04-15T23:56:22.403521,0.10028436294430118,0.9998522263626719,4,0.7910828025477707,0.8,2,0.9949243218601541,0.08632637644435011,1,0.5799967732317379,exploit,1,0.5
1570,2026-04-15T23:56:22.403535,0.1078184869745551,0.9998628049997671,4,0.7912157861234882,0.8,2,0.9949838161487776,0.08608242243880507,1,0.5799993658644735,exploit,1,0.5
1571,2026-04-15T23:56:22.403549,0.10677962375350208,0.9998423562991066,4,0.7913486005089059,0.8,2,0.9948540506398297,0.08604125157677472,1,0.5799999585172291,exploit,1,0.5
1572,2026-04-15T23:56:22.403564,0.10175029783255322,0.9998518335673832,4,0.7914812460267006,0.8,2,0.9948956002212284,0.08636376338734078,1,0.5799985511751884,exploit,1,0.5
1573,2026-04-15T23:56:22.403586,0.10109004616046056,0.9998348916390412,4,0.7916137229987293,0.8,2,0.9950396176115763,0.0860970387325577,1,0.579995143873535,exploit,1,0.5
1574,2026-04-15T23:56:22.403611,0.09886593442425276,0.9998241881824157,4,0.7917460317460318,0.8,2,0.9955885320431908,0.08641223909878563,1,0.5799897366974511,exploit,1,0.5
1575,2026-04-15T23:56:22.403632,0.10490493246795532,0.9998332904458327,4,0.7918781725888325,0.8,2,0.9953799945854558,0.0869026546229067,1,0.579982329782116,exploit,1,0.5
1576,2026-04-15T23:56:22.403650,0.10701557571069112,0.9998208937288326,4,0.7920101458465441,0.8,2,0.995072605385656,0.08501005474925712,1,0.579972923312702,exploit,1,0.5
1577,2026-04-15T23:56:22.403664,0.09348595848478167,0.9998136623486537,4,0.7921419518377694,0.8,2,0.995112641621131,0.08576377364818205,1,0.5799615175243704,exploit,1,0.5
1578,2026-04-15T23:56:22.403679,0.10670884188694696,0.9998258631079642,4,0.792273590880304,0.8,2,0.9951181709483512,0.0858404033685881,1,0.5799481127022654,exploit,1,0.5
1579,2026-04-15T23:56:22.403693,0.0983783242542034,0.9998229325173361,4,0.7924050632911392,0.8,2,0.9951761850226974,0.08603776333715274,1,0.5799327091815067,exploit,1,0.5
1580,2026-04-15T23:56:22.403715,0.10363957641592537,0.9998129599190926,4,0.7925363693864642,0.8,2,0.9950423000868199,0.08697062898588666,1,0.5799153073471818,exploit,1,0.5
1581,2026-04-15T23:56:22.403730,0.10170047960142198,0.9998180530030069,4,0.7926675094816688,0.8,2,0.9950941130232156,0.08681626820322262,1,0.5798959076343353,exploit,1,0.5
1582,2026-04-15T23:56:22.403745,0.10171707583723125,0.9998277219835546,4,0.7927984838913456,0.8,2,0.9945475249499485,0.08679779107302274,1,0.5798745105279594,exploit,1,0.5
1583,2026-04-15T23:56:22.403759,0.11261943994897805,0.9997779985111547,4,0.7929292929292929,0.8,2,0.994343001358312,0.0866458519855524,1,0.5798511165629803,exploit,1,0.5
1584,2026-04-15T23:56:22.403774,0.10641461901823736,0.9997599192157983,4,0.7930599369085174,0.8,2,0.9941872191801376,0.08674726431406077,1,0.579825726324246,exploit,1,0.5
1585,2026-04-15T23:56:22.403788,0.10023573108588123,0.9997710910286454,4,0.7931904161412359,0.8,2,0.9937315058352012,0.08730002535239087,1,0.5797983404465111,exploit,1,0.5
1586,2026-04-15T23:56:22.403803,0.11163377693945242,0.999770490104322,4,0.7933207309388783,0.8,2,0.9936816846471832,0.08702877249943711,1,0.5797689596144213,exploit,1,0.5
1587,2026-04-15T23:56:22.403832,0.10194342671454709,0.9997705530475083,4,0.7934508816120907,0.8,2,0.9936933104828607,0.08635136057831971,1,0.5797375845624958,exploit,1,0.5
1588,2026-04-15T23:56:22.403848,0.09879093498587138,0.9997737861702397,4,0.7935808684707363,0.8,2,0.9936101171252167,0.08617773984336727,1,0.5797042160751092,exploit,1,0.5
1589,2026-04-15T23:56:22.403863,0.1122500222641184,0.9997662277384343,4,0.7937106918238994,0.8,2,0.9932400607279507,0.08597532050736252,1,0.579668854986472,exploit,1,0.5
1590,2026-04-15T23:56:22.403877,0.11104770315893633,0.9997535445811867,4,0.7938403519798869,0.8,2,0.9930304436489796,0.08668881709101539,1,0.5796315021806095,exploit,1,0.5
1591,2026-04-15T23:56:22.403892,0.10527711494819553,0.9997896704530123,4,0.7939698492462312,0.8,2,0.9930994111697605,0.08638924948333054,1,0.5795921585913401,exploit,1,0.5
1592,2026-04-15T23:56:22.403906,0.09276935138318632,0.9997942056089002,4,0.7940991839296924,0.8,2,0.9928931126410975,0.08615894047226598,1,0.5795508252022512,exploit,1,0.5
1593,2026-04-15T23:56:22.403924,0.10296188743734755,0.9998146575820529,4,0.794228356336261,0.8,2,0.9929108098105772,0.08608916650388726,1,0.5795075030466755,exploit,1,0.5
1594,2026-04-15T23:56:22.403944,0.10582499989822852,0.9998204754448856,4,0.7943573667711599,0.8,2,0.9927334242030524,0.08632050191688273,1,0.5794621932076648,exploit,1,0.5
1595,2026-04-15T23:56:22.403963,0.10193646089434771,0.9998182103299084,4,0.7944862155388471,0.8,2,0.9926292682157911,0.08711107485271118,1,0.5794148968179624,exploit,1,0.5
1596,2026-04-15T23:56:22.403978,0.0957688322439879,0.9998184887573159,4,0.7946149029430182,0.8,2,0.9929970066232453,0.08555611320599338,1,0.5793656150599759,exploit,1,0.5
1597,2026-04-15T23:56:22.403992,0.10419997018934762,0.9998230248173428,4,0.7947434292866082,0.8,2,0.9930716713313338,0.08599236242730411,1,0.5793143491657463,exploit,1,0.5
1598,2026-04-15T23:56:22.404007,0.09310552707069081,0.9998218668858242,4,0.7948717948717948,0.8,2,0.9930838009401576,0.08573045587968825,1,0.5792611004169187,exploit,1,0.5
1599,2026-04-15T23:56:22.404021,0.10635375709363112,0.9998102372646741,4,0.795,0.8,2,0.993105848818676,0.08596694774591135,1,0.5792058701447088,exploit,1,0.5
1600,2026-04-15T23:56:22.404036,0.10775643238175613,0.9989250897984018,4,0.7945034353529045,0.8,2,0.0,0.09767269828382287,1,0.5791486597298705,explore,0,0.7
1601,2026-04-15T23:56:22.404049,0.10685028182306847,0.998304278792243,4,0.7940074906367042,0.8,2,0.0,0.09762142640467222,1,0.5790894706026614,explore,0,0.7
1602,2026-04-15T23:56:22.404063,0.1102675091284249,0.9978113772987827,4,0.793512164691204,0.8,2,0.0,0.09708189208213995,1,0.5790283042428064,explore,0,0.7
1603,2026-04-15T23:56:22.404076,0.09812957327274506,0.9972006931258361,4,0.7930174563591023,0.8,2,0.0,0.09792218666358046,1,0.5789651621794614,explore,0,0.7
1604,2026-04-15T23:56:22.404089,0.11022322066607734,0.9965700070417896,4,0.7925233644859813,0.8,2,0.0,0.09798785185664527,1,0.5789000459911747,explore,0,0.7
1605,2026-04-15T23:56:22.404103,0.10613194567416522,0.9959801449746202,4,0.7920298879202988,0.8,2,0.0,0.09715345793172547,1,0.5788329573058476,explore,0,0.7
1606,2026-04-15T23:56:22.404116,0.11035716865595385,0.9957252450446886,4,0.791537025513379,0.8,2,0.0,0.09729295574873086,1,0.5787638978006937,explore,0,0.7
1607,2026-04-15T23:56:22.404130,0.09629429940952841,0.9953776027415923,4,0.7910447761194029,0.8,2,0.0,0.09691164233234327,1,0.5786928692021971,explore,0,0.7
1608,2026-04-15T23:56:22.404143,0.10432737036345271,0.995383827476025,4,0.7905531385954009,0.8,2,0.0,0.09741287914257096,1,0.578619873286069,explore,0,0.7
1609,2026-04-15T23:56:22.404157,0.10375227378316082,0.9955040588879516,4,0.7900621118012422,0.8,2,0.0,0.09752000976445961,1,0.5785449118772035,explore,0,0.7
1610,2026-04-15T23:56:22.404170,0.10176219741529331,0.9955734509360151,4,0.7895716945996276,0.8,2,0.0,0.09636556897490295,1,0.578467986849632,explore,0,0.7
1611,2026-04-15T23:56:22.404184,0.10592968121660025,0.9956763842052502,4,0.7890818858560794,0.8,2,0.0,0.09705810565380467,1,0.578389100126476,explore,0,0.7
1612,2026-04-15T23:56:22.404197,0.10079196592689388,0.9958226564062221,4,0.7885926844389337,0.8,2,0.0,0.09767225325792289,1,0.5783082536798998,explore,0,0.7
1613,2026-04-15T23:56:22.404211,0.10788170529457318,0.9962254318489452,4,0.7881040892193308,0.8,2,0.0,0.09772614083496092,1,0.5782254495310601,explore,0,0.7
1614,2026-04-15T23:56:22.404224,0.11166850908772029,0.9967316245248387,4,0.788235294117647,0.8,2,0.0,0.09722208070569624,1,0.5781406897500563,explore,0,0.7
1615,2026-04-15T23:56:22.404238,0.09613483017185881,0.9971343663881642,4,0.7883663366336634,0.8,2,0.0,0.0967216483791019,1,0.5780539764558786,explore,0,0.7
1616,2026-04-15T23:56:22.404258,0.10009794842083224,0.9975799853125069,4,0.7884972170686456,0.8,2,0.0,0.09766675077849851,1,0.5779653118163548,explore,0,0.7
1617,2026-04-15T23:56:22.404273,0.11443942942917104,0.9981394029749088,4,0.788627935723115,0.8,2,0.0,0.0969715589016948,1,0.5778746980480963,explore,0,0.7
1618,2026-04-15T23:56:22.404286,0.10439435186847396,0.9987976391756467,4,0.78875849289685,0.8,2,0.0,0.09744542453017649,1,0.5777821374164426,explore,0,0.7
1619,2026-04-15T23:56:22.404299,0.10808784396812986,0.999727460444273,4,0.7888888888888889,0.8,2,0.9933821455679837,0.09687641709727846,1,0.5776876322354045,explore,0,0.7
1620,2026-04-15T23:56:22.404314,0.10775616819131739,0.9997219226182285,4,0.7890191239975324,0.8,2,0.9932156551778909,0.09722102315200093,1,0.577591184867607,explore,0,0.7
1621,2026-04-15T23:56:22.404328,0.0990795686252981,0.9997043129181589,4,0.7891491985203453,0.8,2,0.993396070681537,0.09674858084367564,1,0.5774927977242288,explore,0,0.7
1622,2026-04-15T23:56:22.404342,0.10562070504656526,0.9997051572084533,4,0.789279112754159,0.8,2,0.9934001594912623,0.09722230996182792,1,0.5773924732649436,explore,0,0.7
1623,2026-04-15T23:56:22.404357,0.10587662549817536,0.9997043204767428,4,0.7894088669950738,0.8,2,0.9935979293463224,0.09755771447344995,1,0.5772902139978576,explore,0,0.7
1624,2026-04-15T23:56:22.404371,0.10495400977251645,0.9997096808603063,4,0.7895384615384615,0.8,2,0.9935357804626604,0.09703990135660234,1,0.5771860224794473,explore,0,0.7
1625,2026-04-15T23:56:22.404386,0.11158168598495191,0.9997183544772709,4,0.7896678966789668,0.8,2,0.993582330786147,0.09728351675445307,1,0.577079901314495,explore,0,0.7
1626,2026-04-15T23:56:22.404400,0.10371079376814832,0.9997224222736919,4,0.7897971727105101,0.8,2,0.99356220837081,0.09714728158807817,1,0.5769718531560245,explore,0,0.7
1627,2026-04-15T23:56:22.404414,0.10357056050104718,0.9997264205505305,4,0.7899262899262899,0.8,2,0.9934889801666023,0.097786522403661,1,0.576861880705234,explore,0,0.7
1628,2026-04-15T23:56:22.404428,0.11039125497898382,0.9997211111923638,4,0.7900552486187845,0.8,2,0.9934617210623315,0.09642813900567877,1,0.5767499867114292,explore,0,0.7
1629,2026-04-15T23:56:22.404443,0.10645163127305216,0.9997405806462414,4,0.7901840490797546,0.8,2,0.9932936359333433,0.0974620192268752,1,0.5766361739719539,explore,0,0.7
1630,2026-04-15T23:56:22.404460,0.1066025312037124,0.9997365848987251,4,0.7903126916002452,0.8,2,0.9932289634827349,0.09810152485867214,1,0.5765204453321208,explore,0,0.7
1631,2026-04-15T23:56:22.404475,0.10215564429837388,0.9997375626628098,4,0.7904411764705882,0.8,2,0.9925866293116206,0.09667984403523923,1,0.5764028036851397,explore,0,0.7
1632,2026-04-15T23:56:22.404489,0.11106628220993123,0.9996974674165081,4,0.7905695039804042,0.8,2,0.9925608122401013,0.09729629892038372,1,0.576283251972046,explore,0,0.7
1633,2026-04-15T23:56:22.404503,0.11942994841695281,0.9996849573784444,4,0.7906976744186046,0.8,2,0.9924837952655874,0.0979080015107884,1,0.5761617931816259,explore,0,0.7
1634,2026-04-15T23:56:22.404517,0.10305769342193632,0.9996779104987988,4,0.7908256880733945,0.8,2,0.9924618608467173,0.09712375106975396,1,0.5760384303503431,explore,0,0.7
1635,2026-04-15T23:56:22.404532,0.09983933001490142,0.9996815450435845,4,0.7909535452322738,0.8,2,0.9927547419879889,0.09730962931656673,1,0.5759131665622619,explore,0,0.7
1636,2026-04-15T23:56:22.404558,0.1054961477132204,0.9996790868728517,4,0.7910812461820403,0.8,2,0.9932423566414592,0.09800918711558496,1,0.5757860049489704,explore,0,0.7
1637,2026-04-15T23:56:22.404573,0.10724570888030024,0.9996476216544774,4,0.7912087912087912,0.8,2,0.9932566645263912,0.0966523239154835,1,0.5756569486895023,explore,0,0.7
1638,2026-04-15T23:56:22.404588,0.10247602260010825,0.9996486945432402,4,0.7913361805979255,0.8,2,0.993183079676272,0.0973363479892182,1,0.5755260010102576,explore,0,0.7
1639,2026-04-15T23:56:22.404602,0.11027618367861786,0.9996910204450031,4,0.7914634146341464,0.8,2,0.9932283867003298,0.09820150862962672,1,0.5753931651849211,explore,0,0.7
1640,2026-04-15T23:56:22.404616,0.09977477157170066,0.9997100538301797,4,0.7915904936014625,0.8,2,0.9936326912350728,0.09720971158646985,1,0.5752584445343819,explore,0,0.7
1641,2026-04-15T23:56:22.404631,0.11005844937815781,0.9997186414848066,4,0.7917174177831913,0.8,2,0.9936579503617007,0.09761279000144907,1,0.5751218424266489,explore,0,0.7
1642,2026-04-15T23:56:22.404645,0.09951076000614055,0.9997208191337986,4,0.7918441874619598,0.8,2,0.9935782352029685,0.09843044586709486,1,0.5749833622767678,explore,0,0.7
1643,2026-04-15T23:56:22.404659,0.09865028834044073,0.9997168550610073,4,0.791970802919708,0.8,2,0.9935148989273409,0.0976158309160197,1,0.5748430075467352,explore,0,0.7
1644,2026-04-15T23:56:22.404674,0.10257257353741962,0.9997160802251179,4,0.79209726443769,0.8,2,0.9935253839057581,0.09830369904750103,1,0.5747007817454121,explore,0,0.7
1645,2026-04-15T23:56:22.404688,0.09930725117009669,0.99972020576349,4,0.7922235722964763,0.8,2,0.993479688741,0.09683876794587452,1,0.5745566884284359,explore,0,0.7
1646,2026-04-15T23:56:22.404708,0.10737142045142081,0.9997030846814774,4,0.7923497267759563,0.8,2,0.9935422375845413,0.0972370351819662,1,0.5744107311981322,explore,0,0.7
1647,2026-04-15T23:56:22.404723,0.10820451309537464,0.999707670864481,4,0.7924757281553398,0.8,2,0.9934832396021374,0.09776527552468756,1,0.5742629137034241,explore,0,0.7
1648,2026-04-15T23:56:22.404737,0.10767512703139098,0.9997139401894395,4,0.7926015767131595,0.8,2,0.9940709019466383,0.09837423373752811,1,0.5741132396397413,explore,0,0.7
1649,2026-04-15T23:56:22.404752,0.09435979068380984,0.9997173327604075,4,0.7927272727272727,0.8,2,0.9941163675890579,0.09764859420791523,1,0.5739617127489275,explore,0,0.7
1650,2026-04-15T23:56:22.404766,0.10597619343551223,0.99972231929191,4,0.7928528164748637,0.8,2,0.9941796640773278,0.097789081107089,1,0.5738083368191472,explore,0,0.7
1651,2026-04-15T23:56:22.404780,0.10468684044147097,0.9997317015200233,4,0.7929782082324455,0.8,2,0.9955368369502943,0.09677801234882522,1,0.5736531156847906,explore,0,0.7
1652,2026-04-15T23:56:22.404795,0.09787913462330544,0.9997632113939086,4,0.7931034482758621,0.8,2,0.9958537944595849,0.09712215305645783,1,0.573496053226378,explore,0,0.7
1653,2026-04-15T23:56:22.404809,0.09784774235947222,0.9997684102047181,4,0.7932285368802902,0.8,2,0.9957001264850045,0.09759373944834862,1,0.5733371533704625,explore,0,0.7
1654,2026-04-15T23:56:22.404823,0.09769327349641575,0.9997642244675552,4,0.7933534743202417,0.8,2,0.9960996387747738,0.0977384364025214,1,0.5731764200895326,explore,0,0.7
1655,2026-04-15T23:56:22.404837,0.10080354320125084,0.9997701336486073,4,0.7934782608695652,0.8,2,0.9960533876363591,0.09747385089375485,1,0.5730138574019116,explore,0,0.7
1656,2026-04-15T23:56:22.404852,0.09711262196080728,0.9997817580044378,4,0.7936028968014484,0.8,2,0.995908907929198,0.09779022523310775,1,0.5728494693716584,explore,0,0.7
1657,2026-04-15T23:56:22.404866,0.10318183120454526,0.9997963402146547,4,0.7937273823884198,0.8,2,0.9959542070936213,0.09718957947369514,1,0.5726832601084652,explore,0,0.7
1658,2026-04-15T23:56:22.404880,0.11018669997429004,0.9998142021699136,4,0.7938517179023508,0.8,2,0.995938405497689,0.09748878396990632,1,0.5725152337675548,explore,0,0.7
1659,2026-04-15T23:56:22.404894,0.09491140381162305,0.9998171823850177,4,0.7939759036144578,0.8,2,0.9959336129692911,0.0974609963357085,1,0.572345394549577,explore,0,0.7
1660,2026-04-15T23:56:22.404909,0.09496015445804751,0.9998120553756685,4,0.794099939795304,0.8,2,0.9959841389438908,0.0975618651594446,1,0.5721737467005035,explore,0,0.7
1661,2026-04-15T23:56:22.404923,0.10799888455593237,0.9998224478320606,4,0.7942238267148014,0.8,2,0.9960983139607681,0.09796108384633936,1,0.5720002945115216,explore,0,0.7
1662,2026-04-15T23:56:22.404937,0.10362159561219826,0.99981979614132,4,0.7943475646422129,0.8,2,0.9960204452724255,0.09717534821650516,1,0.5718250423189267,explore,0,0.7
1663,2026-04-15T23:56:22.404955,0.10719929456341899,0.999817899552039,4,0.7944711538461539,0.8,2,0.9959787611428618,0.0976201109432466,1,0.5716479945040149,explore,0,0.7
1664,2026-04-15T23:56:22.404970,0.09729915349700169,0.9998095362925721,4,0.7945945945945946,0.8,2,0.9960037331451919,0.0971666389094962,1,0.5714691554929722,explore,0,0.7
1665,2026-04-15T23:56:22.404984,0.09561987537784838,0.9997999444325318,4,0.7947178871548619,0.8,2,0.9959569808872986,0.09790584295664495,1,0.5712885297567645,explore,0,0.7
1666,2026-04-15T23:56:22.404998,0.1122062822019614,0.9998258329688227,4,0.7948410317936413,0.8,2,0.9961975100108242,0.09759024200111137,1,0.5711061218110257,explore,0,0.7
1667,2026-04-15T23:56:22.405013,0.10894094898557971,0.9998240089501809,4,0.7949640287769785,0.8,2,0.9961768154149273,0.09732120362511833,1,0.5709219362159451,explore,0,0.7
1668,2026-04-15T23:56:22.405027,0.10118180639344862,0.9998192135127941,4,0.7950868783702816,0.8,2,0.9961125606806354,0.09813071699029957,1,0.570735977576153,explore,0,0.7
1669,2026-04-15T23:56:22.405041,0.10430500209901786,0.9998058904781142,4,0.7952095808383234,0.8,2,0.9959159209680098,0.09770752722798522,1,0.5705482505406057,explore,0,0.7
1670,2026-04-15T23:56:22.405056,0.10619163733104811,0.9997975497947242,4,0.7953321364452424,0.8,2,0.9959209920933203,0.09758498821041257,1,0.5703587598024692,explore,0,0.7
1671,2026-04-15T23:56:22.405070,0.10506219341386258,0.9997904455495399,4,0.7954545454545454,0.8,2,0.9958314212800714,0.09725968371721588,1,0.5701675100990021,explore,0,0.7
1672,2026-04-15T23:56:22.405085,0.09902355443942257,0.9997907557878972,4,0.7955768081291094,0.8,2,0.9958728878285923,0.0983847538002041,1,0.5699745062114372,explore,0,0.7
1673,2026-04-15T23:56:22.405099,0.09905647285555191,0.9997906698883626,4,0.7956989247311828,0.8,2,0.9957543748545976,0.09811530354179687,1,0.5697797529648615,explore,0,0.7
1674,2026-04-15T23:56:22.405113,0.09765078168214275,0.9997847342081423,4,0.7958208955223881,0.8,2,0.995279563128975,0.09743351656815455,1,0.5695832552280959,explore,0,0.7
1675,2026-04-15T23:56:22.405128,0.10319726200324963,0.999798526583402,4,0.7959427207637232,0.8,2,0.9951921989701606,0.09866482426031295,1,0.5693850179135739,explore,0,0.7
1676,2026-04-15T23:56:22.405142,0.10279872074807592,0.9997908435236628,4,0.7960644007155635,0.8,2,0.9946584207071443,0.09686175204282146,1,0.5691850459772178,explore,0,0.7
1677,2026-04-15T23:56:22.405157,0.09316896220550527,0.9998163080165843,4,0.7961859356376639,0.8,2,0.9946224775149656,0.09763804667476723,1,0.5689833444183157,explore,0,0.7
1678,2026-04-15T23:56:22.405171,0.09795515768963398,0.9998194555922536,4,0.7963073257891602,0.8,2,0.9945255652949756,0.09707559641951591,1,0.5687799182793959,explore,0,0.7
1679,2026-04-15T23:56:22.405185,0.09706387638821051,0.9998192425851534,4,0.7964285714285714,0.8,2,0.9944773390202706,0.09768989234344393,1,0.5685747726461015,explore,0,0.7
1680,2026-04-15T23:56:22.405200,0.10167496428976162,0.9998026425851783,4,0.7965496728138013,0.8,2,0.9946227269457831,0.09765229876507285,1,0.5683679126470624,explore,0,0.7
1681,2026-04-15T23:56:22.405214,0.09933553180821654,0.9998037326320979,4,0.7966706302021404,0.8,2,0.994550416103749,0.09831421913424562,1,0.5681593434537682,explore,0,0.7
1682,2026-04-15T23:56:22.405228,0.10153844936321466,0.9997909530296901,4,0.7967914438502673,0.8,2,0.9942251752864011,0.0981689001775835,1,0.5679490702804374,explore,0,0.7
1683,2026-04-15T23:56:22.405260,0.1054398021027732,0.9997867066386877,4,0.7969121140142518,0.8,2,0.9942293944903586,0.09730641118597771,1,0.5677370983838886,explore,0,0.7
1684,2026-04-15T23:56:22.405276,0.10221891003323709,0.9997931481331827,4,0.797032640949555,0.8,2,0.9938455388254902,0.09672250317255923,1,0.5675234330634084,explore,0,0.7
1685,2026-04-15T23:56:22.405290,0.09717611369264789,0.9998015570466118,4,0.797153024911032,0.8,2,0.9936884176967086,0.09805417421370054,1,0.5673080796606182,explore,0,0.7
1686,2026-04-15T23:56:22.405305,0.1059742061305037,0.9998103931436129,4,0.7972732661529343,0.8,2,0.993564766533416,0.09712303888665921,1,0.5670910435593423,explore,0,0.7
1687,2026-04-15T23:56:22.405319,0.10060899600155399,0.9998223081705861,4,0.79739336492891,0.8,2,0.9936368422821076,0.09748411451126493,1,0.5668723301854716,explore,0,0.7
1688,2026-04-15T23:56:22.405333,0.0952249728175119,0.9998164964824998,4,0.7975133214920072,0.8,2,0.993554244295278,0.09716599962132386,1,0.5666519450068292,explore,0,0.7
1689,2026-04-15T23:56:22.405348,0.10290754212228491,0.9998293457120202,4,0.7976331360946746,0.8,2,0.9934981720290075,0.09662158365269008,1,0.5664298935330332,explore,0,0.7
1690,2026-04-15T23:56:22.405362,0.10843333770708208,0.9998356842769665,4,0.797752808988764,0.8,2,0.9933499401190218,0.09678386993263664,1,0.5662061813153587,explore,0,0.7
1691,2026-04-15T23:56:22.405376,0.09991181539917902,0.9998473013817523,4,0.7978723404255319,0.8,2,0.9932528756987455,0.09738775521887172,1,0.5659808139465995,explore,0,0.7
1692,2026-04-15T23:56:22.405391,0.09248162844503001,0.9998479419545794,4,0.7979917306556409,0.8,2,0.9930525273858282,0.09672829196385757,1,0.5657537970609282,explore,0,0.7
1693,2026-04-15T23:56:22.405405,0.09929969679559926,0.9998477723079429,4,0.7981109799291618,0.8,2,0.9932931164958897,0.0978298886480068,1,0.565525136333755,explore,0,0.7
1694,2026-04-15T23:56:22.405419,0.10127529188441475,0.9998628005936071,4,0.7982300884955752,0.8,2,0.9928083590690686,0.09831954262294543,1,0.5652948374815863,explore,0,0.7
1695,2026-04-15T23:56:22.405433,0.10087978404261363,0.9998673142742629,4,0.7983490566037735,0.8,2,0.9927105123599189,0.0982138466664448,1,0.5650629062618813,explore,0,0.7
1696,2026-04-15T23:56:22.405448,0.09714447825076056,0.999843616448287,4,0.7984678845020624,0.8,2,0.9927331617410984,0.09687984071391462,1,0.5648293484729084,explore,0,0.7
1697,2026-04-15T23:56:22.405465,0.10206310978223221,0.9998552387421497,4,0.7985865724381626,0.8,2,0.9926941507178427,0.09817056674885427,1,0.5645941699536002,explore,0,0.7
1698,2026-04-15T23:56:22.405480,0.09694680160650183,0.9998536050859734,4,0.7987051206592113,0.8,2,0.9927811977725427,0.09726538368965391,1,0.5643573765834075,explore,0,0.7
1699,2026-04-15T23:56:22.405494,0.09887120902357507,0.9998539240263168,4,0.7988235294117647,0.8,2,0.9928208238742569,0.0978368545226796,1,0.5641189742821521,explore,0,0.7
1700,2026-04-15T23:56:22.405508,0.10165580368103053,0.9989837767205791,4,0.7983539094650206,0.8,2,0.0,0.08577654194512684,1,0.5638789690098792,exploit,1,0.5
1701,2026-04-15T23:56:22.405522,0.09384940020548682,0.9980873608814493,4,0.7978848413631022,0.8,2,0.0,0.08641217097614867,1,0.5636373667667081,exploit,1,0.5
1702,2026-04-15T23:56:22.405536,0.10114618944099352,0.9972576009270563,4,0.7974163241338814,0.8,2,0.0,0.08549881794434122,1,0.5633941735926823,exploit,1,0.5
1703,2026-04-15T23:56:22.405549,0.09271254833956717,0.9966907713882128,4,0.7969483568075117,0.8,2,0.0,0.08604718666358047,1,0.5631493955676183,exploit,1,0.5
1704,2026-04-15T23:56:22.405563,0.1027435706804028,0.996288298209805,4,0.7964809384164223,0.8,2,0.0,0.0873278182872823,1,0.5629030388109544,exploit,1,0.5
1705,2026-04-15T23:56:22.405576,0.09992488645091019,0.9959957386512434,4,0.7960140679953107,0.8,2,0.0,0.08638611493123238,1,0.5626551094815961,exploit,1,0.5
1706,2026-04-15T23:56:22.405590,0.09464912320342522,0.9956350103522436,4,0.7955477445811365,0.8,2,0.0,0.08613459943281082,1,0.5624056137777643,exploit,1,0.5
1707,2026-04-15T23:56:22.405603,0.09387707874817432,0.9954639991501799,4,0.7950819672131147,0.8,2,0.0,0.08600139455142612,1,0.5621545579368383,exploit,1,0.5
1708,2026-04-15T23:56:22.405617,0.09708857035021806,0.9952869302561527,4,0.7946167349327092,0.8,2,0.0,0.08555673264116079,1,0.561901948235201,exploit,1,0.5
1709,2026-04-15T23:56:22.405630,0.09840886228734733,0.9950846933119367,4,0.7941520467836257,0.8,2,0.0,0.08598636495811604,1,0.5616477909880819,exploit,1,0.5
1710,2026-04-15T23:56:22.405644,0.09082215897789198,0.9951385520575724,4,0.7936879018118059,0.8,2,0.0,0.0846208919632852,1,0.561392092549399,exploit,1,0.5
1711,2026-04-15T23:56:22.405657,0.09369727341037226,0.995316010360398,4,0.7932242990654206,0.8,2,0.0,0.0870265173417304,1,0.5611348593115999,exploit,1,0.5
1712,2026-04-15T23:56:22.405670,0.09386044113411743,0.9956442807929603,4,0.7927612375948628,0.8,2,0.0,0.08698694475024703,1,0.560876097705502,exploit,1,0.5
1713,2026-04-15T23:56:22.405684,0.10635881230122123,0.996047324723998,4,0.7922987164527421,0.8,2,0.0,0.08627624203596414,1,0.5606158142001322,exploit,1,0.5
1714,2026-04-15T23:56:22.405703,0.10475892969300257,0.9964511938062887,4,0.7924198250728863,0.8,2,0.0,0.0861795848902194,1,0.5603540153025642,exploit,1,0.5
1715,2026-04-15T23:56:22.405718,0.09129403820566565,0.9969884318665295,4,0.7925407925407926,0.8,2,0.0,0.08553638255355372,1,0.5600907075577573,exploit,1,0.5
1716,2026-04-15T23:56:22.405731,0.09584673349941417,0.9973977784271824,4,0.7926616191030867,0.8,2,0.0,0.08690587881195677,1,0.5598258975483912,exploit,1,0.5
1717,2026-04-15T23:56:22.405744,0.10851604753030891,0.9980498258554711,4,0.7927823050058207,0.8,2,0.0,0.08629728269421211,1,0.5595595918947022,exploit,1,0.5
1718,2026-04-15T23:56:22.405758,0.09986624324686393,0.9988033964816253,4,0.7929028504944735,0.8,2,0.0,0.08591747669099457,1,0.559291797254318,exploit,1,0.5
1719,2026-04-15T23:56:22.405771,0.09856128170638379,0.9997451528777177,4,0.7930232558139535,0.8,2,0.9941192350536946,0.08500974753808238,1,0.5590225203220904,exploit,1,0.5
1720,2026-04-15T23:56:22.405786,0.0942682077910266,0.9997303314016436,4,0.7931435212085997,0.8,2,0.9941220826344938,0.08557102397430355,1,0.5587517678299291,exploit,1,0.5
1721,2026-04-15T23:56:22.405800,0.087543577783753,0.999711706873111,4,0.7932636469221835,0.8,2,0.9943167882537541,0.0851599407885976,1,0.5584795465466318,exploit,1,0.5
1722,2026-04-15T23:56:22.405814,0.09597333625535516,0.9997127941347443,4,0.7933836331979106,0.8,2,0.9942588568925108,0.0861194982000388,1,0.5582058632777168,exploit,1,0.5
1723,2026-04-15T23:56:22.405828,0.0990459834678438,0.9997118173466475,4,0.7935034802784223,0.8,2,0.9941801045575387,0.08666903268873312,1,0.5579307248652513,exploit,1,0.5
1724,2026-04-15T23:56:22.405843,0.10440679747283485,0.9997175001018048,4,0.7936231884057972,0.8,2,0.9944324256021689,0.08619551483873264,1,0.5576541381876814,exploit,1,0.5
1725,2026-04-15T23:56:22.405857,0.10253006431895409,0.999726115112902,4,0.7937427578215527,0.8,2,0.9944129702801848,0.08558718915883244,1,0.5573761101596596,exploit,1,0.5
1726,2026-04-15T23:56:22.405871,0.10534917783541012,0.9997295725238681,4,0.7938621887666474,0.8,2,0.9943760306900977,0.08540685548020288,1,0.5570966477318722,exploit,1,0.5
1727,2026-04-15T23:56:22.405886,0.09473499301474178,0.9997302880964608,4,0.7939814814814815,0.8,2,0.9939691385776357,0.08731416951650581,1,0.5568157578908653,exploit,1,0.5
1728,2026-04-15T23:56:22.405900,0.1022332273453427,0.9997229310198662,4,0.7941006362058993,0.8,2,0.9937066672477298,0.08544877436736487,1,0.5565334476588703,exploit,1,0.5
1729,2026-04-15T23:56:22.405914,0.09738592272280408,0.9997442154966464,4,0.7942196531791907,0.8,2,0.9934783427588447,0.08631944922942944,1,0.5562497240936283,exploit,1,0.5
1730,2026-04-15T23:56:22.405929,0.10091645217706353,0.99973855071953,4,0.7943385326400925,0.8,2,0.9937335743544129,0.08674571321402835,1,0.5559645942882134,exploit,1,0.5
1731,2026-04-15T23:56:22.405944,0.09432320704120521,0.9997390316874708,4,0.7944572748267898,0.8,2,0.9936673403867466,0.0867416525591785,1,0.5556780653708564,exploit,1,0.5
1732,2026-04-15T23:56:22.405972,0.10161496567916893,0.9997046139259033,4,0.7945758799769186,0.8,2,0.9937381753746707,0.08614278465050501,1,0.5553901445047649,exploit,1,0.5
1733,2026-04-15T23:56:22.405988,0.10256794746179035,0.9996909463900948,4,0.7946943483275664,0.8,2,0.9934453161798926,0.08715293445596001,1,0.5551008388879456,exploit,1,0.5
1734,2026-04-15T23:56:22.406002,0.09211966594135021,0.9996833206347806,4,0.7948126801152737,0.8,2,0.9934597352485683,0.08599616893495372,1,0.5548101557530241,exploit,1,0.5
1735,2026-04-15T23:56:22.406017,0.09505570330602553,0.9996853744892521,4,0.7949308755760369,0.8,2,0.993578094150623,0.08613592994961115,1,0.5545181023670633,exploit,1,0.5
1736,2026-04-15T23:56:22.406031,0.09895629750257451,0.999682598181705,4,0.795048934945308,0.8,2,0.9938871455818457,0.08654014518068052,1,0.554224686031383,exploit,1,0.5
1737,2026-04-15T23:56:22.406045,0.09164626950705627,0.9996525410462294,4,0.7951668584579977,0.8,2,0.9939513958914604,0.08571114859371362,1,0.5539299140813759,exploit,1,0.5
1738,2026-04-15T23:56:22.406060,0.09839145211992525,0.9996509189825392,4,0.7952846463484762,0.8,2,0.9938945474188331,0.08620723011492473,1,0.5536337938863258,exploit,1,0.5
1739,2026-04-15T23:56:22.406074,0.09549310582613699,0.9996916298981746,4,0.7954022988505747,0.8,2,0.9940121326884072,0.08671568447548153,1,0.5533363328492218,exploit,1,0.5
1740,2026-04-15T23:56:22.406089,0.09255663347822413,0.9997124852907937,4,0.7955198161975876,0.8,2,0.9940641405131385,0.0860992495248652,1,0.5530375384065745,exploit,1,0.5
1741,2026-04-15T23:56:22.406103,0.0988534508199338,0.9997212721715092,4,0.7956371986222732,0.8,2,0.9941601407375483,0.08666084035982825,1,0.5527374180282296,exploit,1,0.5
1742,2026-04-15T23:56:22.406118,0.09137802238228718,0.9997233138289567,4,0.795754446356856,0.8,2,0.9938184078990737,0.08679905606615762,1,0.5524359792171806,exploit,1,0.5
1743,2026-04-15T23:56:22.406132,0.09833779159908193,0.9997204763864134,4,0.7958715596330275,0.8,2,0.9938287578964514,0.0857408309160197,1,0.5521332295093823,exploit,1,0.5
1744,2026-04-15T23:56:22.406146,0.09346695375428511,0.9997202562712753,4,0.7959885386819484,0.8,2,0.993807691415882,0.0870461323152574,1,0.5518291764735614,exploit,1,0.5
1745,2026-04-15T23:56:22.406160,0.0926855087522914,0.9997240636543204,4,0.7961053837342497,0.8,2,0.9940481240654331,0.08581595411087617,1,0.5515238277110283,exploit,1,0.5
1746,2026-04-15T23:56:22.406175,0.09217282809697697,0.9997078878102961,4,0.7962220950200344,0.8,2,0.9942377633949052,0.0864979531071407,1,0.5512171908554857,exploit,1,0.5
1747,2026-04-15T23:56:22.406189,0.09488941231287346,0.9997147483330386,4,0.7963386727688787,0.8,2,0.9943555123931773,0.08679979965046102,1,0.5509092735728395,exploit,1,0.5
1748,2026-04-15T23:56:22.406204,0.10138777112720251,0.9997256076478697,4,0.7964551172098342,0.8,2,0.994988496012317,0.08707622158332261,1,0.5506000835610053,exploit,1,0.5
1749,2026-04-15T23:56:22.406218,0.08648259294655397,0.9997280690272758,4,0.7965714285714286,0.8,2,0.9950389286133596,0.08618164112393699,1,0.5502896285497175,exploit,1,0.5
1750,2026-04-15T23:56:22.406233,0.0958291199527459,0.9997339870415173,4,0.7966876070816676,0.8,2,0.9950507888024451,0.08676416522120706,1,0.5499779163003354,exploit,1,0.5
1751,2026-04-15T23:56:22.406247,0.09780222039128404,0.9997428417146965,4,0.7968036529680366,0.8,2,0.9952698723407609,0.086516427787711,1,0.5496649546056487,exploit,1,0.5
1752,2026-04-15T23:56:22.406269,0.09189072985853315,0.9997727695158286,4,0.7969195664575014,0.8,2,0.995257632412959,0.08569791192010044,1,0.5493507512896836,exploit,1,0.5
1753,2026-04-15T23:56:22.406284,0.09153704402019928,0.9997800028553614,4,0.7970353477765109,0.8,2,0.9951104072563737,0.08690475355057406,1,0.5490353142075065,exploit,1,0.5
1754,2026-04-15T23:56:22.406298,0.09435612851406662,0.9997776677825101,4,0.7971509971509971,0.8,2,0.994994188731785,0.08725674200946494,1,0.5487186512450283,exploit,1,0.5
1755,2026-04-15T23:56:22.406312,0.09036948341289675,0.9997824300603995,4,0.7972665148063781,0.8,2,0.9950698241082493,0.08679007794126187,1,0.5484007703188063,exploit,1,0.5
1756,2026-04-15T23:56:22.406327,0.09037583274344764,0.9997941478657162,4,0.7973819009675583,0.8,2,0.9948189875365285,0.08696315044463881,1,0.5480816793758472,exploit,1,0.5
1757,2026-04-15T23:56:22.406341,0.09387325436910529,0.9998035136673294,4,0.7974971558589306,0.8,2,0.9949179024686223,0.08677623294593684,1,0.547761386393408,exploit,1,0.5
1758,2026-04-15T23:56:22.406356,0.10467751259024691,0.9998226006406428,4,0.7976122797043775,0.8,2,0.9947853797112287,0.08627782558805161,1,0.5474398993787964,exploit,1,0.5
1759,2026-04-15T23:56:22.406370,0.08887934570538697,0.9998252007296968,4,0.7977272727272727,0.8,2,0.994814244854072,0.0866805377885034,1,0.5471172263691714,exploit,1,0.5
1760,2026-04-15T23:56:22.406384,0.08671020388912465,0.9998203691918456,4,0.7978421351504826,0.8,2,0.9951871451827764,0.08625663845279904,1,0.5467933754313409,exploit,1,0.5
1761,2026-04-15T23:56:22.406399,0.09391771891907824,0.9998314681665235,4,0.7979568671963677,0.8,2,0.9952104594980108,0.08660709504538304,1,0.546468354661562,exploit,1,0.5
1762,2026-04-15T23:56:22.406413,0.0952745231589262,0.9998290132002382,4,0.7980714690867838,0.8,2,0.9952960141605596,0.08613931338292763,1,0.5461421721853367,exploit,1,0.5
1763,2026-04-15T23:56:22.406427,0.09545921097184008,0.99982741901901,4,0.7981859410430839,0.8,2,0.9954624282944164,0.08682816609266766,1,0.54581483615721,exploit,1,0.5
1764,2026-04-15T23:56:22.406442,0.09122472283835124,0.9998170973833674,4,0.798300283286119,0.8,2,0.9953814333108053,0.08580491071820012,1,0.5454863547605655,exploit,1,0.5
1765,2026-04-15T23:56:22.406459,0.08807602825352585,0.9998090693352137,4,0.79841449603624,0.8,2,0.9954144731517969,0.08635537538460264,1,0.5451567362074211,exploit,1,0.5
1766,2026-04-15T23:56:22.406474,0.09610426409190771,0.9998328361022508,4,0.7985285795132994,0.8,2,0.995439977921475,0.08720803827227024,1,0.5448259887382235,exploit,1,0.5
1767,2026-04-15T23:56:22.406488,0.10617025237675619,0.9998313328585106,4,0.7986425339366516,0.8,2,0.9954478709245802,0.08610008698059123,1,0.5444941206216422,exploit,1,0.5
1768,2026-04-15T23:56:22.406503,0.09547640915805372,0.9998242586410244,4,0.7987563595251554,0.8,2,0.9954105036003771,0.08642414723604791,1,0.5441611401543627,exploit,1,0.5
1769,2026-04-15T23:56:22.406517,0.0890452982709446,0.9998108165384694,4,0.7988700564971751,0.8,2,0.9953428878302362,0.0863314089516331,1,0.5438270556608792,exploit,1,0.5
1770,2026-04-15T23:56:22.406531,0.09028207964349652,0.9998025984470907,4,0.7989836250705816,0.8,2,0.995344053071092,0.08676841477248202,1,0.543491875493287,exploit,1,0.5
1771,2026-04-15T23:56:22.406546,0.10199871913023911,0.999796773363123,4,0.7990970654627539,0.8,2,0.9953272180395851,0.08633081521226842,1,0.5431556080310727,exploit,1,0.5
1772,2026-04-15T23:56:22.406560,0.09439017105935843,0.9997966020723785,4,0.7992103778905809,0.8,2,0.9955888883397259,0.08711293413810627,1,0.5428182616809053,exploit,1,0.5
1773,2026-04-15T23:56:22.406575,0.09342794245953323,0.9997960780862593,4,0.7993235625704622,0.8,2,0.9955993485415855,0.08681567235448126,1,0.5424798448764259,exploit,1,0.5
1774,2026-04-15T23:56:22.406589,0.09098096262866381,0.9997876977667542,4,0.7994366197183098,0.8,2,0.996000651588024,0.08660431514655657,1,0.5421403660780371,exploit,1,0.5
1775,2026-04-15T23:56:22.406604,0.0935132112397545,0.999801109919903,4,0.7995495495495496,0.8,2,0.9956071455743267,0.08732729269642925,1,0.5417998337726913,exploit,1,0.5
1776,2026-04-15T23:56:22.406618,0.0952920868632357,0.9997936978829903,4,0.7996623522791221,0.8,2,0.9954041605636069,0.085560628498877,1,0.541458256473678,exploit,1,0.5
1777,2026-04-15T23:56:22.406632,0.08557351773702895,0.9998207748263747,4,0.7997750281214848,0.8,2,0.9951279503684194,0.08613963723339152,1,0.5411156427204123,exploit,1,0.5
1778,2026-04-15T23:56:22.406647,0.09799883392440753,0.9998239211071691,4,0.7998875772906127,0.8,2,0.9951468633993004,0.08596396552317673,1,0.54077200107822,exploit,1,0.5
1779,2026-04-15T23:56:22.406674,0.08816633404820207,0.9998242540553959,4,0.8,0.8,2,0.9951048751112388,0.08590904491849018,1,0.5404273401381244,exploit,1,0.5
1780,2026-04-15T23:56:22.406689,0.09676986487259714,0.9998069604785657,4,0.8001122964626615,0.8,2,0.9949790900340717,0.08718001713133999,1,0.5400816685166308,exploit,1,0.5
1781,2026-04-15T23:56:22.406709,0.09222965829222504,0.9998077663278264,4,0.8002244668911336,0.8,2,0.9948849791055248,0.08692029878796846,1,0.5397349948555119,exploit,1,0.5
1782,2026-04-15T23:56:22.406724,0.09175584776627314,0.9997954274087713,4,0.8003365114974762,0.8,2,0.9944147831721528,0.08745222309984024,1,0.5393873278215912,exploit,1,0.5
1783,2026-04-15T23:56:22.406738,0.0987816248435757,0.9997895131582988,4,0.8004484304932735,0.8,2,0.9941761905420707,0.08567134389870733,1,0.5390386761065262,exploit,1,0.5
1784,2026-04-15T23:56:22.406753,0.09572801122749924,0.9997969513080384,4,0.8005602240896359,0.8,2,0.9938940776594696,0.08763916323578794,1,0.538689048426592,exploit,1,0.5
1785,2026-04-15T23:56:22.406767,0.09042122754419019,0.9998039435028623,4,0.8006718924972005,0.8,2,0.9936663425034151,0.0869166864305492,1,0.538338453522462,exploit,1,0.5
1786,2026-04-15T23:56:22.406782,0.09822048148615496,0.999812833832288,4,0.8007834359261332,0.8,2,0.9936528177766288,0.0861618374983425,1,0.537986900158991,exploit,1,0.5
1787,2026-04-15T23:56:22.406796,0.09416592635156043,0.9998219092253121,4,0.8008948545861297,0.8,2,0.9936712689481234,0.08623086896428907,1,0.5376343971249943,exploit,1,0.5
1788,2026-04-15T23:56:22.406810,0.09114716585576853,0.999815270257888,4,0.801006148686417,0.8,2,0.9934069685995792,0.08557009689670535,1,0.5372809532330297,exploit,1,0.5
1789,2026-04-15T23:56:22.406825,0.10046230022672775,0.9998272901830824,4,0.8011173184357542,0.8,2,0.9930596226481299,0.08551633015535286,1,0.5369265773191759,exploit,1,0.5
1790,2026-04-15T23:56:22.406839,0.10035792868206957,0.9998320766875552,4,0.8012283640424344,0.8,2,0.992657432604297,0.0851683081775973,1,0.5365712782428124,exploit,1,0.5
1791,2026-04-15T23:56:22.406854,0.08766872392484343,0.9998421702092987,4,0.8013392857142857,0.8,2,0.9925784789223228,0.08551275521887172,1,0.5362150648863976,exploit,1,0.5
1792,2026-04-15T23:56:22.406868,0.08779860735979769,0.9998429467744315,4,0.8014500836586727,0.8,2,0.9922549385300565,0.08538095129510609,1,0.5358579461552468,exploit,1,0.5
1793,2026-04-15T23:56:22.406882,0.09284127615441062,0.9998426633205083,4,0.8015607580824972,0.8,2,0.9924655984825971,0.08653265084650519,1,0.5354999309773099,exploit,1,0.5
1794,2026-04-15T23:56:22.406897,0.09363646224567274,0.9998589314112036,4,0.8016713091922005,0.8,2,0.9922221012762087,0.08677787538708544,1,0.5351410283029473,exploit,1,0.5
1795,2026-04-15T23:56:22.406911,0.0904350741492786,0.9998635324977128,4,0.8017817371937639,0.8,2,0.9921203584267473,0.08712152206931921,1,0.5347812471047075,exploit,1,0.5
1796,2026-04-15T23:56:22.406925,0.08450913374902458,0.9998415273859973,4,0.80189204229271,0.8,2,0.992144302411673,0.08592698365066335,1,0.5344205963771015,exploit,1,0.5
1797,2026-04-15T23:56:22.406940,0.09257405000923588,0.9998538217805988,4,0.8020022246941045,0.8,2,0.9922516623601453,0.08645639466151316,1,0.5340590851363789,exploit,1,0.5
1798,2026-04-15T23:56:22.406958,0.08917916935998817,0.9998533069175617,4,0.802112284602557,0.8,2,0.992214164094746,0.08601956381314384,1,0.5336967224203018,exploit,1,0.5
1799,2026-04-15T23:56:22.406973,0.09556638345951361,0.9998533858437383,4,0.8022222222222222,0.8,2,0.9922130995702159,0.08616588172384067,1,0.5333335172879191,exploit,1,0.5
1800,2026-04-15T23:56:22.406987,0.09860045178132959,0.999014520521888,4,0.8017767906718489,0.8,2,0.0,0.09741643817252171,1,0.5329694788193405,explore,0,0.7
1801,2026-04-15T23:56:22.407001,0.09621519561588812,0.9983481101989244,4,0.8013318534961155,0.8,2,0.0,0.09762142640467222,1,0.5326046161155085,explore,0,0.7
1802,2026-04-15T23:56:22.407015,0.09931921505724667,0.9978106562564876,4,0.8008874098724348,0.8,2,0.0,0.09708189208213995,1,0.5322389382979719,explore,0,0.7
1803,2026-04-15T23:56:22.407028,0.08782596661124273,0.9972031403833883,4,0.8004434589800443,0.8,2,0.0,0.09792218666358046,1,0.5318724545086567,explore,0,0.7
1804,2026-04-15T23:56:22.407041,0.09926877846840457,0.9965946430408805,4,0.8,0.8,2,0.0,0.09798785185664527,1,0.531505173909639,explore,0,0.7
1805,2026-04-15T23:56:22.407054,0.09535216174066088,0.9960443361403863,4,0.7995570321151716,0.8,2,0.0,0.09715345793172547,1,0.5311371056829144,explore,0,0.7
1806,2026-04-15T23:56:22.407068,0.09965340281852926,0.9957466384411651,4,0.7991145545102379,0.8,2,0.0,0.09729295574873086,1,0.5307682590301694,explore,0,0.7
1807,2026-04-15T23:56:22.407081,0.08604275549589897,0.9954258662208476,4,0.7986725663716814,0.8,2,0.0,0.09691164233234327,1,0.5303986431725513,explore,0,0.7
1808,2026-04-15T23:56:22.407094,0.09373426167652968,0.9953260610854567,4,0.7982310668877833,0.8,2,0.0,0.09741287914257096,1,0.5300282673504368,explore,0,0.7
1809,2026-04-15T23:56:22.407108,0.09308698411234315,0.9954102115143802,4,0.7977900552486188,0.8,2,0.0,0.09752000976445961,1,0.5296571408232029,explore,0,0.7
1810,2026-04-15T23:56:22.407121,0.09145779564734177,0.99545980560346,4,0.7973495306460519,0.8,2,0.0,0.09636556897490295,1,0.5292852728689929,explore,0,0.7
1811,2026-04-15T23:56:22.407135,0.09538754703773686,0.9955451062058436,4,0.7969094922737306,0.8,2,0.0,0.09705810565380467,1,0.5289126727844865,explore,0,0.7
1812,2026-04-15T23:56:22.407148,0.09039924882757615,0.9956531449508584,4,0.7964699393270822,0.8,2,0.0,0.09767225325792289,1,0.5285393498846663,explore,0,0.7
1813,2026-04-15T23:56:22.407161,0.09688100662594347,0.995895136289879,4,0.7965821389195149,0.8,2,0.0,0.09772614083496092,1,0.5281653135025854,explore,0,0.7
1814,2026-04-15T23:56:22.407174,0.10060668353756963,0.9963133263338405,4,0.7966942148760331,0.8,2,0.0,0.09722208070569624,1,0.5277905729891339,explore,0,0.7
1815,2026-04-15T23:56:22.407188,0.08598287348476195,0.9967252631974696,4,0.7968061674008811,0.8,2,0.0,0.0967216483791019,1,0.5274151377128051,explore,0,0.7
1816,2026-04-15T23:56:22.407201,0.08967391915608003,0.9975415669288326,4,0.7969179966978536,0.8,2,0.0,0.09766675077849851,1,0.5270390170594614,explore,0,0.7
1817,2026-04-15T23:56:22.407215,0.1031715315642282,0.9982334770130367,4,0.7970297029702971,0.8,2,0.0,0.0969715589016948,1,0.5266622204320994,explore,0,0.7
1818,2026-04-15T23:56:22.407228,0.09371531828341643,0.9990145062513799,4,0.7971412864211105,0.8,2,0.0,0.09744542453017649,1,0.5262847572506154,explore,0,0.7
1819,2026-04-15T23:56:22.407241,0.09734039193918458,0.9997352047391358,4,0.7972527472527473,0.8,2,0.9932044877519357,0.09687641709727846,1,0.5259066369515689,explore,0,0.7
1820,2026-04-15T23:56:22.407262,0.09712592700614936,0.9997219226190562,4,0.7973640856672158,0.8,2,0.9932412842324458,0.09722102315200093,1,0.5255278689879481,explore,0,0.7
1821,2026-04-15T23:56:22.407277,0.08899839862459358,0.9997043129191857,4,0.7974753018660812,0.8,2,0.9934104247722355,0.09674858084367564,1,0.5251484628289321,explore,0,0.7
1822,2026-04-15T23:56:22.407299,0.09504266819719984,0.9997051572093901,4,0.7975863960504662,0.8,2,0.993420026733479,0.09722230996182792,1,0.5247684279596553,explore,0,0.7
1823,2026-04-15T23:56:22.407322,0.09521054483145724,0.9997043204777185,4,0.7976973684210527,0.8,2,0.9936093091361151,0.09755771447344995,1,0.5243877738809695,explore,0,0.7
1824,2026-04-15T23:56:22.407340,0.09415284548528033,0.9997096808611537,4,0.7978082191780822,0.8,2,0.9935396000929506,0.09703990135660234,1,0.5240065101092066,explore,0,0.7
1825,2026-04-15T23:56:22.407355,0.10060120743891168,0.9997183544781046,4,0.7979189485213581,0.8,2,0.9935873461637743,0.09728351675445307,1,0.5236246461759416,explore,0,0.7
1826,2026-04-15T23:56:22.407369,0.09296366214487384,0.999722422274575,4,0.7980295566502463,0.8,2,0.9935697252713702,0.09714728158807817,1,0.5232421916277525,explore,0,0.7
1827,2026-04-15T23:56:22.407384,0.09309534790343646,0.9997264205515433,4,0.7981400437636762,0.8,2,0.993497123242433,0.097786522403661,1,0.5228591560259834,explore,0,0.7
1828,2026-04-15T23:56:22.407411,0.09949616088632954,0.9997211111935344,4,0.7982504100601422,0.8,2,0.9934569012047658,0.09642813900567877,1,0.5224755489465042,explore,0,0.7
1829,2026-04-15T23:56:22.407428,0.09582308904569589,0.9997405806471276,4,0.7983606557377049,0.8,2,0.9932907831852997,0.0974620192268752,1,0.5220913799794719,explore,0,0.7
1830,2026-04-15T23:56:22.407443,0.09586261584629668,0.999736584899789,4,0.7984707809939924,0.8,2,0.9932233509301924,0.09810152485867214,1,0.5217066587290906,explore,0,0.7
1831,2026-04-15T23:56:22.407464,0.0917507380880159,0.9997375626638648,4,0.7985807860262009,0.8,2,0.9925709391378057,0.09667984403523923,1,0.5213213948133718,explore,0,0.7
1832,2026-04-15T23:56:22.407489,0.10014689056612325,0.9996974674176978,4,0.7986906710310966,0.8,2,0.9925445532646956,0.09729629892038372,1,0.520935597863893,explore,0,0.7
1833,2026-04-15T23:56:22.407511,0.10830628853067344,0.9996849573797827,4,0.7988004362050164,0.8,2,0.9924703113783262,0.0979080015107884,1,0.520549277525558,explore,0,0.7
1834,2026-04-15T23:56:22.407529,0.09273168894135941,0.999677910500121,4,0.7989100817438692,0.8,2,0.9924485341507246,0.09712375106975396,1,0.5201624434563553,explore,0,0.7
1835,2026-04-15T23:56:22.407544,0.08952372921828641,0.9996815450449851,4,0.7990196078431373,0.8,2,0.9927472203210186,0.09730962931656673,1,0.5197751053271161,explore,0,0.7
1836,2026-04-15T23:56:22.407558,0.09484849278010751,0.9996790868742299,4,0.799129014697877,0.8,2,0.9932317894355416,0.09800918711558496,1,0.519387272821274,explore,0,0.7
1837,2026-04-15T23:56:22.407573,0.09681018666497845,0.9996476216558758,4,0.7992383025027203,0.8,2,0.9932488780125811,0.0966523239154835,1,0.5189989556346207,explore,0,0.7
1838,2026-04-15T23:56:22.407659,0.09195178552932545,0.9996486945448763,4,0.799347471451876,0.8,2,0.9931811697654762,0.0973363479892182,1,0.5186101634750664,explore,0,0.7
1839,2026-04-15T23:56:22.407684,0.09962342780269873,0.9996910204466387,4,0.7994565217391304,0.8,2,0.9932214609087447,0.09820150862962672,1,0.5182209060623943,explore,0,0.7
1840,2026-04-15T23:56:22.407714,0.08953611284520785,0.999710053831523,4,0.799565453557849,0.8,2,0.9936267604430795,0.09720971158646985,1,0.5178311931280197,explore,0,0.7
1841,2026-04-15T23:56:22.407739,0.09933580267682476,0.999718641485888,4,0.7996742671009772,0.8,2,0.9936522937374931,0.09761279000144907,1,0.5174410344147456,explore,0,0.7
1842,2026-04-15T23:56:22.407760,0.08934365576899364,0.9997208191349318,4,0.7997829625610418,0.8,2,0.9935679482291611,0.09843044586709486,1,0.5170504396765195,explore,0,0.7
1843,2026-04-15T23:56:22.407776,0.0883155666961534,0.9997168550620936,4,0.7998915401301518,0.8,2,0.9935037982038674,0.0976158309160197,0,0.5166594186781898,explore,0,0.7
1844,2026-04-15T23:56:22.407790,0.09220976457645477,0.999716080226217,4,0.8,0.8,2,0.9935164702707848,0.09830369904750103,0,0.5162679811952604,explore,0,0.7
1845,2026-04-15T23:56:22.407804,0.08907134994012156,0.9997202057646156,4,0.8001083423618635,0.8,2,0.9934682911301889,0.09683876794587452,0,0.5158761370136488,explore,0,0.7
1846,2026-04-15T23:56:22.407818,0.0969234518668494,0.9997030846825428,4,0.8002165674066053,0.8,2,0.9935332988534378,0.0972370351819662,0,0.5154838959294384,explore,0,0.7
1847,2026-04-15T23:56:22.407833,0.09767845516033083,0.9997076708654808,4,0.8003246753246753,0.8,2,0.9934752745831784,0.09776527552468756,0,0.5150912677486364,explore,0,0.7
1848,2026-04-15T23:56:22.407847,0.09693369003093208,0.9997139401902709,4,0.8004326663061114,0.8,2,0.9940712726868391,0.09837423373752811,0,0.5146982622869266,explore,0,0.7
1849,2026-04-15T23:56:22.407862,0.08452080096003398,0.9997173327612109,4,0.8005405405405406,0.8,2,0.9941175577802348,0.09764859420791523,0,0.5143048893694252,explore,0,0.7
1850,2026-04-15T23:56:22.407876,0.09545226788527475,0.9997223192926135,4,0.8006482982171799,0.8,2,0.9941815687616806,0.097789081107089,0,0.5139111588304347,explore,0,0.7
1851,2026-04-15T23:56:22.407891,0.09414460492796539,0.9997317015207742,4,0.800755939524838,0.8,2,0.9955556500347553,0.09677801234882522,0,0.5135170805131978,explore,0,0.7
1852,2026-04-15T23:56:22.407906,0.0877586236748844,0.9997632113943282,4,0.8008634646519158,0.8,2,0.995866960982889,0.09712215305645783,0,0.5131226642696523,explore,0,0.7
1853,2026-04-15T23:56:22.407946,0.08773995736923232,0.9997684102049982,4,0.8009708737864077,0.8,2,0.9957228050488764,0.09759373944834862,0,0.5127279199601833,explore,0,0.7
1854,2026-04-15T23:56:22.407975,0.0875066186122547,0.9997642244678278,4,0.801078167115903,0.8,2,0.9961205747138007,0.0977384364025214,0,0.5123328574533784,explore,0,0.7
1855,2026-04-15T23:56:22.407999,0.09063243251708963,0.999770133648892,4,0.8011853448275862,0.8,2,0.996077608016829,0.09747385089375485,0,0.5119374866257794,explore,0,0.7
1856,2026-04-15T23:56:22.408020,0.08709905104669813,0.9997817580046926,4,0.8012924071082391,0.8,2,0.9959372074979932,0.09779022523310775,0,0.5115418173616366,explore,0,0.7
1857,2026-04-15T23:56:22.408045,0.09284329503509692,0.9997963402150526,4,0.8013993541442411,0.8,2,0.9959810200767678,0.09718957947369514,0,0.5111458595526608,explore,0,0.7
1858,2026-04-15T23:56:22.408065,0.09930046902382204,0.9998142021699165,4,0.8015061861215708,0.8,2,0.9959650228798465,0.09748878396990632,0,0.5107496230977766,explore,0,0.7
1859,2026-04-15T23:56:22.408080,0.08499923138153975,0.9998171823850187,4,0.8016129032258065,0.8,2,0.9959558719126622,0.0974609963357085,0,0.510353117902875,explore,0,0.7
1860,2026-04-15T23:56:22.408094,0.08511658722230872,0.9998120553756572,4,0.8017195056421279,0.8,2,0.9959916812901108,0.0975618651594446,0,0.5099563538805649,explore,0,0.7
1861,2026-04-15T23:56:22.408109,0.0975040658727801,0.9998224478321025,4,0.8018259935553169,0.8,2,0.9961078040413396,0.09796108384633936,0,0.5095593409499266,explore,0,0.7
1862,2026-04-15T23:56:22.408123,0.0932667862265946,0.9998197961413721,4,0.8019323671497585,0.8,2,0.9960372541210686,0.09717534821650516,0,0.5091620890362621,explore,0,0.7
1863,2026-04-15T23:56:22.408138,0.0967099824728587,0.9998178995520872,4,0.802038626609442,0.8,2,0.9960002253876132,0.0976201109432466,0,0.5087646080708492,explore,0,0.7
1864,2026-04-15T23:56:22.408152,0.0872243925913717,0.9998095362927356,4,0.8021447721179624,0.8,2,0.996033752016078,0.0971666389094962,0,0.5083669079906908,explore,0,0.7
1865,2026-04-15T23:56:22.408166,0.08568837345282213,0.9997999444326213,4,0.8022508038585209,0.8,2,0.99598411663609,0.09790584295664495,0,0.5079689987382684,explore,0,0.7
1866,2026-04-15T23:56:22.408181,0.10152562822772052,0.9998258329689514,4,0.802356722013926,0.8,2,0.9962215309513984,0.09759024200111137,0,0.5075708902612928,explore,0,0.7
1867,2026-04-15T23:56:22.408195,0.09808348258489044,0.9998240089504199,4,0.8024625267665952,0.8,2,0.9962064577341816,0.09732120362511833,0,0.5071725925124548,explore,0,0.7
1868,2026-04-15T23:56:22.408209,0.0908608594917081,0.9998192135131989,4,0.8025682182985554,0.8,2,0.9961415327008776,0.09813071699029957,0,0.5067741154491777,explore,0,0.7
1869,2026-04-15T23:56:22.408224,0.09412624405320187,0.9998058904786024,4,0.8026737967914439,0.8,2,0.9959384412596336,0.09770752722798522,0,0.506375469033367,explore,0,0.7
1870,2026-04-15T23:56:22.408238,0.09595334923858498,0.9997975497951882,4,0.8027792624265099,0.8,2,0.9959410829221871,0.09758498821041257,0,0.5059766632311627,explore,0,0.7
1871,2026-04-15T23:56:22.408264,0.09449709540767207,0.9997904455500031,4,0.8028846153846154,0.8,2,0.9958531850563639,0.09725968371721588,0,0.5055777080126889,explore,0,0.7
1872,2026-04-15T23:56:22.408280,0.0888500920628193,0.9997907557883714,4,0.802989855846236,0.8,2,0.9959002558148795,0.0983847538002041,0,0.5051786133518053,explore,0,0.7
1873,2026-04-15T23:56:22.408294,0.08894164463358417,0.9997906698888608,4,0.8030949839914621,0.8,2,0.9957605268923824,0.09811530354179687,0,0.5047793892258574,explore,0,0.7
1874,2026-04-15T23:56:22.408309,0.0876058828237864,0.9997847342085301,4,0.8032,0.8,2,0.9952814752252844,0.09743351656815455,0,0.5043800456154279,explore,0,0.7
1875,2026-04-15T23:56:22.408353,0.09292542472346577,0.9997985265838379,4,0.8033049040511727,0.8,2,0.9951893974178313,0.09866482426031295,0,0.5039805925040863,explore,0,0.7
1876,2026-04-15T23:56:22.408369,0.09246405783976305,0.9997908435241365,4,0.8034096963239211,0.8,2,0.9946523796442572,0.09686175204282146,0,0.5035810398781392,explore,0,0.7
1877,2026-04-15T23:56:22.408383,0.08348114487553798,0.9998163080168885,4,0.8035143769968051,0.8,2,0.9946199481154234,0.09763804667476723,0,0.5031813977263818,explore,0,0.7
1878,2026-04-15T23:56:22.408398,0.0876842478959241,0.9998194555926945,4,0.8036189462480042,0.8,2,0.9945157447331312,0.09707559641951591,0,0.5027816760398469,explore,0,0.7
1879,2026-04-15T23:56:22.408412,0.0872108219496353,0.9998192425856107,4,0.8037234042553192,0.8,2,0.9944702991462905,0.09768989234344393,0,0.502381884811556,explore,0,0.7
1880,2026-04-15T23:56:22.408429,0.0913561772075932,0.9998026425860133,4,0.8038277511961722,0.8,2,0.9946120435316743,0.09765229876507285,0,0.5019820340362686,explore,0,0.7
1881,2026-04-15T23:56:22.408444,0.08922959199214159,0.9998037326329203,4,0.803931987247609,0.8,2,0.9945471924544285,0.09831421913424562,0,0.5015821337102337,explore,0,0.7
1882,2026-04-15T23:56:22.408462,0.09140264877090647,0.9997909530305723,4,0.8040361125862985,0.8,2,0.9942304916260313,0.0981689001775835,0,0.5011821938309384,explore,0,0.7
1883,2026-04-15T23:56:22.408477,0.09496742351950854,0.9997867066395973,4,0.804140127388535,0.8,2,0.9942335215088499,0.09730641118597771,0,0.5007822243968588,explore,0,0.7
1884,2026-04-15T23:56:22.408492,0.09191927463454272,0.9997931481340271,4,0.8042440318302387,0.8,2,0.9938360506388926,0.09672250317255923,0,0.5003822354072103,explore,0,0.7
1885,2026-04-15T23:56:22.408506,0.08718920888583985,0.9998015570475041,4,0.8043478260869565,0.8,2,0.9936733146810606,0.09805417421370054,0,0.4999822368616963,explore,0,0.7
1886,2026-04-15T23:56:22.408521,0.09550075235095808,0.9998103931444815,4,0.8044515103338633,0.8,2,0.9935522213136987,0.09712303888665921,0,0.49958223876026,explore,0,0.7
1887,2026-04-15T23:56:22.408535,0.09041145798240456,0.9998223081714451,4,0.8045550847457628,0.8,2,0.9936224306318757,0.09748411451126493,0,0.4991822511028327,explore,0,0.7
1888,2026-04-15T23:56:22.408549,0.08529958483528458,0.9998164964835066,4,0.8046585494970884,0.8,2,0.993541925917621,0.09716599962132386,0,0.49878228388908546,explore,0,0.7
1889,2026-04-15T23:56:22.408564,0.0924676423945473,0.999829345712977,4,0.8047619047619048,0.8,2,0.9934902018000178,0.09662158365269008,0,0.4983823471181774,explore,0,0.7
1890,2026-04-15T23:56:22.408578,0.0978015848491802,0.9998356842781302,4,0.804865150713908,0.8,2,0.9933461172836502,0.09678386993263664,0,0.49798245078850717,explore,0,0.7
1891,2026-04-15T23:56:22.408593,0.0899631604886148,0.999847301382918,4,0.804968287526427,0.8,2,0.9932485382109123,0.09738775521887172,0,0.49758260489746226,explore,0,0.7
1892,2026-04-15T23:56:22.408607,0.08274927173937136,0.9998479419557511,4,0.8050713153724247,0.8,2,0.9930430714754732,0.09672829196385757,0,0.4971828194411689,explore,0,0.7
1893,2026-04-15T23:56:22.408622,0.08920215411686605,0.999847772309129,4,0.8051742344244984,0.8,2,0.9932888033652961,0.0978298886480068,0,0.49678310441424284,explore,0,0.7
1894,2026-04-15T23:56:22.408636,0.09108291510491887,0.9998628005948802,4,0.8052770448548813,0.8,2,0.9927980728122723,0.09831954262294543,0,0.4963834698095388,explore,0,0.7
1895,2026-04-15T23:56:22.408651,0.0908068142185019,0.9998673142754728,4,0.805379746835443,0.8,2,0.9927007323645614,0.0982138466664448,0,0.4959839256179013,explore,0,0.7
1896,2026-04-15T23:56:22.408665,0.08738240883250924,0.9998436164494398,4,0.8054823405376911,0.8,2,0.9927251021815103,0.09687984071391462,0,0.49558448182791404,explore,0,0.7
1897,2026-04-15T23:56:22.408680,0.0919107077048856,0.9998552387432214,4,0.8055848261327714,0.8,2,0.9926859139873085,0.09817056674885427,0,0.49518514842565126,explore,0,0.7
1898,2026-04-15T23:56:22.408694,0.08707516870806128,0.9998536050869316,4,0.8056872037914692,0.8,2,0.9927784886306904,0.09726538368965391,0,0.4947859353944269,explore,0,0.7
1899,2026-04-15T23:56:22.408715,0.08883511890442285,0.9998539240273493,4,0.8057894736842105,0.8,2,0.9928225450385166,0.0978368545226796,0,0.49438685271454613,explore,0,0.7
1900,2026-04-15T23:56:22.408730,0.09141432615485948,0.9989837767247834,4,0.805365597054182,0.8,2,0.0,0.08577654194512684,0,0.4939879103630552,exploit,1,0.5
1901,2026-04-15T23:56:22.408744,0.08357945984412155,0.9981803770017591,4,0.8049421661409043,0.8,2,0.0,0.08617981170292821,0,0.49358911831349206,exploit,1,0.5
1902,2026-04-15T23:56:22.408758,0.0894528476869967,0.9975925994927701,4,0.8045191802417236,0.8,2,0.0,0.08678827041512593,0,0.49319048653563724,exploit,1,0.5
1903,2026-04-15T23:56:22.408772,0.08506687060135325,0.9970615024108656,4,0.8040966386554622,0.8,2,0.0,0.08564981519002676,0,0.49279202499526426,exploit,1,0.5
1904,2026-04-15T23:56:22.408785,0.08793744685312514,0.9963505826831616,4,0.8036745406824147,0.8,2,0.0,0.08521127287420213,0,0.4923937436538911,exploit,1,0.5
1905,2026-04-15T23:56:22.408799,0.08841791793743689,0.9959961672434696,4,0.8032528856243442,0.8,2,0.0,0.08679608863362515,0,0.49199565246853033,exploit,1,0.5
1906,2026-04-15T23:56:22.408812,0.09147197081405847,0.9957616078898847,4,0.8028316727844782,0.8,2,0.0,0.08585576027120723,0,0.49159776139144107,exploit,1,0.5
1907,2026-04-15T23:56:22.408826,0.08460767882572277,0.9955542080089551,4,0.8024109014675053,0.8,2,0.0,0.08727021792401735,0,0.4912000803698793,exploit,1,0.5
1908,2026-04-15T23:56:22.408839,0.08824011255385719,0.9955769027379306,4,0.8019905709795705,0.8,2,0.0,0.08648373430286356,0,0.4908026193458499,exploit,1,0.5
1909,2026-04-15T23:56:22.408853,0.09088712765359518,0.9954940077356648,4,0.8015706806282723,0.8,2,0.0,0.0863329688592187,0,0.490405388255858,exploit,1,0.5
1910,2026-04-15T23:56:22.408866,0.08879559102754414,0.9955253365728347,4,0.8011512297226583,0.8,2,0.0,0.0870549876602228,0,0.4900083970306598,exploit,1,0.5
1911,2026-04-15T23:56:22.408880,0.08380221541911456,0.9955798602423817,4,0.8007322175732218,0.8,2,0.0,0.08638498090953298,0,0.4896116555950156,exploit,1,0.5
1912,2026-04-15T23:56:22.408893,0.08583441887524153,0.9958937159518818,4,0.8003136434918976,0.8,2,0.0,0.08612577805627238,0,0.48921517386744034,exploit,1,0.5
1913,2026-04-15T23:56:22.408907,0.0917028724379161,0.9962664949714263,4,0.800417972831766,0.8,2,0.0,0.08595665147429152,0,0.4888189617599568,exploit,1,0.5
1914,2026-04-15T23:56:22.408921,0.09198556429845607,0.9966666296606504,4,0.8005221932114882,0.8,2,0.0,0.08540132673333024,0,0.48842302917784686,exploit,1,0.5
1915,2026-04-15T23:56:22.408934,0.08973541803677297,0.9971644891287198,4,0.8006263048016702,0.8,2,0.0,0.08608058691500829,0,0.48802738601940443,exploit,1,0.5
1916,2026-04-15T23:56:22.408948,0.07925470422083228,0.9975771724839626,4,0.8007303077725613,0.8,2,0.0,0.08716497350471358,0,0.48763204217568806,exploit,1,0.5
1917,2026-04-15T23:56:22.408965,0.09187520467593097,0.9981742736912881,4,0.8008342022940563,0.8,2,0.0,0.08638525436350242,0,0.48723700753027305,exploit,1,0.5
1918,2026-04-15T23:56:22.408978,0.09075050505205462,0.9988671984500229,4,0.8009379885356956,0.8,2,0.0,0.0868608888340269,0,0.4868422919590052,exploit,1,0.5
1919,2026-04-15T23:56:22.408992,0.0948436288257716,0.9997708591362507,4,0.8010416666666667,0.8,2,0.9944288001163145,0.08555274617975649,0,0.48644790532975285,exploit,1,0.5
1920,2026-04-15T23:56:22.409007,0.08515291514407927,0.9997722743232466,4,0.8011452368558043,0.8,2,0.9943386836531072,0.08634648240746104,0,0.4860538575021616,exploit,1,0.5
1921,2026-04-15T23:56:22.409022,0.08221058269701924,0.9997789655385033,4,0.8012486992715921,0.8,2,0.9939069161392498,0.08646869596844071,0,0.48566015832740633,exploit,1,0.5
1922,2026-04-15T23:56:22.409036,0.08937608971717417,0.9997602983336903,4,0.8013520540821633,0.8,2,0.9933468346375112,0.08498119550867776,0,0.4852668176479461,exploit,1,0.5
1923,2026-04-15T23:56:22.409051,0.09010252437302521,0.9997451112122887,4,0.8014553014553014,0.8,2,0.9932705613986171,0.086784341120796,0,0.48487384529727723,exploit,1,0.5
1924,2026-04-15T23:56:22.409077,0.08937841312436673,0.9997700532037979,4,0.8015584415584416,0.8,2,0.9933392437275905,0.08631010119853595,0,0.4844812510996881,exploit,1,0.5
1925,2026-04-15T23:56:22.409092,0.09619348474492287,0.9997659657697445,4,0.8016614745586709,0.8,2,0.9934935417672814,0.08624105897288017,0,0.4840890448700133,exploit,1,0.5
1926,2026-04-15T23:56:22.409107,0.08434119192371672,0.9997666659102865,4,0.8017644006227296,0.8,2,0.9934966127352041,0.08660929737298985,0,0.48369723641338797,exploit,1,0.5
1927,2026-04-15T23:56:22.409122,0.08858943158446639,0.999762761107444,4,0.8018672199170125,0.8,2,0.9934835130244619,0.08692283140633011,0,0.4833058355250033,exploit,1,0.5
1928,2026-04-15T23:56:22.409136,0.08798746840562875,0.9997531616784031,4,0.8019699326075687,0.8,2,0.9935634590621671,0.08615655474487426,0,0.4829148519898609,exploit,1,0.5
1929,2026-04-15T23:56:22.409151,0.08754414513914689,0.9997534029007906,4,0.8020725388601037,0.8,2,0.9934760066736508,0.08653198922594366,0,0.482524295582529,exploit,1,0.5
1930,2026-04-15T23:56:22.409165,0.08300202232869314,0.9997510378804522,4,0.8021750388399793,0.8,2,0.9937926768054077,0.08701956431081392,0,0.4821341760668973,exploit,1,0.5
1931,2026-04-15T23:56:22.409180,0.08854650856039402,0.9997515573173544,4,0.8022774327122153,0.8,2,0.9938884198290544,0.08545247243908526,0,0.4817445031959335,exploit,1,0.5
1932,2026-04-15T23:56:22.409195,0.10019047890685658,0.999771223187071,4,0.8023797206414899,0.8,2,0.9938410898988197,0.08659457993781397,0,0.48135528671143885,exploit,1,0.5
1933,2026-04-15T23:56:22.409209,0.09192647532002175,0.9997698178553329,4,0.8024819027921406,0.8,2,0.9936913414832016,0.08693753298658852,0,0.4809665363438053,exploit,1,0.5
1934,2026-04-15T23:56:22.409224,0.08512169319529561,0.9997507952640097,4,0.8025839793281654,0.8,2,0.9937802471396098,0.08672744077508322,0,0.48057826181177205,exploit,1,0.5
1935,2026-04-15T23:56:22.409238,0.08573403079463426,0.9997644423694154,4,0.8026859504132231,0.8,2,0.9939595589289385,0.0868858274410765,0,0.4801904728221818,exploit,1,0.5
1936,2026-04-15T23:56:22.409266,0.0851497741926992,0.9997777923954352,4,0.802787816210635,0.8,2,0.9938720203621688,0.08648917323840913,0,0.47980317906973935,exploit,1,0.5
1937,2026-04-15T23:56:22.409289,0.09146912853549999,0.9998092837544034,4,0.8028895768833849,0.8,2,0.9935817245320004,0.08579089058775957,0,0.47941639023676813,exploit,1,0.5
1938,2026-04-15T23:56:22.409310,0.08896556726955882,0.9998157597311544,4,0.8029912325941206,0.8,2,0.9936066883368293,0.0863940110201545,0,0.4790301159929691,exploit,1,0.5
1939,2026-04-15T23:56:22.409330,0.08070872586594402,0.999842239805665,4,0.8030927835051547,0.8,2,0.9941324339538683,0.0865867823423545,0,0.47864436599517785,exploit,1,0.5
1940,2026-04-15T23:56:22.409350,0.08509259288721947,0.9998425055122417,4,0.8031942297784647,0.8,2,0.994053751003457,0.08640654564208916,0,0.4782591498871245,exploit,1,0.5
1941,2026-04-15T23:56:22.409371,0.08522188836198616,0.9998231184383557,4,0.8032955715756952,0.8,2,0.9944599307053003,0.08582230501003074,0,0.47787447729919175,exploit,1,0.5
1942,2026-04-15T23:56:22.409392,0.08126157311235074,0.9998222526402738,4,0.8033968090581575,0.8,2,0.9948250586987215,0.08684318698949862,0,0.477490357848174,exploit,1,0.5
1943,2026-04-15T23:56:22.409412,0.08640926882783692,0.9998092804720407,4,0.8034979423868313,0.8,2,0.9949176522535063,0.08621293454252454,0,0.47710680113703785,exploit,1,0.5
1944,2026-04-15T23:56:22.409438,0.08992562633832836,0.99980559834899,4,0.803598971722365,0.8,2,0.9949857926316532,0.08648922089589432,0,0.47672381675468073,exploit,1,0.5
1945,2026-04-15T23:56:22.409465,0.07704085631869373,0.9998082723255745,4,0.8036998972250771,0.8,2,0.9948313957212165,0.08638158165886023,0,0.4763414142756926,exploit,1,0.5
1946,2026-04-15T23:56:22.409481,0.08262148012346818,0.9998126897930391,4,0.8038007190549563,0.8,2,0.9948005811038128,0.08597006022596465,0,0.47595960326011527,exploit,1,0.5
1947,2026-04-15T23:56:22.409496,0.09353067596824088,0.9997987115693308,4,0.8039014373716632,0.8,2,0.9947512170577886,0.08707828655980483,0,0.4755783932532044,exploit,1,0.5
1948,2026-04-15T23:56:22.409511,0.0853401828757244,0.9998077382173454,4,0.8040020523345305,0.8,2,0.9947523329040647,0.0870867158184392,0,0.47519779378519017,exploit,1,0.5
1949,2026-04-15T23:56:22.409525,0.08320475551273654,0.9998145618331928,4,0.8041025641025641,0.8,2,0.9949056222662053,0.08643974213533623,0,0.4748178143710395,exploit,1,0.5
1950,2026-04-15T23:56:22.409540,0.0903304162049125,0.999817703045153,4,0.8042029728344439,0.8,2,0.9944412242745269,0.08678603965142542,0,0.4744384645102181,exploit,1,0.5
1951,2026-04-15T23:56:22.409554,0.08287928503240802,0.9998140291824411,4,0.8043032786885246,0.8,2,0.9944636580059178,0.08598465671268377,0,0.47405975368645253,exploit,1,0.5
1952,2026-04-15T23:56:22.409569,0.07845274184230158,0.9998148378730294,4,0.8044034818228366,0.8,2,0.9941239904497909,0.08542003001826884,0,0.47368169136749383,exploit,1,0.5
1953,2026-04-15T23:56:22.409584,0.08343109466711068,0.999812389600976,4,0.804503582395087,0.8,2,0.9940668387354766,0.08686133891224848,0,0.4733042870048801,exploit,1,0.5
1954,2026-04-15T23:56:22.409598,0.07921078409203836,0.9998302916607519,4,0.8046035805626598,0.8,2,0.9940847220502947,0.08691732025103864,0,0.47292755003370096,exploit,1,0.5
1955,2026-04-15T23:56:22.409613,0.08743452816656012,0.9998299453067213,4,0.8047034764826176,0.8,2,0.9941861576901878,0.08604822006486564,0,0.47255148987236084,exploit,1,0.5
1956,2026-04-15T23:56:22.409628,0.07823165533122886,0.9998247734613713,4,0.8048032703117016,0.8,2,0.9942680290000627,0.08566049435253997,0,0.4721761159223444,exploit,1,0.5
1957,2026-04-15T23:56:22.409642,0.08864037746256667,0.9997888451130648,4,0.804902962206333,0.8,2,0.9945532559923724,0.08688858992182008,0,0.47180143756798065,exploit,1,0.5
1958,2026-04-15T23:56:22.409657,0.08201603490405916,0.999795448502998,4,0.8050025523226135,0.8,2,0.9946046747205797,0.08652784357375459,0,0.471427464176209,exploit,1,0.5
1959,2026-04-15T23:56:22.409671,0.0876437514205152,0.9997850302384247,4,0.8051020408163265,0.8,2,0.9945101423456986,0.08591850251911981,0,0.47105420509634494,exploit,1,0.5
1960,2026-04-15T23:56:22.409685,0.08361796055997858,0.9997855389378862,4,0.8052014278429372,0.8,2,0.9948817844117437,0.08719602870431549,0,0.4706816696598457,exploit,1,0.5
1961,2026-04-15T23:56:22.409708,0.08948488904015742,0.9997970037880348,4,0.8053007135575942,0.8,2,0.9948191667769422,0.08530158318600928,0,0.47030986718007817,exploit,1,0.5
1962,2026-04-15T23:56:22.409723,0.08670050407583019,0.9998028699896216,4,0.8053998981151299,0.8,2,0.9951689244556635,0.08633812645630032,0,0.4699388069520846,exploit,1,0.5
1963,2026-04-15T23:56:22.409737,0.08767109585069766,0.9998161867302174,4,0.8054989816700611,0.8,2,0.9951670731036237,0.08611925010419408,0,0.4695684982523517,exploit,1,0.5
1964,2026-04-15T23:56:22.409752,0.08592007611210092,0.9998135688655516,4,0.8055979643765904,0.8,2,0.9951008523900557,0.08640044999855744,0,0.4691989503385774,exploit,1,0.5
1965,2026-04-15T23:56:22.409767,0.09151375797425626,0.9997958606858568,4,0.8056968463886063,0.8,2,0.9952660285001562,0.08588061921774803,0,0.46883017244944036,exploit,1,0.5
1966,2026-04-15T23:56:22.409782,0.07845404454536198,0.9997909805026619,4,0.8057956278596848,0.8,2,0.9949725443187933,0.0869099192968128,0,0.46846217380436883,exploit,1,0.5
1967,2026-04-15T23:56:22.409797,0.09388917074929046,0.999805043196277,4,0.8058943089430894,0.8,2,0.9949708249336731,0.08656929462064207,0,0.4680949636033095,exploit,1,0.5
1968,2026-04-15T23:56:22.409811,0.08253367263249836,0.9998062152977293,4,0.8059928897917725,0.8,2,0.9945876864294183,0.0868751719761146,0,0.4677285510264984,exploit,1,0.5
1969,2026-04-15T23:56:22.409826,0.08596278301883437,0.9997907502631167,4,0.8060913705583757,0.8,2,0.9945505859774666,0.08606098891198882,0,0.4673629452342308,exploit,1,0.5
1970,2026-04-15T23:56:22.409840,0.07849722084718219,0.9997929624968228,4,0.8061897513952309,0.8,2,0.9950447218233253,0.0858284479742302,0,0.4669981553666326,exploit,1,0.5
1971,2026-04-15T23:56:22.409874,0.0894560753647056,0.9998074067602375,4,0.8062880324543611,0.8,2,0.9950310099500759,0.08660794614073297,0,0.46663419054343125,exploit,1,0.5
1972,2026-04-15T23:56:22.409889,0.0783690141293859,0.9997914064574236,4,0.806386213887481,0.8,2,0.995489736485357,0.08663722504917307,0,0.46627105986372863,exploit,1,0.5
1973,2026-04-15T23:56:22.409904,0.09019154081685977,0.999793912798023,4,0.806484295845998,0.8,2,0.9954895811710276,0.08567695869229057,0,0.46590877240577255,exploit,1,0.5
1974,2026-04-15T23:56:22.409920,0.08775153103950334,0.9997903882441924,4,0.8065822784810126,0.8,2,0.9954459864965155,0.08635604208498876,0,0.4655473372267308,exploit,1,0.5
1975,2026-04-15T23:56:22.409940,0.0926410098945977,0.9998021099627784,4,0.8066801619433198,0.8,2,0.9954061851510405,0.0859712573996132,0,0.4651867633624641,exploit,1,0.5
1976,2026-04-15T23:56:22.409963,0.08518712537177726,0.9998044740457105,4,0.8067779463834092,0.8,2,0.9955234290625328,0.08658930507894909,0,0.4648270598273,exploit,1,0.5
1977,2026-04-15T23:56:22.409978,0.08694223502034235,0.999833162178414,4,0.8068756319514662,0.8,2,0.9956885881442105,0.08567163905126296,0,0.4644682356138084,exploit,1,0.5
1978,2026-04-15T23:56:22.409992,0.08063070530059906,0.9998138763623309,4,0.8069732187973724,0.8,2,0.9954915036571068,0.0871458741760885,0,0.4641102996925758,exploit,1,0.5
1979,2026-04-15T23:56:22.410007,0.08394337069221733,0.9998310361926805,4,0.807070707070707,0.8,2,0.9955824236774384,0.08630424596231111,0,0.46375326101198167,exploit,1,0.5
1980,2026-04-15T23:56:22.410022,0.0900139390352423,0.9998353381754089,4,0.8071680969207471,0.8,2,0.9955724573445305,0.08633507702878043,0,0.4633971284979743,exploit,1,0.5
1981,2026-04-15T23:56:22.410036,0.0820927194779817,0.999843320675887,4,0.8072653884964682,0.8,2,0.9956799152494245,0.08689784099002028,0,0.4630419110538482,exploit,1,0.5
1982,2026-04-15T23:56:22.410051,0.0865293224003843,0.9998439703037251,4,0.8073625819465456,0.8,2,0.9943915710620567,0.08547378254635211,0,0.46268761756002075,exploit,1,0.5
1983,2026-04-15T23:56:22.410065,0.08310856750566796,0.9998271694447742,4,0.8074596774193549,0.8,2,0.9941396131406479,0.08575113464671182,0,0.4623342568738109,exploit,1,0.5
1984,2026-04-15T23:56:22.410080,0.08702712910795585,0.9998314477239721,4,0.8075566750629722,0.8,2,0.9941607546701678,0.0866231717333969,0,0.46198183782921765,exploit,1,0.5
1985,2026-04-15T23:56:22.410095,0.07720861215584857,0.9998159584738893,4,0.8076535750251762,0.8,2,0.994101821356997,0.08662844646213474,0,0.46163036923669837,exploit,1,0.5
1986,2026-04-15T23:56:22.410109,0.09042816304698283,0.9998179306588103,4,0.8077503774534474,0.8,2,0.9936875545668402,0.08703322250430995,0,0.4612798598829499,exploit,1,0.5
1987,2026-04-15T23:56:22.410124,0.08172048338426277,0.9998131084635699,4,0.8078470824949698,0.8,2,0.9937251594299922,0.08667008482451471,0,0.46093031853068755,exploit,1,0.5
1988,2026-04-15T23:56:22.410138,0.0878632804344722,0.9998083429279474,4,0.8079436902966315,0.8,2,0.9941138362248398,0.08662071897065064,0,0.4605817539184272,exploit,1,0.5
1989,2026-04-15T23:56:22.410153,0.08427450035896994,0.9998138388144274,4,0.8080402010050252,0.8,2,0.9940911156206229,0.08650429693383382,0,0.46023417476026574,exploit,1,0.5
1990,2026-04-15T23:56:22.410169,0.08395382625908891,0.9997993215938281,4,0.808136614766449,0.8,2,0.9939648899608833,0.0868691825289774,0,0.45988758974566407,exploit,1,0.5
1991,2026-04-15T23:56:22.410185,0.08034604538477617,0.999790705062397,4,0.8082329317269076,0.8,2,0.9939753600567073,0.08660699104838201,0,0.45954200753922975,exploit,1,0.5
1992,2026-04-15T23:56:22.410199,0.07887366712687868,0.9998013527786415,4,0.8083291520321124,0.8,2,0.9938306753447813,0.08669012961733501,0,0.4591974367804996,exploit,1,0.5
1993,2026-04-15T23:56:22.410214,0.08310421402849474,0.9998013959798551,4,0.8084252758274825,0.8,2,0.9936638619912165,0.08718259718564736,0,0.458853886083725,exploit,1,0.5
1994,2026-04-15T23:56:22.410228,0.08304267861353348,0.9998061818874607,4,0.8085213032581454,0.8,2,0.9937307309283623,0.08649581391277553,0,0.45851136403765513,exploit,1,0.5
1995,2026-04-15T23:56:22.410243,0.08521324646817091,0.9998094033091867,4,0.8086172344689379,0.8,2,0.9937499329739039,0.08716839838103276,0,0.4581698792053236,exploit,1,0.5
1996,2026-04-15T23:56:22.410267,0.07571729240932595,0.9997960079427304,4,0.8087130696044066,0.8,2,0.9937328218168722,0.08591653092338251,0,0.4578294401238331,exploit,1,0.5
1997,2026-04-15T23:56:22.410282,0.07422064844088704,0.999809359691963,4,0.8088088088088088,0.8,2,0.9938077346749938,0.08592534001894168,0,0.4574900553041433,exploit,1,0.5
1998,2026-04-15T23:56:22.410297,0.08206603895800746,0.999834589397674,4,0.8089044522261131,0.8,2,0.9936944974990877,0.08706832914865495,0,0.45715173323085667,exploit,1,0.5
1999,2026-04-15T23:56:22.410311,0.08451208436430904,0.9998053205868226,4,0.809,0.8,2,0.9937663175047444,0.08702260200222206,0,0.4568144823620076,exploit,1,0.5
2000,2026-04-15T23:56:22.410325,0.08410666387405463,0.9990824234858815,4,0.8085957021489255,0.8,2,0.0,0.0969317896783434,0,0.4564783111288504,explore,0,0.7
2001,2026-04-15T23:56:22.410339,0.08153407439418607,0.998284269344138,4,0.8081918081918081,0.8,2,0.0,0.09738862035835831,0,0.4561432279356481,explore,0,0.7
2002,2026-04-15T23:56:22.410353,0.08938655991091257,0.9974994159112917,4,0.8077883175237144,0.8,2,0.0,0.09733639967624894,0,0.4558092411594633,explore,0,0.7
2003,2026-04-15T23:56:22.410366,0.08140507649084491,0.9968896348885395,4,0.8073852295409182,0.8,2,0.0,0.09716839132234587,0,0.4554763591499478,explore,0,0.7
2004,2026-04-15T23:56:22.410380,0.08918272088379835,0.9965099005910029,4,0.8069825436408977,0.8,2,0.0,0.09708627287420213,0,0.4551445902291347,explore,0,0.7
2005,2026-04-15T23:56:22.410394,0.08780854151269143,0.996079171099301,4,0.806580259222333,0.8,2,0.0,0.09794810282376536,0,0.4548139426912296,explore,0,0.7
2006,2026-04-15T23:56:22.410407,0.09101427865238285,0.9956973604366747,4,0.8061783756851021,0.8,2,0.0,0.09687504031429059,0,0.45448442480240386,explore,0,0.7
2007,2026-04-15T23:56:22.410421,0.08089350522280639,0.9953418949014741,4,0.8057768924302788,0.8,2,0.0,0.0974418118155509,0,0.45415604480058736,explore,0,0.7
2008,2026-04-15T23:56:22.410434,0.09069372769386665,0.9950839758493643,4,0.8053758088601294,0.8,2,0.0,0.0976865736242794,0,0.4538288108952631,explore,0,0.7
2009,2026-04-15T23:56:22.410447,0.08821322476246561,0.9950498499681395,4,0.8049751243781095,0.8,2,0.0,0.09808321705634104,0,0.45350273126726187,explore,0,0.7
2010,2026-04-15T23:56:22.410464,0.08944240011188664,0.9950004272151757,4,0.8050721034311288,0.8,2,0.0,0.09690256950381619,0,0.45317781406855706,explore,0,0.7
2011,2026-04-15T23:56:22.410478,0.08172175959864969,0.995267871377716,4,0.8046719681908548,0.8,2,0.0,0.09761673395738385,0,0.4528540674220621,explore,0,0.7
2012,2026-04-15T23:56:22.410491,0.07757154474497491,0.9955114177139495,4,0.8047690014903129,0.8,2,0.0,0.09692349255387803,0,0.45253149942142584,explore,0,0.7
2013,2026-04-15T23:56:22.410505,0.08865491622503954,0.9959048034393592,4,0.8048659384309831,0.8,2,0.0,0.09738020606268089,0,0.4522101181308319,explore,0,0.7
2014,2026-04-15T23:56:22.410518,0.0943056781111914,0.9963061978219392,4,0.8049627791563275,0.8,2,0.0,0.0963918971321921,0,0.4518899315847955,explore,0,0.7
2015,2026-04-15T23:56:22.410532,0.09243539611731404,0.9968372962538974,4,0.8050595238095238,0.8,2,0.0,0.09687471832685522,0,0.4515709477879638,explore,0,0.7
2016,2026-04-15T23:56:22.410545,0.07966051567120261,0.997522677455865,4,0.8051561725334655,0.8,2,0.0,0.09816949987558204,0,0.4512531747149151,explore,0,0.7
2017,2026-04-15T23:56:22.410558,0.09324061692008043,0.9982358312404119,4,0.8052527254707631,0.8,2,0.0,0.09670672481953226,0,0.45093662030995957,explore,0,0.7
2018,2026-04-15T23:56:22.410572,0.09153199854543856,0.9989632707671835,4,0.8053491827637445,0.8,2,0.0,0.0971233899535012,0,0.45062129248694105,explore,0,0.7
2019,2026-04-15T23:56:22.410586,0.08833959897811569,0.9997402866955944,4,0.8054455445544555,0.8,2,0.9922054272376801,0.09661503474035457,0,0.4503071991290384,explore,0,0.7
2020,2026-04-15T23:56:22.410612,0.07810321768011552,0.9997600004056401,4,0.805541810984661,0.8,2,0.9924435187578207,0.09684611762797685,0,0.4499943480885694,explore,0,0.7
2021,2026-04-15T23:56:22.410628,0.08070521971283096,0.9997665133762006,4,0.8056379821958457,0.8,2,0.9924430613109323,0.09774991519929088,0,0.44968274718679374,explore,0,0.7
2022,2026-04-15T23:56:22.410643,0.08995131519679428,0.9997442086573962,4,0.8057340583292141,0.8,2,0.9923686684910213,0.09681810899929541,0,0.44937240421371777,explore,0,0.7
2023,2026-04-15T23:56:22.410657,0.08267368649663952,0.9997267392007014,4,0.8058300395256917,0.8,2,0.9922875111501772,0.09752880567769306,0,0.44906332692789946,explore,0,0.7
2024,2026-04-15T23:56:22.410672,0.09413326456636863,0.9997521324526081,4,0.8059259259259259,0.8,2,0.992640748939511,0.0975547126877542,0,0.44875552305625505,explore,0,0.7
2025,2026-04-15T23:56:22.410686,0.09121017974019514,0.9997477610915417,4,0.8060217176702863,0.8,2,0.9927016419041059,0.09768750005985849,0,0.44844900029386536,explore,0,0.7
2026,2026-04-15T23:56:22.410706,0.09016070335745777,0.9997484453839821,4,0.8061174148988653,0.8,2,0.9927303050526446,0.09791143369889002,0,0.4481437663037833,explore,0,0.7
2027,2026-04-15T23:56:22.410721,0.08259334875170005,0.9997434756422847,4,0.8062130177514792,0.8,2,0.992704062263907,0.09781286700681194,0,0.44783982871684286,explore,0,0.7
2028,2026-04-15T23:56:22.410736,0.08245468878022763,0.999731659295011,4,0.8063085263676688,0.8,2,0.992894572451519,0.09741734469743867,0,0.4475371951314677,explore,0,0.7
2029,2026-04-15T23:56:22.410750,0.08250094384466114,0.999732294700218,4,0.8064039408866995,0.8,2,0.992553383779313,0.09783897741828632,0,0.44723587311348195,explore,0,0.7
2030,2026-04-15T23:56:22.410764,0.08188042672468923,0.9997297501419925,4,0.8064992614475628,0.8,2,0.9926706775073515,0.0979874329925277,0,0.4469358701959202,explore,0,0.7
2031,2026-04-15T23:56:22.410779,0.08440605390282167,0.9997290315180078,4,0.8065944881889764,0.8,2,0.9926569441655353,0.0970263423704369,0,0.4466371938788398,explore,0,0.7
2032,2026-04-15T23:56:22.410793,0.09843041175284681,0.9997496279141288,4,0.8066896212493851,0.8,2,0.9926077849452327,0.09830260721171917,0,0.44633985162913303,explore,0,0.7
2033,2026-04-15T23:56:22.410807,0.0932077665205105,0.9997484066672554,4,0.8067846607669616,0.8,2,0.9925516069394259,0.09741235845721402,0,0.44604385088034076,explore,0,0.7
2034,2026-04-15T23:56:22.410822,0.08576329415916317,0.9997286234677614,4,0.8068796068796069,0.8,2,0.9924994661428935,0.09711891834964494,0,0.44574919903246635,explore,0,0.7
2035,2026-04-15T23:56:22.410836,0.08489829139718132,0.9997437076140211,4,0.8069744597249509,0.8,2,0.9925882134679009,0.09736200041047904,0,0.4454559034517905,explore,0,0.7
2036,2026-04-15T23:56:22.410851,0.08209462700993884,0.999755877386108,4,0.8070692194403535,0.8,2,0.9919638429791389,0.09813214479249,0,0.4451639714706876,explore,0,0.7
2037,2026-04-15T23:56:22.410865,0.08687310301089403,0.9997934199172235,4,0.8071638861629048,0.8,2,0.9918646518243355,0.09766589058775958,0,0.4448734103874418,explore,0,0.7
2038,2026-04-15T23:56:22.410879,0.08041844102913125,0.9998016665434253,4,0.8072584600294261,0.8,2,0.9920836016165806,0.09765152075356993,0,0.44458422746606524,explore,0,0.7
2039,2026-04-15T23:56:22.410894,0.07792238842519449,0.9998301997325958,4,0.8073529411764706,0.8,2,0.9929028535258336,0.09759911656397227,0,0.4442964299361157,explore,0,0.7
2040,2026-04-15T23:56:22.410908,0.07524007205166033,0.999831370118642,4,0.8074473297403234,0.8,2,0.9928059067926037,0.09666035440987067,0,0.4440100249925165,explore,0,0.7
2041,2026-04-15T23:56:22.410922,0.08020758903924904,0.9998103129171453,4,0.807541625857003,0.8,2,0.9930708064270948,0.09769730501003072,0,0.4437250197953765,explore,0,0.7
2042,2026-04-15T23:56:22.410937,0.08310213042791934,0.9998103916388161,4,0.8076358296622613,0.8,2,0.9928368199684289,0.09663986972630609,0,0.44344142146981047,explore,0,0.7
2043,2026-04-15T23:56:22.410954,0.08496648604160745,0.9997952060723031,4,0.8077299412915852,0.8,2,0.9928670846691963,0.09723895999363753,0,0.44315923710576205,explore,0,0.7
2044,2026-04-15T23:56:22.410969,0.08267649949357078,0.999791786030554,4,0.8078239608801956,0.8,2,0.9929783006195164,0.09770799475658787,0,0.44287847375782546,explore,0,0.7
2045,2026-04-15T23:56:22.410983,0.08004074489592242,0.9997962733779109,4,0.8079178885630498,0.8,2,0.9926299113047183,0.09765542610362682,0,0.44259913844506993,explore,0,0.7
2046,2026-04-15T23:56:22.410998,0.0795896725003944,0.9998013838535722,4,0.8080117244748413,0.8,2,0.9927063036175756,0.0976645687617145,0,0.44232123815086355,explore,0,0.7
2047,2026-04-15T23:56:22.411012,0.09383713051366797,0.9997830931903446,4,0.80810546875,0.8,2,0.9927225716321966,0.09818161685816756,0,0.4420447798226994,explore,0,0.7
2048,2026-04-15T23:56:22.411027,0.08660854966344744,0.9997931371032901,4,0.808199121522694,0.8,2,0.9927164199372188,0.09797869322052413,0,0.44176977037202103,explore,0,0.7
2049,2026-04-15T23:56:22.411041,0.08697745112754696,0.9998007626291335,4,0.8082926829268293,0.8,2,0.9930344483379598,0.09748689840483807,0,0.44149621667405065,explore,0,0.7
2050,2026-04-15T23:56:22.411056,0.08612635066535033,0.9998053214541606,4,0.8083861530960507,0.8,2,0.9925915291001552,0.09797457037422344,0,0.44122412556761637,explore,0,0.7
2051,2026-04-15T23:56:22.411070,0.08219986510352104,0.9998014015261055,4,0.8084795321637427,0.8,2,0.9927978037340046,0.09750301999923018,0,0.44095350385498155,explore,0,0.7
2052,2026-04-15T23:56:22.411085,0.07837341378025228,0.9998035268223435,4,0.8085728202630297,0.8,2,0.9928478975762538,0.0967008965004279,0,0.4406843583016752,explore,0,0.7
2053,2026-04-15T23:56:22.411099,0.08075723250851904,0.9998011258911068,4,0.808666017526777,0.8,2,0.9930082928873079,0.09757062932792149,0,0.44041669563632174,explore,0,0.7
2054,2026-04-15T23:56:22.411113,0.08120290563454183,0.9998202008543121,4,0.8087591240875912,0.8,2,0.9931290137086966,0.09766323680777003,0,0.44015052255047427,explore,0,0.7
2055,2026-04-15T23:56:22.411128,0.08649594648383788,0.9998193118950001,4,0.808852140077821,0.8,2,0.9932416802272601,0.09730167931135103,0,0.43988584569844574,explore,0,0.7
2056,2026-04-15T23:56:22.411142,0.07713901943342194,0.9998133641200638,4,0.8089450656295576,0.8,2,0.9939834878811178,0.09732716689048998,0,0.4396226716971439,explore,0,0.7
2057,2026-04-15T23:56:22.411156,0.08571532219182833,0.9997792079566884,4,0.8090379008746356,0.8,2,0.9940938922910949,0.09686766270762938,0,0.4393610071259049,explore,0,0.7
2058,2026-04-15T23:56:22.411171,0.08119261702855121,0.9997863636043995,4,0.8091306459446334,0.8,2,0.9942280681790778,0.09792444583777754,0,0.43910085852632946,explore,0,0.7
2059,2026-04-15T23:56:22.411185,0.07815089096011403,0.9997768001492402,4,0.8092233009708738,0.8,2,0.994314106144994,0.09720452445097723,0,0.43884223240211917,explore,0,0.7
2060,2026-04-15T23:56:22.411200,0.08293499348393839,0.9997769081502288,4,0.8093158660844251,0.8,2,0.9947226495190143,0.09769595344316917,0,0.4385851352189134,explore,0,0.7
2061,2026-04-15T23:56:22.411214,0.08662135927011055,0.9997893811066665,4,0.8094083414161009,0.8,2,0.9946615246400532,0.09716510962429213,0,0.4383295734041286,explore,0,0.7
2062,2026-04-15T23:56:22.411228,0.08162984829732657,0.9997940688089999,4,0.8095007270964615,0.8,2,0.995128117969835,0.09760989051564782,0,0.43807555334679654,explore,0,0.7
2063,2026-04-15T23:56:22.411243,0.0849185527318547,0.9998103465421498,4,0.809593023255814,0.8,2,0.9950556443304356,0.09746832552983814,0,0.43782308139740567,explore,0,0.7
2064,2026-04-15T23:56:22.411264,0.08495919923412212,0.9998074706426467,4,0.8096852300242131,0.8,2,0.994822807547795,0.09694638310715853,0,0.43757216386774145,explore,0,0.7
2065,2026-04-15T23:56:22.411279,0.08361951025489447,0.9997885759905737,4,0.8097773475314618,0.8,2,0.995428386248377,0.09753145821974328,0,0.43732280703072907,explore,0,0.7
2066,2026-04-15T23:56:22.411293,0.07951555139676961,0.9997843111185454,4,0.8098693759071117,0.8,2,0.9950160864071669,0.09854801581153932,0,0.4370750171202766,explore,0,0.7
2067,2026-04-15T23:56:22.411319,0.08988692356149741,0.9998019008674469,4,0.8099613152804642,0.8,2,0.9950303944268509,0.09675908749546068,0,0.43682880033111865,explore,0,0.7
2068,2026-04-15T23:56:22.411335,0.08535679575048367,0.9998031702071912,4,0.8100531657805703,0.8,2,0.99464063554846,0.09754833713455484,0,0.4365841628186624,explore,0,0.7
2069,2026-04-15T23:56:22.411349,0.0847404606811156,0.9997880022072176,4,0.8101449275362319,0.8,2,0.9944517370479637,0.09751167901701346,0,0.43634111069883263,explore,0,0.7
2070,2026-04-15T23:56:22.411364,0.08533149814745689,0.9997900738039464,4,0.8102366006760019,0.8,2,0.9949180451940192,0.09715474886852427,0,0.43609965004791995,explore,0,0.7
2071,2026-04-15T23:56:22.411379,0.08237282422126228,0.9998057368222302,4,0.8103281853281853,0.8,2,0.9948826479452761,0.09762863061875947,0,0.4358597869024278,explore,0,0.7
2072,2026-04-15T23:56:22.411393,0.07495607771075333,0.9997894885079983,4,0.8104196816208393,0.8,2,0.9950675088995812,0.09748392622607421,0,0.4356215272589226,explore,0,0.7
2073,2026-04-15T23:56:22.411407,0.08523552627715175,0.9997919316221323,4,0.8105110896817743,0.8,2,0.9950631328012571,0.0972999932999204,0,0.4353848770738828,explore,0,0.7
2074,2026-04-15T23:56:22.411422,0.08087533256906522,0.999788826844123,4,0.8106024096385542,0.8,2,0.9943805903979843,0.0980364302060811,0,0.43514984226355075,explore,0,0.7
2075,2026-04-15T23:56:22.411436,0.08878006661313889,0.9997985148051172,4,0.8106936416184971,0.8,2,0.994471758772054,0.09752300379783611,0,0.4349164287037846,explore,0,0.7
2076,2026-04-15T23:56:22.411454,0.08539738640102477,0.9998014112588263,4,0.810784785748676,0.8,2,0.9944454383493209,0.09761125997505458,0,0.434684642229911,explore,0,0.7
2077,2026-04-15T23:56:22.411469,0.0891526899864308,0.9998270673489967,4,0.8108758421559191,0.8,2,0.9947829166661639,0.09651675129680458,0,0.4344544886365799,explore,0,0.7
2078,2026-04-15T23:56:22.411483,0.08118796987153597,0.9998085921436555,4,0.810966810966811,0.8,2,0.994524331258142,0.09695606082610266,0,0.434225973677619,explore,0,0.7
2079,2026-04-15T23:56:22.411498,0.07892345161644454,0.9998251950402743,4,0.8110576923076923,0.8,2,0.9943899453056391,0.09699855261379935,0,0.43399910306589046,explore,0,0.7
2080,2026-04-15T23:56:22.411512,0.08969039139581864,0.9998303629647669,4,0.8111484863046612,0.8,2,0.9943306407842357,0.09728016353303666,0,0.4337738824731477,explore,0,0.7
2081,2026-04-15T23:56:22.411526,0.08605831120275276,0.9998383491736225,4,0.8112391930835735,0.8,2,0.9943335869897569,0.0979527636616202,0,0.4335503175298939,explore,0,0.7
2082,2026-04-15T23:56:22.411541,0.08062763483576597,0.9998393881227631,4,0.8113298127700432,0.8,2,0.9938361041721241,0.0965770555706786,0,0.43332841382524084,explore,0,0.7
2083,2026-04-15T23:56:22.411555,0.08080605515053946,0.9998183601544026,4,0.8114203454894434,0.8,2,0.9937798904737186,0.09735355537972301,0,0.43310817690676967,explore,0,0.7
2084,2026-04-15T23:56:22.411570,0.07922315311423417,0.9998235678711436,4,0.8115107913669065,0.8,2,0.9939776886923051,0.09746541079147776,0,0.432889612280392,explore,0,0.7
2085,2026-04-15T23:56:22.411584,0.07680631672652137,0.9998061117660054,4,0.8116011505273251,0.8,2,0.9939580205746941,0.09799373156558383,0,0.4326727254102119,explore,0,0.7
2086,2026-04-15T23:56:22.411598,0.08244746066655409,0.9998078102246046,4,0.8116914230953521,0.8,2,0.993716024345808,0.09783179959147345,0,0.43245752171838997,explore,0,0.7
2087,2026-04-15T23:56:22.411613,0.08166098433622261,0.9998026150514654,4,0.8117816091954023,0.8,2,0.9936877013446834,0.09790629973731331,0,0.43224400658500717,explore,0,0.7
2088,2026-04-15T23:56:22.411627,0.09260089055586249,0.9997996210079895,4,0.8118717089516515,0.8,2,0.9939340396544005,0.09766507386805998,0,0.4320321853479309,explore,0,0.7
2089,2026-04-15T23:56:22.411642,0.08175451742233719,0.999804808034908,4,0.8119617224880383,0.8,2,0.9941513805278132,0.09802877938935407,0,0.43182206330268086,explore,0,0.7
2090,2026-04-15T23:56:22.411656,0.08363848971322944,0.9997885953991956,4,0.812051649928264,0.8,2,0.9941617075594412,0.09705298443717757,0,0.4316136457022973,explore,0,0.7
2091,2026-04-15T23:56:22.411670,0.07808774682473367,0.9997810576167775,4,0.8121414913957935,0.8,2,0.9941986262974967,0.0975683612613772,0,0.4314069377572095,explore,0,0.7
2092,2026-04-15T23:56:22.411684,0.07927705926072814,0.9997922683129637,4,0.8122312470138557,0.8,2,0.9941780005823311,0.09777432054065849,0,0.4312019446351051,explore,0,0.7
2093,2026-04-15T23:56:22.411702,0.08304005879750684,0.9997924807514172,4,0.8123209169054442,0.8,2,0.9941158064689053,0.09812529345667013,0,0.43099867146080173,explore,0,0.7
2094,2026-04-15T23:56:22.411717,0.07863753279242172,0.9997966407056692,4,0.8124105011933174,0.8,2,0.9946710823142408,0.09744941001124897,0,0.43079712331611786,explore,0,0.7
2095,2026-04-15T23:56:22.411732,0.07782605669115294,0.9998003141737425,4,0.8125,0.8,2,0.9946463665791825,0.09819408631234768,0,0.43059730523974693,explore,0,0.7
2096,2026-04-15T23:56:22.411746,0.07067022076158351,0.999784579234167,4,0.8125894134477826,0.8,2,0.9946367305993699,0.09755540411239509,0,0.4303992222271302,explore,0,0.7
2097,2026-04-15T23:56:22.411760,0.08112135332853157,0.9998004866802751,4,0.8126787416587226,0.8,2,0.9944461111476496,0.09780034001894167,0,0.4302028792303328,explore,0,0.7
2098,2026-04-15T23:56:22.411775,0.07480284452977554,0.9998244249105405,4,0.8127679847546451,0.8,2,0.9945897230232255,0.09768352448371459,0,0.43000828115791934,explore,0,0.7
2099,2026-04-15T23:56:22.411789,0.07605878137811492,0.9997916255283955,4,0.8128571428571428,0.8,2,0.9948256869062073,0.09785574040993306,0,0.4298154328748315,explore,0,0.7
2100,2026-04-15T23:56:22.411804,0.07211520772704348,0.998760670708737,4,0.8124702522608281,0.8,2,0.0,0.08602594573073807,0,0.4296243392022664,exploit,1,0.5
2101,2026-04-15T23:56:22.411817,0.07504088198315448,0.9979866868281699,4,0.8120837297811608,0.8,2,0.0,0.08617981170292821,0,0.4294350049175558,exploit,1,0.5
2102,2026-04-15T23:56:22.411831,0.08047794708129782,0.9973872329793722,4,0.81169757489301,0.8,2,0.0,0.08678827041512593,0,0.4292474347540471,exploit,1,0.5
2103,2026-04-15T23:56:22.411844,0.07647529625060362,0.9968663103233371,4,0.8113117870722434,0.8,2,0.0,0.08564981519002676,0,0.4290616334009844,exploit,1,0.5
2104,2026-04-15T23:56:22.411858,0.0790313702024151,0.9962077480287053,4,0.8109263657957244,0.8,2,0.0,0.08521127287420213,0,0.42887760550339205,exploit,1,0.5
2105,2026-04-15T23:56:22.411871,0.07953831377398529,0.9958641413361646,4,0.8105413105413105,0.8,2,0.0,0.08679608863362515,0,0.4286953556619578,exploit,1,0.5
2106,2026-04-15T23:56:22.411885,0.08240127046233012,0.9956030348195484,4,0.81015662078785,0.8,2,0.0,0.08585576027120723,0,0.4285148884329183,exploit,1,0.5
2107,2026-04-15T23:56:22.411898,0.07609101425341591,0.995507803917744,4,0.8097722960151803,0.8,2,0.0,0.08727021792401735,0,0.42833620832794467,exploit,1,0.5
2108,2026-04-15T23:56:22.411912,0.07928502712191496,0.9955019917329643,4,0.8093883357041252,0.8,2,0.0,0.08648373430286356,0,0.4281593198140304,exploit,1,0.5
2109,2026-04-15T23:56:22.411925,0.0819142745823591,0.9954282477595735,4,0.8090047393364929,0.8,2,0.0,0.0863329688592187,0,0.4279842273133791,exploit,1,0.5
2110,2026-04-15T23:56:22.411938,0.07990650874543803,0.9955849302966668,4,0.8086215063950735,0.8,2,0.0,0.0870549876602228,0,0.4278109352032941,exploit,1,0.5
2111,2026-04-15T23:56:22.411955,0.07526599878303575,0.9955890383854796,4,0.8087121212121212,0.8,2,0.0,0.08638498090953298,0,0.4276394478160693,exploit,1,0.5
2112,2026-04-15T23:56:22.411969,0.07736494763526505,0.9957615189523391,4,0.8088026502602934,0.8,2,0.0,0.08612577805627238,0,0.42746976943888015,exploit,1,0.5
2113,2026-04-15T23:56:22.411983,0.08269520004526212,0.9960090264747501,4,0.8088930936613056,0.8,2,0.0,0.08595665147429152,0,0.42730190431367754,exploit,1,0.5
2114,2026-04-15T23:56:22.411997,0.08281878667982877,0.9964230896618238,4,0.808983451536643,0.8,2,0.0,0.08540132673333024,0,0.4271358566370807,exploit,1,0.5
2115,2026-04-15T23:56:22.412019,0.08070351066381595,0.9968668448533368,4,0.8090737240075614,0.8,2,0.0,0.08608058691500829,0,0.4269716305602729,exploit,1,0.5
2116,2026-04-15T23:56:22.412034,0.07097305797504143,0.9973808561569476,4,0.8091639111950873,0.8,2,0.0,0.08716497350471358,0,0.42680923018889755,exploit,1,0.5
2117,2026-04-15T23:56:22.412048,0.0827664608269823,0.9979833545076615,4,0.8092540132200189,0.8,2,0.0,0.08638525436350242,0,0.42664865958295545,exploit,1,0.5
2118,2026-04-15T23:56:22.412061,0.0816625297683989,0.9987507379056184,4,0.8093440302029259,0.8,2,0.0,0.0868608888340269,0,0.42648992275670344,exploit,1,0.5
2119,2026-04-15T23:56:22.412075,0.08580454620506905,0.9997522268712997,4,0.809433962264151,0.8,2,0.9941163096712755,0.08555274617975649,0,0.42633302367855386,exploit,1,0.5
2120,2026-04-15T23:56:22.412089,0.07670957265853585,0.9997722743232336,4,0.8095238095238095,0.8,2,0.9943482361198044,0.08634648240746104,0,0.4261779662709755,exploit,1,0.5
2121,2026-04-15T23:56:22.412104,0.07379776889667541,0.9997789655384427,4,0.8096135721017907,0.8,2,0.9939220594992909,0.08646869596844071,0,0.4260247544103954,exploit,1,0.5
2122,2026-04-15T23:56:22.412118,0.08043077847610638,0.9997602983335974,4,0.8097032501177579,0.8,2,0.9933618146865058,0.08498119550867776,0,0.4258733919271023,exploit,1,0.5
2123,2026-04-15T23:56:22.412133,0.08135198933640711,0.9997451112121848,4,0.8097928436911488,0.8,2,0.993284623970061,0.086784341120796,0,0.4257238826051501,exploit,1,0.5
2124,2026-04-15T23:56:22.412147,0.08030830844533145,0.9997700532036434,4,0.8098823529411765,0.8,2,0.993352206373076,0.08631010119853595,0,0.4255762301822643,exploit,1,0.5
2125,2026-04-15T23:56:22.412162,0.08698808238185145,0.9997659657695437,4,0.8099717779868297,0.8,2,0.9935046782894295,0.08624105897288017,0,0.4254304383497477,exploit,1,0.5
2126,2026-04-15T23:56:22.412176,0.07563101318187818,0.9997666659100876,4,0.8100611189468735,0.8,2,0.9935075649078793,0.08660929737298985,0,0.42528651075238855,exploit,1,0.5
2127,2026-04-15T23:56:22.412191,0.07989321516184825,0.999762761107166,4,0.8101503759398496,0.8,2,0.9934938606677001,0.08692283140633011,1,0.4251444509883693,exploit,1,0.5
2128,2026-04-15T23:56:22.412205,0.0793086497345279,0.9997531616780826,4,0.810239549084077,0.8,2,0.9935701201579473,0.08615655474487426,1,0.42500426260917656,exploit,1,0.5
2129,2026-04-15T23:56:22.412219,0.0788784287576282,0.9997534029005479,4,0.8103286384976526,0.8,2,0.9934838064689133,0.08653198922594366,1,0.4248659491195126,exploit,1,0.5
2130,2026-04-15T23:56:22.412234,0.07451618577916863,0.9997510378802471,4,0.8104176442984514,0.8,2,0.993798399352543,0.08701956431081392,1,0.4247295139772074,exploit,1,0.5
2131,2026-04-15T23:56:22.412248,0.07982012140453179,0.9997515573170126,4,0.8105065666041276,0.8,2,0.9938962528858208,0.08545247243908526,1,0.42459496059313245,exploit,1,0.5
2132,2026-04-15T23:56:22.412270,0.09066316063069803,0.9997712231866714,4,0.8105954055321144,0.8,2,0.9938491862306715,0.08659457993781397,1,0.4244622923311153,exploit,1,0.5
2133,2026-04-15T23:56:22.412285,0.08283899545132435,0.9997698178549722,4,0.8106841611996252,0.8,2,0.9937013636369572,0.08693753298658852,1,0.4243315125078556,exploit,1,0.5
2134,2026-04-15T23:56:22.412299,0.07648867285787324,0.9997507952635593,4,0.8107728337236534,0.8,2,0.9937902485868993,0.08672744077508322,1,0.42420262439284223,exploit,1,0.5
2135,2026-04-15T23:56:22.412313,0.07713069110110314,0.9997644423691779,4,0.8108614232209738,0.8,2,0.9939698175896098,0.0868858274410765,1,0.4240756312082712,exploit,1,0.5
2136,2026-04-15T23:56:22.412328,0.07660049010387973,0.9997777923951885,4,0.8109499298081423,0.8,2,0.9938807513309946,0.08648917323840913,1,0.4239505361289656,exploit,1,0.5
2137,2026-04-15T23:56:22.412342,0.08262517924398866,0.9998092837544362,4,0.8110383536014967,0.8,2,0.993589201132612,0.08579089058775957,1,0.4238273422822958,exploit,1,0.5
2138,2026-04-15T23:56:22.412356,0.08036905684442801,0.999815759731205,4,0.8111266947171576,0.8,2,0.9936112636948057,0.0863940110201545,1,0.4237060527481017,exploit,1,0.5
2139,2026-04-15T23:56:22.412375,0.0724589623756752,0.9998422398057499,4,0.811214953271028,0.8,2,0.9941386288657184,0.0865867823423545,1,0.4235866705586152,exploit,1,0.5
2140,2026-04-15T23:56:22.412397,0.07680008010371028,0.9998425055123858,4,0.811303129378795,0.8,2,0.9940663466790151,0.08640654564208916,1,0.42346919869838495,exploit,1,0.5
2141,2026-04-15T23:56:22.412417,0.07677998162540867,0.9998231184385468,4,0.811391223155929,0.8,2,0.994460465640738,0.08582230501003074,1,0.42335364010420123,exploit,1,0.5
2142,2026-04-15T23:56:22.412440,0.07285790722561306,0.9998222526404725,4,0.8114792347176855,0.8,2,0.9948306403756746,0.08684318698949862,1,0.42323999766502285,exploit,1,0.5
2143,2026-04-15T23:56:22.412459,0.07778709324462867,0.9998092804722624,4,0.8115671641791045,0.8,2,0.9949232370892152,0.08621293454252454,1,0.423128274221905,exploit,1,0.5
2144,2026-04-15T23:56:22.412474,0.08121381697367208,0.9998055983492167,4,0.8116550116550116,0.8,2,0.9949909556226972,0.08648922089589432,1,0.42301847256792785,exploit,1,0.5
2145,2026-04-15T23:56:22.412490,0.0688508451321505,0.9998082723258118,4,0.8117427772600186,0.8,2,0.9948343053823343,0.08638158165886023,1,0.4229105954481271,exploit,1,0.5
2146,2026-04-15T23:56:22.412504,0.07424778030939572,0.9998126897932647,4,0.8118304611085235,0.8,2,0.994803874555551,0.08597006022596465,1,0.422804645559425,exploit,1,0.5
2147,2026-04-15T23:56:22.412519,0.08440802387380135,0.9997987115693779,4,0.8119180633147114,0.8,2,0.9947616006992877,0.08707828655980483,1,0.42270062555056337,exploit,1,0.5
2148,2026-04-15T23:56:22.412537,0.07667794175033887,0.999807738217461,4,0.8120055839925546,0.8,2,0.9947614219850572,0.0870867158184392,1,0.42259853802203695,exploit,1,0.5
2149,2026-04-15T23:56:22.412564,0.07463717168699312,0.9998145618333046,4,0.812093023255814,0.8,2,0.9949086941505167,0.08643974213533623,1,0.42249838552602864,exploit,1,0.5
2150,2026-04-15T23:56:22.412580,0.08154951031435312,0.9998177030452685,4,0.8121803812180381,0.8,2,0.9944511871244892,0.08678603965142542,1,0.4224001705663457,exploit,1,0.5
2151,2026-04-15T23:56:22.412595,0.07445518567595716,0.9998140291824912,4,0.8122676579925651,0.8,2,0.9944738446625081,0.08598465671268377,1,0.4223038955983569,exploit,1,0.5
2152,2026-04-15T23:56:22.412609,0.0703065694705838,0.9998148378731311,4,0.812354853692522,0.8,2,0.9941356835988328,0.08542003001826884,1,0.42220956302893153,exploit,1,0.5
2153,2026-04-15T23:56:22.412624,0.07500480900394019,0.9998123896010546,4,0.8124419684308264,0.8,2,0.9940774157613991,0.08686133891224848,1,0.42211717521637876,exploit,1,0.5
2154,2026-04-15T23:56:22.412639,0.07092056850118737,0.9998302916608812,4,0.8125290023201857,0.8,2,0.9940924072687031,0.08691732025103864,1,0.4220267344703893,exploit,1,0.5
2155,2026-04-15T23:56:22.412654,0.07871400472724766,0.9998299453068936,4,0.8126159554730983,0.8,2,0.994192959024315,0.08604822006486564,1,0.42193824305197686,exploit,1,0.5
2156,2026-04-15T23:56:22.412668,0.07014154111625288,0.9998247734615107,4,0.8127028280018544,0.8,2,0.9942715008065315,0.08566049435253997,1,0.42185170317342247,exploit,1,0.5
2157,2026-04-15T23:56:22.412683,0.0799223021892218,0.9997888451132687,4,0.8127896200185357,0.8,2,0.9945551651306165,0.08688858992182008,1,0.4217671169982185,exploit,1,0.5
2158,2026-04-15T23:56:22.412704,0.07366619902327681,0.9997954485032509,4,0.8128763316350162,0.8,2,0.9946066983766513,0.08652784357375459,1,0.421684486641015,exploit,1,0.5
2159,2026-04-15T23:56:22.412719,0.07922165827933376,0.9997850302387004,4,0.812962962962963,0.8,2,0.9945210980032995,0.08591850251911981,1,0.4216038141675665,exploit,1,0.5
2160,2026-04-15T23:56:22.412734,0.07514219282695941,0.9997855389381233,4,0.8130495141138362,0.8,2,0.994886491931835,0.08719602870431549,1,0.4215251015946807,exploit,1,0.5
2161,2026-04-15T23:56:22.412748,0.0807676940900939,0.9997970037882979,4,0.81313598519889,0.8,2,0.9948264185513702,0.08530158318600928,1,0.4214483508901678,exploit,1,0.5
2162,2026-04-15T23:56:22.412782,0.0781753798363211,0.9998028699898475,4,0.8132223763291725,0.8,2,0.9951774711287118,0.08633812645630032,1,0.42137356397279135,exploit,1,0.5
2163,2026-04-15T23:56:22.412805,0.07904267187549338,0.9998161867303329,4,0.8133086876155268,0.8,2,0.995176649638302,0.08611925010419408,1,0.42130074271222057,exploit,1,0.5
2164,2026-04-15T23:56:22.412828,0.0772877501208869,0.9998135688656631,4,0.8133949191685912,0.8,2,0.9951096992156321,0.08640044999855744,1,0.421229888928983,exploit,1,0.5
2165,2026-04-15T23:56:22.412851,0.08281271784681316,0.999795860686062,4,0.8134810710987996,0.8,2,0.9952798805089693,0.08588061921774803,1,0.4211610043944196,exploit,1,0.5
2166,2026-04-15T23:56:22.412872,0.07028978601421271,0.9997909805029268,4,0.813567143516382,0.8,2,0.9949934939614247,0.0869099192968128,1,0.42109409083064014,exploit,1,0.5
2167,2026-04-15T23:56:22.412896,0.08492110890710364,0.9998050431964882,4,0.8136531365313653,0.8,2,0.9949902953734306,0.08656929462064207,1,0.42102914991048024,exploit,1,0.5
2168,2026-04-15T23:56:22.412911,0.07406350200372758,0.9998062152979398,4,0.8137390502535731,0.8,2,0.9946000063846678,0.0868751719761146,1,0.42096618325745955,exploit,1,0.5
2169,2026-04-15T23:56:22.412926,0.07739597219886352,0.9997907502633234,4,0.8138248847926267,0.8,2,0.9945636401346789,0.08606098891198882,1,0.4209051924457411,exploit,1,0.5
2170,2026-04-15T23:56:22.412941,0.070160274311616,0.9997929624970051,4,0.8139106402579457,0.8,2,0.9950498896494644,0.0858284479742302,1,0.4208461790000919,exploit,1,0.5
2171,2026-04-15T23:56:22.412960,0.08086339626350675,0.9998074067604615,4,0.8139963167587477,0.8,2,0.9950350494942262,0.08660794614073297,1,0.42078914439584514,exploit,1,0.5
2172,2026-04-15T23:56:22.412975,0.07038292039069684,0.9997914064577302,4,0.8140819144040498,0.8,2,0.995485820518079,0.08663722504917307,1,0.420734090058863,exploit,1,0.5
2173,2026-04-15T23:56:22.412989,0.08151635250617233,0.9997939127982991,4,0.8141674333026679,0.8,2,0.9954889954381555,0.08567695869229057,1,0.42068101736550084,exploit,1,0.5
2174,2026-04-15T23:56:22.413004,0.07924120978935235,0.9997903882444921,4,0.8142528735632184,0.8,2,0.995449825998728,0.08635604208498876,1,0.42062992764257345,exploit,1,0.5
2175,2026-04-15T23:56:22.413019,0.08379026728045885,0.9998021099629006,4,0.8143382352941176,0.8,2,0.9954082325914082,0.0859712573996132,1,0.42058082216732107,exploit,1,0.5
2176,2026-04-15T23:56:22.413033,0.07663514015905026,0.9998044740458751,4,0.8144235186035829,0.8,2,0.9955253848522964,0.08658930507894909,1,0.4205337021673781,exploit,1,0.5
2177,2026-04-15T23:56:22.413048,0.07824193100475921,0.9998331621783652,4,0.8145087235996327,0.8,2,0.9956961251488496,0.08567163905126296,1,0.42048856882074215,exploit,1,0.5
2178,2026-04-15T23:56:22.413063,0.07237554326642019,0.9998138763623534,4,0.8145938503900872,0.8,2,0.9954994976652792,0.0871458741760885,1,0.4204454232557444,exploit,1,0.5
2179,2026-04-15T23:56:22.413078,0.07565307557514059,0.999831036192676,4,0.8146788990825689,0.8,2,0.9955859338403548,0.08630424596231111,1,0.4204042665510218,exploit,1,0.5
2180,2026-04-15T23:56:22.413092,0.0811687128050261,0.9998353381754929,4,0.8147638697845025,0.8,2,0.9955764136293255,0.08633507702878043,1,0.4203650997354898,exploit,1,0.5
2181,2026-04-15T23:56:22.413107,0.0736267844194802,0.9998433206759254,4,0.8148487626031164,0.8,2,0.9956847288473731,0.08689784099002028,1,0.42032792378831685,exploit,1,0.5
2182,2026-04-15T23:56:22.413122,0.07810624379879381,0.9998439703037572,4,0.814933577645442,0.8,2,0.9944129492821938,0.08547378254635211,1,0.4202927396388995,exploit,1,0.5
2183,2026-04-15T23:56:22.413137,0.07477219140758001,0.9998271694448222,4,0.815018315018315,0.8,2,0.9941573870534363,0.08575113464671182,1,0.4202595481668398,exploit,1,0.5
2184,2026-04-15T23:56:22.413151,0.07864945269037953,0.9998314477240543,4,0.8151029748283752,0.8,2,0.9941796910174502,0.0866231717333969,1,0.4202283502019228,exploit,1,0.5
2185,2026-04-15T23:56:22.413166,0.0691985465453192,0.9998159584739076,4,0.8151875571820677,0.8,2,0.99411995314723,0.08662844646213474,1,0.42019914652409596,exploit,1,0.5
2186,2026-04-15T23:56:22.413180,0.08182186818875953,0.9998179306588212,4,0.8152720621856424,0.8,2,0.9936904245123955,0.08703322250430995,1,0.42017193786344975,exploit,1,0.5
2187,2026-04-15T23:56:22.413195,0.07341766475875901,0.9998131084637373,4,0.8153564899451554,0.8,2,0.993730620428479,0.08667008482451471,1,0.4201467249001992,exploit,1,0.5
2188,2026-04-15T23:56:22.413210,0.07904509502762701,0.9998083429282665,4,0.8154408405664687,0.8,2,0.9941255850072036,0.08662071897065064,1,0.42012350826466716,exploit,1,0.5
2189,2026-04-15T23:56:22.413225,0.07592096940908077,0.9998138388148279,4,0.8155251141552512,0.8,2,0.9940972497906766,0.08650429693383382,1,0.4201022885372683,exploit,1,0.5
2190,2026-04-15T23:56:22.413239,0.07550304641163687,0.9997993215942499,4,0.8156093108169785,0.8,2,0.99396983282114,0.0868691825289774,1,0.4200830662484946,exploit,1,0.5
2191,2026-04-15T23:56:22.413265,0.07222917117020639,0.9997907050628239,4,0.8156934306569343,0.8,2,0.9939833594875158,0.08660699104838201,1,0.42006584187890245,exploit,1,0.5
2192,2026-04-15T23:56:22.413280,0.07073161434956912,0.999801352779044,4,0.8157774737802097,0.8,2,0.9938349182136527,0.08669012961733501,1,0.42005061585910003,exploit,1,0.5
2193,2026-04-15T23:56:22.413294,0.07474505556221167,0.9998013959802731,4,0.8158614402917046,0.8,2,0.9936659783656243,0.08718259718564736,1,0.4200373885697371,exploit,1,0.5
2194,2026-04-15T23:56:22.413309,0.07477682053695106,0.9998061818878513,4,0.8159453302961276,0.8,2,0.9937313562862402,0.08649581391277553,1,0.4200261603414952,exploit,1,0.5
2195,2026-04-15T23:56:22.413323,0.07691707690995694,0.9998094033096157,4,0.8160291438979964,0.8,2,0.9937520069939889,0.08716839838103276,1,0.4200169314550795,exploit,1,0.5
2196,2026-04-15T23:56:22.413340,0.06800628000742807,0.9997960079431298,4,0.8161128812016386,0.8,2,0.9937345921849058,0.08591653092338251,1,0.42000970214121164,exploit,1,0.5
2197,2026-04-15T23:56:22.413355,0.06624763082975442,0.999809359692436,4,0.816196542311192,0.8,2,0.9938108853104729,0.08592534001894168,1,0.4200044725806241,exploit,1,0.5
2198,2026-04-15T23:56:22.413370,0.07398565949050767,0.999834589398068,4,0.8162801273306048,0.8,2,0.9936979025739547,0.08706832914865495,1,0.4200012429040556,exploit,1,0.5
2199,2026-04-15T23:56:22.413384,0.0763352529538545,0.9998053205871184,4,0.8163636363636364,0.8,2,0.9937665189834425,0.08702260200222206,1,0.4200000131922479,exploit,1,0.5
2200,2026-04-15T23:56:22.413399,0.07610264408745263,0.9990824234893574,4,0.8159927305770105,0.8,2,0.0,0.0969317896783434,1,0.4200007834759437,explore,0,0.7
2201,2026-04-15T23:56:22.413412,0.07349852375366898,0.9982842693505419,4,0.815622161671208,0.8,2,0.0,0.09738862035835831,1,0.42000355373588605,explore,0,0.7
2202,2026-04-15T23:56:22.413426,0.08093221322391826,0.9974994159209439,4,0.8152519291874716,0.8,2,0.0,0.09733639967624894,1,0.42000832390281845,explore,0,0.7
2203,2026-04-15T23:56:22.413440,0.07331741438089256,0.9968896349002202,4,0.8148820326678766,0.8,2,0.0,0.09716839132234587,1,0.4200150938574871,explore,0,0.7
2204,2026-04-15T23:56:22.413456,0.08079633382461078,0.9965099006046205,4,0.8145124716553288,0.8,2,0.0,0.09708627287420213,1,0.4200238634306434,explore,0,0.7
2205,2026-04-15T23:56:22.413470,0.07944441793210863,0.9960791711149851,4,0.814143245693563,0.8,2,0.0,0.09794810282376536,1,0.4200346324030485,explore,0,0.7
2206,2026-04-15T23:56:22.413483,0.0824672299855243,0.9956973604540222,4,0.813774354327141,0.8,2,0.0,0.09687504031429059,1,0.42004740050547873,explore,0,0.7
2207,2026-04-15T23:56:22.413497,0.07287626956906065,0.9953418949218767,4,0.8134057971014492,0.8,2,0.0,0.0974418118155509,1,0.4200621674187321,explore,0,0.7
2208,2026-04-15T23:56:22.413510,0.08225629999890507,0.995083975871652,4,0.813037573562698,0.8,2,0.0,0.0976865736242794,1,0.42007893277363656,explore,0,0.7
2209,2026-04-15T23:56:22.413524,0.07976024279950368,0.9950498499903786,4,0.8126696832579186,0.8,2,0.0,0.09808321705634104,1,0.42009769615105913,explore,0,0.7
2210,2026-04-15T23:56:22.413556,0.08106769799557394,0.9950004272369588,4,0.8127544097693351,0.8,2,0.0,0.09690256950381619,1,0.42011845708191636,explore,0,0.7
2211,2026-04-15T23:56:22.413571,0.07368780657980684,0.9952678713980511,4,0.8128390596745028,0.8,2,0.0,0.09761673395738385,1,0.42014121504718605,explore,0,0.7
2212,2026-04-15T23:56:22.413585,0.06959790184367948,0.9955114177332772,4,0.8129236330772707,0.8,2,0.0,0.09692349255387803,1,0.42016596947792023,explore,0,0.7
2213,2026-04-15T23:56:22.413598,0.08016791676686752,0.9959048034573927,4,0.8130081300813008,0.8,2,0.0,0.09738020606268089,1,0.42019271975525946,explore,0,0.7
2214,2026-04-15T23:56:22.413612,0.08566434050981932,0.9963061978377267,4,0.8130925507900677,0.8,2,0.0,0.0963918971321921,1,0.4202214652104482,explore,0,0.7
2215,2026-04-15T23:56:22.413625,0.08392263358239173,0.9968372962667369,4,0.8131768953068592,0.8,2,0.0,0.09687471832685522,1,0.4202522051248515,explore,0,0.7
2216,2026-04-15T23:56:22.413639,0.07186505763333838,0.9975226774662412,4,0.8132611637347767,0.8,2,0.0,0.09816949987558204,1,0.4202849387299732,explore,0,0.7
2217,2026-04-15T23:56:22.413652,0.08465462503847856,0.9982358312473628,4,0.8133453561767358,0.8,2,0.0,0.09670672481953226,1,0.4203196652074748,explore,0,0.7
2218,2026-04-15T23:56:22.413666,0.08296708055377958,0.9989632707712297,4,0.8134294727354664,0.8,2,0.0,0.0971233899535012,1,0.42035638368919626,explore,0,0.7
2219,2026-04-15T23:56:22.413680,0.07982009710144353,0.9997402866957009,4,0.8135135135135135,0.8,2,0.9922147864215661,0.09661503474035457,1,0.42039509325717733,explore,0,0.7
2220,2026-04-15T23:56:22.413694,0.070154005006249,0.9997600004056407,4,0.8135974786132373,0.8,2,0.992452943980261,0.09684611762797685,1,0.4204357929436809,explore,0,0.7
2221,2026-04-15T23:56:22.413714,0.0727864224333135,0.9997665133761577,4,0.8136813681368137,0.8,2,0.9924567957768502,0.09774991519929088,1,0.4204784817312169,explore,0,0.7
2222,2026-04-15T23:56:22.413728,0.08152353577117849,0.9997442086573134,4,0.8137651821862348,0.8,2,0.9923809335950304,0.09681810899929541,1,0.42052315855256783,explore,0,0.7
2223,2026-04-15T23:56:22.413743,0.07443086795580414,0.9997267392006095,4,0.8138489208633094,0.8,2,0.9922977004685867,0.09752880567769306,1,0.42056982229081563,explore,0,0.7
2224,2026-04-15T23:56:22.413757,0.08558341773635905,0.9997521324524539,4,0.813932584269663,0.8,2,0.9926526066465999,0.0975547126877542,1,0.4206184717793691,explore,0,0.7
2225,2026-04-15T23:56:22.413771,0.08253176118860026,0.9997477610913534,4,0.8140161725067385,0.8,2,0.9927114876634314,0.09768750005985849,1,0.4206691058019937,explore,0,0.7
2226,2026-04-15T23:56:22.413785,0.08195389915857454,0.9997484453837944,4,0.814099685675797,0.8,2,0.9927418547965167,0.09791143369889002,1,0.4207217230928414,explore,0,0.7
2227,2026-04-15T23:56:22.413800,0.07440056571417969,0.999743475642019,4,0.8141831238779175,0.8,2,0.9927128857131122,0.09781286700681194,1,0.42077632233648266,explore,0,0.7
2228,2026-04-15T23:56:22.413814,0.0742789509908051,0.9997316592947109,4,0.8142664872139973,0.8,2,0.9928957328778178,0.09741734469743867,1,0.42083290216793934,explore,0,0.7
2229,2026-04-15T23:56:22.413828,0.07433876974009629,0.9997322946999911,4,0.8143497757847533,0.8,2,0.9925586830144046,0.09783897741828632,1,0.42089146117271853,explore,0,0.7
2230,2026-04-15T23:56:22.413843,0.07388974185771177,0.9997297501418042,4,0.8144329896907216,0.8,2,0.992677620163379,0.0979874329925277,1,0.4209519978868481,explore,0,0.7
2231,2026-04-15T23:56:22.413857,0.0761852577179415,0.9997290315176925,4,0.8145161290322581,0.8,2,0.9926703651052596,0.0970263423704369,1,0.42101451079691354,explore,0,0.7
2232,2026-04-15T23:56:22.413871,0.08944264338652669,0.9997496279137482,4,0.8145991939095387,0.8,2,0.9926224662123595,0.09830260721171917,1,0.42107899834009516,explore,0,0.7
2233,2026-04-15T23:56:22.413885,0.08464026446742379,0.9997484066669128,4,0.8146821844225605,0.8,2,0.9925649122016036,0.09741235845721402,1,0.42114545890420785,explore,0,0.7
2234,2026-04-15T23:56:22.413900,0.07762908478087284,0.9997286234673394,4,0.8147651006711409,0.8,2,0.9925132865640239,0.09711891834964494,1,0.42121389082774086,explore,0,0.7
2235,2026-04-15T23:56:22.413914,0.07679241045414376,0.9997437076137916,4,0.8148479427549195,0.8,2,0.9926044237331708,0.09736200041047904,1,0.42128429239989984,explore,0,0.7
2236,2026-04-15T23:56:22.413928,0.07404137052147189,0.9997558773858612,4,0.8149307107733572,0.8,2,0.9919811315033282,0.09813214479249,1,0.4213566618606489,explore,0,0.7
2237,2026-04-15T23:56:22.413943,0.07853877117504551,0.9997934199172502,4,0.8150134048257373,0.8,2,0.9918832828007722,0.09766589058775958,1,0.4214309974007556,explore,0,0.7
2238,2026-04-15T23:56:22.413960,0.07232170034943541,0.9998016665434714,4,0.8150960250111657,0.8,2,0.9920953987512556,0.09765152075356993,1,0.42150729716183505,explore,0,0.7
2239,2026-04-15T23:56:22.413975,0.07015549201440222,0.9998301997326783,4,0.8151785714285714,0.8,2,0.992918975940059,0.09759911656397227,1,0.42158555923639734,explore,0,0.7
2240,2026-04-15T23:56:22.413989,0.06743184919919244,0.9998313701187934,4,0.8152610441767069,0.8,2,0.992829247821003,0.09666035440987067,1,0.42166578166789465,explore,0,0.7
2241,2026-04-15T23:56:22.414003,0.07225621590654238,0.9998103129173436,4,0.8153434433541481,0.8,2,0.9930891011844374,0.09769730501003072,1,0.4217479624507703,explore,0,0.7
2242,2026-04-15T23:56:22.414018,0.07518500871312718,0.9998103916390346,4,0.8154257690592955,0.8,2,0.9928549628751082,0.09663986972630609,1,0.4218320995305091,explore,0,0.7
2243,2026-04-15T23:56:22.414032,0.07684046157080757,0.9997952060725461,4,0.8155080213903744,0.8,2,0.9928843360357333,0.09723895999363753,1,0.42191819080368836,explore,0,0.7
2244,2026-04-15T23:56:22.414046,0.07446709350460785,0.9997917860308015,4,0.8155902004454343,0.8,2,0.992995121297867,0.09770799475658787,1,0.42200623411803084,explore,0,0.7
2245,2026-04-15T23:56:22.414061,0.07232886848304429,0.999796273378158,4,0.8156723063223509,0.8,2,0.9926450032048939,0.09765542610362682,1,0.4220962272724581,explore,0,0.7
2246,2026-04-15T23:56:22.414075,0.07170261667164668,0.99980138385381,4,0.8157543391188251,0.8,2,0.9927204122305042,0.0976645687617145,1,0.42218816801714615,explore,0,0.7
2247,2026-04-15T23:56:22.414090,0.085231843500776,0.9997830931904114,4,0.8158362989323843,0.8,2,0.9927368514887744,0.09818161685816756,1,0.422282054053581,explore,0,0.7
2248,2026-04-15T23:56:22.414104,0.07844510596414156,0.9997931371034157,4,0.8159181858603823,0.8,2,0.9927310728619771,0.09797869322052413,1,0.42237788303461676,explore,0,0.7
2249,2026-04-15T23:56:22.414118,0.0789037812052506,0.9998007626292562,4,0.816,0.8,2,0.9930438116321262,0.09748689840483807,1,0.42247565256453384,explore,0,0.7
2250,2026-04-15T23:56:22.414132,0.0778478797728954,0.9998053214542855,4,0.8160817414482452,0.8,2,0.9926057965067112,0.09797457037422344,1,0.4225753601990991,explore,0,0.7
2251,2026-04-15T23:56:22.414146,0.07426245835187306,0.9998014015261643,4,0.8161634103019538,0.8,2,0.9928092292813165,0.09750301999923018,1,0.4226770034456268,explore,0,0.7
2252,2026-04-15T23:56:22.414160,0.0707027843404877,0.9998035268224529,4,0.8162450066577897,0.8,2,0.9928599759768196,0.0967008965004279,1,0.4227805797630411,explore,0,0.7
2253,2026-04-15T23:56:22.414175,0.07281830900834019,0.9998011258911882,4,0.8163265306122449,0.8,2,0.9930196093470078,0.09757062932792149,1,0.4228860865619396,explore,0,0.7
2254,2026-04-15T23:56:22.414189,0.07339248511982724,0.9998202008544402,4,0.8164079822616408,0.8,2,0.9931389102387835,0.09766323680777003,1,0.4229935212046576,explore,0,0.7
2255,2026-04-15T23:56:22.414203,0.07827504369935989,0.999819311895176,4,0.8164893617021277,0.8,2,0.9932495470896954,0.09730167931135103,1,0.4231028810053348,explore,0,0.7
2256,2026-04-15T23:56:22.414217,0.0695200109818761,0.9998133641202165,4,0.8165706690296854,0.8,2,0.9939881567490934,0.09732716689048998,1,0.42321416322998173,explore,0,0.7
2257,2026-04-15T23:56:22.414232,0.07749506839472342,0.9997792079568749,4,0.816651904340124,0.8,2,0.9940964150328808,0.09686766270762938,1,0.4233273650965487,explore,0,0.7
2258,2026-04-15T23:56:22.414266,0.07332635685164812,0.9997863636046268,4,0.8167330677290837,0.8,2,0.9942334889278919,0.09792444583777754,1,0.42344248377499494,explore,0,0.7
2259,2026-04-15T23:56:22.414282,0.07021590839034149,0.9997768001494863,4,0.8168141592920354,0.8,2,0.9943257862772779,0.09720452445097723,1,0.42355951638735934,explore,0,0.7
2260,2026-04-15T23:56:22.414296,0.07494760633696332,0.9997769081504307,4,0.8168951791242813,0.8,2,0.9947285049694361,0.09769595344316917,1,0.4236784600078329,explore,0,0.7
2261,2026-04-15T23:56:22.414311,0.07840398215961314,0.9997893811068967,4,0.8169761273209549,0.8,2,0.9946672667037723,0.09716510962429213,1,0.4237993116628311,explore,0,0.7
2262,2026-04-15T23:56:22.414325,0.07359497723427667,0.9997940688091757,4,0.8170570039770216,0.8,2,0.9951365825412708,0.09760989051564782,1,0.42392206833106894,explore,0,0.7
2263,2026-04-15T23:56:22.414340,0.07678464035734084,0.9998103465422143,4,0.8171378091872792,0.8,2,0.9950660769440105,0.09746832552983814,1,0.42404672694363615,explore,0,0.7
2264,2026-04-15T23:56:22.414354,0.07682079878743861,0.9998074706427053,4,0.8172185430463577,0.8,2,0.9948376488424966,0.09694638310715853,1,0.42417328438407387,explore,0,0.7
2265,2026-04-15T23:56:22.414368,0.07541413128382352,0.9997885759907198,4,0.8172992056487202,0.8,2,0.995448714682156,0.09753145821974328,1,0.4243017374884527,explore,0,0.7
2266,2026-04-15T23:56:22.414383,0.07182349568511184,0.9997843111187469,4,0.8173797970886635,0.8,2,0.9950430881152217,0.09854801581153932,1,0.42443208304545166,explore,0,0.7
2267,2026-04-15T23:56:22.414397,0.08142574071027742,0.9998019008675973,4,0.8174603174603174,0.8,2,0.9950554874028066,0.09675908749546068,1,0.4245643177964387,explore,0,0.7
2268,2026-04-15T23:56:22.414412,0.07737258817851601,0.9998031702073391,4,0.8175407668576465,0.8,2,0.9946609906768631,0.09754833713455484,1,0.4246984384355519,explore,0,0.7
2269,2026-04-15T23:56:22.414426,0.07666247321311002,0.999788002207362,4,0.8176211453744493,0.8,2,0.9944725357598836,0.09751167901701346,1,0.42483444160978223,explore,0,0.7
2270,2026-04-15T23:56:22.414440,0.07747292116121449,0.9997900738040705,4,0.8177014531043593,0.8,2,0.994932061384178,0.09715474886852427,1,0.42497232391905737,explore,0,0.7
2271,2026-04-15T23:56:22.414457,0.07427131893842034,0.9998057368223953,4,0.8177816901408451,0.8,2,0.9948927142369982,0.09762863061875947,1,0.425112081916327,explore,0,0.7
2272,2026-04-15T23:56:22.414472,0.06743256201193171,0.9997894885082467,4,0.8178618565772108,0.8,2,0.9950737774845552,0.09748392622607421,1,0.4252537121076482,explore,0,0.7
2273,2026-04-15T23:56:22.414486,0.07705442776948168,0.9997919316223635,4,0.8179419525065963,0.8,2,0.9950711898646277,0.0972999932999204,1,0.4253972109522737,explore,0,0.7
2274,2026-04-15T23:56:22.414500,0.07285165287323656,0.999788826844374,4,0.8180219780219781,0.8,2,0.9943932056876801,0.0980364302060811,1,0.4255425748627399,explore,0,0.7
2275,2026-04-15T23:56:22.414515,0.08043000606008231,0.9997985148051979,4,0.8181019332161688,0.8,2,0.9944825332834072,0.09752300379783611,1,0.42568980020495645,explore,0,0.7
2276,2026-04-15T23:56:22.414530,0.07733381469383986,0.999801411258947,4,0.8181818181818182,0.8,2,0.9944565071572447,0.09761125997505458,1,0.4258388832982976,explore,0,0.7
2277,2026-04-15T23:56:22.414544,0.08094612932525443,0.9998270673489373,4,0.8182616330114135,0.8,2,0.9947973668193961,0.09651675129680458,1,0.4259898204156937,explore,0,0.7
2278,2026-04-15T23:56:22.414558,0.07340469579286632,0.9998085921436709,4,0.8183413777972796,0.8,2,0.9945326596854576,0.09695606082610266,1,0.42614260778372476,explore,0,0.7
2279,2026-04-15T23:56:22.414573,0.07110914255296422,0.9998251950402578,4,0.8184210526315789,0.8,2,0.9944022437943174,0.09699855261379935,1,0.4262972415827144,explore,0,0.7
2280,2026-04-15T23:56:22.414587,0.08134383151220236,0.9998303629648343,4,0.8185006576063131,0.8,2,0.99433797544512,0.09728016353303666,1,0.42645371794682596,explore,0,0.7
2281,2026-04-15T23:56:22.414602,0.07807591608814343,0.9998383491736441,4,0.8185801928133216,0.8,2,0.9943412931119242,0.0979527636616202,1,0.42661203296415817,explore,0,0.7
2282,2026-04-15T23:56:22.414616,0.07268666145678834,0.9998393881227886,4,0.8186596583442839,0.8,2,0.9938530142799012,0.0965770555706786,1,0.4267721826768441,explore,0,0.7
2283,2026-04-15T23:56:22.414631,0.0729480020549317,0.9998183601544436,4,0.818739054290718,0.8,2,0.9937950011071063,0.09735355537972301,1,0.4269341630811491,explore,0,0.7
2284,2026-04-15T23:56:22.414645,0.07132420211882223,0.9998235678712211,4,0.8188183807439825,0.8,2,0.9939860896221884,0.09746541079147776,1,0.42709797012757156,explore,0,0.7
2285,2026-04-15T23:56:22.414659,0.06925970855812585,0.999806111766027,4,0.8188976377952756,0.8,2,0.9939666105132516,0.09799373156558383,1,0.42726359972094385,explore,0,0.7
2286,2026-04-15T23:56:22.414674,0.07433010204845536,0.9998078102246203,4,0.8189768255356362,0.8,2,0.9937141151591897,0.09783179959147345,1,0.42743104772053475,explore,0,0.7
2287,2026-04-15T23:56:22.414688,0.07383147379194874,0.9998026150516348,4,0.8190559440559441,0.8,2,0.9936910353235489,0.09790629973731331,1,0.4276003099401531,explore,0,0.7
2288,2026-04-15T23:56:22.414705,0.08427747657187085,0.9997996210082936,4,0.8191349934469201,0.8,2,0.9939394567867663,0.09766507386805998,1,0.427771382148252,explore,0,0.7
2289,2026-04-15T23:56:22.414720,0.0738779945680262,0.9998048080352867,4,0.8192139737991266,0.8,2,0.9941520237697186,0.09802877938935407,1,0.42794426006803543,explore,0,0.7
2290,2026-04-15T23:56:22.414735,0.07566776198628339,0.9997885953995973,4,0.8192928852029682,0.8,2,0.9941639357381964,0.09705298443717757,1,0.4281189393775642,explore,0,0.7
2291,2026-04-15T23:56:22.414749,0.0704377845386498,0.9997810576171865,4,0.819371727748691,0.8,2,0.9942042978499988,0.0975683612613772,1,0.4282954157098646,explore,0,0.7
2292,2026-04-15T23:56:22.414764,0.0716031200101827,0.9997922683133489,4,0.8194505015263847,0.8,2,0.9941829280490955,0.09777432054065849,1,0.42847368465303787,explore,0,0.7
2293,2026-04-15T23:56:22.414778,0.07515730697741835,0.9997924807518128,4,0.8195292066259808,0.8,2,0.9941194491240115,0.09812529345667013,1,0.4286537417503693,explore,0,0.7
2294,2026-04-15T23:56:22.414792,0.07084392176704196,0.9997966407060397,4,0.8196078431372549,0.8,2,0.9946685481635359,0.09744941001124897,1,0.4288355825004411,explore,0,0.7
2295,2026-04-15T23:56:22.414806,0.07000383135313062,0.9998003141741567,4,0.8196864111498258,0.8,2,0.994643501689463,0.09819408631234768,1,0.4290192023572439,explore,0,0.7
2296,2026-04-15T23:56:22.414821,0.06340757539415127,0.99978457923456,4,0.8197649107531563,0.8,2,0.9946311128032914,0.09755540411239509,1,0.4292045967302909,explore,0,0.7
2297,2026-04-15T23:56:22.414835,0.07360621465496783,0.9998004866807491,4,0.8198433420365535,0.8,2,0.994445502746542,0.09780034001894167,1,0.4293917609847323,explore,0,0.7
2298,2026-04-15T23:56:22.414849,0.06718552168894007,0.9998244249109287,4,0.8199217050891692,0.8,2,0.9945953476705486,0.09768352448371459,1,0.4295806904414717,explore,0,0.7
2299,2026-04-15T23:56:22.414863,0.06844540027293561,0.9997916255287087,4,0.82,0.8,2,0.9948230530874309,0.09785574040993306,1,0.42977138037728235,explore,0,0.7
2300,2026-04-15T23:56:22.414877,0.06466744833169155,0.9987606707140497,4,0.8196436332029552,0.8,2,0.0,0.08602594573073807,1,0.4299638260249257,exploit,1,0.5
2301,2026-04-15T23:56:22.414891,0.0702518263671079,0.9981841807947478,4,0.8192875760208514,0.8,2,0.0,0.0861963142562408,1,0.43015802257327085,exploit,1,0.5
2302,2026-04-15T23:56:22.414905,0.07300761761792127,0.9975315619655597,4,0.8189318280503691,0.8,2,0.0,0.08644540098729861,1,0.430353965167414,exploit,1,0.5
2303,2026-04-15T23:56:22.414918,0.06788708163482607,0.9968700620994815,4,0.8185763888888888,0.8,2,0.0,0.08705487308570642,1,0.4305516489088006,exploit,1,0.5
2304,2026-04-15T23:56:22.414932,0.07179390659754703,0.996335285871552,4,0.8182212581344902,0.8,2,0.0,0.08621350646154423,1,0.43075106885534736,exploit,1,0.5
2305,2026-04-15T23:56:22.414959,0.07394970449384056,0.9958503738927355,4,0.8178664353859497,0.8,2,0.0,0.08608793577206558,1,0.4309522200215661,exploit,1,0.5
2306,2026-04-15T23:56:22.414974,0.06983542816111261,0.995544086134716,4,0.8175119202427394,0.8,2,0.0,0.08611622114802206,1,0.43115509737868796,exploit,1,0.5
2307,2026-04-15T23:56:22.414988,0.06611093256186766,0.995365747232773,4,0.817157712305026,0.8,2,0.0,0.0862325018158693,1,0.4313596958547897,exploit,1,0.5
2308,2026-04-15T23:56:22.415002,0.06871037654067766,0.9953148887646942,4,0.8168038111736683,0.8,2,0.0,0.08541542740025768,1,0.43156601033492015,exploit,1,0.5
2309,2026-04-15T23:56:22.415015,0.0687319703886956,0.9953188009369948,4,0.8164502164502164,0.8,2,0.0,0.08737589242478026,1,0.43177403566122785,exploit,1,0.5
2310,2026-04-15T23:56:22.415033,0.07161706779545328,0.9954328335070153,4,0.8165296408481177,0.8,2,0.0,0.08644148439204236,1,0.4319837666330907,exploit,1,0.5
2311,2026-04-15T23:56:22.415055,0.07330711681003324,0.9955393863042593,4,0.8166089965397924,0.8,2,0.0,0.08686321982944464,1,0.4321951980072451,exploit,1,0.5
2312,2026-04-15T23:56:22.415074,0.07200471613485807,0.9956904520825994,4,0.8166882836143536,0.8,2,0.0,0.08700311423502832,1,0.4324083244979179,exploit,1,0.5
2313,2026-04-15T23:56:22.415096,0.08140116518518997,0.9959458967133891,4,0.8167675021607606,0.8,2,0.0,0.0858447660729454,1,0.4326231407769578,exploit,1,0.5
2314,2026-04-15T23:56:22.415110,0.06628287797730198,0.9963904339306143,4,0.8168466522678186,0.8,2,0.0,0.08658316081582046,1,0.43283964147396914,exploit,1,0.5
2315,2026-04-15T23:56:22.415124,0.07142232371879326,0.9968495473110491,4,0.8169257340241797,0.8,2,0.0,0.0867663375995735,1,0.43305782117644565,exploit,1,0.5
2316,2026-04-15T23:56:22.415138,0.06729637645778425,0.9973775563359396,4,0.8170047475183427,0.8,2,0.0,0.08646085422726202,1,0.43327767442990617,exploit,1,0.5
2317,2026-04-15T23:56:22.415151,0.06892462186931823,0.9980293432840799,4,0.817083692838654,0.8,2,0.0,0.0865196370945505,1,0.43349919573803086,exploit,1,0.5
2318,2026-04-15T23:56:22.415165,0.06950513213480407,0.998840960061662,4,0.8171625700733075,0.8,2,0.0,0.08643652312455141,1,0.43372237956279847,exploit,1,0.5
2319,2026-04-15T23:56:22.415179,0.07566402886524634,0.9998692701772454,4,0.8172413793103448,0.8,2,0.99499382194694,0.08693067900275869,1,0.43394722032462507,exploit,1,0.5
2320,2026-04-15T23:56:22.415193,0.0686215476746643,0.9998878083692765,4,0.8173201206376561,0.8,2,0.9956361046308975,0.08604155144039882,1,0.4341737124025033,exploit,1,0.5
2321,2026-04-15T23:56:22.415207,0.07025985381270368,0.9998952609736671,4,0.8173987941429802,0.8,2,0.9949931645583391,0.08743217058291147,1,0.43440185013414306,exploit,1,0.5
2322,2026-04-15T23:56:22.415222,0.07062893657357935,0.9999049177795815,4,0.8174773999139044,0.8,2,0.9949944450989231,0.08698673931256243,1,0.4346316278161128,exploit,1,0.5
2323,2026-04-15T23:56:22.415236,0.06734205191114502,0.9999048759338411,4,0.8175559380378657,0.8,2,0.995032670257981,0.0869207595705091,1,0.43486303970398266,exploit,1,0.5
2324,2026-04-15T23:56:22.415260,0.07237670133930525,0.9998957148950713,4,0.8176344086021505,0.8,2,0.9950104232235893,0.0862031582692232,1,0.43509608001246736,exploit,1,0.5
2325,2026-04-15T23:56:22.415276,0.06983998973782168,0.9999074469595767,4,0.8177128116938951,0.8,2,0.995037245284965,0.086641104998037,1,0.4353307429155713,exploit,1,0.5
2326,2026-04-15T23:56:22.415290,0.0674766086878058,0.999895063890452,4,0.817791147400086,0.8,2,0.9949783082878734,0.08763562981236461,1,0.4355670225467342,exploit,1,0.5
2327,2026-04-15T23:56:22.415305,0.0708190681360848,0.9998834746373768,4,0.8178694158075601,0.8,2,0.9949672548944057,0.0864261393913526,1,0.43580491299897745,exploit,1,0.5
2328,2026-04-15T23:56:22.415319,0.07419990321690002,0.9998737324797167,4,0.8179476170030056,0.8,2,0.9949536636072295,0.08616946113513707,1,0.4360444083250523,exploit,1,0.5
2329,2026-04-15T23:56:22.415334,0.06609268166007434,0.9998646983824729,4,0.8180257510729614,0.8,2,0.9950141009874118,0.08658732714983453,1,0.43628550253758797,exploit,1,0.5
2330,2026-04-15T23:56:22.415351,0.07426312158593318,0.9998586075938061,4,0.8181038181038182,0.8,2,0.9950270506205976,0.0859534324793718,1,0.43652818960924183,exploit,1,0.5
2331,2026-04-15T23:56:22.415366,0.0692154437614306,0.9998203807529993,4,0.8181818181818182,0.8,2,0.9951443682086184,0.08672354928865418,1,0.43677246347284954,exploit,1,0.5
2332,2026-04-15T23:56:22.415380,0.0730760824124092,0.999805757728329,4,0.8182597513930562,0.8,2,0.9951481238819821,0.08710416730648209,1,0.4370183180215774,exploit,1,0.5
2333,2026-04-15T23:56:22.415395,0.06651303081316656,0.9998137758267808,4,0.818337617823479,0.8,2,0.9951437310557778,0.08608533573628402,1,0.43726574710907445,exploit,1,0.5
2334,2026-04-15T23:56:22.415409,0.0705276382280783,0.9998044841409414,4,0.8184154175588865,0.8,2,0.9952538599546179,0.08633118148201596,1,0.43751474454962624,exploit,1,0.5
2335,2026-04-15T23:56:22.415424,0.07332058314668871,0.9997948508488173,4,0.8184931506849316,0.8,2,0.9947685014874985,0.08778890155192126,1,0.43776530411831,exploit,1,0.5
2336,2026-04-15T23:56:22.415438,0.06606581606993711,0.9998025563642478,4,0.8185708172871202,0.8,2,0.9947876077219079,0.0865092667277445,1,0.4380174195511493,exploit,1,0.5
2337,2026-04-15T23:56:22.415456,0.0659457424937594,0.9997883980206912,4,0.8186484174508126,0.8,2,0.9947825611164882,0.08639293547469923,1,0.43827108454527164,exploit,1,0.5
2338,2026-04-15T23:56:22.415471,0.07338986870928789,0.9997887728526359,4,0.8187259512612227,0.8,2,0.9948153422991823,0.08607269117614037,1,0.43852629275906524,exploit,1,0.5
2339,2026-04-15T23:56:22.415485,0.06559300558283473,0.9997725220144984,4,0.8188034188034188,0.8,2,0.9946363122734254,0.08651115474288672,1,0.4387830378123382,exploit,1,0.5
2340,2026-04-15T23:56:22.415500,0.06813067239394756,0.999774700444973,4,0.8188808201623238,0.8,2,0.9947800098112376,0.08729686143234,1,0.43904131328647744,exploit,1,0.5
2341,2026-04-15T23:56:22.415514,0.07029179621736098,0.9997788862231881,4,0.8189581554227157,0.8,2,0.995101377569539,0.08707589582353291,1,0.4393011127246095,exploit,1,0.5
2342,2026-04-15T23:56:22.415529,0.06408682044766015,0.9997750589163455,4,0.8190354246692275,0.8,2,0.9950840096766498,0.08676827212785226,1,0.4395624296317622,exploit,1,0.5
2343,2026-04-15T23:56:22.415543,0.07295384609275637,0.9997791550558958,4,0.8191126279863481,0.8,2,0.9952094222875877,0.08590089893399433,1,0.4398252574750261,exploit,1,0.5
2344,2026-04-15T23:56:22.415558,0.07580410305737417,0.9997973454483412,4,0.8191897654584221,0.8,2,0.9953055502582571,0.08734598703118696,1,0.4400895896837192,exploit,1,0.5
2345,2026-04-15T23:56:22.415573,0.07645359985783465,0.9997947925943618,4,0.8192668371696504,0.8,2,0.9953331760095672,0.08633959384162894,1,0.4403554196495498,exploit,1,0.5
2346,2026-04-15T23:56:22.415587,0.06965512663477806,0.9997892841789828,4,0.8193438432040904,0.8,2,0.9954342648236671,0.08677414678712235,1,0.44062274072678276,exploit,1,0.5
2347,2026-04-15T23:56:22.415601,0.06628808242376732,0.9997923111513906,4,0.8194207836456558,0.8,2,0.9946674788159144,0.08564750492893783,1,0.44089154623240484,exploit,1,0.5
2348,2026-04-15T23:56:22.415616,0.06466593674099655,0.9997855423235714,4,0.8194976585781183,0.8,2,0.9945194784913354,0.08649599292348838,1,0.44116182944629273,exploit,1,0.5
2349,2026-04-15T23:56:22.415630,0.06456210396169268,0.9997954567684729,4,0.8195744680851064,0.8,2,0.994597903171891,0.08661392937558576,1,0.4414335836113799,exploit,1,0.5
2350,2026-04-15T23:56:22.415645,0.07036564593978664,0.9997896599958045,4,0.8196512122501063,0.8,2,0.9944902897302661,0.0853069295150462,1,0.4417068019338264,exploit,1,0.5
2351,2026-04-15T23:56:22.415660,0.0707829017718974,0.9998489035706672,4,0.8197278911564626,0.8,2,0.9944053678508712,0.08583906940037304,1,0.4419814775831885,exploit,1,0.5
2352,2026-04-15T23:56:22.415674,0.06760952488263038,0.9998429739376147,4,0.8198045048873778,0.8,2,0.9943526287494613,0.08564172527375158,1,0.4422576036925892,exploit,1,0.5
2353,2026-04-15T23:56:22.415715,0.07263302040695355,0.9998519531508524,4,0.8198810535259133,0.8,2,0.9941502204747779,0.08726330788169132,1,0.44253517335889025,exploit,1,0.5
2354,2026-04-15T23:56:22.415731,0.07292090188814743,0.9998499490735966,4,0.8199575371549894,0.8,2,0.9939982215324599,0.08725190647610948,1,0.44281417964286424,exploit,1,0.5
2355,2026-04-15T23:56:22.415746,0.07642296261378367,0.9998674900015938,4,0.8200339558573854,0.8,2,0.9944237526685034,0.08571586229584825,1,0.44309461556936885,exploit,1,0.5
2356,2026-04-15T23:56:22.415761,0.07069711585665987,0.9998629847627809,4,0.8201103097157404,0.8,2,0.9944159058269617,0.08635240413563738,1,0.4433764741275203,exploit,1,0.5
2357,2026-04-15T23:56:22.415775,0.06984297880444514,0.9998614997491037,4,0.820186598812553,0.8,2,0.9943647075031479,0.08611336238499268,1,0.4436597482708695,exploit,1,0.5
2358,2026-04-15T23:56:22.415790,0.07265824530067831,0.9998530531721685,4,0.8202628232301823,0.8,2,0.9943998683006958,0.08618189221079037,1,0.44394443091757757,exploit,1,0.5
2359,2026-04-15T23:56:22.415804,0.06995607757131359,0.9998625159917128,4,0.8203389830508474,0.8,2,0.9945030479542072,0.08571634683006933,1,0.44423051495059307,exploit,1,0.5
2360,2026-04-15T23:56:22.415819,0.06611527651829346,0.9998601342923366,4,0.8204150783566285,0.8,2,0.9945626758120447,0.08639162178478253,1,0.4445179932178302,exploit,1,0.5
2361,2026-04-15T23:56:22.415833,0.07283649166656221,0.9998592344331563,4,0.8204911092294666,0.8,2,0.9941328315255964,0.08773297115911638,1,0.44480685853234714,exploit,1,0.5
2362,2026-04-15T23:56:22.415848,0.07331652607866779,0.9998484086466881,4,0.8205670757511637,0.8,2,0.994165624651917,0.0860473383987635,1,0.4450971036725262,exploit,1,0.5
2363,2026-04-15T23:56:22.415862,0.06579435344406986,0.9998445647306081,4,0.8206429780033841,0.8,2,0.9941573668734303,0.08657107198008773,1,0.4453887213822538,exploit,1,0.5
2364,2026-04-15T23:56:22.415877,0.06831020383143925,0.9998410654129761,4,0.8207188160676533,0.8,2,0.9940971268883058,0.08680145185878399,1,0.44568170437110266,exploit,1,0.5
2365,2026-04-15T23:56:22.415892,0.06631997288042976,0.9998410108390517,4,0.8207945900253593,0.8,2,0.9940346318115194,0.08667652743520138,1,0.4459760453145132,exploit,1,0.5
2366,2026-04-15T23:56:22.415906,0.06805595187067924,0.9998309178993039,4,0.8208702999577524,0.8,2,0.9940117457351951,0.08654477687489025,1,0.4462717368539769,exploit,1,0.5
2367,2026-04-15T23:56:22.415920,0.06558105191997221,0.9998353314714842,4,0.8209459459459459,0.8,2,0.9946745213021303,0.08589673339887029,1,0.44656877159722114,exploit,1,0.5
2368,2026-04-15T23:56:22.415935,0.07144078108762993,0.9998474809920842,4,0.821021528070916,0.8,2,0.995029839533785,0.0864012195477722,1,0.4468671421183924,exploit,1,0.5
2369,2026-04-15T23:56:22.415952,0.07072609044586062,0.9998587226275988,4,0.8210970464135021,0.8,2,0.9949200469209578,0.08573788232341334,1,0.4471668409582435,exploit,1,0.5
2370,2026-04-15T23:56:22.415967,0.06958406616184737,0.9998532434161493,4,0.8211725010544074,0.8,2,0.994918631049043,0.08592696396112204,1,0.44746786062431876,exploit,1,0.5
2371,2026-04-15T23:56:22.415982,0.06359758041033266,0.9998517883071637,4,0.821247892074199,0.8,2,0.9948499941665925,0.08586394901335154,1,0.44777019359114256,exploit,1,0.5
2372,2026-04-15T23:56:22.415996,0.07542590567666838,0.9998579231610941,4,0.821323219553308,0.8,2,0.9948991892270785,0.08602331534994055,1,0.4480738323004061,exploit,1,0.5
2373,2026-04-15T23:56:22.416011,0.06741037977273108,0.9998523903680613,4,0.8213984835720304,0.8,2,0.9949069143882271,0.08725197565997204,1,0.44837876916115776,exploit,1,0.5
2374,2026-04-15T23:56:22.416025,0.06911346261528475,0.9998430843745543,4,0.8214736842105264,0.8,2,0.9950890940827521,0.08649413977041244,1,0.44868499654999183,exploit,1,0.5
2375,2026-04-15T23:56:22.416040,0.06933592631064632,0.9998332951427501,4,0.8215488215488216,0.8,2,0.9951578998723547,0.08629354887947058,1,0.44899250681123937,exploit,1,0.5
2376,2026-04-15T23:56:22.416055,0.06625069973106046,0.9998353079756729,4,0.8216238956668069,0.8,2,0.9951304088136714,0.08648505355725312,1,0.4493012922571601,exploit,1,0.5
2377,2026-04-15T23:56:22.416069,0.07085306452365472,0.9998390035185687,4,0.8216989066442388,0.8,2,0.995149802176559,0.08668191369109801,1,0.4496113451681337,exploit,1,0.5
2378,2026-04-15T23:56:22.416084,0.07515628738939979,0.9998188832534195,4,0.8217738545607398,0.8,2,0.9950346183412616,0.08531876402201742,1,0.44992265779285384,exploit,1,0.5
2379,2026-04-15T23:56:22.416098,0.06964716539227644,0.9998044156817795,4,0.8218487394957983,0.8,2,0.9951887838112592,0.08640956879076346,1,0.45023522234852087,exploit,1,0.5
2380,2026-04-15T23:56:22.416113,0.06633072853619687,0.9997857670190894,4,0.8219235615287694,0.8,2,0.9946733814639988,0.08551219797765658,1,0.4505490310210373,exploit,1,0.5
2381,2026-04-15T23:56:22.416127,0.06376030095000547,0.9997804048104455,4,0.8219983207388749,0.8,2,0.9953816123748528,0.08783158724631396,1,0.4508640759652026,exploit,1,0.5
2382,2026-04-15T23:56:22.416142,0.07517941276545718,0.9998068710541915,4,0.8220730172052035,0.8,2,0.9953665312312576,0.08687268471512062,1,0.45118034930490974,exploit,1,0.5
2383,2026-04-15T23:56:22.416156,0.06745284148057173,0.9998061381016491,4,0.8221476510067114,0.8,2,0.9953558028979577,0.0857349417027089,1,0.4514978431333415,exploit,1,0.5
2384,2026-04-15T23:56:22.416171,0.06870295978330161,0.9998054784242871,4,0.8222222222222222,0.8,2,0.9954085653264229,0.08618698695388198,1,0.45181654951316874,exploit,1,0.5
2385,2026-04-15T23:56:22.416185,0.07647223821424912,0.9997990145194352,4,0.8222967309304275,0.8,2,0.9954619822117066,0.08636999709896682,1,0.45213646047674866,exploit,1,0.5
2386,2026-04-15T23:56:22.416200,0.067388442296809,0.9998090715057959,4,0.8223711772098868,0.8,2,0.99523901907972,0.08710053609980135,1,0.45245756802632364,exploit,1,0.5
2387,2026-04-15T23:56:22.416214,0.059252585988619835,0.9998114465383203,4,0.8224455611390284,0.8,2,0.9948160934190812,0.08659401211652162,1,0.45277986413422194,exploit,1,0.5
2388,2026-04-15T23:56:22.416229,0.06947712289041749,0.9997865147844491,4,0.8225198827961491,0.8,2,0.9947914632445329,0.08638984119266008,1,0.45310334074305736,exploit,1,0.5
2389,2026-04-15T23:56:22.416244,0.06309276727856941,0.9997796503354806,4,0.8225941422594142,0.8,2,0.9946346477559608,0.08691983355675927,1,0.45342798976593185,exploit,1,0.5
2390,2026-04-15T23:56:22.416266,0.05928228601732072,0.9997887300009063,4,0.822668339606859,0.8,2,0.9946745175550373,0.08591718867216937,1,0.4537538030866365,exploit,1,0.5
2391,2026-04-15T23:56:22.416281,0.0738181392230138,0.9997648433856188,4,0.822742474916388,0.8,2,0.9948002052836581,0.0855076957827356,1,0.45408077255985524,exploit,1,0.5
2392,2026-04-15T23:56:22.416295,0.0653314922198264,0.9997537540576231,4,0.8228165482657752,0.8,2,0.9947666523810803,0.08621362884733227,1,0.4544088900113685,exploit,1,0.5
2393,2026-04-15T23:56:22.416309,0.07275459532908862,0.9997613535446164,4,0.822890559732665,0.8,2,0.9948989320546573,0.0868614840934514,1,0.4547381472382568,exploit,1,0.5
2394,2026-04-15T23:56:22.416324,0.05869627167174461,0.9997606762473694,4,0.822964509394572,0.8,2,0.9948627459742923,0.0860817720067782,1,0.4550685360091069,exploit,1,0.5
2395,2026-04-15T23:56:22.416338,0.06639956462574617,0.99976877620368,4,0.8230383973288815,0.8,2,0.9948424482341722,0.08643245239930537,1,0.4554000480642164,exploit,1,0.5
2396,2026-04-15T23:56:22.416353,0.07265460316626518,0.999760849597464,4,0.8231122236128494,0.8,2,0.9946332092039883,0.0871751648512713,1,0.45573267511580157,exploit,1,0.5
2397,2026-04-15T23:56:22.416367,0.06626636317071968,0.9997617342330981,4,0.823185988323603,0.8,2,0.994703099101863,0.08588707696923402,1,0.45606640884820315,exploit,1,0.5
2398,2026-04-15T23:56:22.416381,0.06897273339495379,0.9997806650024487,4,0.8232596915381409,0.8,2,0.9947266505638749,0.08649357980158483,1,0.45640124091809536,exploit,1,0.5
2399,2026-04-15T23:56:22.416396,0.0631752693715269,0.999789533806988,4,0.8233333333333334,0.8,2,0.9947219137247191,0.08671057277550767,1,0.4567371629546939,exploit,1,0.5
2400,2026-04-15T23:56:22.416422,0.07350380234261798,0.9988596818227016,4,0.8229904206580592,0.8,2,0.0,0.09708267501954498,1,0.4570741665599652,explore,0,0.7
2401,2026-04-15T23:56:22.416437,0.06498014265382442,0.9978949589908742,4,0.8226477935054122,0.8,2,0.0,0.09702221761506635,1,0.4574122433088369,explore,0,0.7
2402,2026-04-15T23:56:22.416453,0.07167508142955424,0.9971795865591473,4,0.8223054515189346,0.8,2,0.0,0.09775456177098812,1,0.45775138474940763,explore,0,0.7
2403,2026-04-15T23:56:22.416467,0.06773939453883557,0.996675228651461,4,0.8219633943427621,0.8,2,0.0,0.09773521295734071,1,0.4580915824031593,explore,0,0.7
2404,2026-04-15T23:56:22.416481,0.06657922570359111,0.9962430634927198,4,0.8216216216216217,0.8,2,0.0,0.09761024085745422,1,0.458432827765168,explore,0,0.7
2405,2026-04-15T23:56:22.416494,0.07343588434215254,0.9959228801508918,4,0.8212801330008312,0.8,2,0.0,0.0977209593663802,1,0.45877511230431783,explore,0,0.7
2406,2026-04-15T23:56:22.416508,0.06850967595050761,0.9955978808886263,4,0.8209389281262983,0.8,2,0.0,0.0971140920847936,1,0.45911842746351283,explore,0,0.7
2407,2026-04-15T23:56:22.416521,0.07773115757394759,0.9954335601158476,4,0.8205980066445183,0.8,2,0.0,0.09690161112189559,1,0.45946276465989194,explore,0,0.7
2408,2026-04-15T23:56:22.416535,0.0689751356584765,0.9953233512692536,4,0.8202573682025737,0.8,2,0.0,0.0971772697453143,1,0.45980811528504334,explore,0,0.7
2409,2026-04-15T23:56:22.416548,0.0758537755103358,0.9951624437473968,4,0.8203319502074689,0.8,2,0.0,0.09777042851026763,1,0.4601544707052192,explore,0,0.7
2410,2026-04-15T23:56:22.416562,0.0732284286888486,0.9951910810080712,4,0.8204064703442555,0.8,2,0.0,0.09803645759462802,1,0.46050182226155223,explore,0,0.7
2411,2026-04-15T23:56:22.416575,0.06915090730128945,0.9954742462912061,4,0.8204809286898839,0.8,2,0.0,0.09796853111489039,1,0.4608501612702714,explore,0,0.7
2412,2026-04-15T23:56:22.416588,0.06867610901756221,0.9958108057965626,4,0.8205553253211769,0.8,2,0.0,0.09787036550673438,1,0.46119947902291986,explore,0,0.7
2413,2026-04-15T23:56:22.416602,0.07521135003353702,0.9961509482616747,4,0.8206296603148302,0.8,2,0.0,0.09756481342566307,1,0.4615497667865718,explore,0,0.7
2414,2026-04-15T23:56:22.416615,0.0625957864888262,0.9966835314399418,4,0.820703933747412,0.8,2,0.0,0.09703006819518714,1,0.4619010158040516,explore,0,0.7
2415,2026-04-15T23:56:22.416629,0.07274036670052708,0.9970614066193509,4,0.8207781456953642,0.8,2,0.0,0.09750585498346792,1,0.4622532172941519,explore,0,0.7
2416,2026-04-15T23:56:22.416642,0.06856593990349515,0.9975540526516435,4,0.8208522962350021,0.8,2,0.0,0.09754094283153084,1,0.4626063624518538,explore,0,0.7
2417,2026-04-15T23:56:22.416656,0.07077396901477334,0.9982061554122061,4,0.8209263854425145,0.8,2,0.0,0.09751087735498996,1,0.462960442448547,explore,0,0.7
2418,2026-04-15T23:56:22.416669,0.07385187557110434,0.9989086720558238,4,0.8210004133939645,0.8,2,0.0,0.09782959045764739,1,0.46331544843224964,explore,0,0.7
2419,2026-04-15T23:56:22.416683,0.07215159337153591,0.999875255892821,4,0.8210743801652892,0.8,2,0.9947956155921902,0.0982922456911596,1,0.463671371527831,explore,0,0.7
2420,2026-04-15T23:56:22.416701,0.06968984924890148,0.999881145084256,4,0.8211482858323007,0.8,2,0.9951357940133858,0.09776579285067957,1,0.4640282028372319,explore,0,0.7
2421,2026-04-15T23:56:22.416716,0.06530619193987128,0.9998889266793172,4,0.8212221304706854,0.8,2,0.9950416470951802,0.09772388386857553,1,0.4643859334396884,explore,0,0.7
2422,2026-04-15T23:56:22.416730,0.06722864985503085,0.999899908467006,4,0.821295914156005,0.8,2,0.9949958983018741,0.09811570738641873,1,0.464744554391954,explore,0,0.7
2423,2026-04-15T23:56:22.416745,0.07154281249777568,0.9998989799494287,4,0.8213696369636964,0.8,2,0.9948602071823773,0.09805493126387754,1,0.4651040567285236,explore,0,0.7
2424,2026-04-15T23:56:22.416759,0.07275321214871713,0.9998908339580723,4,0.8214432989690722,0.8,2,0.9946322983630145,0.09685918240787066,1,0.46546443146185756,explore,0,0.7
2425,2026-04-15T23:56:22.416774,0.06709843761510666,0.999902482482428,4,0.8215169002473207,0.8,2,0.9948987896846703,0.09768001911054132,1,0.46582566958260613,explore,0,0.7
2426,2026-04-15T23:56:22.416788,0.06595951500044114,0.9998910365025838,4,0.8215904408735064,0.8,2,0.9946423439667939,0.09739376462900834,1,0.46618776205983536,explore,0,0.7
2427,2026-04-15T23:56:22.416802,0.07260932691311053,0.9998805607380209,4,0.82166392092257,0.8,2,0.9945732657937496,0.09785454469812767,1,0.46655069984125186,explore,0,0.7
2428,2026-04-15T23:56:22.416817,0.07337581092821374,0.9998689805473121,4,0.8217373404693289,0.8,2,0.9947201986295515,0.09802352853344164,1,0.4669144738534303,explore,0,0.7
2429,2026-04-15T23:56:22.416836,0.0698849259817263,0.9998590206462873,4,0.8218106995884774,0.8,2,0.9944291775893053,0.09810732821257206,1,0.46727907500203913,explore,0,0.7
2430,2026-04-15T23:56:22.416860,0.07275011356319658,0.999851273879981,4,0.8218839983545866,0.8,2,0.9945391681231516,0.09759838980653701,1,0.46764449417206877,explore,0,0.7
2431,2026-04-15T23:56:22.416880,0.07096130392458044,0.9998132905534199,4,0.8219572368421053,0.8,2,0.9943859492640426,0.09708165337871898,1,0.46801072222805895,explore,0,0.7
2432,2026-04-15T23:56:22.416904,0.07112934940841889,0.9998000927256073,4,0.8220304151253597,0.8,2,0.9944311258481495,0.09779533644468176,1,0.46837775001432724,explore,0,0.7
2433,2026-04-15T23:56:22.416919,0.06641027997787255,0.9998090408227275,4,0.8221035332785538,0.8,2,0.9948779404127098,0.09737044215323515,1,0.46874556835519826,explore,0,0.7
2434,2026-04-15T23:56:22.416934,0.07011748217807622,0.9998008154454638,4,0.82217659137577,0.8,2,0.9951099763520287,0.09773805689282847,1,0.46911416805523243,explore,0,0.7
2435,2026-04-15T23:56:22.416948,0.07636695037943554,0.9997919086273672,4,0.8222495894909688,0.8,2,0.9948391469205577,0.09739824345730036,1,0.46948353989945674,explore,0,0.7
2436,2026-04-15T23:56:22.416966,0.07254619912268874,0.9998029267757018,4,0.8223225276979893,0.8,2,0.9949260404674708,0.09728438407839668,1,0.469853674653594,explore,0,0.7
2437,2026-04-15T23:56:22.416981,0.06548375980167731,0.9997906392468209,4,0.8223954060705496,0.8,2,0.9948829998499185,0.09772207841394033,1,0.47022456306429494,explore,0,0.7
2438,2026-04-15T23:56:22.416995,0.06634546168316319,0.9997917838621226,4,0.8224682246822468,0.8,2,0.9948640127235509,0.0973880413695953,1,0.47059619585936835,explore,0,0.7
2439,2026-04-15T23:56:22.417012,0.06704893319489319,0.9997766211348167,4,0.8225409836065574,0.8,2,0.9946827491958845,0.09760390402465945,1,0.470968563748014,explore,0,0.7
2440,2026-04-15T23:56:22.417027,0.07195362505040795,0.9997786325663618,4,0.8226136829168373,0.8,2,0.9947431813459555,0.09833636261901245,1,0.47134165742105383,explore,0,0.7
2441,2026-04-15T23:56:22.417041,0.06926700676057787,0.9997824550119743,4,0.8226863226863227,0.8,2,0.9944232753013335,0.09845160965200679,1,0.4717154675511654,explore,0,0.7
2442,2026-04-15T23:56:22.417056,0.06215475949870441,0.9997783988357274,4,0.8227589029881294,0.8,2,0.9945439905203695,0.09764958292176881,1,0.4720899847931152,explore,0,0.7
2443,2026-04-15T23:56:22.417070,0.07441610493110326,0.9997814007448828,4,0.8228314238952537,0.8,2,0.9945165379468085,0.09762076798730668,1,0.4724651997839914,explore,0,0.7
2444,2026-04-15T23:56:22.417084,0.07469059628649505,0.9997974114807865,4,0.8229038854805726,0.8,2,0.9946239261976157,0.0980476171128892,1,0.47284110314343897,explore,0,0.7
2445,2026-04-15T23:56:22.417099,0.07051358600232797,0.9997947573135663,4,0.8229762878168438,0.8,2,0.9946368493722133,0.09778984365391262,1,0.4732176854738933,explore,0,0.7
2446,2026-04-15T23:56:22.417113,0.06716635511625083,0.9997890016229203,4,0.8230486309767062,0.8,2,0.9949457847324303,0.09743258885959166,1,0.4735949373608161,explore,0,0.7
2447,2026-04-15T23:56:22.417128,0.0672349376348371,0.9997916636635393,4,0.8231209150326797,0.8,2,0.9943267328999488,0.09646974094763466,1,0.4739728493729294,explore,0,0.7
2448,2026-04-15T23:56:22.417143,0.06652495530681968,0.9997856668171432,4,0.8231931400571662,0.8,2,0.9942170529768921,0.0976012196672112,1,0.47435141206245296,explore,0,0.7
2449,2026-04-15T23:56:22.417172,0.06513552865446384,0.9997980636373753,4,0.823265306122449,0.8,2,0.9945551597341954,0.09734983648448703,1,0.47473061596533905,explore,0,0.7
2450,2026-04-15T23:56:22.417195,0.06705629272559302,0.9997909136869496,4,0.8233374133006935,0.8,2,0.9945603601037977,0.09704655908155622,1,0.47511045160150983,explore,0,0.7
2451,2026-04-15T23:56:22.417218,0.06974466895069517,0.9998484125005958,4,0.8234094616639478,0.8,2,0.994749040709451,0.09683536031394097,1,0.4754909094750943,explore,0,0.7
2452,2026-04-15T23:56:22.417240,0.0682014235858211,0.9998419367886435,4,0.8234814512841419,0.8,2,0.9946805747384482,0.09711800147288964,1,0.4758719800746653,explore,0,0.7
2453,2026-04-15T23:56:22.417271,0.07371692414766684,0.9998499682514859,4,0.8235533822330888,0.8,2,0.9946314498593252,0.09822719200465162,1,0.4762536538734779,explore,0,0.7
2454,2026-04-15T23:56:22.417287,0.06546635723903824,0.9998493530094789,4,0.8236252545824847,0.8,2,0.9945772768746259,0.09838107554253628,1,0.4766359213297067,explore,0,0.7
2455,2026-04-15T23:56:22.417302,0.07271560352787484,0.9998650997932541,4,0.8236970684039088,0.8,2,0.9949565788372231,0.09725492027959713,1,0.4770187728866856,explore,0,0.7
2456,2026-04-15T23:56:22.417316,0.06503304307264429,0.9998615582955154,4,0.8237688237688238,0.8,2,0.9949468792382956,0.0978681886806369,1,0.4774021989731453,explore,0,0.7
2457,2026-04-15T23:56:22.417331,0.06897563304144819,0.9998592763890909,4,0.823840520748576,0.8,2,0.9949154111426323,0.09712233511915652,1,0.4777861900034536,explore,0,0.7
2458,2026-04-15T23:56:22.417346,0.06902610414984192,0.9998502117726342,4,0.8239121594143961,0.8,2,0.9950736880774185,0.09757235170684497,1,0.478170736377855,explore,0,0.7
2459,2026-04-15T23:56:22.417360,0.0666569886917761,0.9998589162530671,4,0.8239837398373984,0.8,2,0.9952564180023369,0.09702459889316467,1,0.4785558284827099,explore,0,0.7
2460,2026-04-15T23:56:22.417375,0.06524085301005113,0.9998567917104141,4,0.8240552620885819,0.8,2,0.9950386507558493,0.09749269710775486,1,0.4789414566907359,explore,0,0.7
2461,2026-04-15T23:56:22.417397,0.07039869014269745,0.999856295900793,4,0.8241267262388302,0.8,2,0.9954582726364117,0.09797128785982784,1,0.47932761136124774,explore,0,0.7
2462,2026-04-15T23:56:22.417419,0.07108344967911365,0.9998422197512129,4,0.8241981323589119,0.8,2,0.9954160176968128,0.09748944858603276,1,0.479714282840399,explore,0,0.7
2463,2026-04-15T23:56:22.417441,0.06650863466653384,0.9998389370431549,4,0.8242694805194806,0.8,2,0.9957665551672424,0.09794415743295629,1,0.48010146146142263,explore,0,0.7
2464,2026-04-15T23:56:22.417460,0.06299599768591986,0.9998352142405621,4,0.824340770791075,0.8,2,0.9957949936579115,0.09746397598763419,1,0.4804891375448734,explore,0,0.7
2465,2026-04-15T23:56:22.417478,0.06451253295981163,0.9998343800791512,4,0.82441200324412,0.8,2,0.9957449737450693,0.09781292474860463,1,0.48087730139886936,explore,0,0.7
2466,2026-04-15T23:56:22.417500,0.06464869557107752,0.9998231974223123,4,0.8244831779489258,0.8,2,0.99543081480385,0.09712421375555244,1,0.48126594331933426,explore,0,0.7
2467,2026-04-15T23:56:22.417522,0.06459792911322298,0.9998281389912723,4,0.8245542949756888,0.8,2,0.9959002317622526,0.09729456530861,1,0.4816550535902406,explore,0,0.7
2468,2026-04-15T23:56:22.417537,0.06524939340048441,0.9998389372501737,4,0.8246253543944917,0.8,2,0.9960929454024674,0.09743650891451916,1,0.48204462248385155,explore,0,0.7
2469,2026-04-15T23:56:22.417552,0.06765935006698551,0.9998491567985984,4,0.8246963562753037,0.8,2,0.9959969877516117,0.0975595038258108,1,0.4824346402609654,explore,0,0.7
2470,2026-04-15T23:56:22.417566,0.06923208382944451,0.9998454603106233,4,0.8247673006879805,0.8,2,0.9956576977207354,0.09726404734648908,1,0.4828250971711577,explore,0,0.7
2471,2026-04-15T23:56:22.417581,0.06288433569684426,0.9998438192966437,4,0.8248381877022654,0.8,2,0.9956905801668016,0.09764435008947661,0,0.48321598345302635,explore,0,0.7
2472,2026-04-15T23:56:22.417595,0.07793671812648453,0.9998491058558637,4,0.8249090173877881,0.8,2,0.995795059994403,0.09717480525908999,0,0.48360728933443436,explore,0,0.7
2473,2026-04-15T23:56:22.417618,0.06403269054977855,0.999843023857208,4,0.8249797898140663,0.8,2,0.9958700858100273,0.09778507314366017,0,0.48399900503275534,explore,0,0.7
2474,2026-04-15T23:56:22.417639,0.06518505281752209,0.9998328814626314,4,0.825050505050505,0.8,2,0.9958394720047218,0.0973190981935864,0,0.48439112075511714,explore,0,0.7
2475,2026-04-15T23:56:22.417655,0.06865079375286354,0.9998231970395131,4,0.8251211631663974,0.8,2,0.9958284162987706,0.09750889303772393,0,0.48478362669864694,explore,0,0.7
2476,2026-04-15T23:56:22.417669,0.07061196364394251,0.9998252097609037,4,0.8251917642309246,0.8,2,0.9958464178941262,0.09774094215637767,0,0.48517651305071696,explore,0,0.7
2477,2026-04-15T23:56:22.417759,0.07061665286816549,0.9998293406751777,4,0.8252623083131557,0.8,2,0.995769923946915,0.09838633914928613,0,0.48556976998918844,explore,0,0.7
2478,2026-04-15T23:56:22.417786,0.06704875173908002,0.9998107708006773,4,0.8253327954820492,0.8,2,0.9955962865790915,0.09715737839351686,0,0.4859633876826588,explore,0,0.7
2479,2026-04-15T23:56:22.417811,0.06915736856811971,0.9997974541660802,4,0.8254032258064516,0.8,2,0.9956246455679967,0.09711784115820127,0,0.48635735629070587,explore,0,0.7
2480,2026-04-15T23:56:22.417833,0.058609746821768255,0.9997804993121648,4,0.8254735993550988,0.8,2,0.9951250522787083,0.09681198943650832,0,0.4867516659641352,explore,0,0.7
2481,2026-04-15T23:56:22.417848,0.06332774593494081,0.9997737885398733,4,0.8255439161966156,0.8,2,0.9951587568966391,0.09761853637102341,0,0.48714630684522553,explore,0,0.7
2482,2026-04-15T23:56:22.417862,0.071859070483239,0.9998041950251934,4,0.8256141763995167,0.8,2,0.9952135245790409,0.09751521289716142,0,0.487541269067975,explore,0,0.7
2483,2026-04-15T23:56:22.417877,0.06329291658186535,0.9998032345983799,4,0.8256843800322061,0.8,2,0.9952333373146413,0.09726187955446931,0,0.48793654275834913,explore,0,0.7
2484,2026-04-15T23:56:22.417891,0.070455850996099,0.9998026403118809,4,0.8257545271629778,0.8,2,0.9951275164524632,0.09761185514832028,0,0.4883321180345258,explore,0,0.7
2485,2026-04-15T23:56:22.417906,0.07380829360479796,0.9997957186928403,4,0.825824617860016,0.8,2,0.9951533445618628,0.09722693484643063,0,0.48872798500714404,explore,0,0.7
2486,2026-04-15T23:56:22.417920,0.06734742623438444,0.999807357818221,4,0.8258946521913952,0.8,2,0.9953579864619649,0.09713728023808679,0,0.4891241337795499,explore,0,0.7
2487,2026-04-15T23:56:22.417935,0.06191390479259761,0.9998093563355824,4,0.8259646302250804,0.8,2,0.9948853454360003,0.09813754555042707,0,0.48952055444804493,explore,0,0.7
2488,2026-04-15T23:56:22.417953,0.07383685615785075,0.9997810161190789,4,0.8260345520289273,0.8,2,0.9948745902706062,0.09726738902005136,0,0.48991723710213286,explore,0,0.7
2489,2026-04-15T23:56:22.417970,0.06564943097804574,0.9997736556473583,4,0.8261044176706828,0.8,2,0.9946519682171613,0.09761010091381268,0,0.4903141718247682,explore,0,0.7
2490,2026-04-15T23:56:22.417985,0.05844997099896659,0.9997819185239448,4,0.8261742272179847,0.8,2,0.9947644190686563,0.09773664532811938,0,0.49071134869260347,explore,0,0.7
2491,2026-04-15T23:56:22.418000,0.0676764800075963,0.9997568523212165,4,0.8262439807383628,0.8,2,0.9946776883858791,0.09641207037911727,0,0.49110875777623747,explore,0,0.7
2492,2026-04-15T23:56:22.418015,0.06861802771369452,0.9997472817598332,4,0.8263136782992379,0.8,2,0.9946690283147283,0.09779414884171969,0,0.49150638914046413,explore,0,0.7
2493,2026-04-15T23:56:22.418033,0.06508849407233443,0.9997554994408905,4,0.826383319967923,0.8,2,0.9946028297961771,0.09759444209181393,0,0.4919042328445198,explore,0,0.7
2494,2026-04-15T23:56:22.418056,0.06476316874257845,0.9997553634436823,4,0.8264529058116232,0.8,2,0.9945567746459893,0.0969183224585834,0,0.4923022789423328,explore,0,0.7
2495,2026-04-15T23:56:22.418076,0.06353341237441201,0.9997627343648018,4,0.8265224358974359,0.8,2,0.9945640259037856,0.09730959896231067,0,0.4927005174827712,explore,0,0.7
2496,2026-04-15T23:56:22.418130,0.06657147240377526,0.9997558490677729,4,0.8265919102923508,0.8,2,0.994563516796003,0.09803749585334992,0,0.4930989385098925,explore,0,0.7
2497,2026-04-15T23:56:22.418146,0.06211909137998339,0.9997570601312104,4,0.8266613290632506,0.8,2,0.9946405519153854,0.09770880860761395,0,0.49349753206319147,explore,0,0.7
2498,2026-04-15T23:56:22.418161,0.06030872540875508,0.9997754241392429,4,0.8267306922769108,0.8,2,0.9946346598879705,0.09779733018054032,0,0.4938962881778503,explore,0,0.7
2499,2026-04-15T23:56:22.418175,0.0598827617026934,0.9997822197916743,4,0.8268,0.8,2,0.9945131248913748,0.09785750215613656,0,0.4942951968849868,explore,0,0.7
2500,2026-04-15T23:56:22.418191,0.06301804948547908,0.9990290548017746,4,0.826469412235106,0.8,2,0.0,0.08623343825042445,0,0.49469424821190394,exploit,1,0.5
2501,2026-04-15T23:56:22.418206,0.06368592751791746,0.9984420619094546,4,0.8261390887290168,0.8,2,0.0,0.0861963142562408,0,0.4950934321823396,exploit,1,0.5
2502,2026-04-15T23:56:22.418220,0.06614484777393387,0.9977596530902602,4,0.825809029165002,0.8,2,0.0,0.08644540098729861,0,0.49549273881671496,exploit,1,0.5
2503,2026-04-15T23:56:22.418234,0.06127565319688438,0.997071629346982,4,0.825479233226837,0.8,2,0.0,0.08705487308570642,0,0.4958921581323853,exploit,1,0.5
2504,2026-04-15T23:56:22.418248,0.0651296588513658,0.9964961535680594,4,0.8251497005988024,0.8,2,0.0,0.08621350646154423,0,0.49629168014388825,exploit,1,0.5
2505,2026-04-15T23:56:22.418274,0.06699809556707645,0.9959915019941686,4,0.8248204309656824,0.8,2,0.0,0.08608793577206558,0,0.4966912948631946,exploit,1,0.5
2506,2026-04-15T23:56:22.418288,0.06315274701393879,0.9956858520807448,4,0.8244914240127642,0.8,2,0.0,0.08611622114802206,0,0.497090992299957,exploit,1,0.5
2507,2026-04-15T23:56:22.418302,0.0592919840629753,0.9953963050258086,4,0.8241626794258373,0.8,2,0.0,0.0862325018158693,0,0.49749076246176027,exploit,1,0.5
2508,2026-04-15T23:56:22.418315,0.062122442812981966,0.9952778210359426,4,0.8242327620565962,0.8,2,0.0,0.08541542740025768,0,0.49789059535437147,exploit,1,0.5
2509,2026-04-15T23:56:22.418329,0.06187328199373258,0.9953538188084093,4,0.8243027888446215,0.8,2,0.0,0.08737589242478026,0,0.4982904809819888,exploit,1,0.5
2510,2026-04-15T23:56:22.418343,0.06474022800085182,0.9954235833778975,4,0.8243727598566308,0.8,2,0.0,0.08644148439204236,0,0.4986904093474927,exploit,1,0.5
2511,2026-04-15T23:56:22.418357,0.066493347539699,0.9954646223477094,4,0.8244426751592356,0.8,2,0.0,0.08686321982944464,0,0.49909037045269455,exploit,1,0.5
2512,2026-04-15T23:56:22.418371,0.06529021790069117,0.9956232522997677,4,0.8245125348189415,0.8,2,0.0,0.08700311423502832,0,0.49949035429858785,exploit,1,0.5
2513,2026-04-15T23:56:22.418384,0.07418624164428393,0.9959230829471193,4,0.8245823389021479,0.8,2,0.0,0.0858447660729454,0,0.49989035088559697,exploit,1,0.5
2514,2026-04-15T23:56:22.418398,0.0599287204997502,0.9962339825117745,4,0.8246520874751491,0.8,2,0.0,0.08658316081582046,0,0.5002903502138284,exploit,1,0.5
2515,2026-04-15T23:56:22.418412,0.06461775267964495,0.9968735157514477,4,0.8247217806041336,0.8,2,0.0,0.0867663375995735,0,0.5006903422833197,exploit,1,0.5
2516,2026-04-15T23:56:22.418425,0.06071007788754532,0.9975541959299074,4,0.8247914183551848,0.8,2,0.0,0.08646085422726202,0,0.5010903170942895,exploit,1,0.5
2517,2026-04-15T23:56:22.418439,0.06224145875884763,0.9982531762144344,4,0.8248610007942812,0.8,2,0.0,0.0865196370945505,0,0.5014902646473891,exploit,1,0.5
2518,2026-04-15T23:56:22.418456,0.06270861719365597,0.9991038189271284,4,0.8249305279872965,0.8,2,0.0,0.08643652312455141,0,0.5018901749439498,exploit,1,0.5
2519,2026-04-15T23:56:22.418470,0.0687331622911141,0.9998826711961742,4,0.825,0.8,2,0.9952555626805007,0.08693067900275869,0,0.5022900379862356,exploit,1,0.5
2520,2026-04-15T23:56:22.418484,0.06200261461131317,0.9998878083696635,4,0.8250694168980564,0.8,2,0.9956490127005775,0.08604155144039882,0,0.5026898437776909,exploit,1,0.5
2521,2026-04-15T23:56:22.418499,0.06374765473150243,0.999895260973896,4,0.8251387787470261,0.8,2,0.9949991967880523,0.08743217058291147,0,0.503089582323192,exploit,1,0.5
2522,2026-04-15T23:56:22.418513,0.06401823274067472,0.9999049177798535,4,0.8252080856123662,0.8,2,0.995003260168968,0.08698673931256243,0,0.5034892436292957,exploit,1,0.5
2523,2026-04-15T23:56:22.418528,0.060695245513703075,0.999904875934144,4,0.8252773375594294,0.8,2,0.9950423880882546,0.0869207595705091,0,0.5038888177044907,exploit,1,0.5
2524,2026-04-15T23:56:22.418542,0.06553218362799511,0.9998957148954148,4,0.8253465346534653,0.8,2,0.9950222806158091,0.0862031582692232,0,0.5042882945594455,exploit,1,0.5
2525,2026-04-15T23:56:22.418557,0.06321341846498818,0.9999074469598919,4,0.8254156769596199,0.8,2,0.9950501795108995,0.086641104998037,0,0.5046876642072595,exploit,1,0.5
2526,2026-04-15T23:56:22.418571,0.06097598326636691,0.999895063890983,4,0.8254847645429363,0.8,2,0.9949923283476265,0.08763562981236461,0,0.5050869166637127,exploit,1,0.5
2527,2026-04-15T23:56:22.418586,0.06403119547558421,0.9998834746379421,4,0.8255537974683544,0.8,2,0.9949781513442235,0.0864261393913526,0,0.505486041947514,exploit,1,0.5
2528,2026-04-15T23:56:22.418600,0.06725730304650647,0.9998737324803444,4,0.8256227758007118,0.8,2,0.994966888460842,0.08616946113513707,0,0.5058850300805526,exploit,1,0.5
2529,2026-04-15T23:56:22.418614,0.059548515700107406,0.9998646983832207,4,0.8256916996047431,0.8,2,0.9950268120006036,0.08658732714983453,0,0.5062838710881455,exploit,1,0.5
2530,2026-04-15T23:56:22.418629,0.06734366917909423,0.9998586075945003,4,0.825760568945081,0.8,2,0.9950412953135557,0.0859534324793718,0,0.5066825549992886,exploit,1,0.5
2531,2026-04-15T23:56:22.418643,0.06254183466716244,0.9998203807539707,4,0.8258293838862559,0.8,2,0.9951594038940376,0.08672354928865418,0,0.5070810718469049,exploit,1,0.5
2532,2026-04-15T23:56:22.418657,0.066253147675809,0.9998057577295426,4,0.8258981444926964,0.8,2,0.9951632375117336,0.08710416730648209,0,0.5074794116680935,exploit,1,0.5
2533,2026-04-15T23:56:22.418672,0.06008209813633657,0.9998137758279881,4,0.8259668508287292,0.8,2,0.9951587707833991,0.08608533573628402,0,0.5078775645043803,exploit,1,0.5
2534,2026-04-15T23:56:22.418686,0.06379079953088237,0.9998044841420869,4,0.8260355029585799,0.8,2,0.9952703733544163,0.08633118148201596,0,0.5082755204019644,exploit,1,0.5
2535,2026-04-15T23:56:22.418706,0.0663514941032726,0.999794850849978,4,0.8261041009463722,0.8,2,0.9947878926068079,0.08778890155192126,0,0.5086732694119698,exploit,1,0.5
2536,2026-04-15T23:56:22.418721,0.059519422271998905,0.9998025563654185,4,0.8261726448561293,0.8,2,0.9948056345998433,0.0865092667277445,0,0.5090708015906914,exploit,1,0.5
2537,2026-04-15T23:56:22.418735,0.05953395497929673,0.9997883980217622,4,0.8262411347517731,0.8,2,0.994800731163801,0.08639293547469923,0,0.5094681069998458,exploit,1,0.5
2538,2026-04-15T23:56:22.418749,0.06670684591794414,0.9997887728536915,4,0.8263095706971249,0.8,2,0.9948284129396543,0.08607269117614037,0,0.5098651757068182,exploit,1,0.5
2539,2026-04-15T23:56:22.418763,0.05915657068305639,0.9997725220157226,4,0.8263779527559055,0.8,2,0.9946445920988503,0.08651115474288672,0,0.510261997784912,exploit,1,0.5
2540,2026-04-15T23:56:22.418778,0.06149271533925448,0.9997747004461642,4,0.8264462809917356,0.8,2,0.994783788505085,0.08729686143234,0,0.5106585633135955,exploit,1,0.5
2541,2026-04-15T23:56:22.418792,0.06361251957976213,0.9997788862243632,4,0.8265145554681353,0.8,2,0.9951150988591259,0.08707589582353291,0,0.5110548623787512,exploit,1,0.5
2542,2026-04-15T23:56:22.418806,0.057906572547773025,0.9997750589175267,4,0.8265827762485254,0.8,2,0.9950962855106139,0.08676827212785226,0,0.5114508850729234,exploit,1,0.5
2543,2026-04-15T23:56:22.418821,0.06608029433779682,0.999779155056937,4,0.8266509433962265,0.8,2,0.9952184405671234,0.08590089893399433,0,0.511846621495565,exploit,1,0.5
2544,2026-04-15T23:56:22.418835,0.06881372030185826,0.9997973454491936,4,0.8267190569744597,0.8,2,0.9953148811541366,0.08734598703118696,0,0.5122420617532863,exploit,1,0.5
2545,2026-04-15T23:56:22.418866,0.06955213168006422,0.9997947925951839,4,0.8267871170463472,0.8,2,0.9953399348015065,0.08633959384162894,0,0.5126371959601014,exploit,1,0.5
2546,2026-04-15T23:56:22.418882,0.06306839847936606,0.9997892841797634,4,0.8268551236749117,0.8,2,0.9954408263396888,0.08677414678712235,0,0.5130320142376756,exploit,1,0.5
2547,2026-04-15T23:56:22.418896,0.0598190186601014,0.9997923111522131,4,0.8269230769230769,0.8,2,0.9946594785259307,0.08564750492893783,0,0.5134265067155727,exploit,1,0.5
2548,2026-04-15T23:56:22.418910,0.05830744120463157,0.9997855423245181,4,0.8269909768536681,0.8,2,0.9945137147955179,0.08649599292348838,0,0.5138206635315011,exploit,1,0.5
2549,2026-04-15T23:56:22.418925,0.05822194929628421,0.9997954567694021,4,0.8270588235294117,0.8,2,0.9945911493856061,0.08661392937558576,0,0.5142144748315612,exploit,1,0.5
2550,2026-04-15T23:56:22.418939,0.06379391898046602,0.9997896599967715,4,0.8271266170129361,0.8,2,0.9944840364694982,0.0853069295150462,0,0.5146079307704907,exploit,1,0.5
2551,2026-04-15T23:56:22.418957,0.06410073633593988,0.9998489035710842,4,0.8271943573667712,0.8,2,0.9943987253941948,0.08583906940037304,0,0.515001021511912,exploit,1,0.5
2552,2026-04-15T23:56:22.418972,0.06108362458573228,0.9998429739380171,4,0.827262044653349,0.8,2,0.9943468021527616,0.08564172527375158,0,0.5153937372285765,exploit,1,0.5
2553,2026-04-15T23:56:22.418987,0.06577720344651877,0.9998519531512446,4,0.8273296789350039,0.8,2,0.9941474020521242,0.08726330788169132,0,0.5157860681026122,exploit,1,0.5
2554,2026-04-15T23:56:22.419001,0.06633132539118755,0.9998499490740805,4,0.8273972602739726,0.8,2,0.993996192780555,0.08725190647610948,0,0.5161780043257674,exploit,1,0.5
2555,2026-04-15T23:56:22.419015,0.0695038335622338,0.9998674900020154,4,0.8274647887323944,0.8,2,0.9944182779045377,0.08571586229584825,0,0.5165695360996572,exploit,1,0.5
2556,2026-04-15T23:56:22.419030,0.06419646860158706,0.9998629847635109,4,0.8275322643723113,0.8,2,0.9944128286571098,0.08635240413563738,0,0.5169606536360075,exploit,1,0.5
2557,2026-04-15T23:56:22.419044,0.06321615360766158,0.9998614997499515,4,0.8275996872556685,0.8,2,0.9943670221781176,0.08611336238499268,0,0.5173513471569002,exploit,1,0.5
2558,2026-04-15T23:56:22.419059,0.06597064706028154,0.9998530531730291,4,0.8276670574443142,0.8,2,0.9944052903251029,0.08618189221079037,0,0.5177416068950178,exploit,1,0.5
2559,2026-04-15T23:56:22.419073,0.06339088294595535,0.9998625159924424,4,0.827734375,0.8,2,0.9945070027098539,0.08571634683006933,0,0.5181314230938868,exploit,1,0.5
2560,2026-04-15T23:56:22.419087,0.0597871216256218,0.9998601342930835,4,0.827801639984381,0.8,2,0.9945673555126899,0.08639162178478253,0,0.5185207860081231,exploit,1,0.5
2561,2026-04-15T23:56:22.419101,0.06613680050650969,0.9998592344338857,4,0.8278688524590164,0.8,2,0.9941346925348724,0.08773297115911638,0,0.5189096859036736,exploit,1,0.5
2562,2026-04-15T23:56:22.419116,0.06652785079732995,0.9998484086473662,4,0.8279360124853687,0.8,2,0.994167626787076,0.0860473383987635,0,0.5192981130580616,exploit,1,0.5
2563,2026-04-15T23:56:22.419130,0.05945096174137065,0.9998445647314342,4,0.828003120124805,0.8,2,0.9941620876066902,0.08657107198008773,0,0.519686057760628,exploit,1,0.5
2564,2026-04-15T23:56:22.419145,0.06192816177258972,0.9998410654138237,4,0.8280701754385965,0.8,2,0.9940988650872741,0.08680145185878399,0,0.5200735103127759,exploit,1,0.5
2565,2026-04-15T23:56:22.419159,0.05997864328823806,0.9998410108398953,4,0.8281371784879189,0.8,2,0.9940346669297269,0.08667652743520138,0,0.5204604610282115,exploit,1,0.5
2566,2026-04-15T23:56:22.419192,0.061671422099090475,0.9998309179001065,4,0.8282041293338528,0.8,2,0.9940125851428712,0.08654477687489025,0,0.5208469002331869,exploit,1,0.5
2567,2026-04-15T23:56:22.419215,0.05925705913032345,0.9998353314721716,4,0.8282710280373832,0.8,2,0.9946900557856359,0.08589673339887029,0,0.5212328182667424,exploit,1,0.5
2568,2026-04-15T23:56:22.419236,0.06495670354172897,0.9998474809925578,4,0.8283378746594006,0.8,2,0.9950454513279452,0.0864012195477722,0,0.521618205480947,exploit,1,0.5
2569,2026-04-15T23:56:22.419273,0.06414621098544876,0.9998587226280592,4,0.8284046692607004,0.8,2,0.9949332698198876,0.08573788232341334,0,0.5220030522411405,exploit,1,0.5
2570,2026-04-15T23:56:22.419298,0.06299638069267677,0.999853243416624,4,0.8284714119019837,0.8,2,0.9949336163207125,0.08592696396112204,0,0.522387348926174,exploit,1,0.5
2571,2026-04-15T23:56:22.419315,0.05739786204238112,0.9998517883076108,4,0.828538102643857,0.8,2,0.99486684569663,0.08586394901335154,0,0.5227710859286504,exploit,1,0.5
2572,2026-04-15T23:56:22.419332,0.06840040084917282,0.9998579231613762,4,0.8286047415468325,0.8,2,0.9949147997148449,0.08602331534994055,0,0.5231542536551644,exploit,1,0.5
2573,2026-04-15T23:56:22.419347,0.06106141148940155,0.9998523903682908,4,0.8286713286713286,0.8,2,0.9949162454567274,0.08725197565997204,0,0.5235368425265432,exploit,1,0.5
2574,2026-04-15T23:56:22.419361,0.06267744407316973,0.9998430843747695,4,0.8287378640776699,0.8,2,0.9950987632933115,0.08649413977041244,0,0.5239188429780847,exploit,1,0.5
2575,2026-04-15T23:56:22.419376,0.06280141662227909,0.9998332951431808,4,0.8288043478260869,0.8,2,0.9951691292891935,0.08629354887947058,0,0.5243002454597974,exploit,1,0.5
2576,2026-04-15T23:56:22.419390,0.059737635423526655,0.9998353079760178,4,0.8288707799767171,0.8,2,0.9951348219252127,0.08648505355725312,0,0.5246810404366392,exploit,1,0.5
2577,2026-04-15T23:56:22.419405,0.06418993263884143,0.9998390035188273,4,0.8289371605896043,0.8,2,0.9951521425791262,0.08668191369109801,0,0.5250612183887556,exploit,1,0.5
2578,2026-04-15T23:56:22.419419,0.06848066530871671,0.9998188832538094,4,0.8290034897246995,0.8,2,0.9950377400512832,0.08531876402201742,0,0.5254407698117176,exploit,1,0.5
2579,2026-04-15T23:56:22.419434,0.06307865805419416,0.9998044156821598,4,0.8290697674418605,0.8,2,0.9951960257771957,0.08640956879076346,0,0.5258196852167593,exploit,1,0.5
2580,2026-04-15T23:56:22.419451,0.060221505603266424,0.999785767019507,4,0.8291359938008523,0.8,2,0.9946832867071654,0.08551219797765658,0,0.5261979551310154,exploit,1,0.5
2581,2026-04-15T23:56:22.419466,0.05756930126572559,0.999780404810892,4,0.8292021688613478,0.8,2,0.9953858100940598,0.08783158724631396,0,0.5265755700977578,exploit,1,0.5
2582,2026-04-15T23:56:22.419481,0.06832761349240181,0.9998068710546641,4,0.8292682926829268,0.8,2,0.9953716734773381,0.08687268471512062,0,0.5269525206766317,exploit,1,0.5
2583,2026-04-15T23:56:22.419495,0.061132279619090346,0.9998061381020463,4,0.8293343653250774,0.8,2,0.9953580240873501,0.0857349417027089,0,0.5273287974438926,exploit,1,0.5
2584,2026-04-15T23:56:22.419510,0.062120129611790316,0.9998054784246878,4,0.8294003868471953,0.8,2,0.9954147888560476,0.08618698695388198,0,0.5277043909926407,exploit,1,0.5
2585,2026-04-15T23:56:22.419524,0.06956004922952519,0.9997990145198984,4,0.8294663573085846,0.8,2,0.9954683768078526,0.08636999709896682,0,0.5280792919330569,exploit,1,0.5
2586,2026-04-15T23:56:22.419539,0.060939159459086845,0.9998090715062433,4,0.8295322767684576,0.8,2,0.9952462306558525,0.08710053609980135,0,0.5284534908926373,exploit,1,0.5
2587,2026-04-15T23:56:22.419553,0.053237414590879134,0.9998114465387192,4,0.8295981452859351,0.8,2,0.9948211868611299,0.08659401211652162,0,0.5288269785164273,exploit,1,0.5
2588,2026-04-15T23:56:22.419568,0.06279954548200817,0.999786514784829,4,0.8296639629200464,0.8,2,0.9947970995547648,0.08638984119266008,0,0.5291997454672557,exploit,1,0.5
2589,2026-04-15T23:56:22.419583,0.056839093454240534,0.99977965033583,4,0.8297297297297297,0.8,2,0.9946387358175066,0.08691983355675927,0,0.5295717824259685,exploit,1,0.5
2590,2026-04-15T23:56:22.419597,0.0534436314659634,0.9997887300012374,4,0.8297954457738325,0.8,2,0.9946781854150489,0.08591718867216937,0,0.5299430800916607,exploit,1,0.5
2591,2026-04-15T23:56:22.419612,0.06715723086050314,0.9997648433860312,4,0.8298611111111112,0.8,2,0.9948056693528031,0.0855076957827356,0,0.53031362918191,exploit,1,0.5
2592,2026-04-15T23:56:22.419643,0.058949602325225406,0.9997537540581247,4,0.8299267258002314,0.8,2,0.9947731004197259,0.08621362884733227,0,0.5306834204330088,exploit,1,0.5
2593,2026-04-15T23:56:22.419659,0.06623644422895228,0.9997613535451069,4,0.8299922898997687,0.8,2,0.9949066920508103,0.0868614840934514,0,0.5310524446001947,exploit,1,0.5
2594,2026-04-15T23:56:22.419673,0.052661598358237735,0.9997606762478668,4,0.8300578034682081,0.8,2,0.9948713374861362,0.0860817720067782,0,0.531420692457883,exploit,1,0.5
2595,2026-04-15T23:56:22.419688,0.06013487584994261,0.9997687762039775,4,0.8301232665639445,0.8,2,0.9948532352346593,0.08643245239930537,0,0.5317881547998963,exploit,1,0.5
2596,2026-04-15T23:56:22.419714,0.06612008662915161,0.9997608495978413,4,0.8301886792452831,0.8,2,0.9946448605565543,0.0871751648512713,0,0.5321548224396954,exploit,1,0.5
2597,2026-04-15T23:56:22.419729,0.060053903859907214,0.9997617342334829,4,0.8302540415704388,0.8,2,0.9947133646487397,0.08588707696923402,0,0.532520686210608,exploit,1,0.5
2598,2026-04-15T23:56:22.419744,0.0627381165620649,0.9997806650027544,4,0.8303193535975375,0.8,2,0.9947380357681411,0.08649357980158483,0,0.5328857369660592,exploit,1,0.5
2599,2026-04-15T23:56:22.419758,0.05716037940369997,0.9997895338072772,4,0.8303846153846154,0.8,2,0.9947334340694223,0.08671057277550767,0,0.5332499655797992,exploit,1,0.5
2600,2026-04-15T23:56:22.419773,0.06704446272959191,0.9988596818262448,4,0.8300653594771242,0.8,2,0.0,0.09708267501954498,0,0.5336133629461313,explore,0,0.7
2601,2026-04-15T23:56:22.419787,0.05878035300498019,0.9978949589998961,4,0.8297463489623367,0.8,2,0.0,0.09702221761506635,0,0.5339759199801405,explore,0,0.7
2602,2026-04-15T23:56:22.419801,0.0651926483541564,0.9971795865715589,4,0.8294275835574337,0.8,2,0.0,0.09775456177098812,0,0.5343376276179197,explore,0,0.7
2603,2026-04-15T23:56:22.419814,0.06149807413008424,0.9966752286663658,4,0.8291090629800307,0.8,2,0.0,0.09773521295734071,0,0.5346984768167969,explore,0,0.7
2604,2026-04-15T23:56:22.419828,0.060287362557679,0.9962430635094095,4,0.8287907869481765,0.8,2,0.0,0.09761024085745422,0,0.5350584585555609,explore,0,0.7
2605,2026-04-15T23:56:22.419841,0.06686867596044244,0.9959228801684898,4,0.828472755180353,0.8,2,0.0,0.0977209593663802,0,0.5354175638346871,explore,0,0.7
2606,2026-04-15T23:56:22.419854,0.062198928999854845,0.9955978809069966,4,0.8281549673954737,0.8,2,0.0,0.0971140920847936,0,0.535775783676562,explore,0,0.7
2607,2026-04-15T23:56:22.419867,0.07128904236378501,0.9954335601346254,4,0.8278374233128835,0.8,2,0.0,0.09690161112189559,0,0.5361331091257082,explore,0,0.7
2608,2026-04-15T23:56:22.419881,0.06275485200206668,0.9953233512892701,4,0.8275201226523572,0.8,2,0.0,0.0971772697453143,0,0.5364895312490083,explore,0,0.7
2609,2026-04-15T23:56:22.419894,0.06937257711227751,0.9951624437677861,4,0.8275862068965517,0.8,2,0.0,0.09777042851026763,0,0.5368450411359277,explore,0,0.7
2610,2026-04-15T23:56:22.419908,0.06673123745890576,0.9951910810280837,4,0.8276522405208733,0.8,2,0.0,0.09803645759462802,0,0.5371996298987377,explore,0,0.7
2611,2026-04-15T23:56:22.419922,0.06271433061538649,0.9954742463099084,4,0.8277182235834609,0.8,2,0.0,0.09796853111489039,0,0.5375532886727376,explore,0,0.7
2612,2026-04-15T23:56:22.419935,0.06233359911242517,0.9958108058126495,4,0.8277841561423651,0.8,2,0.0,0.09787036550673438,0,0.5379060086164767,explore,0,0.7
2613,2026-04-15T23:56:22.419952,0.06839132618684288,0.9961509482767507,4,0.827850038255547,0.8,2,0.0,0.09756481342566307,0,0.5382577809119745,explore,0,0.7
2614,2026-04-15T23:56:22.419966,0.05659640476598422,0.9966835314530802,4,0.8279158699808795,0.8,2,0.0,0.09703006819518714,0,0.5386085967649423,explore,0,0.7
2615,2026-04-15T23:56:22.419979,0.06631106251758438,0.9970614066308544,4,0.8279816513761468,0.8,2,0.0,0.09750585498346792,0,0.5389584474050018,explore,0,0.7
2616,2026-04-15T23:56:22.419993,0.062344075424869375,0.9975540526614521,4,0.8280473824990447,0.8,2,0.0,0.09754094283153084,0,0.5393073240859052,explore,0,0.7
2617,2026-04-15T23:56:22.420006,0.0644591574667387,0.9982061554191065,4,0.828113063407181,0.8,2,0.0,0.09751087735498996,0,0.5396552180857537,explore,0,0.7
2618,2026-04-15T23:56:22.420020,0.06742927706670931,0.9989086720591973,4,0.8281786941580757,0.8,2,0.0,0.09782959045764739,0,0.5400021207072154,explore,0,0.7
2619,2026-04-15T23:56:22.420033,0.06560110714440082,0.9998752558931681,4,0.8282442748091603,0.8,2,0.9948046573236777,0.0982922456911596,0,0.5403480232777429,explore,0,0.7
2620,2026-04-15T23:56:22.420047,0.063437142688752,0.9998811450846481,4,0.8283098054177794,0.8,2,0.9951511683587513,0.09776579285067957,0,0.5406929171497898,explore,0,0.7
2621,2026-04-15T23:56:22.420061,0.05915657607626279,0.9998889266795499,4,0.8283752860411899,0.8,2,0.9950528237351479,0.09772388386857553,0,0.5410367937010276,explore,0,0.7
2622,2026-04-15T23:56:22.420076,0.060984640687343224,0.9998999084672824,4,0.8284407167365612,0.8,2,0.9950085509698825,0.09811570738641873,0,0.5413796443345601,explore,0,0.7
2623,2026-04-15T23:56:22.420090,0.06526198390303942,0.9998989799497328,4,0.8285060975609756,0.8,2,0.9948751786071415,0.09805493126387754,0,0.5417214604791395,explore,0,0.7
2624,2026-04-15T23:56:22.420104,0.06628252414897724,0.9998908339584229,4,0.8285714285714286,0.8,2,0.9946492677774741,0.09685918240787066,0,0.5420622335893799,explore,0,0.7
2625,2026-04-15T23:56:22.420118,0.060838739475033675,0.9999024824827483,4,0.8286367098248286,0.8,2,0.9949190958233819,0.09768001911054132,0,0.5424019551459711,explore,0,0.7
2626,2026-04-15T23:56:22.420133,0.05982094964184763,0.999891036503105,4,0.8287019413779977,0.8,2,0.994664702820607,0.09739376462900834,0,0.5427406166558922,explore,0,0.7
2627,2026-04-15T23:56:22.420147,0.06619578510207363,0.9998805607385788,4,0.8287671232876712,0.8,2,0.9945928637776096,0.09785454469812767,0,0.543078209652623,explore,0,0.7
2628,2026-04-15T23:56:22.420161,0.06681265855835516,0.9998689805479412,4,0.8288322556104983,0.8,2,0.9947386596078021,0.09802352853344164,0,0.5434147256963562,explore,0,0.7
2629,2026-04-15T23:56:22.420178,0.06370360673129345,0.9998590206470254,4,0.8288973384030418,0.8,2,0.9944473806815959,0.09810732821257206,0,0.5437501563742081,explore,0,0.7
2630,2026-04-15T23:56:22.420192,0.06620949229083072,0.999851273880662,4,0.8289623717217788,0.8,2,0.9945570723977064,0.09759838980653701,0,0.5440844933004293,explore,0,0.7
2631,2026-04-15T23:56:22.420206,0.06465189634774443,0.9998132905543694,4,0.8290273556231003,0.8,2,0.9944041278448817,0.09708165337871898,0,0.5444177281166142,explore,0,0.7
2632,2026-04-15T23:56:22.420221,0.06468165685315189,0.9998000927267868,4,0.8290922901633118,0.8,2,0.994449728415915,0.09779533644468176,0,0.5447498524919093,explore,0,0.7
2633,2026-04-15T23:56:22.420235,0.06033575054595122,0.9998090408238979,4,0.8291571753986332,0.8,2,0.9948940058197859,0.09737044215323515,0,0.545080858123223,explore,0,0.7
2634,2026-04-15T23:56:22.420249,0.06375217869557664,0.9998008154465685,4,0.8292220113851992,0.8,2,0.9951282872872056,0.09773805689282847,0,0.5454107367354316,explore,0,0.7
2635,2026-04-15T23:56:22.420285,0.06977537702384085,0.9997919086284919,4,0.8292867981790591,0.8,2,0.9948544424892771,0.09739824345730036,0,0.5457394800815869,explore,0,0.7
2636,2026-04-15T23:56:22.420306,0.06636031442560258,0.9998029267768327,4,0.8293515358361775,0.8,2,0.9949386246405706,0.09728438407839668,0,0.5460670799431224,explore,0,0.7
2637,2026-04-15T23:56:22.420326,0.05942930387899438,0.999790639247862,4,0.8294162244124337,0.8,2,0.9948940147537878,0.09772207841394033,0,0.5463935281300588,explore,0,0.7
2638,2026-04-15T23:56:22.420341,0.06003076558495582,0.9997917838631514,4,0.8294808639636226,0.8,2,0.9948667083506111,0.0973880413695953,0,0.5467188164812081,explore,0,0.7
2639,2026-04-15T23:56:22.420355,0.060970083891544034,0.9997766211360032,4,0.8295454545454546,0.8,2,0.9946837150085532,0.09760390402465945,0,0.5470429368643788,explore,0,0.7
2640,2026-04-15T23:56:22.420370,0.0656800001350753,0.9997786325675176,4,0.8296099962135555,0.8,2,0.994740908467814,0.09833636261901245,0,0.5473658811765779,explore,0,0.7
2641,2026-04-15T23:56:22.420400,0.06295410528957138,0.9997824550131177,4,0.8296744890234671,0.8,2,0.9944263678009011,0.09845160965200679,0,0.5476876413442145,explore,0,0.7
2642,2026-04-15T23:56:22.420416,0.05631842270283442,0.9997783988368831,4,0.8297389330306469,0.8,2,0.9945452102878147,0.09764958292176881,0,0.5480082093233015,explore,0,0.7
2643,2026-04-15T23:56:22.420431,0.067916912733575,0.999781400745911,4,0.829803328290469,0.8,2,0.9945118604895495,0.09762076798730668,0,0.5483275770996556,explore,0,0.7
2644,2026-04-15T23:56:22.420445,0.06807982544998897,0.9997974114816232,4,0.8298676748582231,0.8,2,0.994617057852061,0.0980476171128892,0,0.5486457366890993,explore,0,0.7
2645,2026-04-15T23:56:22.420466,0.06398892669914101,0.9997947573143796,4,0.8299319727891157,0.8,2,0.9946294198487606,0.09778984365391262,0,0.5489626801376595,explore,0,0.7
2646,2026-04-15T23:56:22.420480,0.060943118383957856,0.9997890016236982,4,0.8299962221382697,0.8,2,0.9949364383626924,0.09743258885959166,0,0.5492783995217664,explore,0,0.7
2647,2026-04-15T23:56:22.420495,0.061123258664061056,0.9997916636643566,4,0.8300604229607251,0.8,2,0.9943077334139699,0.09646974094763466,0,0.5495928869484517,explore,0,0.7
2648,2026-04-15T23:56:22.420509,0.06051905864597269,0.9997856668180631,4,0.8301245753114382,0.8,2,0.9941973819378251,0.0976012196672112,0,0.5499061345555464,explore,0,0.7
2649,2026-04-15T23:56:22.420524,0.059146918821985126,0.9997980636382866,4,0.8301886792452831,0.8,2,0.994533983052442,0.09734983648448703,0,0.5502181345118764,explore,0,0.7
2650,2026-04-15T23:56:22.420538,0.06084563099571377,0.9997909136879101,4,0.8302527348170502,0.8,2,0.9945394192586803,0.09704655908155622,0,0.5505288790174591,explore,0,0.7
2651,2026-04-15T23:56:22.420552,0.06342817367048315,0.999848412501026,4,0.830316742081448,0.8,2,0.994727333364136,0.09683536031394097,0,0.5508383603036981,explore,0,0.7
2652,2026-04-15T23:56:22.420567,0.06203535842315762,0.9998419367890664,4,0.8303807010931021,0.8,2,0.9946594368606261,0.09711800147288964,0,0.5511465706335773,explore,0,0.7
2653,2026-04-15T23:56:22.420581,0.06723342379023546,0.9998499682518951,4,0.8304446119065562,0.8,2,0.9946115607161061,0.09822719200465162,0,0.5514535023018547,explore,0,0.7
2654,2026-04-15T23:56:22.420595,0.05923784325119991,0.9998493530099793,4,0.8305084745762712,0.8,2,0.9945563280281723,0.09838107554253628,0,0.5517591476352542,explore,0,0.7
2655,2026-04-15T23:56:22.420610,0.06617041300974436,0.9998650997936871,4,0.8305722891566265,0.8,2,0.9949376683442628,0.09725492027959713,0,0.5520634989926588,explore,0,0.7
2656,2026-04-15T23:56:22.420624,0.05888863486158334,0.9998615582962365,4,0.8306360557019195,0.8,2,0.9949294304236886,0.0978681886806369,0,0.5523665487653002,explore,0,0.7
2657,2026-04-15T23:56:22.420638,0.06270940786388852,0.9998592763899247,4,0.8306997742663657,0.8,2,0.9949041300703658,0.09712233511915652,0,0.5526682893769498,explore,0,0.7
2658,2026-04-15T23:56:22.420652,0.06270315139960292,0.9998502117734724,4,0.8307634449040993,0.8,2,0.9950681996738864,0.09757235170684497,0,0.5529687132841081,explore,0,0.7
2659,2026-04-15T23:56:22.420667,0.060450580861832956,0.9998589162537849,4,0.8308270676691729,0.8,2,0.9952499868385938,0.09702459889316467,0,0.5532678129761932,explore,0,0.7
2660,2026-04-15T23:56:22.420681,0.059262485595001836,0.9998567917111507,4,0.830890642615558,0.8,2,0.9950332293028935,0.09749269710775486,0,0.5535655809757282,explore,0,0.7
2661,2026-04-15T23:56:22.420695,0.06406376817077013,0.9998562959015138,4,0.830954169797145,0.8,2,0.9954495821074192,0.09797128785982784,0,0.5538620098385286,explore,0,0.7
2662,2026-04-15T23:56:22.420714,0.06466371403430926,0.9998422197518747,4,0.8310176492677431,0.8,2,0.9954076435884445,0.09748944858603276,0,0.5541570921538884,explore,0,0.7
2663,2026-04-15T23:56:22.420729,0.060513377141939426,0.9998389370439528,4,0.831081081081081,0.8,2,0.9957631981929781,0.09794415743295629,0,0.554450820544765,explore,0,0.7
2664,2026-04-15T23:56:22.420743,0.05696415242542226,0.9998352142413877,4,0.8311444652908068,0.8,2,0.9957924724685969,0.09746397598763419,0,0.554743187667964,explore,0,0.7
2665,2026-04-15T23:56:22.420766,0.0585190511588138,0.9998343800799739,4,0.8312078019504876,0.8,2,0.9957413375393723,0.09781292474860463,0,0.5550341862143227,explore,0,0.7
2666,2026-04-15T23:56:22.420787,0.05861354167239799,0.9998231974230952,4,0.8312710911136107,0.8,2,0.9954308251452539,0.09712421375555244,0,0.5553238089088921,explore,0,0.7
2667,2026-04-15T23:56:22.420806,0.05862179595717794,0.9998281389919397,4,0.8313343328335832,0.8,2,0.9959097168955122,0.09729456530861,0,0.5556120485111204,explore,0,0.7
2668,2026-04-15T23:56:22.420826,0.059119440452798516,0.9998389372506457,4,0.8313975271637317,0.8,2,0.9961057745061874,0.09743650891451916,0,0.5558988978150322,explore,0,0.7
2669,2026-04-15T23:56:22.420848,0.06143699674932626,0.9998491567990566,4,0.8314606741573034,0.8,2,0.9960094561326394,0.0975595038258108,0,0.5561843496494102,explore,0,0.7
2670,2026-04-15T23:56:22.420869,0.06300372483485928,0.9998454603110903,4,0.8315237738674653,0.8,2,0.9956739402566626,0.09726404734648908,0,0.5564683968779731,explore,0,0.7
2671,2026-04-15T23:56:22.420893,0.05702575607114378,0.9998438192970749,4,0.8315868263473054,0.8,2,0.9957077451730874,0.09764435008947661,0,0.5567510323995553,explore,0,0.7
2672,2026-04-15T23:56:22.420918,0.07128859175994734,0.9998491058561337,4,0.8316498316498316,0.8,2,0.9958110911673332,0.09717480525908999,0,0.5570322491482831,explore,0,0.7
2673,2026-04-15T23:56:22.420946,0.05803054801266738,0.9998430238574327,4,0.831712789827973,0.8,2,0.9958814168379682,0.09778507314366017,0,0.5573120400937528,explore,0,0.7
2674,2026-04-15T23:56:22.420977,0.05909982115425392,0.9998328814628458,4,0.8317757009345794,0.8,2,0.9958510021887342,0.0973190981935864,0,0.557590398241205,explore,0,0.7
2675,2026-04-15T23:56:22.421002,0.06246959527090674,0.9998231970399357,4,0.8318385650224215,0.8,2,0.9958416337105727,0.09750889303772393,0,0.5578673166317007,explore,0,0.7
2676,2026-04-15T23:56:22.421029,0.06445225718815431,0.9998252097612431,4,0.8319013821441913,0.8,2,0.9958524117662513,0.09774094215637767,0,0.5581427883422946,explore,0,0.7
2677,2026-04-15T23:56:22.421054,0.06431449478791096,0.9998293406754324,4,0.8319641523525019,0.8,2,0.9957777274183695,0.09838633914928613,0,0.5584168064862081,explore,0,0.7
2678,2026-04-15T23:56:22.421079,0.060736072447802006,0.9998107708010651,4,0.832026875699888,0.8,2,0.9956017194304662,0.09715737839351686,0,0.5586893642130021,explore,0,0.7
2679,2026-04-15T23:56:22.421106,0.06294475719837413,0.9997974541664582,4,0.832089552238806,0.8,2,0.9956321680687967,0.09711784115820127,0,0.5589604547087473,explore,0,0.7
2680,2026-04-15T23:56:22.421133,0.05283514525634336,0.9997804993125856,4,0.8321521820216338,0.8,2,0.9951384056202375,0.09681198943650832,0,0.5592300711961959,explore,0,0.7
2681,2026-04-15T23:56:22.421156,0.05747646695993491,0.9997737885403255,4,0.8322147651006712,0.8,2,0.995171695709717,0.09761853637102341,0,0.5594982069349494,explore,0,0.7
2682,2026-04-15T23:56:22.421178,0.06537599571505212,0.9998041950256725,4,0.8322773015281402,0.8,2,0.9952263002306125,0.09751521289716142,0,0.5597648552216283,explore,0,0.7
2683,2026-04-15T23:56:22.421201,0.05731809637467809,0.9998032345987873,4,0.8323397913561847,0.8,2,0.9952446432224789,0.09726187955446931,0,0.5600300093900396,explore,0,0.7
2684,2026-04-15T23:56:22.421228,0.06422897585402015,0.9998026403122938,4,0.8324022346368715,0.8,2,0.9951422225547355,0.09761185514832028,0,0.5602936628113425,explore,0,0.7
2685,2026-04-15T23:56:22.421284,0.06726684589535487,0.9997957186933047,4,0.8324646314221892,0.8,2,0.9951674167523257,0.09722693484643063,0,0.5605558088942155,explore,0,0.7
2686,2026-04-15T23:56:22.421315,0.061248145125723505,0.9998073578186708,4,0.8325269817640492,0.8,2,0.9953700206929947,0.09713728023808679,0,0.56081644108502,explore,0,0.7
2687,2026-04-15T23:56:22.421340,0.056230089687446534,0.9998093563359917,4,0.8325892857142857,0.8,2,0.9949010722816589,0.09813754555042707,0,0.5610755528679651,explore,0,0.7
2688,2026-04-15T23:56:22.421461,0.06751792764509007,0.9997810161194698,4,0.832651543324656,0.8,2,0.9948906550902925,0.09726738902005136,0,0.5613331377652693,explore,0,0.7
2689,2026-04-15T23:56:22.421492,0.059735628862896635,0.9997736556477189,4,0.8327137546468402,0.8,2,0.9946635243718179,0.09761010091381268,0,0.5615891893373239,explore,0,0.7
2690,2026-04-15T23:56:22.421514,0.052934238046587395,0.9997819185242884,4,0.8327759197324415,0.8,2,0.9947714153715762,0.09773664532811938,0,0.5618437011828529,explore,0,0.7
2691,2026-04-15T23:56:22.421537,0.061375828944662945,0.9997568523216457,4,0.8328380386329867,0.8,2,0.9946849475094464,0.09641207037911727,0,0.5620966669390732,explore,0,0.7
2692,2026-04-15T23:56:22.421559,0.0625833406793177,0.9997472817603456,4,0.8329001113999257,0.8,2,0.9946777211744213,0.09779414884171969,0,0.5623480802818543,explore,0,0.7
2693,2026-04-15T23:56:22.421581,0.058922964083548295,0.999755499441391,4,0.8329621380846325,0.8,2,0.9946130175170317,0.09759444209181393,0,0.5625979349258757,explore,0,0.7
2694,2026-04-15T23:56:22.421602,0.05906060411590343,0.999755363444185,4,0.8330241187384044,0.8,2,0.9945669508227862,0.0969183224585834,0,0.5628462246247843,explore,0,0.7
2695,2026-04-15T23:56:22.421624,0.057608371122619746,0.9997627343651133,4,0.8330860534124629,0.8,2,0.9945748477033551,0.09730959896231067,0,0.5630929431713503,explore,0,0.7
2696,2026-04-15T23:56:22.421640,0.06038909975276029,0.9997558490681583,4,0.8331479421579533,0.8,2,0.9945760411283965,0.09803749585334992,0,0.5633380843976233,explore,0,0.7
2697,2026-04-15T23:56:22.421654,0.056245135635562105,0.9997570601316051,4,0.8332097850259451,0.8,2,0.9946513677752225,0.09770880860761395,0,0.5635816421750851,explore,0,0.7
2698,2026-04-15T23:56:22.421669,0.05441337484552,0.9997754241395613,4,0.8332715820674323,0.8,2,0.9946470736348061,0.09779733018054032,0,0.5638236104148041,explore,0,0.7
2699,2026-04-15T23:56:22.421684,0.05426518790540048,0.9997822197919848,4,0.8333333333333334,0.8,2,0.994525737339722,0.09785750215613656,0,0.564063983067587,explore,0,0.7
2700,2026-04-15T23:56:22.421705,0.05701147093352577,0.9990290548065103,4,0.8330248056275453,0.8,2,0.0,0.08623343825042445,0,0.5643027541241297,exploit,1,0.5
2701,2026-04-15T23:56:22.421720,0.05601974495667689,0.99820167219014,4,0.8327165062916358,0.8,2,0.0,0.0857785054695763,0,0.5645399176151685,exploit,1,0.5
2702,2026-04-15T23:56:22.421734,0.06353195565294484,0.9976651097302016,4,0.832408435072142,0.8,2,0.0,0.08687930998158057,0,0.5647754676116282,exploit,1,0.5
2703,2026-04-15T23:56:22.421749,0.05726381994491781,0.9969747696808133,4,0.8321005917159763,0.8,2,0.0,0.08601526235177198,0,0.5650093982247716,exploit,1,0.5
2704,2026-04-15T23:56:22.421762,0.058817819358730136,0.9964386196697151,4,0.8317929759704251,0.8,2,0.0,0.08662421670226017,0,0.5652417036063451,exploit,1,0.5
2705,2026-04-15T23:56:22.421776,0.06391049443336413,0.995982770788276,4,0.8314855875831486,0.8,2,0.0,0.08686371146403697,0,0.5654723779487265,exploit,1,0.5
2706,2026-04-15T23:56:22.421790,0.06063698677994536,0.9956410846858448,4,0.8311784263021795,0.8,2,0.0,0.08629525506737712,0,0.5657014154850691,exploit,1,0.5
2707,2026-04-15T23:56:22.421803,0.05712911580122319,0.9954672425887042,4,0.8312407680945347,0.8,2,0.0,0.08635379716406362,0,0.5659288104894467,exploit,1,0.5
2708,2026-04-15T23:56:22.421817,0.058487235752782384,0.9953150751904458,4,0.8313030638612035,0.8,2,0.0,0.08670411445505517,0,0.5661545572769957,exploit,1,0.5
2709,2026-04-15T23:56:22.421831,0.0606159745376099,0.9953801504444704,4,0.8313653136531365,0.8,2,0.0,0.08711437841725092,0,0.5663786502040584,exploit,1,0.5
2710,2026-04-15T23:56:22.421844,0.05837517581340799,0.9955413749319517,4,0.8314275175212099,0.8,2,0.0,0.08680185721975674,0,0.5666010836683232,exploit,1,0.5
2711,2026-04-15T23:56:22.421858,0.05666113752633694,0.9955629951446876,4,0.8314896755162242,0.8,2,0.0,0.08581492424267427,0,0.5668218521089651,exploit,1,0.5
2712,2026-04-15T23:56:22.421871,0.057026129640154355,0.9956771867260029,4,0.8315517876889053,0.8,2,0.0,0.0860567877684189,0,0.5670409500067846,exploit,1,0.5
2713,2026-04-15T23:56:22.421885,0.061719917373497024,0.9960058334594165,4,0.8316138540899042,0.8,2,0.0,0.08664514494537102,0,0.5672583718843455,exploit,1,0.5
2714,2026-04-15T23:56:22.421899,0.06459883443291982,0.9962051754454333,4,0.8316758747697974,0.8,2,0.0,0.08571582865242694,0,0.5674741123061124,exploit,1,0.5
2715,2026-04-15T23:56:22.421913,0.05943734411990999,0.9967224462940324,4,0.8317378497790869,0.8,2,0.0,0.08565286068713024,0,0.5676881658785861,exploit,1,0.5
2716,2026-04-15T23:56:22.421928,0.055061171725471106,0.9974058183332059,4,0.8317997791682002,0.8,2,0.0,0.08686394076440503,0,0.567900527250438,exploit,1,0.5
2717,2026-04-15T23:56:22.421942,0.06112982638940067,0.998110239068233,4,0.8318616629874908,0.8,2,0.0,0.08629510997839694,0,0.5681111911126453,exploit,1,0.5
2718,2026-04-15T23:56:22.421959,0.06206059617488337,0.9990048634521077,4,0.8319235012872379,0.8,2,0.0,0.08660934262164895,0,0.5683201521986222,exploit,1,0.5
2719,2026-04-15T23:56:22.421973,0.06578832179329713,0.9997937989613483,4,0.8319852941176471,0.8,2,0.9940644347307783,0.0850210420501386,0,0.5685274052843524,exploit,1,0.5
2720,2026-04-15T23:56:22.421987,0.05688032423220936,0.9997866069038142,4,0.8320470415288497,0.8,2,0.9941704905759682,0.08594499962226074,0,0.5687329451885197,exploit,1,0.5
2721,2026-04-15T23:56:22.422002,0.05243190241765388,0.9997844017597051,4,0.8321087435709037,0.8,2,0.9939511620823491,0.08694024139605197,0,0.568936766772637,exploit,1,0.5
2722,2026-04-15T23:56:22.422016,0.054183941929322375,0.9997892410447269,4,0.8321704002937936,0.8,2,0.993929103302318,0.08597568605779954,0,0.5691388649411756,exploit,1,0.5
2723,2026-04-15T23:56:22.422031,0.057015348431162766,0.9997885358967835,4,0.8322320117474302,0.8,2,0.9937766346245622,0.08647767834798141,0,0.5693392346416917,exploit,1,0.5
2724,2026-04-15T23:56:22.422045,0.05858641335424481,0.9997852358384721,4,0.8322935779816514,0.8,2,0.993729039343371,0.08692095173819443,0,0.569537870864953,exploit,1,0.5
2725,2026-04-15T23:56:22.422060,0.062276840618208165,0.9997566440185344,4,0.8323550990462216,0.8,2,0.9938125195200798,0.08649440858145337,0,0.5697347686450644,exploit,1,0.5
2726,2026-04-15T23:56:22.422074,0.06199091523049059,0.9997533068641196,4,0.8324165749908324,0.8,2,0.9936839328589286,0.08603243834575725,0,0.5699299230595919,exploit,1,0.5
2727,2026-04-15T23:56:22.422089,0.057963297508627,0.9997524794369635,4,0.8324780058651027,0.8,2,0.9936806412413931,0.08578538954650748,0,0.5701233292296849,exploit,1,0.5
2728,2026-04-15T23:56:22.422103,0.05829547957531276,0.9997434127533222,4,0.8325393917185783,0.8,2,0.993705685161203,0.0861217653295529,0,0.5703149823201995,exploit,1,0.5
2729,2026-04-15T23:56:22.422117,0.055987300822116934,0.999750616568003,4,0.8326007326007326,0.8,2,0.993579240821107,0.08684663970161854,0,0.5705048775398184,exploit,1,0.5
2730,2026-04-15T23:56:22.422132,0.05964232350219027,0.9997618613591033,4,0.8326620285609667,0.8,2,0.9936461390062208,0.0865602821976269,0,0.5706930101411708,exploit,1,0.5
2731,2026-04-15T23:56:22.422146,0.0552339804493451,0.99974495347595,4,0.832723279648609,0.8,2,0.993610447687146,0.08537432601155553,0,0.5708793754209517,exploit,1,0.5
2732,2026-04-15T23:56:22.422160,0.06809930992647541,0.9997512609497009,4,0.8327844859129162,0.8,2,0.9936410543854827,0.08646048948122578,0,0.5710639687200386,exploit,1,0.5
2733,2026-04-15T23:56:22.422174,0.06364586740561555,0.9997365463346655,4,0.8328456474030724,0.8,2,0.9935135505684123,0.08708191899552518,0,0.5712467854236088,exploit,1,0.5
2734,2026-04-15T23:56:22.422189,0.05250864218832256,0.9997142880185399,4,0.8329067641681901,0.8,2,0.9936402556589405,0.08659807870664861,0,0.5714278209612542,exploit,1,0.5
2735,2026-04-15T23:56:22.422203,0.057583330931314694,0.9997529302010936,4,0.83296783625731,0.8,2,0.9940097035167577,0.08682154472466724,0,0.5716070708070957,exploit,1,0.5
2736,2026-04-15T23:56:22.422218,0.05701736509445052,0.9997554507208108,4,0.8330288637194008,0.8,2,0.9937873166642205,0.08648066867663423,0,0.5717845304798966,exploit,1,0.5
2737,2026-04-15T23:56:22.422248,0.06243576072384189,0.9997557784182455,4,0.8330898466033602,0.8,2,0.993279414175555,0.08507980690724583,0,0.5719601955431743,exploit,1,0.5
2738,2026-04-15T23:56:22.422299,0.05945065663420805,0.9997528786420403,4,0.8331507849580139,0.8,2,0.993390893459941,0.08570930073033928,0,0.5721340616053112,exploit,1,0.5
2739,2026-04-15T23:56:22.422318,0.05248676298754221,0.9997821077572003,4,0.8332116788321168,0.8,2,0.9942439177478174,0.0863713578391185,0,0.5723061243196652,exploit,1,0.5
2740,2026-04-15T23:56:22.422332,0.05279922631775881,0.9997921860089888,4,0.8332725282743524,0.8,2,0.9940570484507629,0.08589787039181845,0,0.572476379384677,exploit,1,0.5
2741,2026-04-15T23:56:22.422347,0.05439958911649094,0.9997871636775362,4,0.8333333333333334,0.8,2,0.9943131181928502,0.08633655347251408,0,0.572644822543979,exploit,1,0.5
2742,2026-04-15T23:56:22.422361,0.05839277398390739,0.999802430167205,4,0.8333940940576011,0.8,2,0.9942404776906197,0.0872202520963824,0,0.572811449586501,exploit,1,0.5
2743,2026-04-15T23:56:22.422376,0.05592272068571026,0.9997804047108501,4,0.8334548104956269,0.8,2,0.9942315190633275,0.08575479174159581,0,0.5729762563465756,exploit,1,0.5
2744,2026-04-15T23:56:22.422390,0.056176530439447536,0.999785181547246,4,0.8335154826958106,0.8,2,0.9943112415781432,0.08616062636422424,0,0.5731392387040424,exploit,1,0.5
2745,2026-04-15T23:56:22.422405,0.05158942374801046,0.9998015653807569,4,0.8335761107064822,0.8,2,0.9942564488502257,0.08615389518198256,0,0.5733003925843507,exploit,1,0.5
2746,2026-04-15T23:56:22.422422,0.055584669273586046,0.9998082112498495,4,0.833636694575901,0.8,2,0.9944071751138541,0.08636666301347096,0,0.5734597139586624,exploit,1,0.5
2747,2026-04-15T23:56:22.422437,0.06313582837927686,0.9998045245225896,4,0.8336972343522562,0.8,2,0.9943929093749102,0.08670693514808506,0,0.573617198843951,exploit,1,0.5
2748,2026-04-15T23:56:22.422454,0.056958847156324294,0.9998116103511905,4,0.8337577300836668,0.8,2,0.9944143113644373,0.08654629699241262,0,0.5737728433031029,exploit,1,0.5
2749,2026-04-15T23:56:22.422469,0.05629535536110977,0.9998185178182841,4,0.8338181818181818,0.8,2,0.994632488846181,0.08597668594862448,0,0.5739266434450144,exploit,1,0.5
2750,2026-04-15T23:56:22.422484,0.057143797979155954,0.999820801892594,4,0.8338785896037805,0.8,2,0.9944145735542438,0.08706130606291203,0,0.5740785954246902,exploit,1,0.5
2751,2026-04-15T23:56:22.422498,0.05858546499114521,0.9998312232298571,4,0.8339389534883721,0.8,2,0.9945423410307149,0.08640595850622333,0,0.5742286954433387,exploit,1,0.5
2752,2026-04-15T23:56:22.422512,0.05544517984875787,0.9998212617913744,4,0.8339992735197966,0.8,2,0.994384608419473,0.08581955649415432,0,0.5743769397484669,exploit,1,0.5
2753,2026-04-15T23:56:22.422527,0.053756823450160675,0.9998263503781069,4,0.8340595497458243,0.8,2,0.9943999145852487,0.08680146738288358,0,0.5745233246339755,exploit,1,0.5
2754,2026-04-15T23:56:22.422541,0.051923561878817456,0.9998316137438127,4,0.8341197822141561,0.8,2,0.9944531753194099,0.0859733542332658,0,0.5746678464402495,exploit,1,0.5
2755,2026-04-15T23:56:22.422557,0.058811040368511903,0.9998258957303275,4,0.8341799709724238,0.8,2,0.9945252384956746,0.0862438900354863,1,0.5748105015542515,exploit,1,0.5
2756,2026-04-15T23:56:22.422581,0.049085489813679384,0.9998132900787712,4,0.83424011606819,0.8,2,0.9950893518137927,0.08646302466494046,1,0.574951286409611,exploit,1,0.5
2757,2026-04-15T23:56:22.422601,0.057211227495198996,0.9998074067631797,4,0.8343002175489486,0.8,2,0.9955832744373494,0.08679171175278504,1,0.575090197486714,exploit,1,0.5
2758,2026-04-15T23:56:22.422619,0.05893707987391807,0.9998100579905228,4,0.834360275462124,0.8,2,0.995599691056504,0.08646759024617783,1,0.5752272313127907,exploit,1,0.5
2759,2026-04-15T23:56:22.422634,0.05805808598452622,0.9998055958467036,4,0.8344202898550724,0.8,2,0.9955075401837232,0.08579511752366215,1,0.5753623844620028,exploit,1,0.5
2760,2026-04-15T23:56:22.422648,0.055612085322394006,0.9997893421092242,4,0.8344802607750815,0.8,2,0.9959177069491955,0.08631191365099122,1,0.5754956535555285,exploit,1,0.5
2761,2026-04-15T23:56:22.422663,0.06031709376631231,0.999778007157102,4,0.83454018826937,0.8,2,0.995997149615429,0.08587455231281033,1,0.5756270352616472,exploit,1,0.5
2762,2026-04-15T23:56:22.422683,0.05733501874726312,0.9997499707424548,4,0.8346000723850887,0.8,2,0.996153165030369,0.08581081280163172,1,0.5757565262958233,exploit,1,0.5
2763,2026-04-15T23:56:22.422712,0.05929894440845884,0.9997755530186487,4,0.8346599131693199,0.8,2,0.9963098914760224,0.08602834710815782,1,0.5758841234207877,exploit,1,0.5
2764,2026-04-15T23:56:22.422728,0.05685046466702537,0.9997745724342503,4,0.8347197106690778,0.8,2,0.9962912117680292,0.08640348060235821,1,0.5760098234466188,exploit,1,0.5
2765,2026-04-15T23:56:22.422743,0.06427573984359844,0.9997707367012633,4,0.8347794649313087,0.8,2,0.9962457855526378,0.08646758887334727,1,0.5761336232308227,exploit,1,0.5
2766,2026-04-15T23:56:22.422757,0.052565794943340044,0.9997701630989942,4,0.8348391760028913,0.8,2,0.9960202066325731,0.0870333934999151,1,0.576255519678411,exploit,1,0.5
2767,2026-04-15T23:56:22.422772,0.06327492303193769,0.999763140811923,4,0.8348988439306358,0.8,2,0.9960020718076454,0.08654717857090494,1,0.576375509741979,exploit,1,0.5
2768,2026-04-15T23:56:22.422786,0.0564155797871754,0.9997661786236915,4,0.8349584687612857,0.8,2,0.9958001413459425,0.08659340734610521,1,0.5764935904217814,exploit,1,0.5
2769,2026-04-15T23:56:22.422801,0.05776360364332836,0.9997609187107919,4,0.8350180505415162,0.8,2,0.9958247005469116,0.08632926225594523,1,0.5766097587658072,exploit,1,0.5
2770,2026-04-15T23:56:22.422815,0.0546202546092589,0.9997523235706695,4,0.8350775893179357,0.8,2,0.995840750391443,0.08639184252536727,1,0.576724011869854,exploit,1,0.5
2771,2026-04-15T23:56:22.422830,0.06058283263713766,0.9997572874788573,4,0.8351370851370852,0.8,2,0.9958535043609249,0.08610056365322222,1,0.5768363468776002,exploit,1,0.5
2772,2026-04-15T23:56:22.422845,0.048444923741672294,0.9997651966389336,4,0.8351965380454381,0.8,2,0.996111433434389,0.08676440701723487,1,0.5769467609806762,exploit,1,0.5
2773,2026-04-15T23:56:22.422859,0.06224675953331268,0.9997618326847941,4,0.8352559480894016,0.8,2,0.9960778513086961,0.08623787408886856,1,0.5770552514187354,exploit,1,0.5
2774,2026-04-15T23:56:22.422874,0.05659336730417677,0.9997651068292976,4,0.8353153153153153,0.8,2,0.9958978289821494,0.08648372577158452,1,0.5771618154795224,exploit,1,0.5
2775,2026-04-15T23:56:22.422888,0.0643913523008753,0.9997749766397872,4,0.8353746397694525,0.8,2,0.9957681170232467,0.08606230890916518,1,0.5772664504989412,exploit,1,0.5
2776,2026-04-15T23:56:22.422903,0.05858878903087614,0.9997805796112103,4,0.8354339214980194,0.8,2,0.9956610888277264,0.08676465244678966,1,0.5773691538611219,exploit,1,0.5
2777,2026-04-15T23:56:22.422919,0.05764748855476198,0.9997917215380638,4,0.8354931605471563,0.8,2,0.9957901458800293,0.08616376458051403,1,0.5774699229984857,exploit,1,0.5
2778,2026-04-15T23:56:22.422934,0.053805188682950346,0.9997843962796199,4,0.8355523569629363,0.8,2,0.9955798080860243,0.0872741587606018,1,0.5775687553918094,exploit,1,0.5
2779,2026-04-15T23:56:22.422951,0.05487176737186941,0.9997992965640841,4,0.8356115107913669,0.8,2,0.9957368937998106,0.08616502268926476,1,0.5776656485702883,exploit,1,0.5
2780,2026-04-15T23:56:22.422967,0.06078213016597894,0.9998163483627578,4,0.835670622078389,0.8,2,0.9956908408302791,0.08643334200613473,1,0.5777606001115981,exploit,1,0.5
2781,2026-04-15T23:56:22.422981,0.052803342645818444,0.999805181467536,4,0.8357296908698778,0.8,2,0.9957358622120969,0.0857834766619978,1,0.5778536076419551,exploit,1,0.5
2782,2026-04-15T23:56:22.422995,0.06135445337027913,0.9998090387625685,4,0.8357887172116422,0.8,2,0.9944649963737096,0.08514708596444925,1,0.5779446688361759,exploit,1,0.5
2783,2026-04-15T23:56:22.423010,0.05245864841754909,0.9997839455338577,4,0.8358477011494253,0.8,2,0.9940494743871781,0.08525183477367312,1,0.5780337814177354,exploit,1,0.5
2784,2026-04-15T23:56:22.423043,0.0580235892066529,0.9997772316811948,4,0.8359066427289048,0.8,2,0.9940269373143464,0.08655153768687661,1,0.5781209431588238,exploit,1,0.5
2785,2026-04-15T23:56:22.423058,0.05105268873693879,0.9997575751124622,4,0.8359655419956927,0.8,2,0.9940154447710339,0.0868511115411606,1,0.578206151880402,exploit,1,0.5
2786,2026-04-15T23:56:22.423073,0.059371056095350816,0.9997658023910498,4,0.8360243989953355,0.8,2,0.9937959418367326,0.08636844814826113,1,0.5782894054522564,exploit,1,0.5
2787,2026-04-15T23:56:22.423087,0.05576112253774421,0.9997436107485925,4,0.8360832137733142,0.8,2,0.9938012374967403,0.08662132287464722,1,0.5783707017930521,exploit,1,0.5
2788,2026-04-15T23:56:22.423102,0.06012109043664843,0.9997270474951893,4,0.8361419863750448,0.8,2,0.9939570094256338,0.08587109408758345,1,0.5784500388703847,exploit,1,0.5
2789,2026-04-15T23:56:22.423116,0.05519543420102274,0.9997216914414025,4,0.8362007168458782,0.8,2,0.9939913014633692,0.08601738531635374,1,0.5785274147008315,exploit,1,0.5
2790,2026-04-15T23:56:22.423131,0.05453093818025939,0.9997300326250534,4,0.8362594052311,0.8,2,0.9940676197699072,0.08599768093719834,1,0.5786028273500008,exploit,1,0.5
2791,2026-04-15T23:56:22.423145,0.05571307258670972,0.9997312822027334,4,0.8363180515759312,0.8,2,0.9940604825266948,0.08596336141191603,1,0.5786762749325802,exploit,1,0.5
2792,2026-04-15T23:56:22.423160,0.052497380808042705,0.999731160183379,4,0.8363766559255281,0.8,2,0.9939973120711023,0.08691285458146669,1,0.578747755612384,exploit,1,0.5
2793,2026-04-15T23:56:22.423174,0.054721782867914126,0.9997245707678207,4,0.8364352183249821,0.8,2,0.9935522604082363,0.08715636661580904,1,0.5788172676023989,exploit,1,0.5
2794,2026-04-15T23:56:22.423189,0.05521622267055708,0.9997263944426504,4,0.8364937388193202,0.8,2,0.9936752142593741,0.08628966491023594,1,0.5788848091648289,exploit,1,0.5
2795,2026-04-15T23:56:22.423204,0.054185678092295894,0.9997318239770395,4,0.836552217453505,0.8,2,0.9937755482570874,0.08625907966856665,1,0.5789503786111383,exploit,1,0.5
2796,2026-04-15T23:56:22.423218,0.049666318357138806,0.9997359551537969,4,0.8366106542724348,0.8,2,0.9937922234366474,0.08563976814560452,1,0.5790139743020944,exploit,1,0.5
2797,2026-04-15T23:56:22.423233,0.05157521161480204,0.9997346232654271,4,0.8366690493209435,0.8,2,0.9938166755405969,0.08650350276148369,1,0.5790755946478083,exploit,1,0.5
2798,2026-04-15T23:56:22.423247,0.051132368196745354,0.9997499594004601,4,0.8367274026438014,0.8,2,0.9938335076141889,0.08670871215071402,1,0.5791352381077746,exploit,1,0.5
2799,2026-04-15T23:56:22.423287,0.05407704671536908,0.9997256344236384,4,0.8367857142857142,0.8,2,0.993807931066924,0.08726486730152404,1,0.5791929031909097,exploit,1,0.5
2800,2026-04-15T23:56:22.423304,0.055906052889593126,0.9985620928910017,4,0.8364869689396645,0.8,2,0.0,0.09636987285456491,1,0.5792485884555896,explore,0,0.7
2801,2026-04-15T23:56:22.423318,0.0543425764188704,0.9979047034426186,4,0.8361884368308351,0.8,2,0.0,0.09758964694971167,1,0.5793022925096858,explore,0,0.7
2802,2026-04-15T23:56:22.423331,0.06048481391708253,0.9971587224762327,4,0.8358901177310025,0.8,2,0.0,0.0973423662577765,1,0.5793540140105995,explore,0,0.7
2803,2026-04-15T23:56:22.423345,0.05478198969601875,0.9967173713031505,4,0.8355920114122682,0.8,2,0.0,0.09737508730881583,1,0.5794037516652959,explore,0,0.7
2804,2026-04-15T23:56:22.423358,0.059798826957623216,0.996346867598545,4,0.8352941176470589,0.8,2,0.0,0.09808073502648136,1,0.5794515042303363,explore,0,0.7
2805,2026-04-15T23:56:22.423371,0.057204801866999125,0.9959653587356654,4,0.8349964362081255,0.8,2,0.0,0.09780834648824792,1,0.5794972705119091,explore,0,0.7
2806,2026-04-15T23:56:22.423385,0.06129455298212741,0.9957353338196229,4,0.8350552190951194,0.8,2,0.0,0.09731784123738353,1,0.5795410493658596,explore,0,0.7
2807,2026-04-15T23:56:22.423399,0.055418476113062255,0.9953957816201555,4,0.8351139601139601,0.8,2,0.0,0.09756481022399761,1,0.5795828396977186,explore,0,0.7
2808,2026-04-15T23:56:22.423412,0.05867450932966483,0.9953893610726651,4,0.8351726593093628,0.8,2,0.0,0.09851218090773467,1,0.5796226404627303,explore,0,0.7
2809,2026-04-15T23:56:22.423427,0.0583735997242794,0.9954185853012443,4,0.8352313167259786,0.8,2,0.0,0.09840429359909716,1,0.5796604506658772,explore,0,0.7
2810,2026-04-15T23:56:22.423441,0.05919462674150054,0.9954056630234144,4,0.8352899324083956,0.8,2,0.0,0.09732842666973679,1,0.5796962693619065,explore,0,0.7
2811,2026-04-15T23:56:22.423458,0.05331232615034661,0.9955195012255467,4,0.835348506401138,0.8,2,0.0,0.09726662544238017,1,0.5797300956553526,explore,0,0.7
2812,2026-04-15T23:56:22.423471,0.05465086988402388,0.9957283150127947,4,0.835407038748667,0.8,2,0.0,0.09653563617238298,1,0.57976192870056,explore,0,0.7
2813,2026-04-15T23:56:22.423485,0.06580024007465365,0.9959476308750937,4,0.8354655294953802,0.8,2,0.0,0.09813379388034837,1,0.5797917677017042,explore,0,0.7
2814,2026-04-15T23:56:22.423498,0.06444491943256499,0.9964831278913167,4,0.8355239786856128,0.8,2,0.0,0.09744868112676676,1,0.5798196119128115,explore,0,0.7
2815,2026-04-15T23:56:22.423512,0.06214515244707689,0.9969914396311097,4,0.8355823863636364,0.8,2,0.0,0.09690109538737482,1,0.5798454606377783,explore,0,0.7
2816,2026-04-15T23:56:22.423525,0.05544544627446196,0.9976443979990364,4,0.8356407525736599,0.8,2,0.0,0.09802690316542312,1,0.5798693132303878,explore,0,0.7
2817,2026-04-15T23:56:22.423539,0.06421980474164968,0.9983638613635286,4,0.8356990773598296,0.8,2,0.0,0.0969655163768993,1,0.5798911690943264,explore,0,0.7
2818,2026-04-15T23:56:22.423552,0.06342553812482069,0.9991482770855208,4,0.8357573607662292,0.8,2,0.0,0.09666628514114947,1,0.5799110276831987,explore,0,0.7
2819,2026-04-15T23:56:22.423565,0.06265491887422654,0.9997597414012575,4,0.8358156028368794,0.8,2,0.9933828016069672,0.09684478885796885,1,0.5799288885005408,explore,0,0.7
2820,2026-04-15T23:56:22.423579,0.05219638447207289,0.9997780780339621,4,0.8358738036157392,0.8,2,0.9938692315930091,0.09713065006990879,1,0.5799447510998335,explore,0,0.7
2821,2026-04-15T23:56:22.423594,0.05808549268405757,0.9997758148840089,4,0.8359319631467045,0.8,2,0.9941507444921678,0.09776657975828894,1,0.5799586150845124,explore,0,0.7
2822,2026-04-15T23:56:22.423608,0.061465804014144344,0.9997804374048769,4,0.8359900814736096,0.8,2,0.9941886106346477,0.09737611519278257,1,0.5799704801079787,explore,0,0.7
2823,2026-04-15T23:56:22.423623,0.05634102683756122,0.9997790870918019,4,0.8360481586402266,0.8,2,0.9941958181004308,0.09719265153619229,1,0.5799803458736074,explore,0,0.7
2824,2026-04-15T23:56:22.423637,0.0662101018585424,0.9997768008878463,4,0.8361061946902655,0.8,2,0.9941789247104662,0.0977174914346345,1,0.5799882121347549,explore,0,0.7
2825,2026-04-15T23:56:22.423651,0.06084311961423892,0.9997476724134012,4,0.8361641896673744,0.8,2,0.994142904611993,0.09768060328745237,1,0.5799940786947652,explore,0,0.7
2826,2026-04-15T23:56:22.423666,0.058971980150297434,0.9997436206830262,4,0.8362221436151397,0.8,2,0.994193631160671,0.09721959524096782,1,0.5799979454069744,explore,0,0.7
2827,2026-04-15T23:56:22.423680,0.05700573379900864,0.9997424957931752,4,0.8362800565770863,0.8,2,0.9941809507400321,0.09704241615941228,1,0.5799998121747149,explore,0,0.7
2828,2026-04-15T23:56:22.423694,0.055426389367148964,0.9997331817676687,4,0.8363379285966772,0.8,2,0.9945757408455285,0.0972546603410333,1,0.5799996789513178,explore,0,0.7
2829,2026-04-15T23:56:22.423715,0.05416210770226687,0.9997421976998523,4,0.8363957597173145,0.8,2,0.9941039646221332,0.09782623562120246,1,0.5799975457401135,explore,0,0.7
2830,2026-04-15T23:56:22.423729,0.054783698697151675,0.9997531679941402,4,0.8364535499823385,0.8,2,0.9940824018611822,0.09735728530147812,1,0.5799934125944323,explore,0,0.7
2831,2026-04-15T23:56:22.423744,0.061665946920358636,0.9997358397489061,4,0.8365112994350282,0.8,2,0.9939675527496508,0.09717098171024334,1,0.5799872796176024,explore,0,0.7
2832,2026-04-15T23:56:22.423759,0.06817998304678291,0.9997450289861863,4,0.8365690081186022,0.8,2,0.9941709949730517,0.09792353664868109,1,0.5799791469629483,explore,0,0.7
2833,2026-04-15T23:56:22.423790,0.06682114567197062,0.9997294706202652,4,0.8366266760762173,0.8,2,0.9940001074860871,0.09711435752891116,1,0.5799690148337855,explore,0,0.7
2834,2026-04-15T23:56:22.423805,0.06022151340304108,0.9997070028902099,4,0.83668430335097,0.8,2,0.9939685587657281,0.09681730897702394,1,0.579956883483417,explore,0,0.7
2835,2026-04-15T23:56:22.423820,0.05571541563866,0.999749314604607,4,0.8367418899858956,0.8,2,0.9939134987698053,0.09708376874198223,1,0.5799427532151259,explore,0,0.7
2836,2026-04-15T23:56:22.423834,0.05679048928345361,0.9997518496126455,4,0.836799436023969,0.8,2,0.9933179106171184,0.0979930978299827,1,0.579926624382168,explore,0,0.7
2837,2026-04-15T23:56:22.423848,0.05895292503350507,0.9997526555717583,4,0.8368569415081043,0.8,2,0.9932390634123889,0.0969103853413166,1,0.5799084973877634,explore,0,0.7
2838,2026-04-15T23:56:22.423862,0.056297935135712844,0.9997510334223052,4,0.8369144064811553,0.8,2,0.9934077485151657,0.09734322655543366,1,0.579888372685086,explore,0,0.7
2839,2026-04-15T23:56:22.423877,0.05967660492925516,0.9997781964379686,4,0.8369718309859155,0.8,2,0.9936086496318292,0.09781288168409669,1,0.5798662507772523,explore,0,0.7
2840,2026-04-15T23:56:22.423891,0.05244082354766061,0.9997886970953789,4,0.837029215065118,0.8,2,0.9931894240298564,0.09655105237791338,1,0.579842132217309,explore,0,0.7
2841,2026-04-15T23:56:22.423905,0.05228253181663254,0.9997839180104248,4,0.8370865587614356,0.8,2,0.9934904873924582,0.09804715900180944,1,0.5798160176082185,explore,0,0.7
2842,2026-04-15T23:56:22.423919,0.05329070611757797,0.999800004450085,4,0.8371438621174815,0.8,2,0.9934244917464052,0.096875725869448,1,0.579787907602845,explore,0,0.7
2843,2026-04-15T23:56:22.423934,0.055741254429345605,0.99977746613714,4,0.8372011251758087,0.8,2,0.993447796587085,0.09692174207066158,1,0.5797578029039371,explore,0,0.7
2844,2026-04-15T23:56:22.423948,0.05795601396885474,0.9997818149376047,4,0.8372583479789104,0.8,2,0.9934938081018156,0.09732544647256636,1,0.5797257042641105,explore,0,0.7
2845,2026-04-15T23:56:22.423966,0.05401747461689884,0.9997984995980892,4,0.8373155305692199,0.8,2,0.9931417868536095,0.0972924557757916,1,0.5796916124858298,explore,0,0.7
2846,2026-04-15T23:56:22.423980,0.05589190342235682,0.9998061347062555,4,0.8373726729891113,0.8,2,0.9931716265680903,0.09766868523109923,1,0.5796555284213876,explore,0,0.7
2847,2026-04-15T23:56:22.423994,0.06303447677952578,0.9998020963309553,4,0.8374297752808989,0.8,2,0.9931888318159973,0.09788016201179811,1,0.5796174529728835,explore,0,0.7
2848,2026-04-15T23:56:22.424008,0.061188487859567785,0.9998075019616322,4,0.8374868374868375,0.8,2,0.993191161141673,0.09747355950176759,1,0.5795773870922017,explore,0,0.7
2849,2026-04-15T23:56:22.424023,0.05801475300232486,0.9998132457448362,4,0.8375438596491228,0.8,2,0.9936168728400715,0.09725381602702732,1,0.5795353317809874,explore,0,0.7
2850,2026-04-15T23:56:22.424037,0.05590419325099234,0.9998167369715857,4,0.8376008418098913,0.8,2,0.9935146349926026,0.09854493973829591,1,0.579491288090621,explore,0,0.7
2851,2026-04-15T23:56:22.424052,0.0539729847651554,0.999825870929397,4,0.8376577840112202,0.8,2,0.9937367595371105,0.09763752554933568,1,0.5794452571221925,explore,0,0.7
2852,2026-04-15T23:56:22.424066,0.05583114205813604,0.999815243574486,4,0.8377146862951279,0.8,2,0.9936266712731532,0.09722851380761019,1,0.5793972400264737,explore,0,0.7
2853,2026-04-15T23:56:22.424080,0.05593470500632056,0.9998198621128309,4,0.837771548703574,0.8,2,0.9936771514267465,0.0980265669761956,1,0.5793472380038895,explore,0,0.7
2854,2026-04-15T23:56:22.424094,0.05535164429556006,0.9998260513620015,4,0.8378283712784589,0.8,2,0.9937297186381735,0.09717158645618454,1,0.579295252304488,explore,0,0.7
2855,2026-04-15T23:56:22.424109,0.06156165624073755,0.9998206463380009,4,0.8378851540616247,0.8,2,0.993976953299818,0.09722266413637343,1,0.5792412842279087,explore,0,0.7
2856,2026-04-15T23:56:22.424124,0.04929695691969971,0.9998072529751771,4,0.8379418970948548,0.8,2,0.9946588504445144,0.09750684919811088,1,0.5791853351233509,explore,0,0.7
2857,2026-04-15T23:56:22.424138,0.060734626874792565,0.9998000573762204,4,0.8379986004198741,0.8,2,0.9945602559453104,0.09716503654921776,1,0.5791274063895392,explore,0,0.7
2858,2026-04-15T23:56:22.424152,0.05449477366866341,0.9998011512352991,4,0.8380552640783491,0.8,2,0.9945477642385476,0.09746835110121664,1,0.579067499474689,explore,0,0.7
2859,2026-04-15T23:56:22.424167,0.05678000308355349,0.9997962953430484,4,0.8381118881118881,0.8,2,0.9945355770526947,0.09685917128571749,1,0.57900561587647,explore,0,0.7
2860,2026-04-15T23:56:22.424181,0.055887691716389104,0.9997814595212555,4,0.8381684725620412,0.8,2,0.9951523363098964,0.09698359910878443,1,0.578941757141969,explore,0,0.7
2861,2026-04-15T23:56:22.424195,0.0613422888457817,0.9997691155135502,4,0.8382250174703005,0.8,2,0.9951184831699477,0.0974323764171008,1,0.578875924867651,explore,0,0.7
2862,2026-04-15T23:56:22.424209,0.05643773232741438,0.9997408251520841,4,0.8382815228780999,0.8,2,0.9954433263446907,0.09750463540452023,1,0.5788081206993195,explore,0,0.7
2863,2026-04-15T23:56:22.424224,0.058117625039808475,0.9997664686586156,4,0.8383379888268156,0.8,2,0.9953413513354453,0.09765429689741395,1,0.578738346332075,explore,0,0.7
2864,2026-04-15T23:56:22.424238,0.05658177987517471,0.9997652424487586,4,0.8383944153577662,0.8,2,0.9954633566796534,0.09710501578207169,1,0.5786666035102732,explore,0,0.7
2865,2026-04-15T23:56:22.424263,0.05295177234534967,0.9997613892638829,4,0.8384508025122122,0.8,2,0.9959100736264497,0.09795903517999065,1,0.5785928940274808,explore,0,0.7
2866,2026-04-15T23:56:22.424288,0.049220985825289235,0.9997606941869566,4,0.8385071503313568,0.8,2,0.9957346022659781,0.09842266781237685,1,0.5785172197264312,explore,0,0.7
2867,2026-04-15T23:56:22.424304,0.05953442415430546,0.9997568391614189,4,0.8385634588563459,0.8,2,0.9955553604331259,0.09772678285495705,1,0.5784395824989778,explore,0,0.7
2868,2026-04-15T23:56:22.424318,0.0568209972575353,0.9997599150229742,4,0.8386197281282677,0.8,2,0.9953699383871207,0.09768805374488956,1,0.5783599842860473,explore,0,0.7
2869,2026-04-15T23:56:22.424333,0.055869895128539376,0.9997555417472787,4,0.8386759581881533,0.8,2,0.9952496665157056,0.09787666911575306,1,0.5782784270775909,explore,0,0.7
2870,2026-04-15T23:56:22.424347,0.05692968670520007,0.9997464818935345,4,0.8387321490769767,0.8,2,0.9949944001767238,0.09765027222033987,1,0.5781949129125347,explore,0,0.7
2871,2026-04-15T23:56:22.424361,0.05411700973980561,0.9997506014689277,4,0.8387883008356546,0.8,2,0.9950425160598022,0.09763777310700326,1,0.5781094438787281,explore,0,0.7
2872,2026-04-15T23:56:22.424376,0.05207657858355378,0.9997588521035468,4,0.838844413505047,0.8,2,0.9951292036974162,0.09741117153732808,1,0.5780220221128929,explore,0,0.7
2873,2026-04-15T23:56:22.424390,0.055774484640675755,0.9997552026014402,4,0.8389004871259569,0.8,2,0.9951941058516691,0.09794376465374514,1,0.5779326498005685,explore,0,0.7
2874,2026-04-15T23:56:22.424404,0.058317970815288625,0.9997586765471761,4,0.8389565217391305,0.8,2,0.9949218577200034,0.0980145858862943,1,0.5778413291760579,explore,0,0.7
2875,2026-04-15T23:56:22.424421,0.060278714196757475,0.9997692543886866,4,0.8390125173852573,0.8,2,0.994852088607428,0.09759086243812737,1,0.5777480625223723,explore,0,0.7
2876,2026-04-15T23:56:22.424435,0.053968534113555316,0.9997749609735238,4,0.8390684741049704,0.8,2,0.9948042078520248,0.09813469226855426,1,0.577652852171173,explore,0,0.7
2877,2026-04-15T23:56:22.424452,0.06150217161729507,0.9997861333580482,4,0.8391243919388465,0.8,2,0.9951096429655413,0.09721834410486031,1,0.5775557005027139,explore,0,0.7
2878,2026-04-15T23:56:22.424467,0.050887858858268735,0.9997806709004072,4,0.8391802709274053,0.8,2,0.994932314752647,0.09737057726640874,1,0.5774566099457814,explore,0,0.7
2879,2026-04-15T23:56:22.424481,0.057845403005339115,0.9997965755496271,4,0.8392361111111111,0.8,2,0.9948787074831011,0.0976351327169702,1,0.5773555829776346,explore,0,0.7
2880,2026-04-15T23:56:22.424512,0.06179124346604285,0.9998101605127198,4,0.8392919125303714,0.8,2,0.9949734020063798,0.09753890969796856,1,0.5772526221239422,explore,0,0.7
2881,2026-04-15T23:56:22.424528,0.05992509786836379,0.9997986447852713,4,0.8393476752255378,0.8,2,0.9948602261974758,0.09716315157664902,1,0.5771477299587203,explore,0,0.7
2882,2026-04-15T23:56:22.424542,0.05360299769615477,0.9998031612764353,4,0.839403399236906,0.8,2,0.9944478370288827,0.09702208596444925,1,0.5770409091042676,explore,0,0.7
2883,2026-04-15T23:56:22.424557,0.05684797096950948,0.9997777081950431,4,0.8394590846047156,0.8,2,0.9944716208018192,0.09680691469158803,1,0.5769321622310998,explore,0,0.7
2884,2026-04-15T23:56:22.424571,0.05454403802097793,0.9997716878473446,4,0.8395147313691508,0.8,2,0.9944468161454558,0.09738894027446818,1,0.5768214920578831,explore,0,0.7
2885,2026-04-15T23:56:22.424585,0.05261315404903768,0.9997511349933815,4,0.8395703395703396,0.8,2,0.9944355110846366,0.09724584502635208,1,0.576708901351366,explore,0,0.7
2886,2026-04-15T23:56:22.424599,0.05760194469960804,0.9997582120557242,4,0.8396259092483547,0.8,2,0.994129466064944,0.09775153267161846,1,0.5765943929263105,explore,0,0.7
2887,2026-04-15T23:56:22.424613,0.051960671988424564,0.9997383985989112,4,0.8396814404432132,0.8,2,0.9942422149328889,0.09721015932889043,1,0.5764779696454211,explore,0,0.7
2888,2026-04-15T23:56:22.424628,0.060993367581707064,0.999721714251261,4,0.8397369331948771,0.8,2,0.9944034294848978,0.0975570303592707,1,0.5763596344192737,explore,0,0.7
2889,2026-04-15T23:56:22.424642,0.05616563863686028,0.9997156990075498,4,0.8397923875432526,0.8,2,0.9945515941905649,0.09728311986936367,1,0.5762393902062429,explore,0,0.7
2890,2026-04-15T23:56:22.424657,0.05783244418197338,0.9997246454260322,4,0.8398478035281909,0.8,2,0.9948137909104449,0.09708288697680167,1,0.5761172400124278,explore,0,0.7
2891,2026-04-15T23:56:22.424671,0.05321939632758988,0.9997264462507689,4,0.8399031811894883,0.8,2,0.9947818261918135,0.09758345289837694,1,0.5759931868915769,explore,0,0.7
2892,2026-04-15T23:56:22.424685,0.05692275939168953,0.9997262928081805,4,0.8399585205668856,0.8,2,0.9948315689052393,0.09775113625435096,1,0.5758672339450115,explore,0,0.7
2893,2026-04-15T23:56:22.424706,0.05538654162458838,0.9997198864601068,4,0.8400138217000691,0.8,2,0.9947540088069017,0.09777084951759941,1,0.575739384321549,explore,0,0.7
2894,2026-04-15T23:56:22.424720,0.05437195201012386,0.9997212769516958,4,0.8400690846286701,0.8,2,0.9949278813644193,0.09743086839028717,1,0.5756096412174232,explore,0,0.7
2895,2026-04-15T23:56:22.424735,0.055566382376045984,0.9997274090181566,4,0.8401243093922652,0.8,2,0.99491180991669,0.09734293253589249,1,0.575478007876205,explore,0,0.7
2896,2026-04-15T23:56:22.424749,0.049553666655759554,0.9997323613008737,4,0.8401794960303762,0.8,2,0.9948807838878724,0.09720515807715764,1,0.5753444875887209,explore,0,0.7
2897,2026-04-15T23:56:22.424764,0.05453558011443111,0.9997316008203226,4,0.8402346445824707,0.8,2,0.9948977946907106,0.09778876653649772,1,0.5752090836929714,explore,0,0.7
2898,2026-04-15T23:56:22.424778,0.05163057789308324,0.9997454189007997,4,0.8402897550879613,0.8,2,0.995197867561459,0.09807772807430867,1,0.5750717995740466,explore,0,0.7
2899,2026-04-15T23:56:22.424792,0.05047449502808392,0.9997217538259775,4,0.8403448275862069,0.8,2,0.9954739435594907,0.09805861590683349,1,0.5749326386640425,explore,0,0.7
2900,2026-04-15T23:56:22.424807,0.050657687983880664,0.9991168005707547,4,0.840055153395381,0.8,2,0.0,0.08537914904779889,1,0.5747916044419746,exploit,1,0.5
2901,2026-04-15T23:56:22.424821,0.05100258712139486,0.9982598522198063,4,0.8397656788421778,0.8,2,0.0,0.0857785054695763,1,0.574648700433691,exploit,1,0.5
2902,2026-04-15T23:56:22.424834,0.05807625438630109,0.9976942510157195,4,0.8394764037202893,0.8,2,0.0,0.08687930998158057,1,0.5745039302117846,exploit,1,0.5
2903,2026-04-15T23:56:22.424848,0.05219595757634625,0.9969859167964576,4,0.8391873278236914,0.8,2,0.0,0.08601526235177198,1,0.5743572973955031,exploit,1,0.5
2904,2026-04-15T23:56:22.424861,0.053541970895432396,0.9963839507334085,4,0.8388984509466437,0.8,2,0.0,0.08662421670226017,1,0.5742088056506597,exploit,1,0.5
2905,2026-04-15T23:56:22.424875,0.058536205215591,0.995971177467251,4,0.8386097728836889,0.8,2,0.0,0.08686371146403697,1,0.57405845868954,exploit,1,0.5
2906,2026-04-15T23:56:22.424888,0.05526510610283902,0.9955601839928011,4,0.8383212934296526,0.8,2,0.0,0.08629525506737712,1,0.5739062602708102,exploit,1,0.5
2907,2026-04-15T23:56:22.424902,0.05205256219111357,0.9954831249299535,4,0.8383768913342503,0.8,2,0.0,0.08635379716406362,1,0.5737522141994229,exploit,1,0.5
2908,2026-04-15T23:56:22.424915,0.05324388874196276,0.9952666252503886,4,0.8384324510140941,0.8,2,0.0,0.08670411445505517,1,0.573596324326522,exploit,1,0.5
2909,2026-04-15T23:56:22.424929,0.05531862456978763,0.9951924906146915,4,0.8384879725085911,0.8,2,0.0,0.08711437841725092,1,0.573438594549346,exploit,1,0.5
2910,2026-04-15T23:56:22.424942,0.053164446786531726,0.995285270103871,4,0.8385434558570938,0.8,2,0.0,0.08680185721975674,1,0.5732790288111311,exploit,1,0.5
2911,2026-04-15T23:56:22.424959,0.0516701426946133,0.9954422340945617,4,0.8385989010989011,0.8,2,0.0,0.08581492424267427,1,0.5731176311010127,exploit,1,0.5
2912,2026-04-15T23:56:22.424973,0.05195397887489289,0.9956805066800309,4,0.8386543082732578,0.8,2,0.0,0.0860567877684189,1,0.5729544054539248,exploit,1,0.5
2913,2026-04-15T23:56:22.424986,0.056156752563417775,0.9961189133275236,4,0.8387096774193549,0.8,2,0.0,0.08664514494537102,1,0.5727893559505005,exploit,1,0.5
2914,2026-04-15T23:56:22.425000,0.05899885251063848,0.9963938721508394,4,0.8387650085763293,0.8,2,0.0,0.08571582865242694,1,0.5726224867169684,exploit,1,0.5
2915,2026-04-15T23:56:22.425013,0.054065744710649434,0.9967481368248086,4,0.8388203017832647,0.8,2,0.0,0.08565286068713024,1,0.5724538019250508,exploit,1,0.5
2916,2026-04-15T23:56:22.425027,0.050087826594851385,0.9972753684005289,4,0.8388755570791909,0.8,2,0.0,0.08686394076440503,1,0.5722833057918587,exploit,1,0.5
2917,2026-04-15T23:56:22.425040,0.05565550525215275,0.9979129816302352,4,0.8389307745030843,0.8,2,0.0,0.08629510997839694,1,0.5721110025797865,exploit,1,0.5
2918,2026-04-15T23:56:22.425054,0.056564219751088524,0.9986664659441461,4,0.8389859540938678,0.8,2,0.0,0.08660934262164895,1,0.5719368965964058,exploit,1,0.5
2919,2026-04-15T23:56:22.425067,0.060243615003515535,0.9997665054214707,4,0.839041095890411,0.8,2,0.993652818995567,0.0850210420501386,1,0.5717609921943566,exploit,1,0.5
2920,2026-04-15T23:56:22.425082,0.051904746990602046,0.9997866069038898,4,0.8390961999315303,0.8,2,0.9941707762031615,0.08594499962226074,1,0.5715832937712403,exploit,1,0.5
2921,2026-04-15T23:56:22.425097,0.04745873149565148,0.9997844017597749,4,0.839151266255989,0.8,2,0.9939546002939541,0.08694024139605197,1,0.571403805769508,exploit,1,0.5
2922,2026-04-15T23:56:22.425111,0.04904267187824597,0.999789241044799,4,0.8392062949024974,0.8,2,0.9939333204990691,0.08597568605779954,1,0.5712225326763504,exploit,1,0.5
2923,2026-04-15T23:56:22.425125,0.05190588630174751,0.9997885358967689,4,0.8392612859097127,0.8,2,0.9937802957644506,0.08647767834798141,1,0.5710394790235853,exploit,1,0.5
2924,2026-04-15T23:56:22.425140,0.05312861081240882,0.9997852358384847,4,0.8393162393162393,0.8,2,0.9937310034377067,0.08692095173819443,1,0.5708546493875446,exploit,1,0.5
2925,2026-04-15T23:56:22.425154,0.05685948081573157,0.9997566440187323,4,0.8393711551606289,0.8,2,0.9938152131919549,0.08649440858145337,1,0.5706680483889597,exploit,1,0.5
2926,2026-04-15T23:56:22.425168,0.056709794057688834,0.9997533068643246,4,0.8394260334813802,0.8,2,0.9936890315621131,0.08603243834575725,1,0.5704796806928455,exploit,1,0.5
2927,2026-04-15T23:56:22.425183,0.05279092064678921,0.99975247943714,4,0.8394808743169399,0.8,2,0.9936855562633966,0.08578538954650748,1,0.570289551008385,exploit,1,0.5
2928,2026-04-15T23:56:22.425197,0.053158115468948844,0.9997434127536141,4,0.8395356777057016,0.8,2,0.9937098062105282,0.0861217653295529,1,0.57009766408881,exploit,1,0.5
2929,2026-04-15T23:56:22.425221,0.05097156535107626,0.9997506165683699,4,0.8395904436860068,0.8,2,0.9935848124764515,0.08684663970161854,1,0.5699040247312838,exploit,1,0.5
2930,2026-04-15T23:56:22.425236,0.05451051807102113,0.9997618613594248,4,0.8396451722961447,0.8,2,0.9936511199317932,0.0865602821976269,1,0.5697086377767802,exploit,1,0.5
2931,2026-04-15T23:56:22.425250,0.05001648976202612,0.9997449534761332,4,0.839699863574352,0.8,2,0.9936148109698806,0.08537432601155553,1,0.5695115081099626,exploit,1,0.5
2932,2026-04-15T23:56:22.425283,0.06230550852495472,0.9997512609499166,4,0.8397545175588135,0.8,2,0.9936456533511205,0.08646048948122578,1,0.5693126406590628,exploit,1,0.5
2933,2026-04-15T23:56:22.425302,0.05803826959402601,0.999736546334781,4,0.8398091342876619,0.8,2,0.9935171229423859,0.08708191899552518,1,0.5691120403957566,exploit,1,0.5
2934,2026-04-15T23:56:22.425317,0.04748778205462749,0.999714288018881,4,0.8398637137989778,0.8,2,0.9936457776640911,0.08659807870664861,1,0.5689097123350401,exploit,1,0.5
2935,2026-04-15T23:56:22.425331,0.05255122978714047,0.9997529302014116,4,0.8399182561307902,0.8,2,0.9940139580393049,0.08682154472466724,1,0.5687056615351042,exploit,1,0.5
2936,2026-04-15T23:56:22.425346,0.051903074795774704,0.9997554507211638,4,0.8399727613210759,0.8,2,0.9937922218112263,0.08648066867663423,1,0.5684998930972084,exploit,1,0.5
2937,2026-04-15T23:56:22.425361,0.057140750104669194,0.9997557784186668,4,0.8400272294077604,0.8,2,0.9932842581854701,0.08507980690724583,1,0.5682924121655528,exploit,1,0.5
2938,2026-04-15T23:56:22.425375,0.054292035613556194,0.9997528786425302,4,0.8400816604287172,0.8,2,0.993395681299992,0.08570930073033928,1,0.56808322392715,exploit,1,0.5
2939,2026-04-15T23:56:22.425390,0.047453817466138845,0.999782107757655,4,0.8401360544217688,0.8,2,0.9942526129143048,0.0863713578391185,1,0.567872333611695,exploit,1,0.5
2940,2026-04-15T23:56:22.425404,0.047980462346340284,0.9997921860095995,4,0.8401904114246855,0.8,2,0.9940648880115144,0.08589787039181845,1,0.5676597464914347,exploit,1,0.5
2941,2026-04-15T23:56:22.425421,0.04957340329699621,0.999787163678231,4,0.840244731475187,0.8,2,0.9943128762087707,0.08633655347251408,1,0.5674454678810361,exploit,1,0.5
2942,2026-04-15T23:56:22.425436,0.05337674220170768,0.9998024301678097,4,0.8402990146109413,0.8,2,0.9942411642013715,0.0872202520963824,1,0.5672295031374532,exploit,1,0.5
2943,2026-04-15T23:56:22.425453,0.05090604522333725,0.9997804047115014,4,0.8403532608695652,0.8,2,0.9942255269549457,0.08575479174159581,1,0.5670118576597935,exploit,1,0.5
2944,2026-04-15T23:56:22.425468,0.05104423177265781,0.9997851815479181,4,0.8404074702886248,0.8,2,0.9943063629940343,0.08616062636422424,1,0.5667925368891824,exploit,1,0.5
2945,2026-04-15T23:56:22.425482,0.04674881334449992,0.9998015653813116,4,0.8404616429056347,0.8,2,0.9942509967758689,0.08615389518198256,1,0.5665715463086279,exploit,1,0.5
2946,2026-04-15T23:56:22.425497,0.05056412284941457,0.9998082112504096,4,0.840515778758059,0.8,2,0.9943990392584136,0.08636666301347096,1,0.5663488914428829,exploit,1,0.5
2947,2026-04-15T23:56:22.425511,0.05766154690245305,0.9998045245230529,4,0.8405698778833107,0.8,2,0.994386171939379,0.08670693514808506,1,0.5661245778583076,exploit,1,0.5
2948,2026-04-15T23:56:22.425525,0.05173568900804062,0.9998116103514383,4,0.8406239403187521,0.8,2,0.9944078491234305,0.08654629699241262,1,0.5658986111627297,exploit,1,0.5
2949,2026-04-15T23:56:22.425540,0.051229274438814476,0.9998185178184189,4,0.8406779661016949,0.8,2,0.9946230535149634,0.08597668594862448,1,0.565670997005305,exploit,1,0.5
2950,2026-04-15T23:56:22.425554,0.052073231824891084,0.999820801892855,4,0.8407319552694003,0.8,2,0.9944091725242084,0.08706130606291203,1,0.5654417410763756,exploit,1,0.5
2951,2026-04-15T23:56:22.425569,0.05354171347357544,0.9998312232301734,4,0.8407859078590786,0.8,2,0.9945383939509868,0.08640595850622333,1,0.5652108491073276,exploit,1,0.5
2952,2026-04-15T23:56:22.425583,0.050483951027658944,0.9998212617917033,4,0.8408398239078902,0.8,2,0.9943826491715477,0.08581955649415432,1,0.5649783268704484,exploit,1,0.5
2953,2026-04-15T23:56:22.425597,0.048779135327496864,0.999826350378443,4,0.8408937034529451,0.8,2,0.9943987634756954,0.08680146738288358,1,0.5647441801787816,exploit,1,0.5
2954,2026-04-15T23:56:22.425612,0.04703547898059416,0.9998316137441597,4,0.8409475465313029,0.8,2,0.9944515726905773,0.0859733542332658,1,0.5645084148859826,exploit,1,0.5
2955,2026-04-15T23:56:22.425626,0.05351918002545135,0.9998258957307645,4,0.8410013531799729,0.8,2,0.9945244447208572,0.0862438900354863,1,0.5642710368861711,exploit,1,0.5
2956,2026-04-15T23:56:22.425640,0.04454638872679531,0.9998132900791717,4,0.8410551234359148,0.8,2,0.9950853677558249,0.08646302466494046,1,0.5640320521137849,exploit,1,0.5
2957,2026-04-15T23:56:22.425655,0.0519949477643296,0.999807406763462,4,0.8411088573360379,0.8,2,0.9955791870226343,0.08679171175278504,1,0.5637914665434309,exploit,1,0.5
2958,2026-04-15T23:56:22.425669,0.05388859719292278,0.9998100579907803,4,0.8411625549172017,0.8,2,0.9955957909323598,0.08646759024617783,1,0.5635492861897358,exploit,1,0.5
2959,2026-04-15T23:56:22.425683,0.0529576616368659,0.9998055958468655,4,0.8412162162162162,0.8,2,0.995511745369844,0.08579511752366215,1,0.5633055171071959,exploit,1,0.5
2960,2026-04-15T23:56:22.425703,0.050618087038254,0.9997893421094447,4,0.8412698412698413,0.8,2,0.9959220511290855,0.08631191365099122,1,0.5630601653900253,exploit,1,0.5
2961,2026-04-15T23:56:22.425719,0.05505328129720738,0.9997780071572839,4,0.8413234301147873,0.8,2,0.9960036766933451,0.08587455231281033,1,0.5628132371720045,exploit,1,0.5
2962,2026-04-15T23:56:22.425733,0.05224431657600806,0.9997499707428268,4,0.8413769827877151,0.8,2,0.9961598343555236,0.08581081280163172,1,0.5625647386263257,exploit,1,0.5
2963,2026-04-15T23:56:22.425747,0.054145628638251765,0.9997755530188919,4,0.8414304993252362,0.8,2,0.9963268092893547,0.08602834710815782,1,0.56231467596544,exploit,1,0.5
2964,2026-04-15T23:56:22.425761,0.05175471665943043,0.9997745724344818,4,0.8414839797639123,0.8,2,0.9963095440206922,0.08640348060235821,1,0.5620630554409007,exploit,1,0.5
2965,2026-04-15T23:56:22.425776,0.059097589532749295,0.9997707367014158,4,0.8415374241402562,0.8,2,0.9962678010955969,0.08646758887334727,1,0.5618098833432078,exploit,1,0.5
2966,2026-04-15T23:56:22.425791,0.04788505495662732,0.9997701630991094,4,0.8415908324907314,0.8,2,0.9960427499822445,0.0870333934999151,1,0.5615551660016506,exploit,1,0.5
2967,2026-04-15T23:56:22.425805,0.05792296403560566,0.9997631408124036,4,0.8416442048517521,0.8,2,0.9960243376288536,0.08654717857090494,1,0.5612989097841493,exploit,1,0.5
2968,2026-04-15T23:56:22.425819,0.051387648712365806,0.999766178624162,4,0.8416975412596834,0.8,2,0.9958182579843048,0.08659340734610521,1,0.5610411210970961,exploit,1,0.5
2969,2026-04-15T23:56:22.425834,0.052688530057345,0.9997609187112955,4,0.8417508417508418,0.8,2,0.9958414435375564,0.08632926225594523,1,0.5607818063851947,exploit,1,0.5
2970,2026-04-15T23:56:22.425848,0.04962228285595331,0.9997523235711763,4,0.8418041063614945,0.8,2,0.9958513260219617,0.08639184252536727,1,0.5605209721312994,exploit,1,0.5
2971,2026-04-15T23:56:22.425862,0.0554976923231187,0.9997572874793746,4,0.84185733512786,0.8,2,0.9958640237210747,0.08610056365322222,1,0.5602586248562529,exploit,1,0.5
2972,2026-04-15T23:56:22.425876,0.04382483585942233,0.999765196639495,4,0.8419105280861083,0.8,2,0.9961226597787866,0.08676440701723487,1,0.5599947711187234,exploit,1,0.5
2973,2026-04-15T23:56:22.425891,0.057101112147265945,0.9997618326853738,4,0.8419636852723604,0.8,2,0.9960874089171501,0.08623787408886856,1,0.5597294175150408,exploit,1,0.5
2974,2026-04-15T23:56:22.425905,0.05146215140609175,0.9997651068298148,4,0.8420168067226891,0.8,2,0.9959076564920677,0.08648372577158452,1,0.559462570679031,exploit,1,0.5
2975,2026-04-15T23:56:22.425920,0.05903750868212833,0.9997749766402917,4,0.8420698924731183,0.8,2,0.9957743235044587,0.08606230890916518,1,0.5591942372818515,exploit,1,0.5
2976,2026-04-15T23:56:22.425947,0.053587057911031646,0.9997805796116781,4,0.8421229425596238,0.8,2,0.9956671937970907,0.08676465244678966,1,0.5589244240318229,exploit,1,0.5
2977,2026-04-15T23:56:22.425966,0.0524591357516931,0.9997917215385363,4,0.842175957018133,0.8,2,0.9957975504161849,0.08616376458051403,1,0.5586531376742625,exploit,1,0.5
2978,2026-04-15T23:56:22.425981,0.04905485825594539,0.9997843962801689,4,0.842228935884525,0.8,2,0.9955869938444895,0.0872741587606018,1,0.5583803849913149,exploit,1,0.5
2979,2026-04-15T23:56:22.425995,0.049849476977584004,0.999799296564667,4,0.8422818791946308,0.8,2,0.9957416512533325,0.08616502268926476,1,0.5581061728017834,exploit,1,0.5
2980,2026-04-15T23:56:22.426009,0.05542759219130031,0.999816348363168,4,0.8423347869842335,0.8,2,0.9956990138097923,0.08643334200613473,1,0.5578305079609581,exploit,1,0.5
2981,2026-04-15T23:56:22.426023,0.047804228011359425,0.99980518146783,4,0.8423876592890678,0.8,2,0.9957444272759952,0.0857834766619978,1,0.5575533973604457,exploit,1,0.5
2982,2026-04-15T23:56:22.426038,0.056267766737685965,0.999809038762821,4,0.8424404961448206,0.8,2,0.9944831180691177,0.08514708596444925,1,0.5572748479279971,exploit,1,0.5
2983,2026-04-15T23:56:22.426052,0.047531828647453415,0.9997839455340514,4,0.8424932975871313,0.8,2,0.9940635845834902,0.08525183477367312,1,0.5569948666273331,exploit,1,0.5
2984,2026-04-15T23:56:22.426067,0.05301988476018751,0.9997772316814355,4,0.8425460636515912,0.8,2,0.9940396406696443,0.08655153768687661,1,0.5567134604579721,exploit,1,0.5
2985,2026-04-15T23:56:22.426081,0.046325803715177166,0.9997575751127674,4,0.8425987943737442,0.8,2,0.9940259293143359,0.0868511115411606,1,0.5564306364550534,exploit,1,0.5
2986,2026-04-15T23:56:22.426096,0.05421584459824379,0.9997658023913273,4,0.842651489789086,0.8,2,0.9938029291021651,0.08636844814826113,1,0.5561464016891624,exploit,1,0.5
2987,2026-04-15T23:56:22.426110,0.05090428169916096,0.9997436107489539,4,0.8427041499330656,0.8,2,0.993808386726738,0.08662132287464722,1,0.5558607632661534,exploit,1,0.5
2988,2026-04-15T23:56:22.426124,0.0548406916346717,0.999727047495583,4,0.842756774841084,0.8,2,0.9939673000934914,0.08587109408758345,1,0.5555737283269724,exploit,1,0.5
2989,2026-04-15T23:56:22.426138,0.05025746417009938,0.9997216914417533,4,0.842809364548495,0.8,2,0.9940002125075911,0.08601738531635374,1,0.5552853040474774,exploit,1,0.5
2990,2026-04-15T23:56:22.426153,0.04951530014855613,0.9997300326253945,4,0.8428619190906051,0.8,2,0.9940778893557696,0.08599768093719834,1,0.5549954976382607,exploit,1,0.5
2991,2026-04-15T23:56:22.426167,0.05085478904798211,0.9997312822031478,4,0.8429144385026738,0.8,2,0.9940724682987092,0.08596336141191603,1,0.5547043163444676,exploit,1,0.5
2992,2026-04-15T23:56:22.426181,0.04758485725175582,0.9997311601837915,4,0.8429669228199131,0.8,2,0.994003756768608,0.08691285458146669,1,0.5544117674456148,exploit,1,0.5
2993,2026-04-15T23:56:22.426196,0.04982511099668226,0.9997245707682593,4,0.8430193720774883,0.8,2,0.9935600465860643,0.08715636661580904,1,0.55411785825541,exploit,1,0.5
2994,2026-04-15T23:56:22.426210,0.05027110693974614,0.9997263944431302,4,0.8430717863105175,0.8,2,0.9936821943178111,0.08628966491023594,1,0.5538225961215674,exploit,1,0.5
2995,2026-04-15T23:56:22.426225,0.049246743191582384,0.9997318239775146,4,0.8431241655540721,0.8,2,0.9937849889810392,0.08625907966856665,1,0.5535259884256251,exploit,1,0.5
2996,2026-04-15T23:56:22.426239,0.045105490460907866,0.9997359551542496,4,0.8431765098431765,0.8,2,0.9938009706964757,0.08563976814560452,1,0.5532280425827598,exploit,1,0.5
2997,2026-04-15T23:56:22.426261,0.046822272598112474,0.9997346232658798,4,0.8432288192128086,0.8,2,0.9938250563688655,0.08650350276148369,1,0.5529287660416023,exploit,1,0.5
2998,2026-04-15T23:56:22.426276,0.04642150762218597,0.9997499594008296,4,0.8432810936978993,0.8,2,0.993841980856758,0.08670871215071402,1,0.5526281662840504,exploit,1,0.5
2999,2026-04-15T23:56:22.426291,0.04934670613303277,0.9997256344240251,4,0.8433333333333334,0.8,2,0.9938137235283184,0.08726486730152404,1,0.5523262508250825,exploit,1,0.5
3000,2026-04-15T23:56:22.426305,0.05112881591337065,0.9985620928960115,4,0.8430523158947018,0.8,2,0.0,0.09636987285456491,1,0.5520230272125694,explore,0,0.7
3001,2026-04-15T23:56:22.426320,0.052361170423620804,0.9978070486447205,4,0.8427714856762158,0.8,2,0.0,0.09700353403814796,1,0.5517185030270854,explore,0,0.7
3002,2026-04-15T23:56:22.426333,0.05478780437701326,0.9972234905086012,4,0.8424908424908425,0.8,2,0.0,0.09848043278937355,1,0.5514126858817194,explore,0,0.7
3003,2026-04-15T23:56:22.426347,0.04394514216490652,0.996709693089917,4,0.8422103861517976,0.8,2,0.0,0.09772312857646169,1,0.5511055834218841,explore,0,0.7
3004,2026-04-15T23:56:22.426360,0.05041830477085314,0.9963081040356525,4,0.8419301164725458,0.8,2,0.0,0.09766946290113451,1,0.550797203325125,explore,0,0.7
3005,2026-04-15T23:56:22.426374,0.053520937797828,0.9960428087746572,4,0.8416500332667998,0.8,2,0.0,0.09765461952818949,1,0.5504875533009285,explore,0,0.7
3006,2026-04-15T23:56:22.426387,0.05834266454061185,0.9957433452975076,4,0.8417026937146658,0.8,2,0.0,0.09761068933943039,1,0.5501766410905289,explore,0,0.7
3007,2026-04-15T23:56:22.426401,0.05531959751891225,0.9954580139099837,4,0.8417553191489362,0.8,2,0.0,0.09794304594866272,1,0.5498644744667156,explore,0,0.7
3008,2026-04-15T23:56:22.426414,0.04800779579481225,0.9953409575170821,4,0.8418079096045198,0.8,2,0.0,0.09771507338617633,1,0.5495510612336375,explore,0,0.7
3009,2026-04-15T23:56:22.426427,0.05234094076768195,0.995509012698762,4,0.8418604651162791,0.8,2,0.0,0.09772328881018179,1,0.5492364092266095,explore,0,0.7
3010,2026-04-15T23:56:22.426441,0.053218748216620954,0.9955935366228925,4,0.8419129857190302,0.8,2,0.0,0.09809294311304687,1,0.5489205263119152,explore,0,0.7
3011,2026-04-15T23:56:22.426457,0.05731148320086529,0.9956609911445948,4,0.8419654714475432,0.8,2,0.0,0.09794947517473716,1,0.5486034203866111,explore,0,0.7
3012,2026-04-15T23:56:22.426471,0.05210172835314408,0.9958016690976158,4,0.8420179223365416,0.8,2,0.0,0.097773402116205,1,0.5482850993783287,explore,0,0.7
3013,2026-04-15T23:56:22.426484,0.05574705522718282,0.9960372722044166,4,0.8420703384207033,0.8,2,0.0,0.09760934386859517,1,0.5479655712450768,explore,0,0.7
3014,2026-04-15T23:56:22.426497,0.048518045879823835,0.9964642441939303,4,0.84212271973466,0.8,2,0.0,0.09776868990741447,1,0.5476448439750419,explore,0,0.7
3015,2026-04-15T23:56:22.426511,0.0541171054491761,0.9969434880206663,4,0.8421750663129973,0.8,2,0.0,0.0976298205977336,1,0.547322925586389,explore,0,0.7
3016,2026-04-15T23:56:22.426524,0.05365207235208807,0.9976096579254822,4,0.8422273781902552,0.8,2,0.0,0.09737880611263762,1,0.5469998241270614,explore,0,0.7
3017,2026-04-15T23:56:22.426538,0.05020847986688651,0.998347657620361,4,0.8422796554009278,0.8,2,0.0,0.09659254567264523,1,0.5466755476745783,explore,0,0.7
3018,2026-04-15T23:56:22.426551,0.05340484704910835,0.9991721780280876,4,0.8423318979794634,0.8,2,0.0,0.09767864385877904,1,0.5463501043358345,explore,0,0.7
3019,2026-04-15T23:56:22.426564,0.05428081584578863,0.9998203607628305,4,0.8423841059602649,0.8,2,0.9947628443242351,0.09737899632364846,1,0.5460235022468963,explore,0,0.7
3020,2026-04-15T23:56:22.426579,0.05166549659010967,0.9998413092643137,4,0.8424362793776895,0.8,2,0.9956407268370353,0.09754830769124745,1,0.5456957495727991,explore,0,0.7
3021,2026-04-15T23:56:22.426593,0.050198332666726055,0.999828674171983,4,0.8424884182660489,0.8,2,0.9951247206129641,0.09757489461899754,1,0.5453668545073425,explore,0,0.7
3022,2026-04-15T23:56:22.426607,0.053842407001070625,0.9998202208538693,4,0.8425405226596097,0.8,2,0.9941923841568187,0.09720386923858215,1,0.545036825272886,explore,0,0.7
3023,2026-04-15T23:56:22.426622,0.05640971332303048,0.9998072122718683,4,0.8425925925925926,0.8,2,0.9945950916068351,0.09695668539521424,1,0.5447056701201434,explore,0,0.7
3024,2026-04-15T23:56:22.426636,0.05518706078221737,0.9998059586736736,4,0.8426446280991735,0.8,2,0.9945998972517136,0.09754307875415867,1,0.5443733973279762,explore,0,0.7
3025,2026-04-15T23:56:22.426662,0.04878972096535891,0.9998084715515306,4,0.8426966292134831,0.8,2,0.9942561352290487,0.09768100392842081,1,0.5440400152031869,explore,0,0.7
3026,2026-04-15T23:56:22.426677,0.05500809540346169,0.9997983750320467,4,0.8427485959696068,0.8,2,0.9943081683178716,0.09766217266104314,1,0.5437055320803112,explore,0,0.7
3027,2026-04-15T23:56:22.426692,0.05313905172612254,0.9997578775485497,4,0.8428005284015853,0.8,2,0.9942854032139592,0.09732651510643087,1,0.54336995632141,explore,0,0.7
3028,2026-04-15T23:56:22.426712,0.05373207404756171,0.9997473608458013,4,0.8428524265434136,0.8,2,0.9939607984767538,0.0981889746077235,1,0.5430332963158595,explore,0,0.7
3029,2026-04-15T23:56:22.426726,0.05083975636622398,0.9997628510458011,4,0.8429042904290429,0.8,2,0.9941787447982884,0.09758704585213653,1,0.5426955604801426,explore,0,0.7
3030,2026-04-15T23:56:22.426740,0.05084092349341028,0.9997680926116111,4,0.8429561200923787,0.8,2,0.9940952385535594,0.09750953147266006,1,0.5423567572576371,explore,0,0.7
3031,2026-04-15T23:56:22.426755,0.05952502556949635,0.9997554635139406,4,0.8430079155672823,0.8,2,0.9939655876067983,0.09756142114757671,1,0.5420168951184063,explore,0,0.7
3032,2026-04-15T23:56:22.426769,0.04801222454276323,0.999751333474972,4,0.8430596768875701,0.8,2,0.9939684495098486,0.09765905448003347,1,0.5416759825589862,explore,0,0.7
3033,2026-04-15T23:56:22.426783,0.050268857611014794,0.9997541749932548,4,0.8431114040870138,0.8,2,0.9940199700151962,0.0977546224706044,1,0.5413340281021725,explore,0,0.7
3034,2026-04-15T23:56:22.426798,0.04844776087723719,0.99976279842723,4,0.843163097199341,0.8,2,0.9934047146106784,0.09831236928981339,1,0.5409910402968092,explore,0,0.7
3035,2026-04-15T23:56:22.426812,0.04875324566285699,0.9997764444809121,4,0.8432147562582345,0.8,2,0.9935057280734062,0.09805573819375357,1,0.5406470277175733,explore,0,0.7
3036,2026-04-15T23:56:22.426898,0.05412384114379555,0.9997695558649184,4,0.8432663812973329,0.8,2,0.9933972742764134,0.09717530014936117,1,0.5403019989647616,explore,0,0.7
3037,2026-04-15T23:56:22.426915,0.054566252008577155,0.9997779866501403,4,0.8433179723502304,0.8,2,0.9934250025540527,0.09756687537629899,1,0.5399559626640748,explore,0,0.7
3038,2026-04-15T23:56:22.426929,0.049833021911078336,0.9997772157670364,4,0.8433695294504772,0.8,2,0.9930481758336329,0.09691102630972767,1,0.5396089274664024,explore,0,0.7
3039,2026-04-15T23:56:22.426943,0.04924043929658195,0.9997573788232167,4,0.843421052631579,0.8,2,0.99313283062701,0.09757646131773211,1,0.5392609020476063,explore,0,0.7
3040,2026-04-15T23:56:22.426962,0.051734016691957985,0.9997706076868047,4,0.8434725419269977,0.8,2,0.9931868429906636,0.09810767937568975,1,0.5389118951083038,explore,0,0.7
3041,2026-04-15T23:56:22.426977,0.0498686227150542,0.9997739064024674,4,0.8435239973701513,0.8,2,0.993398770629381,0.09729066424777233,1,0.5385619153736505,explore,0,0.7
3042,2026-04-15T23:56:22.426991,0.048247696943143924,0.9997635778559245,4,0.8435754189944135,0.8,2,0.9940535510623989,0.09753745657817091,1,0.538210971593121,explore,0,0.7
3043,2026-04-15T23:56:22.427006,0.0482331288892557,0.9997641624130054,4,0.8436268068331143,0.8,2,0.9940340384199975,0.09750741305711941,1,0.5378590725402921,explore,0,0.7
3044,2026-04-15T23:56:22.427020,0.04767168771586681,0.9997651851934511,4,0.8436781609195402,0.8,2,0.9941581833979699,0.09742262395337983,1,0.5375062270126212,explore,0,0.7
3045,2026-04-15T23:56:22.427034,0.05806447738408784,0.9997804220957953,4,0.8437294812869337,0.8,2,0.9941133852200144,0.09775831923440975,1,0.5371524438312287,explore,0,0.7
3046,2026-04-15T23:56:22.427048,0.05364971592922422,0.9997985536599233,4,0.8437807679684936,0.8,2,0.9939883763905203,0.0974826544360691,1,0.5367977318406753,explore,0,0.7
3047,2026-04-15T23:56:22.427063,0.05108623187805172,0.9998293781222504,4,0.8438320209973753,0.8,2,0.9939408224109731,0.09691972804118865,1,0.5364420999087425,explore,0,0.7
3048,2026-04-15T23:56:22.427077,0.048394303031190286,0.999848325911845,4,0.8438832404066907,0.8,2,0.9940548174160136,0.09738442127872746,1,0.53608555692621,explore,0,0.7
3049,2026-04-15T23:56:22.427091,0.054581592445030906,0.9998385304721298,4,0.8439344262295082,0.8,2,0.993878825667405,0.09774467453663332,1,0.5357281118066336,explore,0,0.7
3050,2026-04-15T23:56:22.427106,0.04731867404456891,0.9998376659139253,4,0.8439855784988528,0.8,2,0.993927937543962,0.09816607802886149,1,0.5353697734861231,explore,0,0.7
3051,2026-04-15T23:56:22.427120,0.04856144680682217,0.9998422310127294,4,0.8440366972477065,0.8,2,0.9939642297815493,0.09794006603877389,1,0.5350105509231176,explore,0,0.7
3052,2026-04-15T23:56:22.427134,0.05109425080934654,0.9998572910588235,4,0.8440877825090075,0.8,2,0.993854807319244,0.0977589924495164,1,0.5346504530981625,explore,0,0.7
3053,2026-04-15T23:56:22.427148,0.05112960316650786,0.9998583516931975,4,0.8441388343156516,0.8,2,0.9938548108082967,0.09752961538517631,1,0.5342894890136846,explore,0,0.7
3054,2026-04-15T23:56:22.427163,0.05234715483257591,0.9998475137475502,4,0.844189852700491,0.8,2,0.9941853996318277,0.09775203141810447,1,0.5339276676937673,explore,0,0.7
3055,2026-04-15T23:56:22.427177,0.056899556015827704,0.9998363407448523,4,0.8442408376963351,0.8,2,0.9941608282118525,0.09744401248078018,1,0.5335649981839246,explore,0,0.7
3056,2026-04-15T23:56:22.427191,0.04705312196921181,0.9998324821333369,4,0.8442917893359503,0.8,2,0.9943357811606772,0.09742740319134394,1,0.5332014895508755,explore,0,0.7
3057,2026-04-15T23:56:22.427206,0.054814437594489084,0.9998334701597043,4,0.8443427076520602,0.8,2,0.9943465186974794,0.09769832862116623,1,0.5328371508823171,explore,0,0.7
3058,2026-04-15T23:56:22.427220,0.04637406233076152,0.9998153047300131,4,0.8443935926773455,0.8,2,0.9949457735629019,0.09699759179908196,1,0.5324719912866966,explore,0,0.7
3059,2026-04-15T23:56:22.427234,0.04803962506260924,0.999828676933496,4,0.8444444444444444,0.8,2,0.9949295761743178,0.09738149131325798,1,0.5321060198929854,explore,0,0.7
3060,2026-04-15T23:56:22.427248,0.050900097345759586,0.9998389471215399,4,0.8444952629859523,0.8,2,0.9947761640733893,0.09722688767821519,1,0.531739245850449,explore,0,0.7
3061,2026-04-15T23:56:22.427278,0.05885855554486469,0.9998303573843854,4,0.8445460483344219,0.8,2,0.9947991586098534,0.0971753154283073,1,0.5313716783284195,explore,0,0.7
3062,2026-04-15T23:56:22.427293,0.04967555989887294,0.9998381862559291,4,0.8445968005223637,0.8,2,0.9949964309546122,0.09776779927315501,1,0.5310033265160655,explore,0,0.7
3063,2026-04-15T23:56:22.427307,0.04740598684875552,0.9998496339170356,4,0.8446475195822454,0.8,2,0.995012245955821,0.09759526150655912,1,0.5306341996221636,explore,0,0.7
3064,2026-04-15T23:56:22.427321,0.05323398160775496,0.9998474439105095,4,0.8446982055464927,0.8,2,0.9950132941481589,0.09733700094418768,1,0.5302643068748666,explore,0,0.7
3065,2026-04-15T23:56:22.427335,0.049363737928517365,0.9998373860050952,4,0.8447488584474886,0.8,2,0.995310038805706,0.09741870616692966,1,0.5298936575214739,explore,0,0.7
3066,2026-04-15T23:56:22.427350,0.04597300648180963,0.9998369696649183,4,0.8447994783175742,0.8,2,0.995416861225216,0.09724535840256952,1,0.5295222608282002,explore,0,0.7
3067,2026-04-15T23:56:22.427364,0.05091326900763696,0.999833337992316,4,0.8448500651890483,0.8,2,0.9957514844647222,0.09772621478410033,1,0.5291501260799434,explore,0,0.7
3068,2026-04-15T23:56:22.427378,0.05379827598088898,0.9998181832718569,4,0.8449006190941675,0.8,2,0.9958014771450323,0.09738902335885186,1,0.5287772625800529,explore,0,0.7
3069,2026-04-15T23:56:22.427393,0.049190314828473955,0.9998269848225876,4,0.8449511400651466,0.8,2,0.9960662473757832,0.09721238911391723,1,0.5284036796500966,explore,0,0.7
3070,2026-04-15T23:56:22.427407,0.050915041220167635,0.9997839699254255,4,0.8450016281341582,0.8,2,0.9955488308163265,0.09676999824512494,1,0.5280293866296285,explore,0,0.7
3071,2026-04-15T23:56:22.427421,0.05600749565517324,0.9997814888648003,4,0.8450520833333334,0.8,2,0.9952735729352435,0.09697349366162177,1,0.5276543928759544,explore,0,0.7
3072,2026-04-15T23:56:22.427463,0.05226136341510602,0.999772566192909,4,0.8451025056947609,0.8,2,0.9953970647762247,0.09739842915604512,1,0.527278707763899,explore,0,0.7
3073,2026-04-15T23:56:22.427479,0.051753710068570664,0.999763549482128,4,0.845152895250488,0.8,2,0.9953583568413944,0.09823363146178545,1,0.52690234068557,explore,0,0.7
3074,2026-04-15T23:56:22.427493,0.04918903249766529,0.9997717980686458,4,0.8452032520325203,0.8,2,0.9956610248952982,0.09714108354999598,1,0.526525301050125,explore,0,0.7
3075,2026-04-15T23:56:22.427507,0.05049676039116631,0.9997781052545243,4,0.8452535760728218,0.8,2,0.9957217529402085,0.09702873601043856,1,0.5261475982835354,explore,0,0.7
3076,2026-04-15T23:56:22.427522,0.051998989034917835,0.9997857957390152,4,0.8453038674033149,0.8,2,0.995740011074225,0.09766666859314636,1,0.5257692418283505,explore,0,0.7
3077,2026-04-15T23:56:22.427536,0.04895997328489225,0.9997698808580832,4,0.8453541260558805,0.8,2,0.9957450445033903,0.09745772471138486,1,0.5253902411434621,explore,0,0.7
3078,2026-04-15T23:56:22.427550,0.045496232445330055,0.9997944680171726,4,0.8454043520623579,0.8,2,0.9958262333188588,0.09742374352947436,1,0.5250106057038675,explore,0,0.7
3079,2026-04-15T23:56:22.427565,0.050000540877073715,0.9997666385129292,4,0.8454545454545455,0.8,2,0.9955094662766659,0.09723936560105954,1,0.524630345000433,explore,0,0.7
3080,2026-04-15T23:56:22.427579,0.04609740096842102,0.99976127945832,4,0.8455047062641999,0.8,2,0.995382024149629,0.09802537851305396,1,0.5242494685396561,explore,0,0.7
3081,2026-04-15T23:56:22.427594,0.05245979611454367,0.9997593639554734,4,0.845554834523037,0.8,2,0.9953507708326803,0.0972499778458023,1,0.5238679858434289,explore,0,0.7
3082,2026-04-15T23:56:22.427608,0.049311335599886263,0.9997581497589831,4,0.8456049302627311,0.8,2,0.99549012405105,0.09801743022881115,1,0.5234859064487988,explore,0,0.7
3083,2026-04-15T23:56:22.427622,0.054841743983367414,0.9997598551074748,4,0.8456549935149157,0.8,2,0.9952695862610773,0.09778560276514822,1,0.5231032399077304,explore,0,0.7
3084,2026-04-15T23:56:22.427636,0.051043149924260844,0.9997566723474169,4,0.8457050243111831,0.8,2,0.995271472537427,0.09734143624889005,1,0.522719995786868,explore,0,0.7
3085,2026-04-15T23:56:22.427654,0.0474005284580786,0.9997424648450244,4,0.8457550226830849,0.8,2,0.9952778101713673,0.09709438748592661,1,0.522336183667294,explore,0,0.7
3086,2026-04-15T23:56:22.427677,0.04829304318539228,0.9997422620746325,4,0.8458049886621315,0.8,2,0.9952614143513001,0.09757102638892887,1,0.5219518131442917,explore,0,0.7
3087,2026-04-15T23:56:22.427714,0.04835641404510468,0.9997378104976974,4,0.8458549222797928,0.8,2,0.9952670568283144,0.09723399666382172,1,0.5215668938271041,explore,0,0.7
3088,2026-04-15T23:56:22.427735,0.04912651186679533,0.9997466747280214,4,0.8459048235674975,0.8,2,0.9953534260995103,0.09700799435683635,1,0.5211814353386942,explore,0,0.7
3089,2026-04-15T23:56:22.427755,0.05561160696708493,0.9997450097095415,4,0.8459546925566344,0.8,2,0.9950903065983085,0.09812768985704279,1,0.5207954473155039,explore,0,0.7
3090,2026-04-15T23:56:22.427781,0.052040999715810485,0.999774296184971,4,0.8460045292785506,0.8,2,0.9954162782465034,0.09821803262841206,1,0.5204089394072138,explore,0,0.7
3091,2026-04-15T23:56:22.427907,0.04956915162069793,0.9997951484051543,4,0.8460543337645536,0.8,2,0.9957103730180911,0.09752433199557925,1,0.5200219212765016,explore,0,0.7
3092,2026-04-15T23:56:22.427932,0.05344278583895877,0.9998019748060457,4,0.8461041060459101,0.8,2,0.9957603869835252,0.09751801966254041,1,0.5196344025988002,explore,0,0.7
3093,2026-04-15T23:56:22.427947,0.04312809436711528,0.9998074661584866,4,0.8461538461538461,0.8,2,0.9956554192225104,0.09739889018812971,1,0.5192463930620566,explore,0,0.7
3094,2026-04-15T23:56:22.427966,0.049717277417768685,0.999792400208914,4,0.8462035541195476,0.8,2,0.9956714523937059,0.09755229940903154,1,0.5188579023664888,explore,0,0.7
3095,2026-04-15T23:56:22.427981,0.058816713281349076,0.9997955859015814,4,0.8462532299741602,0.8,2,0.9956775693340931,0.0976064143524423,1,0.518468940224344,explore,0,0.7
3096,2026-04-15T23:56:22.427995,0.049798593083661205,0.9997980237040411,4,0.8463028737487891,0.8,2,0.9951685170085183,0.09699662140215116,1,0.5180795163596554,explore,0,0.7
3097,2026-04-15T23:56:22.428010,0.044010853838838404,0.9998158862867997,4,0.8463524854744997,0.8,2,0.9943709260582214,0.09836033681847449,1,0.5176896405079995,explore,0,0.7
3098,2026-04-15T23:56:22.428025,0.05494640882978095,0.9998212434694045,4,0.8464020651823169,0.8,2,0.9942554933373536,0.09785518530162157,1,0.5172993224162523,explore,0,0.7
3099,2026-04-15T23:56:22.428039,0.05413012935481263,0.9998111934936871,4,0.8464516129032258,0.8,2,0.9945766791485158,0.09735702777874206,1,0.5169085718423456,explore,0,0.7
3100,2026-04-15T23:56:22.428054,0.050637486587787495,0.9988434238232531,4,0.8461786520477266,0.8,2,0.0,0.08579677347780022,0,0.5165173985550238,exploit,1,0.5
3101,2026-04-15T23:56:22.428068,0.05009010592972382,0.9980649068512578,4,0.845905867182463,0.8,2,0.0,0.08652356164850604,0,0.516125812333598,exploit,1,0.5
3102,2026-04-15T23:56:22.428082,0.05255996599072185,0.997375851139907,4,0.8456332581372865,0.8,2,0.0,0.08682108015290536,0,0.5157338229677041,exploit,1,0.5
3103,2026-04-15T23:56:22.428096,0.04671566900436814,0.9967688131505824,4,0.845360824742268,0.8,2,0.0,0.08656517425146744,0,0.5153414402570552,exploit,1,0.5
3104,2026-04-15T23:56:22.428109,0.050188376397225884,0.9962410038591512,4,0.8450885668276973,0.8,2,0.0,0.08602081317998336,0,0.514948674011199,exploit,1,0.5
3105,2026-04-15T23:56:22.428124,0.046837459588386456,0.9956151148218711,4,0.8451384417256922,0.8,2,0.0,0.08617761854121514,0,0.5145555340492711,exploit,1,0.5
3106,2026-04-15T23:56:22.428137,0.05090131766342625,0.9953491149143168,4,0.8451882845188284,0.8,2,0.0,0.0867765232466739,0,0.51416203019975,exploit,1,0.5
3107,2026-04-15T23:56:22.428151,0.05225014829573931,0.9950861131124418,4,0.8452380952380952,0.8,2,0.0,0.08673484202657822,0,0.5137681723002117,exploit,1,0.5
3108,2026-04-15T23:56:22.428165,0.04986216602828433,0.9950534224207824,4,0.8452878739144419,0.8,2,0.0,0.08629825730936158,0,0.5133739701970829,exploit,1,0.5
3109,2026-04-15T23:56:22.428179,0.04793879015878987,0.9947922819474055,4,0.8453376205787781,0.8,2,0.0,0.08599750594148517,0,0.5129794337453957,exploit,1,0.5
3110,2026-04-15T23:56:22.428192,0.04869170761070519,0.9947923203654455,4,0.8453873352619736,0.8,2,0.0,0.08676263649046718,0,0.5125845728085409,exploit,1,0.5
3111,2026-04-15T23:56:22.428206,0.05508609568597296,0.99495752307663,4,0.8454370179948586,0.8,2,0.0,0.08653057267206293,0,0.5121893972580213,exploit,1,0.5
3112,2026-04-15T23:56:22.428219,0.044114057689836235,0.995263411590409,4,0.8454866688082235,0.8,2,0.0,0.08633651012648945,0,0.5117939169732051,exploit,1,0.5
3113,2026-04-15T23:56:22.428233,0.04991140748074491,0.9955030655961036,4,0.8455362877328195,0.8,2,0.0,0.08623307941488828,0,0.5113981418410789,exploit,1,0.5
3114,2026-04-15T23:56:22.428247,0.046226305641882334,0.996079998114486,4,0.845585874799358,0.8,2,0.0,0.087071663202098,0,0.5110020817560003,exploit,1,0.5
3115,2026-04-15T23:56:22.428283,0.05089651894696681,0.9966859351759241,4,0.8456354300385109,0.8,2,0.0,0.08801419584088561,0,0.5106057466194507,exploit,1,0.5
3116,2026-04-15T23:56:22.428297,0.048357171466908364,0.997430515739814,4,0.8456849534809111,0.8,2,0.0,0.08663545511084524,0,0.5102091463397882,exploit,1,0.5
3117,2026-04-15T23:56:22.428310,0.047597478891940395,0.9981976094977573,4,0.845734445157152,0.8,2,0.0,0.08519390909048853,0,0.5098122908319987,exploit,1,0.5
3118,2026-04-15T23:56:22.428324,0.05033947611161403,0.9989486289194791,4,0.8457839050977878,0.8,2,0.0,0.08588806088937828,0,0.5094151900174497,exploit,1,0.5
3119,2026-04-15T23:56:22.428337,0.0557306309837405,0.9998394526363977,4,0.8458333333333333,0.8,2,0.9955293730267414,0.08639186354072118,0,0.5090178538236405,exploit,1,0.5
3120,2026-04-15T23:56:22.428352,0.043379153202387666,0.9998433257939523,4,0.8458827298942646,0.8,2,0.9958804971809349,0.0869557236571726,0,0.5086202921839555,exploit,1,0.5
3121,2026-04-15T23:56:22.428404,0.044842612909315155,0.999828640414953,4,0.8459320948110186,0.8,2,0.9958097480872774,0.08705617996248557,0,0.5082225150374148,exploit,1,0.5
3122,2026-04-15T23:56:22.428419,0.050926436146061946,0.9998184462582063,4,0.8459814281139929,0.8,2,0.9952658193962586,0.08659930437859549,0,0.5078245323284263,exploit,1,0.5
3123,2026-04-15T23:56:22.428434,0.0437849814392392,0.9998061137483255,4,0.8460307298335468,0.8,2,0.9955007131363263,0.08574646793043265,0,0.5074263540065374,exploit,1,0.5
3124,2026-04-15T23:56:22.428452,0.050406458440363615,0.9998049395634274,4,0.84608,0.8,2,0.9955315558568252,0.08663846894595549,0,0.5070279900261848,exploit,1,0.5
3125,2026-04-15T23:56:22.428467,0.03749232653081671,0.9998070566965196,4,0.846129238643634,0.8,2,0.9955329447204404,0.08580600392842082,0,0.5066294503464479,exploit,1,0.5
3126,2026-04-15T23:56:22.428481,0.049346125908251465,0.9997985981966663,4,0.8461784457946914,0.8,2,0.9956699500725883,0.08625153982805055,0,0.5062307449307973,exploit,1,0.5
3127,2026-04-15T23:56:22.428496,0.05357465330665254,0.9997544082182335,4,0.8462276214833759,0.8,2,0.9955573796737625,0.08571760628848063,0,0.5058318837468483,exploit,1,0.5
3128,2026-04-15T23:56:22.428510,0.04485487491013771,0.9997452576408572,4,0.846276765739853,0.8,2,0.9952763678010016,0.0863139746077235,0,0.505432876766109,exploit,1,0.5
3129,2026-04-15T23:56:22.428525,0.05160382300611448,0.9997624035192997,4,0.8463258785942492,0.8,2,0.9952824250358493,0.08679530723082635,0,0.5050337339637339,exploit,1,0.5
3130,2026-04-15T23:56:22.428539,0.050436341537094524,0.9997670494130007,4,0.8463749600766528,0.8,2,0.9953011125124884,0.08614464231374194,0,0.5046344653182716,exploit,1,0.5
3131,2026-04-15T23:56:22.428554,0.051028640007345936,0.9997566453712601,4,0.8464240102171137,0.8,2,0.995004495567843,0.08676956837060085,0,0.5042350808114178,exploit,1,0.5
3132,2026-04-15T23:56:22.428569,0.05060671348653879,0.9997515443728759,4,0.8464730290456431,0.8,2,0.9950047351404196,0.08627891605538082,0,0.5038355904277643,exploit,1,0.5
3133,2026-04-15T23:56:22.428583,0.051556381731630685,0.9997538939464372,4,0.8465220165922144,0.8,2,0.9949820909143858,0.08647308911583795,0,0.5034360041545498,exploit,1,0.5
3134,2026-04-15T23:56:22.428598,0.05697310149818111,0.9997630802437856,4,0.8465709728867623,0.8,2,0.994423748852964,0.08655936522212981,0,0.5030363319814105,exploit,1,0.5
3135,2026-04-15T23:56:22.428613,0.045891144731056835,0.999775679938185,4,0.8466198979591837,0.8,2,0.9945916442273233,0.08644482559853761,0,0.5026365839001298,exploit,1,0.5
3136,2026-04-15T23:56:22.428627,0.04635676106069136,0.9997679315740856,4,0.846668791839337,0.8,2,0.9945264940393801,0.08604876037449762,0,0.5022367699043889,exploit,1,0.5
3137,2026-04-15T23:56:22.428642,0.04857867541117197,0.9997777534416955,4,0.8467176545570427,0.8,2,0.99459286348145,0.08675643395209008,0,0.5018368999895169,exploit,1,0.5
3138,2026-04-15T23:56:22.428656,0.043387692872350545,0.9997779444390048,4,0.8467664861420835,0.8,2,0.9945375412992155,0.08701014684612383,0,0.5014369841522408,exploit,1,0.5
3139,2026-04-15T23:56:22.428670,0.04973030765422008,0.9997602681021578,4,0.8468152866242038,0.8,2,0.9944142888496477,0.08587625679955165,0,0.5010370323904357,exploit,1,0.5
3140,2026-04-15T23:56:22.428685,0.04801892384349732,0.9997768445725812,4,0.8468640560331104,0.8,2,0.9944146117120475,0.08623267937568975,0,0.5006370547028749,exploit,1,0.5
3141,2026-04-15T23:56:22.428710,0.04079349450972569,0.9997808484201535,4,0.8469127943984723,0.8,2,0.9944883712567132,0.08649398138429992,0,0.5002370610889797,exploit,1,0.5
3142,2026-04-15T23:56:22.428725,0.04293354308740761,0.9997718937630409,4,0.8469615017499205,0.8,2,0.9949197141772466,0.08608731954842741,0,0.4998370615485696,exploit,1,0.5
3143,2026-04-15T23:56:22.428740,0.04922686188490953,0.9997730945473899,4,0.8470101781170484,0.8,2,0.9949174350998091,0.08692752244038078,0,0.4994370660816124,exploit,1,0.5
3144,2026-04-15T23:56:22.428755,0.044740603004110036,0.9997740458353503,4,0.8470588235294118,0.8,2,0.9949365723044785,0.08621191427293767,0,0.4990370846879737,exploit,1,0.5
3145,2026-04-15T23:56:22.428769,0.05076918171982037,0.9997901807312696,4,0.8471074380165289,0.8,2,0.9948959500492743,0.08608972759110581,0,0.4986371273671678,exploit,1,0.5
3146,2026-04-15T23:56:22.428784,0.046295953276081145,0.9998055351224095,4,0.8471560216078805,0.8,2,0.9949191617633688,0.08603531508622499,0,0.4982372041181066,exploit,1,0.5
3147,2026-04-15T23:56:22.428798,0.04650846009742815,0.9998391635632254,4,0.8472045743329097,0.8,2,0.9951415268451635,0.0863586737084851,0,0.49783732493885063,exploit,1,0.5
3148,2026-04-15T23:56:22.428813,0.04596556694821737,0.9998561667681073,4,0.8472530962210225,0.8,2,0.9952681804905223,0.08573784060154038,0,0.4974374998263587,exploit,1,0.5
3149,2026-04-15T23:56:22.428828,0.04830644098244914,0.9998474097416608,4,0.8473015873015873,0.8,2,0.9952177224377148,0.086273932364228,0,0.49703773877623747,exploit,1,0.5
3150,2026-04-15T23:56:22.428842,0.04608729760694336,0.9998465195743049,4,0.8473500476039353,0.8,2,0.9952017477421025,0.08674787109556478,0,0.49663805178249276,exploit,1,0.5
3151,2026-04-15T23:56:22.428857,0.047240586195304156,0.9998480336875925,4,0.8473984771573604,0.8,2,0.9954990631810487,0.08611667098361452,0,0.4962384488372782,exploit,1,0.5
3152,2026-04-15T23:56:22.428872,0.04543071549953914,0.9998625823211923,4,0.8474468759911196,0.8,2,0.9953376058759089,0.08634807399451166,0,0.4958389399306469,exploit,1,0.5
3153,2026-04-15T23:56:22.428886,0.049636678161463735,0.9998633592425455,4,0.8474952441344324,0.8,2,0.9952855784209714,0.08686893201019197,0,0.49543953505030053,exploit,1,0.5
3154,2026-04-15T23:56:22.428901,0.04438920734917344,0.9998516030981706,4,0.8475435816164818,0.8,2,0.9956161481396224,0.0868174786614797,0,0.4950402441813405,exploit,1,0.5
3155,2026-04-15T23:56:22.428915,0.046979460713668916,0.9998403554833687,4,0.8475918884664132,0.8,2,0.995661215223841,0.08664337165185099,0,0.4946410773060175,exploit,1,0.5
3156,2026-04-15T23:56:22.428930,0.047392818197042996,0.9998394516035708,4,0.8476401647133355,0.8,2,0.9959017837073045,0.08682069992843801,0,0.4942420444034827,exploit,1,0.5
3157,2026-04-15T23:56:22.428944,0.0492215744380567,0.9998402570661373,4,0.8476884103863205,0.8,2,0.9961419751866597,0.08686199889263686,0,0.49384315544953805,exploit,1,0.5
3158,2026-04-15T23:56:22.428962,0.048337383471052146,0.9998218049759667,4,0.8477366255144033,0.8,2,0.9959940785921546,0.08540456911631389,0,0.49344442041638636,exploit,1,0.5
3159,2026-04-15T23:56:22.428977,0.0456552321492222,0.9998331135332578,4,0.8477848101265822,0.8,2,0.9961638102868002,0.0864837630580814,0,0.493045849272383,exploit,1,0.5
3160,2026-04-15T23:56:22.428991,0.04751633883752176,0.9998433682015095,4,0.8478329642518191,0.8,2,0.995932800941792,0.08569264818018751,0,0.49264745198178544,exploit,1,0.5
3161,2026-04-15T23:56:22.429006,0.04703170094326764,0.9998358801583876,4,0.8478810879190386,0.8,2,0.9958799745920621,0.08622518296543868,0,0.4922492385045056,exploit,1,0.5
3162,2026-04-15T23:56:22.429020,0.04695236885249456,0.9998426359378181,4,0.8479291811571293,0.8,2,0.9957147234258831,0.08712095427284347,0,0.4918512187958593,exploit,1,0.5
3163,2026-04-15T23:56:22.429035,0.047374241811660806,0.9998535571372452,4,0.8479772439949431,0.8,2,0.9956912500172143,0.08603827040095641,0,0.4914534028063188,exploit,1,0.5
3164,2026-04-15T23:56:22.429049,0.04087480393818012,0.9998512438958156,4,0.8480252764612954,0.8,2,0.9956925330521251,0.0862743186218045,0,0.4910558004812629,exploit,1,0.5
3165,2026-04-15T23:56:22.429064,0.04109769395230134,0.9998424618839505,4,0.8480732785849653,0.8,2,0.9957993391475486,0.08618426042342468,0,0.4906584217607291,exploit,1,0.5
3166,2026-04-15T23:56:22.429078,0.044175104978345626,0.9998418069658311,4,0.8481212503946953,0.8,2,0.9955765065339794,0.08705479591784636,0,0.49026127657916485,exploit,1,0.5
3167,2026-04-15T23:56:22.429093,0.04240762583537285,0.9998365128919396,4,0.8481691919191919,0.8,2,0.9958337670911879,0.08647647820358038,0,0.4898643748651788,exploit,1,0.5
3168,2026-04-15T23:56:22.429118,0.04771897053919978,0.9998216944353585,4,0.8482171031871253,0.8,2,0.9952750257003664,0.08747460994989444,0,0.4894677265412934,exploit,1,0.5
3169,2026-04-15T23:56:22.429133,0.045570189941523384,0.9998302963490782,4,0.8482649842271294,0.8,2,0.9953133181293439,0.08679817959740395,0,0.4890713415236957,exploit,1,0.5
3170,2026-04-15T23:56:22.429148,0.0495562506054773,0.9997917433564155,4,0.848312835067802,0.8,2,0.9943369047648007,0.08502101105822393,0,0.4886752297219909,exploit,1,0.5
3171,2026-04-15T23:56:22.429162,0.045585751902242594,0.9997896997966419,4,0.8483606557377049,0.8,2,0.994285564524208,0.08672134389652102,0,0.48827940103895306,exploit,1,0.5
3172,2026-04-15T23:56:22.429177,0.04927910395478366,0.9997825838277634,4,0.848408446265364,0.8,2,0.9944064920447613,0.08624994782275333,0,0.4878838653702788,exploit,1,0.5
3173,2026-04-15T23:56:22.429192,0.04365661088704263,0.9997752588422495,4,0.848456206679269,0.8,2,0.994369556798057,0.08639236315022264,0,0.48748863260433933,exploit,1,0.5
3174,2026-04-15T23:56:22.429206,0.043706851479338886,0.9997846876085279,4,0.848503937007874,0.8,2,0.9944689820982682,0.08595938654352007,0,0.487093712621933,exploit,1,0.5
3175,2026-04-15T23:56:22.429221,0.048619838069736694,0.9997902214893069,4,0.8485516372795969,0.8,2,0.9944203895297344,0.0857725122967916,0,0.4866991152960391,exploit,1,0.5
3176,2026-04-15T23:56:22.429235,0.050434755112710936,0.9997958286330819,4,0.8485993075228203,0.8,2,0.9944460094496635,0.08664197259708337,0,0.4863048504915699,exploit,1,0.5
3177,2026-04-15T23:56:22.429250,0.04145517248412053,0.9997773350871726,4,0.8486469477658904,0.8,2,0.9944136355881493,0.08667890527470093,0,0.48591092806512526,exploit,1,0.5
3178,2026-04-15T23:56:22.429288,0.04702948682072368,0.9998030717824515,4,0.8486945580371186,0.8,2,0.9946342553649575,0.08648807475684679,0,0.48551735786474504,exploit,1,0.5
3179,2026-04-15T23:56:22.429303,0.04255906959859128,0.9997787099915421,4,0.8487421383647799,0.8,2,0.9942991018925649,0.08562087929787657,0,0.485124149729664,exploit,1,0.5
3180,2026-04-15T23:56:22.429318,0.044310915252353186,0.9997736986174909,4,0.8487896887771141,0.8,2,0.9943346252041214,0.08645056792425496,0,0.4847313134900648,exploit,1,0.5
3181,2026-04-15T23:56:22.429333,0.05055684570501733,0.9997694041208871,4,0.8488372093023255,0.8,2,0.9943502659275079,0.08651230611454863,0,0.48433885896683315,exploit,1,0.5
3182,2026-04-15T23:56:22.429347,0.04801252738687508,0.9997678164334919,4,0.8488846999685831,0.8,2,0.9944949015004774,0.08718926857691012,0,0.4839467959713118,exploit,1,0.5
3183,2026-04-15T23:56:22.429362,0.04967437113216441,0.9997690163092244,4,0.8489321608040201,0.8,2,0.9943474044229257,0.08632176125668953,0,0.48355513430505487,exploit,1,0.5
3184,2026-04-15T23:56:22.429376,0.045945264548972714,0.999765476282413,4,0.8489795918367347,0.8,2,0.9942955812450289,0.08677587841007903,0,0.48316388375958397,exploit,1,0.5
3185,2026-04-15T23:56:22.429391,0.05020254725101293,0.9997483388428239,4,0.8490269930947897,0.8,2,0.9941485866540528,0.08550533681925954,0,0.4827730541161421,exploit,1,0.5
3186,2026-04-15T23:56:22.429405,0.04428506976851841,0.999748254227931,4,0.8490743646062128,0.8,2,0.9942028172538612,0.08681559584820868,0,0.48238265514545015,exploit,1,0.5
3187,2026-04-15T23:56:22.429422,0.0426137163281176,0.9997453769524309,4,0.8491217063989962,0.8,2,0.9939650848500106,0.08541042755203106,0,0.4819926966074619,exploit,1,0.5
3188,2026-04-15T23:56:22.429437,0.044320870090809705,0.9997535081159887,4,0.8491690185010975,0.8,2,0.9945638955150236,0.08609500522222259,0,0.48160318825112075,exploit,1,0.5
3189,2026-04-15T23:56:22.429455,0.045568664193592096,0.9997511652119161,4,0.8492163009404389,0.8,2,0.9944481038706564,0.0869186489475049,0,0.481214139814115,exploit,1,0.5
3190,2026-04-15T23:56:22.429469,0.04307022378001345,0.99977719157218,4,0.8492635537449076,0.8,2,0.9950747114148925,0.08722659971853051,0,0.4808255610226354,exploit,1,0.5
3191,2026-04-15T23:56:22.429484,0.048484402704779515,0.9997984797123375,4,0.8493107769423559,0.8,2,0.9952328773748179,0.08630597708705068,0,0.48043746159113176,exploit,1,0.5
3192,2026-04-15T23:56:22.429498,0.04803040249977529,0.9998042668008883,4,0.8493579705606014,0.8,2,0.9950639775653674,0.0857193994205485,0,0.48004985122206933,exploit,1,0.5
3193,2026-04-15T23:56:22.429513,0.045685844317237684,0.999808249352205,4,0.8494051346274264,0.8,2,0.995017768975792,0.08632626064580362,0,0.4796627396056874,exploit,1,0.5
3194,2026-04-15T23:56:22.429528,0.042699038829277176,0.9997944657494398,4,0.849452269170579,0.8,2,0.9949441326249967,0.08687822285957661,0,0.47927613641975597,exploit,1,0.5
3195,2026-04-15T23:56:22.429542,0.05192875314196947,0.9997970750499418,4,0.8494993742177722,0.8,2,0.9949047239293669,0.08715079192835994,0,0.4788900513293348,exploit,1,0.5
3196,2026-04-15T23:56:22.429557,0.04313402533568394,0.9997995872097664,4,0.8495464497966844,0.8,2,0.9945160856840045,0.08797387372437793,0,0.47850449398653083,exploit,1,0.5
3197,2026-04-15T23:56:22.429572,0.047082721382310996,0.9998195333712111,4,0.8495934959349594,0.8,2,0.9938667033469659,0.08718801339278598,0,0.4781194740302576,exploit,1,0.5
3198,2026-04-15T23:56:22.429586,0.04208505551281605,0.9998255239401366,4,0.8496405126602063,0.8,2,0.993864777422613,0.08652123322095745,0,0.47773500108599415,exploit,1,0.5
3199,2026-04-15T23:56:22.429601,0.049831942507498866,0.9998153051492841,4,0.8496875,0.8,2,0.9942303957050049,0.08643917140128612,0,0.4773510847655438,exploit,1,0.5
3200,2026-04-15T23:56:22.429615,0.04863370006282985,0.9990155602735536,4,0.8494220556076226,0.8,2,0.0,0.09695768680990838,0,0.47696773466679476,explore,0,0.7
3201,2026-04-15T23:56:22.429629,0.04803579424913012,0.9982545446675941,4,0.849156777014366,0.8,2,0.0,0.09700353403814796,0,0.4765849603734795,explore,0,0.7
3202,2026-04-15T23:56:22.429642,0.050318561831485004,0.9975915967658722,4,0.8488916640649391,0.8,2,0.0,0.09848043278937355,0,0.4762027714549351,explore,0,0.7
3203,2026-04-15T23:56:22.429656,0.03998969690127083,0.99701677872394,4,0.8486267166042447,0.8,2,0.0,0.09772312857646169,0,0.47582117746586516,explore,0,0.7
3204,2026-04-15T23:56:22.429670,0.04611322378475172,0.996547866920368,4,0.8486739469578783,0.8,2,0.0,0.09766946290113451,0,0.4754401879460992,explore,0,0.7
3205,2026-04-15T23:56:22.429683,0.049239959558347285,0.9963737441434791,4,0.8487211478477854,0.8,2,0.0,0.09765461952818949,0,0.4750598124203555,explore,0,0.7
3206,2026-04-15T23:56:22.429696,0.05378179002450988,0.9959921851660412,4,0.848768319301528,0.8,2,0.0,0.09761068933943039,0,0.47468006039800203,explore,0,0.7
3207,2026-04-15T23:56:22.429715,0.050839829019913074,0.9957965254868664,4,0.8488154613466334,0.8,2,0.0,0.09794304594866272,0,0.47430094137282014,explore,0,0.7
3208,2026-04-15T23:56:22.429729,0.04383546551312779,0.9955434979775168,4,0.8488625740105952,0.8,2,0.0,0.09771507338617633,0,0.47392246482276545,explore,0,0.7
3209,2026-04-15T23:56:22.429742,0.04805356427871849,0.9956835665978444,4,0.8489096573208723,0.8,2,0.0,0.09772328881018179,0,0.4735446402097317,explore,0,0.7
3210,2026-04-15T23:56:22.429756,0.04890261383373559,0.9957843492436755,4,0.8489567113048895,0.8,2,0.0,0.09809294311304687,0,0.4731674769793151,explore,0,0.7
3211,2026-04-15T23:56:22.429769,0.05267641209259361,0.9958953362731817,4,0.8490037359900373,0.8,2,0.0,0.09794947517473716,0,0.4727909845605765,explore,0,0.7
3212,2026-04-15T23:56:22.429783,0.04795608990224202,0.9960453790429945,4,0.8490507314036726,0.8,2,0.0,0.097773402116205,0,0.4724151723658067,explore,0,0.7
3213,2026-04-15T23:56:22.429796,0.05131988292392267,0.9964423796158717,4,0.8490976975731176,0.8,2,0.0,0.09760934386859517,0,0.47204004979029085,explore,0,0.7
3214,2026-04-15T23:56:22.429810,0.04442913065003368,0.9966882626392146,4,0.8491446345256609,0.8,2,0.0,0.09776868990741447,0,0.4716656262120742,explore,0,0.7
3215,2026-04-15T23:56:22.429823,0.04970305005146709,0.9970686431959479,4,0.8491915422885572,0.8,2,0.0,0.0976298205977336,0,0.47129191099172657,explore,0,0.7
3216,2026-04-15T23:56:22.429854,0.04935200684789364,0.9975144457438295,4,0.849238420889027,0.8,2,0.0,0.09737880611263762,0,0.4709189134721086,explore,0,0.7
3217,2026-04-15T23:56:22.429869,0.04601076536142239,0.9980991554528813,4,0.8492852703542573,0.8,2,0.0,0.09659254567264523,0,0.4705466429781395,explore,0,0.7
3218,2026-04-15T23:56:22.429882,0.0490071223641184,0.9989525296411691,4,0.849332090711401,0.8,2,0.0,0.09767864385877904,0,0.4701751088165619,explore,0,0.7
3219,2026-04-15T23:56:22.429896,0.049720637375831336,0.9998325360627698,4,0.8493788819875776,0.8,2,0.9955627821751916,0.09737899632364846,0,0.4698043202757105,explore,0,0.7
3220,2026-04-15T23:56:22.429910,0.04754853463995467,0.9998413092647868,4,0.8494256442098728,0.8,2,0.9956464768750692,0.09754830769124745,0,0.46943428662527925,explore,0,0.7
3221,2026-04-15T23:56:22.429925,0.046073098871234175,0.9998286741726445,4,0.8494723774053383,0.8,2,0.9951361038592048,0.09757489461899754,0,0.4690650171160907,explore,0,0.7
3222,2026-04-15T23:56:22.429940,0.04946969414387825,0.9998202208547174,4,0.8495190816009929,0.8,2,0.9942045063936783,0.09720386923858215,0,0.46869652097986303,explore,0,0.7
3223,2026-04-15T23:56:22.429958,0.052160147240036356,0.999807212272707,4,0.8495657568238213,0.8,2,0.9945981320129436,0.09695668539521424,0,0.4683288074289802,explore,0,0.7
3224,2026-04-15T23:56:22.429973,0.050745678295243964,0.9998059586745285,4,0.8496124031007752,0.8,2,0.994601168585704,0.09754307875415867,0,0.4679618856562624,explore,0,0.7
3225,2026-04-15T23:56:22.429988,0.045005047078516366,0.9998084715522693,4,0.8496590204587725,0.8,2,0.9942611265863998,0.09768100392842081,0,0.46759576483473453,explore,0,0.7
3226,2026-04-15T23:56:22.430003,0.05061651615545921,0.9997983750327591,4,0.8497056089246978,0.8,2,0.9943142082390111,0.09766217266104314,0,0.46723045411739805,explore,0,0.7
3227,2026-04-15T23:56:22.430018,0.04867786731588761,0.9997578775497605,4,0.8497521685254027,0.8,2,0.9942914004898054,0.09732651510643087,0,0.4668659626370017,explore,0,0.7
3228,2026-04-15T23:56:22.430032,0.049510655244260876,0.9997473608470028,4,0.8497986992877051,0.8,2,0.9939656998291269,0.0981889746077235,0,0.4665022995058139,explore,0,0.7
3229,2026-04-15T23:56:22.430047,0.04649836109317415,0.9997628510467073,4,0.8498452012383901,0.8,2,0.9941849362120271,0.09758704585213653,0,0.4661394738153938,explore,0,0.7
3230,2026-04-15T23:56:22.430061,0.0465443952773156,0.9997680926124491,4,0.8498916744042092,0.8,2,0.9941026818445826,0.09750953147266006,0,0.4657774946363647,explore,0,0.7
3231,2026-04-15T23:56:22.430076,0.05494481668750563,0.999755463514783,4,0.8499381188118812,0.8,2,0.9939682483699604,0.09756142114757671,0,0.46541637101818706,explore,0,0.7
3232,2026-04-15T23:56:22.430090,0.043837785124848004,0.9997513334757733,4,0.8499845344880915,0.8,2,0.99397052988431,0.09765905448003347,0,0.465056111988933,explore,0,0.7
3233,2026-04-15T23:56:22.430105,0.045982046802730006,0.9997541749939699,4,0.8500309214594929,0.8,2,0.994022514340684,0.0977546224706044,0,0.46469672655505917,explore,0,0.7
3234,2026-04-15T23:56:22.430119,0.04406085641840518,0.9997627984279106,4,0.8500772797527048,0.8,2,0.99340299921922,0.09831236928981339,0,0.46433822370118255,explore,0,0.7
3235,2026-04-15T23:56:22.430134,0.04468650289300803,0.9997764444816468,4,0.850123609394314,0.8,2,0.9935042334498784,0.09805573819375357,0,0.4639806123898562,explore,0,0.7
3236,2026-04-15T23:56:22.430148,0.049876286227593374,0.999769555865785,4,0.8501699104108743,0.8,2,0.9933952730785689,0.09717530014936117,0,0.4636239015613442,explore,0,0.7
3237,2026-04-15T23:56:22.430163,0.050206589110670205,0.9997779866508504,4,0.8502161828289068,0.8,2,0.9934241741218105,0.09756687537629899,0,0.46326810013339853,explore,0,0.7
3238,2026-04-15T23:56:22.430180,0.045808289054546994,0.9997772157677531,4,0.8502624266748997,0.8,2,0.9930490833252354,0.09691102630972767,0,0.46291321700103616,explore,0,0.7
3239,2026-04-15T23:56:22.430195,0.04501627601325658,0.999757378824009,4,0.8503086419753086,0.8,2,0.993135550467536,0.09757646131773211,0,0.4625592610363174,explore,0,0.7
3240,2026-04-15T23:56:22.430209,0.0474845368720162,0.9997706076875456,4,0.8503548287565567,0.8,2,0.9931886685323296,0.09810767937568975,0,0.4622062410881227,explore,0,0.7
3241,2026-04-15T23:56:22.430223,0.04589560641752182,0.9997739064030675,4,0.850400987045034,0.8,2,0.993393296919051,0.09729066424777233,0,0.46185416598193213,explore,0,0.7
3242,2026-04-15T23:56:22.430237,0.04430629302901025,0.9997635778565187,4,0.8504471168670984,0.8,2,0.9940463334244325,0.09753745657817091,0,0.4615030445196055,explore,0,0.7
3243,2026-04-15T23:56:22.430260,0.04406602037121973,0.9997641624136141,4,0.8504932182490752,0.8,2,0.9940307921084366,0.09750741305711941,0,0.46115288547916083,explore,0,0.7
3244,2026-04-15T23:56:22.430275,0.04366550099859418,0.9997651851940854,4,0.8505392912172574,0.8,2,0.9941548680353574,0.09742262395337983,0,0.4608036976145559,explore,0,0.7
3245,2026-04-15T23:56:22.430290,0.05356545637287323,0.999780422096388,4,0.8505853357979051,0.8,2,0.9941026725177422,0.09775831923440975,0,0.4604554896554689,explore,0,0.7
3246,2026-04-15T23:56:22.430304,0.049447758398012194,0.9997985536605725,4,0.8506313520172467,0.8,2,0.9939795102140772,0.0974826544360691,0,0.4601082703070811,explore,0,0.7
3247,2026-04-15T23:56:22.430319,0.046927801108444474,0.9998293781225779,4,0.8506773399014779,0.8,2,0.9939333918026982,0.09691972804118865,0,0.459762048249858,explore,0,0.7
3248,2026-04-15T23:56:22.430333,0.04433838670967924,0.9998483259121874,4,0.8507232994767621,0.8,2,0.9940508481584334,0.09738442127872746,0,0.45941683213933265,explore,0,0.7
3249,2026-04-15T23:56:22.430348,0.05028742492387675,0.9998385304724655,4,0.8507692307692307,0.8,2,0.9938739905056899,0.09774467453663332,0,0.4590726306058903,explore,0,0.7
3250,2026-04-15T23:56:22.430362,0.04326687725176166,0.9998376659142909,4,0.8508151338049831,0.8,2,0.993920452288297,0.09816607802886149,0,0.45872945225455125,explore,0,0.7
3251,2026-04-15T23:56:22.430377,0.04443049277203204,0.9998422310132749,4,0.8508610086100861,0.8,2,0.9939598263219108,0.09794006603877389,0,0.45838730566475633,explore,0,0.7
3252,2026-04-15T23:56:22.430391,0.04698098777508367,0.9998572910594281,4,0.8509068552105749,0.8,2,0.9938502956727545,0.0977589924495164,0,0.4580461993901522,explore,0,0.7
3253,2026-04-15T23:56:22.430405,0.04688194092018527,0.99985835169375,4,0.8509526736324524,0.8,2,0.9938500972520001,0.09752961538517631,0,0.45770614195837844,explore,0,0.7
3254,2026-04-15T23:56:22.430420,0.04822277244793418,0.9998475137482051,4,0.8509984639016898,0.8,2,0.9941811669366698,0.09775203141810447,0,0.4573671418708529,explore,0,0.7
3255,2026-04-15T23:56:22.430434,0.05256932306164201,0.9998363407455034,4,0.851044226044226,0.8,2,0.9941546066062207,0.09744401248078018,0,0.4570292076025602,explore,0,0.7
3256,2026-04-15T23:56:22.430451,0.0430276623581988,0.999832482133867,4,0.8510899600859687,0.8,2,0.9943285578133847,0.09742740319134394,0,0.45669234760183913,explore,0,0.7
3257,2026-04-15T23:56:22.430466,0.050488919604863514,0.999833470160276,4,0.8511356660527931,0.8,2,0.9943392645843213,0.09769832862116623,0,0.4563565702901726,explore,0,0.7
3258,2026-04-15T23:56:22.430480,0.0423170009338992,0.9998153047306646,4,0.8511813439705431,0.8,2,0.9949347520964282,0.09699759179908196,0,0.45602188406197575,explore,0,0.7
3259,2026-04-15T23:56:22.430495,0.04402480254177545,0.9998286769341087,4,0.8512269938650306,0.8,2,0.9949195680835096,0.09738149131325798,0,0.4556882972843866,explore,0,0.7
3260,2026-04-15T23:56:22.430509,0.04671167027483633,0.9998389471221057,4,0.8512726157620362,0.8,2,0.9947738862125485,0.09722688767821519,0,0.4553558182970577,explore,0,0.7
3261,2026-04-15T23:56:22.430523,0.0544549172962657,0.9998303573850011,4,0.8513182096873084,0.8,2,0.9948029160936165,0.0971753154283073,0,0.4550244554119461,explore,0,0.7
3262,2026-04-15T23:56:22.430537,0.04553274640153644,0.9998381862565943,4,0.8513637756665645,0.8,2,0.9950016370954402,0.09776779927315501,0,0.45469421691310674,explore,0,0.7
3263,2026-04-15T23:56:22.430576,0.04333641462256735,0.9998496339176706,4,0.8514093137254902,0.8,2,0.9950123519266618,0.09759526150655912,0,0.45436511105648464,explore,0,0.7
3264,2026-04-15T23:56:22.430592,0.04920098274568116,0.9998474439111467,4,0.8514548238897397,0.8,2,0.9950157046223307,0.09733700094418768,0,0.4540371460697096,explore,0,0.7
3265,2026-04-15T23:56:22.430607,0.045477791127857214,0.9998373860057036,4,0.8515003061849357,0.8,2,0.9953166261661924,0.09741870616692966,0,0.45371033015188883,explore,0,0.7
3266,2026-04-15T23:56:22.430621,0.04207294613242271,0.9998369696655119,4,0.8515457606366698,0.8,2,0.9954202233660838,0.09724535840256952,0,0.45338467147340317,explore,0,0.7
3267,2026-04-15T23:56:22.430636,0.0468842864634227,0.9998333379928136,4,0.8515911872705019,0.8,2,0.9957538470140193,0.09772621478410033,0,0.453060178175703,explore,0,0.7
3268,2026-04-15T23:56:22.430651,0.04952870184553179,0.9998181832724168,4,0.8516365861119608,0.8,2,0.9958005069786466,0.09738902335885186,0,0.45273685837110367,explore,0,0.7
3269,2026-04-15T23:56:22.430665,0.045130093956768425,0.9998269848232638,4,0.8516819571865444,0.8,2,0.9960644422165126,0.09721238911391723,0,0.45241472014258344,explore,0,0.7
3270,2026-04-15T23:56:22.430680,0.04666565270841495,0.9997839699260677,4,0.8517273005197188,0.8,2,0.9955459581177537,0.09676999824512494,0,0.45209377154358105,explore,0,0.7
3271,2026-04-15T23:56:22.430695,0.05174804088761338,0.9997814888654055,4,0.8517726161369193,0.8,2,0.9952711514828623,0.09697349366162177,0,0.45177402059779515,explore,0,0.7
3272,2026-04-15T23:56:22.430716,0.0480011867505346,0.9997725661934483,4,0.8518179040635503,0.8,2,0.9953935537001819,0.09739842915604512,0,0.45145547529898256,explore,0,0.7
3273,2026-04-15T23:56:22.430731,0.047684409454011506,0.9997635494826607,4,0.8518631643249848,0.8,2,0.9953532735715651,0.09823363146178545,0,0.4511381436107589,explore,0,0.7
3274,2026-04-15T23:56:22.430745,0.04520605511927174,0.9997717980691343,4,0.8519083969465648,0.8,2,0.9956681288703227,0.09714108354999598,0,0.45082203346640026,explore,0,0.7
3275,2026-04-15T23:56:22.430760,0.04630370256274403,0.9997781052549654,4,0.8519536019536019,0.8,2,0.995729981702777,0.09702873601043856,0,0.45050715276864367,explore,0,0.7
3276,2026-04-15T23:56:22.430774,0.047711184288511094,0.999785795739476,4,0.8519987793713762,0.8,2,0.9957467537054353,0.09766666859314636,0,0.4501935093894901,explore,0,0.7
3277,2026-04-15T23:56:22.430789,0.045056157981597164,0.9997698808587939,4,0.8520439292251373,0.8,2,0.9957516138796331,0.09745772471138486,0,0.4498811111700075,explore,0,0.7
3278,2026-04-15T23:56:22.430803,0.041510503013983714,0.999794468017768,4,0.8520890515401037,0.8,2,0.9958330988325246,0.09742374352947436,0,0.4495699659201355,explore,0,0.7
3279,2026-04-15T23:56:22.430818,0.046037172214757824,0.9997666385135224,4,0.8521341463414634,0.8,2,0.995513048104913,0.09723936560105954,0,0.44926008141848894,explore,0,0.7
3280,2026-04-15T23:56:22.430832,0.0421725149485002,0.9997612794589158,4,0.8521792136543737,0.8,2,0.995378646037341,0.09802537851305396,0,0.4489514654121642,explore,0,0.7
3281,2026-04-15T23:56:22.430847,0.048141575826962664,0.9997593639564002,4,0.852224253503961,0.8,2,0.9953393108638988,0.0972499778458023,0,0.4486441256165452,explore,0,0.7
3282,2026-04-15T23:56:22.430861,0.04519224243173291,0.9997581497598874,4,0.8522692659153214,0.8,2,0.9954770437406479,0.09801743022881115,0,0.44833806971511114,explore,0,0.7
3283,2026-04-15T23:56:22.430875,0.05049873660838501,0.9997598551083932,4,0.8523142509135201,0.8,2,0.9952624494702587,0.09778560276514822,0,0.44803330535924357,explore,0,0.7
3284,2026-04-15T23:56:22.430890,0.0469200391673522,0.9997566723484274,4,0.852359208523592,0.8,2,0.9952627006922391,0.09734143624889005,0,0.4477298401680352,explore,0,0.7
3285,2026-04-15T23:56:22.430904,0.043236040151275926,0.9997424648463127,4,0.8524041387705417,0.8,2,0.9952702139572656,0.09709438748592661,0,0.4474276817281004,explore,0,0.7
3286,2026-04-15T23:56:22.430918,0.044311192066862876,0.9997422620759429,4,0.8524490416793429,0.8,2,0.9952540645171417,0.09757102638892887,0,0.44712683759338423,explore,0,0.7
3287,2026-04-15T23:56:22.430933,0.04447806473316347,0.9997378104989557,4,0.8524939172749392,0.8,2,0.9952585791092727,0.09723399666382172,0,0.44682731528497444,explore,0,0.7
3288,2026-04-15T23:56:22.430948,0.04510651673016307,0.9997466747292867,4,0.8525387655822438,0.8,2,0.9953418866164492,0.09700799435683635,0,0.44652912229091296,explore,0,0.7
3289,2026-04-15T23:56:22.430965,0.051384829137485426,0.9997450097107046,4,0.8525835866261399,0.8,2,0.9950795899301272,0.09812768985704279,0,0.4462322660660094,explore,0,0.7
3290,2026-04-15T23:56:22.430980,0.0479901327582715,0.9997742961861349,4,0.8526283804314798,0.8,2,0.9954056659001569,0.09821803262841206,0,0.44593675403165384,explore,0,0.7
3291,2026-04-15T23:56:22.430994,0.04543629393898536,0.999795148406167,4,0.8526731470230863,0.8,2,0.9956971708873563,0.09752433199557925,0,0.4456425935756315,explore,0,0.7
3292,2026-04-15T23:56:22.431009,0.049185538300452115,0.9998019748070984,4,0.8527178864257516,0.8,2,0.9957472137928265,0.09751801966254041,0,0.4453497920519388,explore,0,0.7
3293,2026-04-15T23:56:22.431023,0.039284251736415594,0.9998074661595532,4,0.852762598664238,0.8,2,0.9956476545027361,0.09739889018812971,0,0.4450583567805985,explore,0,0.7
3294,2026-04-15T23:56:22.431037,0.04575107960885676,0.9997924002099825,4,0.8528072837632777,0.8,2,0.995663449924808,0.09755229940903154,0,0.44476829504747717,explore,0,0.7
3295,2026-04-15T23:56:22.431052,0.05428958934042627,0.9997955859027343,4,0.8528519417475728,0.8,2,0.9956682435620869,0.0976064143524423,0,0.44447961410410275,explore,0,0.7
3296,2026-04-15T23:56:22.431067,0.04583978385923223,0.999798023705181,4,0.8528965726417955,0.8,2,0.9951664934584239,0.09699662140215116,0,0.4441923211674842,explore,0,0.7
3297,2026-04-15T23:56:22.431081,0.040086480208805064,0.9998158862877135,4,0.8529411764705882,0.8,2,0.9943575846215247,0.09836033681847449,0,0.4439064234199299,explore,0,0.7
3298,2026-04-15T23:56:22.431096,0.05084700565752451,0.9998212434702655,4,0.8529857532585632,0.8,2,0.9942395169734732,0.09785518530162157,0,0.4436219280088683,explore,0,0.7
3299,2026-04-15T23:56:22.431110,0.049873606337758836,0.9998111934945755,4,0.853030303030303,0.8,2,0.9945634641817884,0.09735702777874206,0,0.44333884204667035,explore,0,0.7
3300,2026-04-15T23:56:22.431125,0.046579149686333525,0.9988434238292754,4,0.8527718873068767,0.8,2,0.0,0.08579677347780022,0,0.4430571726104702,exploit,1,0.5
3301,2026-04-15T23:56:22.431139,0.04608335863183885,0.9980649068607275,4,0.8525136281041793,0.8,2,0.0,0.08652356164850604,0,0.4427769267419889,exploit,1,0.5
3302,2026-04-15T23:56:22.431152,0.0484113302857797,0.9973758511526979,4,0.8525582803511959,0.8,2,0.0,0.08682108015290536,0,0.44249811144735857,exploit,1,0.5
3303,2026-04-15T23:56:22.431166,0.04307035272102376,0.9967688131670496,4,0.8526029055690073,0.8,2,0.0,0.08656517425146744,0,0.4422207336969473,exploit,1,0.5
3304,2026-04-15T23:56:22.431179,0.04620052875553882,0.9962410038785091,4,0.8526475037821483,0.8,2,0.0,0.08602081317998336,0,0.4419448004251843,exploit,1,0.5
3305,2026-04-15T23:56:22.431193,0.04287282156532952,0.9956151148454618,4,0.852692075015124,0.8,2,0.0,0.08617761854121514,0,0.44167031853038696,exploit,1,0.5
3306,2026-04-15T23:56:22.431207,0.04666375356975613,0.9953491149393955,4,0.8527366192924101,0.8,2,0.0,0.0867765232466739,0,0.44139729487458823,exploit,1,0.5
3307,2026-04-15T23:56:22.431220,0.04809175252837316,0.9950861131390932,4,0.8527811366384522,0.8,2,0.0,0.08673484202657822,0,0.44112573628336554,exploit,1,0.5
3308,2026-04-15T23:56:22.431233,0.0460042577499503,0.9950534224471946,4,0.852825627077667,0.8,2,0.0,0.08629825730936158,0,0.4408556495456694,exploit,1,0.5
3309,2026-04-15T23:56:22.431247,0.04396773688974487,0.9947922819758007,4,0.8528700906344411,0.8,2,0.0,0.08599750594148517,0,0.440587041413654,exploit,1,0.5
3310,2026-04-15T23:56:22.431268,0.04469300403675748,0.9947923203939244,4,0.852914527333132,0.8,2,0.0,0.08676263649046718,0,0.4403199186025091,exploit,1,0.5
3311,2026-04-15T23:56:22.431292,0.05077428141395817,0.9949575231036693,4,0.8529589371980676,0.8,2,0.0,0.08653057267206293,0,0.44005428779029065,exploit,1,0.5
3312,2026-04-15T23:56:22.431307,0.040283368417663855,0.9952634116155091,4,0.8530033202535466,0.8,2,0.0,0.08633651012648945,0,0.43979015561775536,exploit,1,0.5
3313,2026-04-15T23:56:22.431321,0.045803888833863896,0.9955030656201533,4,0.8530476765238383,0.8,2,0.0,0.08623307941488828,0,0.43952752868819356,exploit,1,0.5
3314,2026-04-15T23:56:22.431335,0.04245029026025156,0.9960799981356743,4,0.8530920060331825,0.8,2,0.0,0.087071663202098,0,0.4392664135672651,exploit,1,0.5
3315,2026-04-15T23:56:22.431348,0.0468023795154104,0.9966859351930155,4,0.8531363088057901,0.8,2,0.0,0.08801419584088561,0,0.4390068167828342,exploit,1,0.5
3316,2026-04-15T23:56:22.431362,0.04437455069719569,0.997430515752818,4,0.8531805848658426,0.8,2,0.0,0.08663545511084524,0,0.43874874482480686,exploit,1,0.5
3317,2026-04-15T23:56:22.431375,0.04371370706062717,0.9981976095066742,4,0.8532248342374925,0.8,2,0.0,0.08519390909048853,0,0.4384922041449689,exploit,1,0.5
3318,2026-04-15T23:56:22.431389,0.046259757432178944,0.9989486289238536,4,0.8532690569448629,0.8,2,0.0,0.08588806088937828,0,0.43823720115682385,exploit,1,0.5
3319,2026-04-15T23:56:22.431403,0.05149160019681185,0.9998394526368236,4,0.8533132530120482,0.8,2,0.9955358443396934,0.08639186354072118,0,0.437983742235433,exploit,1,0.5
3320,2026-04-15T23:56:22.431417,0.03957537820456439,0.9998433257944098,4,0.8533574224631135,0.8,2,0.9958861873157814,0.0869557236571726,0,0.4377318337172561,exploit,1,0.5
3321,2026-04-15T23:56:22.431431,0.04103027226607579,0.9998286404156242,4,0.8534015653220951,0.8,2,0.9958133730337396,0.08705617996248557,0,0.43748148189999336,exploit,1,0.5
3322,2026-04-15T23:56:22.431446,0.04687108224503257,0.9998184462590833,4,0.8534456816130003,0.8,2,0.9952696474561279,0.08659930437859549,0,0.43723269304242685,exploit,1,0.5
3323,2026-04-15T23:56:22.431464,0.03985039462146725,0.9998061137491822,4,0.8534897713598074,0.8,2,0.9954943374099705,0.08574646793043265,0,0.4369854733642651,exploit,1,0.5
3324,2026-04-15T23:56:22.431478,0.046284340584288555,0.9998049395643008,4,0.8535338345864661,0.8,2,0.9955228344363051,0.08663846894595549,0,0.4367398290459873,exploit,1,0.5
3325,2026-04-15T23:56:22.431493,0.03401338679851337,0.9998070566972711,4,0.8535778713168972,0.8,2,0.9955216079159934,0.08580600392842082,0,0.4364957662286886,exploit,1,0.5
3326,2026-04-15T23:56:22.431507,0.045272710081151836,0.9997985981973999,4,0.8536218815749925,0.8,2,0.9956621299099493,0.08625153982805055,0,0.4362532910139267,exploit,1,0.5
3327,2026-04-15T23:56:22.431522,0.049432717753158835,0.9997544082194808,4,0.8536658653846154,0.8,2,0.9955487295474015,0.08571760628848063,0,0.43601240946356906,exploit,1,0.5
3328,2026-04-15T23:56:22.431536,0.04094720910675506,0.9997452576420978,4,0.8537098227696005,0.8,2,0.9952672256887471,0.0863139746077235,0,0.4357731275996424,exploit,1,0.5
3329,2026-04-15T23:56:22.431551,0.04757883715556504,0.9997624035202268,4,0.8537537537537537,0.8,2,0.9952741426076515,0.08679530723082635,0,0.43553545140418054,exploit,1,0.5
3330,2026-04-15T23:56:22.431565,0.04645502265970076,0.9997670494138592,4,0.8537976583608526,0.8,2,0.9952921228136723,0.08614464231374194,0,0.4352993868190761,exploit,1,0.5
3331,2026-04-15T23:56:22.431580,0.046769449390773876,0.9997566453721346,4,0.8538415366146459,0.8,2,0.9949889216186036,0.08676956837060085,0,0.4350649397459312,exploit,1,0.5
3332,2026-04-15T23:56:22.431594,0.04674454074328499,0.9997515443736902,4,0.8538853885388539,0.8,2,0.9949890828708943,0.08627891605538082,0,0.43483211604591077,exploit,1,0.5
3333,2026-04-15T23:56:22.431608,0.04758405761960237,0.9997538939471619,4,0.8539292141571686,0.8,2,0.9949678333257627,0.08647308911583795,0,0.434600921539595,exploit,1,0.5
3334,2026-04-15T23:56:22.431623,0.052901840894232624,0.9997630802444771,4,0.8539730134932534,0.8,2,0.9944087892340744,0.08655936522212981,0,0.4343713620068344,exploit,1,0.5
3335,2026-04-15T23:56:22.431637,0.04213423164135832,0.9997756799389341,4,0.8540167865707434,0.8,2,0.9945768703526057,0.08644482559853761,0,0.43414344318660564,exploit,1,0.5
3336,2026-04-15T23:56:22.431652,0.04242372977697918,0.9997679315749801,4,0.8540605334132454,0.8,2,0.9945108376095042,0.08604876037449762,0,0.4339171707768672,exploit,1,0.5
3337,2026-04-15T23:56:22.431666,0.04453587513408189,0.9997777534424253,4,0.8541042540443379,0.8,2,0.9945804097510356,0.08675643395209008,0,0.4336925504344175,exploit,1,0.5
3338,2026-04-15T23:56:22.431681,0.039672975029894725,0.9997779444397431,4,0.8541479484875711,0.8,2,0.9945261112787994,0.08701014684612383,0,0.4334695877747533,exploit,1,0.5
3339,2026-04-15T23:56:22.431696,0.04581836749192428,0.9997602681029727,4,0.854191616766467,0.8,2,0.9943999089796267,0.08587625679955165,0,0.43324828837192975,exploit,1,0.5
3340,2026-04-15T23:56:22.431717,0.04408311964957215,0.9997768445733466,4,0.8542352589045196,0.8,2,0.9944008013235554,0.08623267937568975,0,0.43302865775842025,exploit,1,0.5
3341,2026-04-15T23:56:22.431731,0.03712852032307124,0.9997808484207651,4,0.8542788749251945,0.8,2,0.9944734665420618,0.08649398138429992,0,0.43281070142497857,exploit,1,0.5
3342,2026-04-15T23:56:22.431746,0.03929829464382885,0.999771893763632,4,0.8543224648519294,0.8,2,0.9949041495627209,0.08608731954842741,0,0.4325944248205019,exploit,1,0.5
3343,2026-04-15T23:56:22.431760,0.04537142456418109,0.9997730945480018,4,0.8543660287081339,0.8,2,0.9949039781511455,0.08692752244038078,0,0.4323798333518941,exploit,1,0.5
3344,2026-04-15T23:56:22.431774,0.04104238161682136,0.9997740458359892,4,0.8544095665171898,0.8,2,0.99492119330239,0.08621191427293767,0,0.4321669323839306,exploit,1,0.5
3345,2026-04-15T23:56:22.431789,0.04658883258970295,0.9997901807318743,4,0.8544530783024507,0.8,2,0.994880137417552,0.08608972759110581,0,0.4319557272391244,exploit,1,0.5
3346,2026-04-15T23:56:22.431803,0.04240665086726298,0.999805535123069,4,0.8544965640872423,0.8,2,0.9949028678728369,0.08603531508622499,0,0.43174622319759337,exploit,1,0.5
3347,2026-04-15T23:56:22.431817,0.04266109826193809,0.999839163563545,4,0.8545400238948626,0.8,2,0.9951259749372852,0.0863586737084851,0,0.43153842549692756,exploit,1,0.5
3348,2026-04-15T23:56:22.431832,0.042218505002358034,0.9998561667684445,4,0.8545834577485817,0.8,2,0.9952529027617478,0.08573784060154038,0,0.43133233933205845,exploit,1,0.5
3349,2026-04-15T23:56:22.431846,0.04432545172142209,0.999847409741988,4,0.8546268656716418,0.8,2,0.9952016290799712,0.086273932364228,0,0.43112796985512974,exploit,1,0.5
3350,2026-04-15T23:56:22.431861,0.042343950738307046,0.9998465195746659,4,0.8546702476872575,0.8,2,0.9951850729844549,0.08674787109556478,0,0.43092532217536755,exploit,1,0.5
3351,2026-04-15T23:56:22.431876,0.04341895529347192,0.9998480336881358,4,0.8547136038186157,0.8,2,0.9954847908448887,0.08611667098361452,0,0.4307244013589534,exploit,1,0.5
3352,2026-04-15T23:56:22.431890,0.0416272849401743,0.9998625823218097,4,0.8547569340888757,0.8,2,0.9953223726250193,0.08634807399451166,0,0.43052521242889696,exploit,1,0.5
3353,2026-04-15T23:56:22.431905,0.045701258785038126,0.9998633592431082,4,0.8548002385211687,0.8,2,0.9952713827645523,0.08686893201019197,0,0.4303277603649115,exploit,1,0.5
3354,2026-04-15T23:56:22.431919,0.0405751970830456,0.9998516030988421,4,0.8548435171385991,0.8,2,0.9956024084821397,0.0868174786614797,0,0.43013205010328814,exploit,1,0.5
3355,2026-04-15T23:56:22.431934,0.04296442447085724,0.9998403554840368,4,0.8548867699642432,0.8,2,0.9956480791304692,0.08664337165185099,0,0.4299380865367733,exploit,1,0.5
3356,2026-04-15T23:56:22.431948,0.04367482358728444,0.9998394516041066,4,0.8549299970211498,0.8,2,0.9958888915253,0.08682069992843801,0,0.4297458745144458,exploit,1,0.5
3357,2026-04-15T23:56:22.431966,0.04520997497894216,0.9998402570667159,4,0.8549731983323406,0.8,2,0.9961290359762682,0.08686199889263686,0,0.42955541884159654,exploit,1,0.5
3358,2026-04-15T23:56:22.431981,0.044586515719728284,0.9998218049766175,4,0.8550163739208098,0.8,2,0.9959804064832113,0.08540456911631389,0,0.4293667242796072,exploit,1,0.5
3359,2026-04-15T23:56:22.432004,0.04194796222934708,0.9998331135338634,4,0.8550595238095238,0.8,2,0.9961556017007798,0.0864837630580814,0,0.42917979554583197,exploit,1,0.5
3360,2026-04-15T23:56:22.432019,0.043638843804494745,0.9998433682020639,4,0.8551026480214222,0.8,2,0.9959336281868042,0.08569264818018751,0,0.42899463731347964,exploit,1,0.5
3361,2026-04-15T23:56:22.432034,0.04294426893680699,0.9998358801589877,4,0.855145746579417,0.8,2,0.9958818124676225,0.08622518296543868,0,0.4288112542114963,exploit,1,0.5
3362,2026-04-15T23:56:22.432048,0.043119127719432805,0.9998426359384788,4,0.8551888195063931,0.8,2,0.9957184005508828,0.08712095427284347,0,0.4286296508244499,exploit,1,0.5
3363,2026-04-15T23:56:22.432063,0.043612499144070546,0.9998535571378752,4,0.8552318668252081,0.8,2,0.9956969141654084,0.08603827040095641,0,0.42844983169241563,exploit,1,0.5
3364,2026-04-15T23:56:22.432078,0.03715025630650259,0.9998512438964503,4,0.8552748885586924,0.8,2,0.9957016258309026,0.0862743186218045,0,0.42827180131086257,exploit,1,0.5
3365,2026-04-15T23:56:22.432092,0.03751692238917176,0.9998424618845531,4,0.8553178847296494,0.8,2,0.9958126510889924,0.08618426042342468,0,0.4280955641305409,exploit,1,0.5
3366,2026-04-15T23:56:22.432107,0.0405795815755034,0.9998418069664186,4,0.8553608553608554,0.8,2,0.9955937434328872,0.08705479591784636,0,0.4279211245573708,exploit,1,0.5
3367,2026-04-15T23:56:22.432121,0.03868630393919653,0.9998365128924264,4,0.8554038004750594,0.8,2,0.9958509159464306,0.08647647820358038,0,0.4277484869523328,exploit,1,0.5
3368,2026-04-15T23:56:22.432136,0.04376238732255595,0.9998216944359029,4,0.8554467200949837,0.8,2,0.9952970654118599,0.08747460994989444,0,0.4275776556313579,exploit,1,0.5
3369,2026-04-15T23:56:22.432150,0.04181767089375624,0.9998302963497424,4,0.8554896142433235,0.8,2,0.9953367184895257,0.08679817959740395,0,0.42740863486522024,exploit,1,0.5
3370,2026-04-15T23:56:22.432165,0.04561659553996874,0.9997917433570321,4,0.855532482942747,0.8,2,0.9943478471255869,0.08502101105822393,0,0.42724142887943,exploit,1,0.5
3371,2026-04-15T23:56:22.432179,0.04163932353882255,0.9997896997972169,4,0.8555753262158956,0.8,2,0.9942951124824877,0.08672134389652102,0,0.4270760418541284,exploit,1,0.5
3372,2026-04-15T23:56:22.432193,0.04532999462710123,0.9997825838282721,4,0.855618144085384,0.8,2,0.9944154942480462,0.08624994782275333,0,0.42691247792398235,exploit,1,0.5
3373,2026-04-15T23:56:22.432208,0.03989447065086163,0.9997752588427526,4,0.8556609365737996,0.8,2,0.9943777775493079,0.08639236315022264,0,0.42675074117808137,exploit,1,0.5
3374,2026-04-15T23:56:22.432222,0.0400292632674223,0.9997846876089832,4,0.8557037037037037,0.8,2,0.9944893726211046,0.08595938654352007,0,0.4265908356598361,exploit,1,0.5
3375,2026-04-15T23:56:22.432237,0.04473681206212407,0.9997902214897164,4,0.8557464454976303,0.8,2,0.9944413266334153,0.0857725122967916,0,0.42643276536687585,exploit,1,0.5
3376,2026-04-15T23:56:22.432258,0.04645862106342583,0.9997958286335193,4,0.8557891619780871,0.8,2,0.9944664668128336,0.08664197259708337,0,0.4262765342509498,exploit,1,0.5
3377,2026-04-15T23:56:22.432273,0.03785563608724279,0.9997773350878786,4,0.8558318531675547,0.8,2,0.9944339216536356,0.08667890527470093,0,0.4261221462178277,exploit,1,0.5
3378,2026-04-15T23:56:22.432288,0.043348812528191796,0.9998030717830622,4,0.8558745190884878,0.8,2,0.9946560697427482,0.08648807475684679,0,0.4259696051272024,exploit,1,0.5
3379,2026-04-15T23:56:22.432302,0.038900167067028465,0.9997787099921566,4,0.8559171597633136,0.8,2,0.9943160764533396,0.08562087929787657,0,0.42581891479259315,exploit,1,0.5
3380,2026-04-15T23:56:22.432317,0.0406889724364292,0.9997736986181063,4,0.8559597752144336,0.8,2,0.994344283667647,0.08645056792425496,0,0.42567007898125053,exploit,1,0.5
3381,2026-04-15T23:56:22.432331,0.04654996500077174,0.9997694041218579,4,0.8560023654642224,0.8,2,0.9943587772025366,0.08651230611454863,0,0.4255231014140619,exploit,1,0.5
3382,2026-04-15T23:56:22.432345,0.04420045970349304,0.9997678164344395,4,0.8560449305350281,0.8,2,0.9945029872693437,0.08718926857691012,0,0.42537798576545904,exploit,1,0.5
3383,2026-04-15T23:56:22.432360,0.04564351201538602,0.9997690163101856,4,0.8560874704491725,0.8,2,0.9943561089020418,0.08632176125668953,0,0.4252347356633255,exploit,1,0.5
3384,2026-04-15T23:56:22.432374,0.042129490515887456,0.9997654762834727,4,0.8561299852289512,0.8,2,0.9943028290427204,0.08677587841007903,1,0.4250933546889062,exploit,1,0.5
3385,2026-04-15T23:56:22.432388,0.046345393470934845,0.9997483388441761,4,0.8561724748966332,0.8,2,0.994152914212812,0.08550533681925954,1,0.42495384637671846,exploit,1,0.5
3386,2026-04-15T23:56:22.432403,0.040607866837986874,0.9997482542293092,4,0.8562149394744611,0.8,2,0.9942047044285635,0.08681559584820868,1,0.4248162142144626,exploit,1,0.5
3387,2026-04-15T23:56:22.432418,0.039036704404458916,0.9997453769537592,4,0.8562573789846517,0.8,2,0.9939676273740545,0.08541042755203106,1,0.4246804616429356,exploit,1,0.5
3388,2026-04-15T23:56:22.432432,0.04060606923992586,0.9997535081173324,4,0.8562997934493951,0.8,2,0.9945594834277186,0.08609500522222259,1,0.4245465920559445,exploit,1,0.5
3389,2026-04-15T23:56:22.432447,0.04165100696605373,0.9997511652131571,4,0.8563421828908555,0.8,2,0.9944429553248992,0.0869186489475049,1,0.42441460880022225,exploit,1,0.5
3390,2026-04-15T23:56:22.432464,0.03932459540593377,0.9997771915734309,4,0.8563845473311708,0.8,2,0.9950765251848863,0.08722659971853051,1,0.42428451517534327,exploit,1,0.5
3391,2026-04-15T23:56:22.432479,0.04465808675360372,0.9997984797134353,4,0.8564268867924528,0.8,2,0.9952358934474372,0.08630597708705068,1,0.4241563144336413,exploit,1,0.5
3392,2026-04-15T23:56:22.432493,0.04408286834452078,0.9998042668020188,4,0.8564692012967875,0.8,2,0.9950697769431673,0.0857193994205485,1,0.4240300097801284,exploit,1,0.5
3393,2026-04-15T23:56:22.432508,0.04214197367539271,0.9998082493533459,4,0.8565114908662346,0.8,2,0.9950254796206884,0.08632626064580362,1,0.4239056043724142,exploit,1,0.5
3394,2026-04-15T23:56:22.432522,0.03903702448353834,0.9997944657505777,4,0.8565537555228276,0.8,2,0.9949481571774752,0.08687822285957661,1,0.42378310132062746,exploit,1,0.5
3395,2026-04-15T23:56:22.432536,0.047716569574132034,0.9997970750511703,4,0.8565959952885748,0.8,2,0.9949036495464698,0.08715079192835994,1,0.423662503687338,exploit,1,0.5
3396,2026-04-15T23:56:22.432551,0.039478691155481464,0.9997995872109721,4,0.8566382101854577,0.8,2,0.994513781920531,0.08797387372437793,1,0.4235438144874805,exploit,1,0.5
3397,2026-04-15T23:56:22.432565,0.043460029108186374,0.9998195333721768,4,0.8566804002354326,0.8,2,0.9938554304514863,0.08718801339278598,1,0.42342703668827875,exploit,1,0.5
3398,2026-04-15T23:56:22.432580,0.0382918956890128,0.999825523941032,4,0.8567225654604296,0.8,2,0.9938531168675684,0.08652123322095745,1,0.4233121732091715,exploit,1,0.5
3399,2026-04-15T23:56:22.432594,0.045858473548640845,0.9998153051501999,4,0.856764705882353,0.8,2,0.9942226431271504,0.08643917140128612,1,0.42319922692174006,exploit,1,0.5
3400,2026-04-15T23:56:22.432609,0.044778102609081424,0.9990155602772737,4,0.8565127903557778,0.8,2,0.0,0.09695768680990838,1,0.4230882006496354,explore,0,0.7
3401,2026-04-15T23:56:22.432623,0.04422905660458385,0.9982545446743647,4,0.8565549676660787,0.8,2,0.0,0.09700353403814796,1,0.4229790971685088,explore,0,0.7
3402,2026-04-15T23:56:22.432636,0.04637649686980289,0.9975915967755054,4,0.856303261827799,0.8,2,0.0,0.09848043278937355,1,0.42287191920594136,explore,0,0.7
3403,2026-04-15T23:56:22.432650,0.03652943211810737,0.997016778735411,4,0.8560517038777908,0.8,2,0.0,0.09772312857646169,1,0.42276666944137675,explore,0,0.7
3404,2026-04-15T23:56:22.432663,0.04232497463956303,0.9965478669333254,4,0.856093979441997,0.8,2,0.0,0.09766946290113451,1,0.4226633505060535,explore,0,0.7
3405,2026-04-15T23:56:22.432676,0.04547481442977164,0.996373744155817,4,0.8561362301820317,0.8,2,0.0,0.09765461952818949,1,0.42256196498293974,explore,0,0.7
3406,2026-04-15T23:56:22.432706,0.04975345808348706,0.9959921851797975,4,0.8561784561197534,0.8,2,0.0,0.09761068933943039,1,0.422462515406668,explore,0,0.7
3407,2026-04-15T23:56:22.432721,0.04688735251364297,0.9957965255012432,4,0.8562206572769953,0.8,2,0.0,0.09794304594866272,1,0.4223650042634729,explore,0,0.7
3408,2026-04-15T23:56:22.432734,0.04017098954963619,0.9955434979931689,4,0.8562628336755647,0.8,2,0.0,0.09771507338617633,1,0.4222694339911276,explore,0,0.7
3409,2026-04-15T23:56:22.432750,0.044282122762531725,0.9956835666124558,4,0.8563049853372434,0.8,2,0.0,0.09772328881018179,1,0.422175806978884,explore,0,0.7
3410,2026-04-15T23:56:22.432772,0.045103434663428366,0.9957843492579053,4,0.8563471122837878,0.8,2,0.0,0.09809294311304687,1,0.4220841255674127,explore,0,0.7
3411,2026-04-15T23:56:22.432790,0.04857735782923679,0.9958953362874214,4,0.8563892145369285,0.8,2,0.0,0.09794947517473716,1,0.4219943920487441,explore,0,0.7
3412,2026-04-15T23:56:22.432812,0.044315990515435,0.9960453790570686,4,0.8564312921183709,0.8,2,0.0,0.097773402116205,1,0.4219066086662115,explore,0,0.7
3413,2026-04-15T23:56:22.432827,0.04741623871012646,0.9964423796282394,4,0.856473345049795,0.8,2,0.0,0.09760934386859517,1,0.42182077761439485,explore,0,0.7
3414,2026-04-15T23:56:22.432850,0.04084129456704643,0.9966882626507954,4,0.8565153733528551,0.8,2,0.0,0.09776868990741447,1,0.421736901039066,explore,0,0.7
3415,2026-04-15T23:56:22.432870,0.04581089505671425,0.9970686432067752,4,0.8565573770491803,0.8,2,0.0,0.0976298205977336,1,0.421654981037135,explore,0,0.7
3416,2026-04-15T23:56:22.432885,0.04556635754717703,0.9975144457531513,4,0.8565993561603746,0.8,2,0.0,0.09737880611263762,1,0.42157501965659755,explore,0,0.7
3417,2026-04-15T23:56:22.432911,0.042321598668290994,0.9980991554599257,4,0.8566413107080164,0.8,2,0.0,0.09659254567264523,1,0.4214970188964841,explore,0,0.7
3418,2026-04-15T23:56:22.432934,0.04513027935480321,0.9989525296456363,4,0.856683240713659,0.8,2,0.0,0.09767864385877904,1,0.42142098070680956,explore,0,0.7
3419,2026-04-15T23:56:22.432957,0.04569074418854332,0.9998325360632022,4,0.8567251461988304,0.8,2,0.9955668493447789,0.09737899632364846,1,0.42134690698852467,explore,0,0.7
3420,2026-04-15T23:56:22.432977,0.04393476394688423,0.9998413092652598,4,0.8567670271850336,0.8,2,0.9956524758853328,0.09754830769124745,1,0.42127479959346853,explore,0,0.7
3421,2026-04-15T23:56:22.432997,0.042450134736529255,0.9998286741733061,4,0.8568088836937463,0.8,2,0.9951471837107374,0.09757489461899754,1,0.42120466032432236,explore,0,0.7
3422,2026-04-15T23:56:22.433020,0.04561447901070003,0.9998202208555655,4,0.8568507157464212,0.8,2,0.9942165786187583,0.09720386923858215,1,0.42113649093456407,explore,0,0.7
3423,2026-04-15T23:56:22.433043,0.048421223139693756,0.9998072122735456,4,0.856892523364486,0.8,2,0.9946029306792721,0.09695668539521424,1,0.421070293128425,explore,0,0.7
3424,2026-04-15T23:56:22.433058,0.046826331830993904,0.9998059586753835,4,0.8569343065693431,0.8,2,0.9946042782740394,0.09754307875415867,1,0.42100606856084677,explore,0,0.7
3425,2026-04-15T23:56:22.433074,0.04170193986832377,0.9998084715530079,4,0.8569760653823701,0.8,2,0.9942671007136448,0.09768100392842081,1,0.4209438188374403,explore,0,0.7
3426,2026-04-15T23:56:22.433088,0.04674396338049537,0.9997983750334717,4,0.8570177998249198,0.8,2,0.9943210893992293,0.09766217266104314,1,0.4208835455144454,explore,0,0.7
3427,2026-04-15T23:56:22.433103,0.044737935644157456,0.9997578775509713,4,0.8570595099183197,0.8,2,0.9942983197876001,0.09732651510643087,1,0.4208252500986919,explore,0,0.7
3428,2026-04-15T23:56:22.433117,0.04579692676710389,0.9997473608482041,4,0.8571011956838729,0.8,2,0.9939719732708681,0.0981889746077235,1,0.4207689340475623,explore,0,0.7
3429,2026-04-15T23:56:22.433132,0.0426717097041595,0.9997628510476133,4,0.8571428571428571,0.8,2,0.9941916984320456,0.09758704585213653,1,0.42071459876895495,explore,0,0.7
3430,2026-04-15T23:56:22.433147,0.042759992653483646,0.9997680926132871,4,0.8571844943165258,0.8,2,0.9941096708110343,0.09750953147266006,1,0.4206622456212489,explore,0,0.7
3431,2026-04-15T23:56:22.433161,0.05089413838783233,0.9997554635156252,4,0.8572261072261073,0.8,2,0.9939709553112923,0.09756142114757671,1,0.4206118759132701,explore,0,0.7
3432,2026-04-15T23:56:22.433176,0.04016729399983465,0.9997513334765745,4,0.8572676958928052,0.8,2,0.993972625182048,0.09765905448003347,1,0.4205634909042587,explore,0,0.7
3433,2026-04-15T23:56:22.433190,0.042205678311648884,0.9997541749946851,4,0.8573092603377985,0.8,2,0.9940249789249258,0.0977546224706044,1,0.4205170918038374,explore,0,0.7
3434,2026-04-15T23:56:22.433205,0.04019118522400097,0.9997627984285911,4,0.8573508005822417,0.8,2,0.9934017986903554,0.09831236928981339,1,0.4204726797719812,explore,0,0.7
3435,2026-04-15T23:56:22.433219,0.04111706387685317,0.9997764444823816,4,0.8573923166472642,0.8,2,0.9935035453906721,0.09805573819375357,1,0.42043025591898875,explore,0,0.7
3436,2026-04-15T23:56:22.433233,0.04613591485728846,0.9997695558666514,4,0.8574338085539714,0.8,2,0.9933940010083533,0.09717530014936117,1,0.42038982130545405,explore,0,0.7
3437,2026-04-15T23:56:22.433248,0.04636160272414597,0.9997779866515605,4,0.8574752763234439,0.8,2,0.9934238034818773,0.09756687537629899,1,0.42035137694224034,explore,0,0.7
3438,2026-04-15T23:56:22.433272,0.04227770301820766,0.9997772157684699,4,0.8575167199767374,0.8,2,0.9930497758133615,0.09691102630972767,1,0.4203149237904547,explore,0,0.7
3439,2026-04-15T23:56:22.433287,0.041299172555054886,0.9997573788248012,4,0.8575581395348837,0.8,2,0.9931376905493318,0.09757646131773211,1,0.42028046276142406,explore,0,0.7
3440,2026-04-15T23:56:22.433302,0.04374178115013568,0.9997706076882865,4,0.8575995350188899,0.8,2,0.9931899333197214,0.09810767937568975,1,0.4202479947166723,explore,0,0.7
3441,2026-04-15T23:56:22.433316,0.042413062764305925,0.9997739064036677,4,0.8576409064497386,0.8,2,0.9933883024053964,0.09729066424777233,1,0.4202175204678989,explore,0,0.7
3442,2026-04-15T23:56:22.433331,0.040853494078297234,0.9997635778571129,4,0.857682253848388,0.8,2,0.9940396281850654,0.09753745657817091,1,0.42018904077695846,explore,0,0.7
3443,2026-04-15T23:56:22.433345,0.040400638911283204,0.999764162414223,4,0.8577235772357723,0.8,2,0.994027373027445,0.09750741305711941,1,0.42016255635584177,explore,0,0.7
3444,2026-04-15T23:56:22.433360,0.04015120518672588,0.9997651851947196,4,0.8577648766328012,0.8,2,0.9941513975657554,0.09742262395337983,1,0.420138067866658,explore,0,0.7
3445,2026-04-15T23:56:22.433374,0.04958909339250911,0.9997804220969806,4,0.8578061520603598,0.8,2,0.9940927219701863,0.09775831923440975,1,0.4201155759216181,explore,0,0.7
3446,2026-04-15T23:56:22.433389,0.04574931531750491,0.9997985536612216,4,0.8578474035393095,0.8,2,0.9939710557612216,0.0974826544360691,1,0.4200950810830195,explore,0,0.7
3447,2026-04-15T23:56:22.433403,0.04327072689364843,0.9998293781229054,4,0.8578886310904872,0.8,2,0.9939260840164875,0.09691972804118865,1,0.4200765838632321,explore,0,0.7
3448,2026-04-15T23:56:22.433420,0.040776652227615166,0.9998483259125298,4,0.8579298347347057,0.8,2,0.9940459639832422,0.09738442127872746,1,0.4200600847246855,explore,0,0.7
3449,2026-04-15T23:56:22.433435,0.04650204137561156,0.9998385304728011,4,0.8579710144927536,0.8,2,0.993868242841419,0.09774467453663332,1,0.42004558407985715,explore,0,0.7
3450,2026-04-15T23:56:22.433452,0.0397090820479521,0.9998376659146565,4,0.8580121703853956,0.8,2,0.993912569973255,0.09816607802886149,1,0.42003308229126257,explore,0,0.7
3451,2026-04-15T23:56:22.433467,0.04079880156476187,0.9998422310138203,4,0.858053302433372,0.8,2,0.993954509777394,0.09794006603877389,1,0.42002257967144585,explore,0,0.7
3452,2026-04-15T23:56:22.433482,0.043365377943359894,0.9998572910600328,4,0.8580944106573993,0.8,2,0.9938450838559099,0.0977589924495164,1,0.42001407648297173,explore,0,0.7
3453,2026-04-15T23:56:22.433496,0.04313921427420764,0.9998583516943026,4,0.8581354950781702,0.8,2,0.9938446615586661,0.09752961538517631,1,0.42000757293841967,explore,0,0.7
3454,2026-04-15T23:56:22.433533,0.04459521705379473,0.99984751374886,4,0.8581765557163531,0.8,2,0.9941760179714645,0.09775203141810447,1,0.4200030692003779,explore,0,0.7
3455,2026-04-15T23:56:22.433549,0.04874989521320022,0.9998363407461546,4,0.8582175925925926,0.8,2,0.9941474676424843,0.09744401248078018,1,0.4200005653814396,explore,0,0.7
3456,2026-04-15T23:56:22.433564,0.039492641108490927,0.9998324821343971,4,0.8582586057275094,0.8,2,0.9943206980685739,0.09742740319134394,1,0.4200000615442001,explore,0,0.7
3457,2026-04-15T23:56:22.433579,0.04667267206674257,0.9998334701608478,4,0.8582995951417004,0.8,2,0.9943313322248251,0.09769832862116623,1,0.42000155770125536,explore,0,0.7
3458,2026-04-15T23:56:22.433593,0.03875361923214735,0.999815304731316,4,0.8583405608557386,0.8,2,0.9949238681237074,0.09699759179908196,1,0.4200050538152015,explore,0,0.7
3459,2026-04-15T23:56:22.433607,0.040499994019425764,0.9998286769347214,4,0.8583815028901735,0.8,2,0.9949099196670134,0.09738149131325798,1,0.42001054979863583,explore,0,0.7
3460,2026-04-15T23:56:22.433622,0.04302363912449141,0.9998389471226717,4,0.8584224212655301,0.8,2,0.9947709184863595,0.09722688767821519,1,0.4200180455141591,explore,0,0.7
3461,2026-04-15T23:56:22.433637,0.05056551730361388,0.999830357385617,4,0.8584633160023109,0.8,2,0.9948050699204175,0.0971753154283073,1,0.42002754077437876,explore,0,0.7
3462,2026-04-15T23:56:22.433651,0.041886781750978284,0.9998381862572593,4,0.8585041871209934,0.8,2,0.9950050847227964,0.09776779927315501,1,0.4200390353419139,explore,0,0.7
3463,2026-04-15T23:56:22.433666,0.039759608416998424,0.9998496339183055,4,0.8585450346420324,0.8,2,0.995011365000336,0.09759526150655912,1,0.4200525289294008,explore,0,0.7
3464,2026-04-15T23:56:22.433680,0.04565851937780045,0.9998474439117838,4,0.8585858585858586,0.8,2,0.9950167358304819,0.09733700094418768,1,0.4200680211995006,explore,0,0.7
3465,2026-04-15T23:56:22.433695,0.04207290041168696,0.9998373860063121,4,0.8586266589728794,0.8,2,0.9953213061960556,0.09741870616692966,1,0.42008551176490727,explore,0,0.7
3466,2026-04-15T23:56:22.433717,0.038654406377324244,0.9998369696661055,4,0.8586674358234785,0.8,2,0.9954220875589189,0.09724535840256952,1,0.4201050001883576,explore,0,0.7
3467,2026-04-15T23:56:22.433732,0.0433455546462924,0.9998333379933112,4,0.8587081891580162,0.8,2,0.9957551082394838,0.09772621478410033,1,0.420126485982642,explore,0,0.7
3468,2026-04-15T23:56:22.433746,0.045763057579809835,0.9998181832729766,4,0.858748918996829,0.8,2,0.9957994645562225,0.09738902335885186,1,0.4201499686106168,explore,0,0.7
3469,2026-04-15T23:56:22.433761,0.041560585843294966,0.9998269848239401,4,0.8587896253602305,0.8,2,0.9960629250124678,0.09721238911391723,1,0.4201754474852175,explore,0,0.7
3470,2026-04-15T23:56:22.433775,0.04291924877195147,0.9997839699267097,4,0.8588303082685105,0.8,2,0.9955434090579667,0.09676999824512494,1,0.4202029219694735,explore,0,0.7
3471,2026-04-15T23:56:22.433790,0.04799103921346013,0.9997814888660108,4,0.8588709677419355,0.8,2,0.9952692091933497,0.09697349366162177,1,0.4202323913765242,explore,0,0.7
3472,2026-04-15T23:56:22.433804,0.04424485558025623,0.9997725661939876,4,0.8589116038007486,0.8,2,0.9953906484053173,0.09739842915604512,1,0.4202638549696359,explore,0,0.7
3473,2026-04-15T23:56:22.433819,0.04410616049635553,0.9997635494831933,4,0.8589522164651698,0.8,2,0.9953490761635444,0.09823363146178545,1,0.4202973119622205,explore,0,0.7
3474,2026-04-15T23:56:22.433833,0.041708851829839896,0.9997717980696227,4,0.8589928057553957,0.8,2,0.9956749421593627,0.09714108354999598,1,0.4203327615178548,explore,0,0.7
3475,2026-04-15T23:56:22.433848,0.04260943304644041,0.9997781052554064,4,0.8590333716915995,0.8,2,0.9957378282724072,0.09702873601043856,1,0.4203702027503018,explore,0,0.7
3476,2026-04-15T23:56:22.433862,0.043928125339155334,0.999785795739937,4,0.8590739142939315,0.8,2,0.9957533324427892,0.09766666859314636,1,0.4204096347235327,explore,0,0.7
3477,2026-04-15T23:56:22.433877,0.041631585723051166,0.9997698808595047,4,0.8591144335825187,0.8,2,0.9957580169944836,0.09745772471138486,1,0.4204510564517502,explore,0,0.7
3478,2026-04-15T23:56:22.433892,0.03800985345334428,0.9997944680183634,4,0.8591549295774648,0.8,2,0.9958395041703747,0.09742374352947436,1,0.4204944668994132,explore,0,0.7
3479,2026-04-15T23:56:22.433906,0.042557369579745666,0.9997666385141157,4,0.8591954022988506,0.8,2,0.995515727905977,0.09723936560105954,1,0.42053986498126283,explore,0,0.7
3480,2026-04-15T23:56:22.433921,0.03872894911205618,0.9997612794595117,4,0.8592358517667337,0.8,2,0.9953750643268117,0.09802537851305396,1,0.4205872495623494,explore,0,0.7
3481,2026-04-15T23:56:22.433935,0.0443296755342193,0.9997593639573269,4,0.8592762780011488,0.8,2,0.9953284209769526,0.0972499778458023,1,0.4206366194580608,explore,0,0.7
3482,2026-04-15T23:56:22.433952,0.04156557057634045,0.9997581497607916,4,0.8593166810221073,0.8,2,0.9954648941956961,0.09801743022881115,1,0.4206879734341522,explore,0,0.7
3483,2026-04-15T23:56:22.433967,0.04666231482932861,0.9997598551093116,4,0.8593570608495982,0.8,2,0.9952583518210005,0.09778560276514822,1,0.42074131020677696,explore,0,0.7
3484,2026-04-15T23:56:22.433981,0.043290292861649135,0.9997566723494377,4,0.8593974175035868,0.8,2,0.9952572488567888,0.09734143624889005,1,0.4207966284425185,explore,0,0.7
3485,2026-04-15T23:56:22.433996,0.03956810622526497,0.999742464847601,4,0.8594377510040161,0.8,2,0.9952657305620451,0.09709438748592661,1,0.42085392675842387,explore,0,0.7
3486,2026-04-15T23:56:22.434010,0.04081308767882993,0.9997422620772533,4,0.8594780613708058,0.8,2,0.9952495693724912,0.09757102638892887,1,0.420913203722038,explore,0,0.7
3487,2026-04-15T23:56:22.434024,0.041077023434533594,0.999737810500214,4,0.8595183486238532,0.8,2,0.9952532170188255,0.09723399666382172,1,0.42097445785144,explore,0,0.7
3488,2026-04-15T23:56:22.434039,0.041571776419707246,0.9997466747305519,4,0.8595586127830324,0.8,2,0.9953337674256312,0.09700799435683635,1,0.4210376876152798,explore,0,0.7
3489,2026-04-15T23:56:22.434053,0.04765731861949268,0.9997450097118675,4,0.8595988538681948,0.8,2,0.995071537037727,0.09812768985704279,1,0.42110289143281665,explore,0,0.7
3490,2026-04-15T23:56:22.434068,0.04442661449319077,0.9997742961872987,4,0.8596390718991693,0.8,2,0.9953975870528753,0.09821803262841206,1,0.42117006767395837,explore,0,0.7
3491,2026-04-15T23:56:22.434082,0.04179571277575156,0.9997951484071796,4,0.8596792668957618,0.8,2,0.9956867817196056,0.09752433199557925,1,0.4212392146593026,explore,0,0.7
3492,2026-04-15T23:56:22.434097,0.04542808839229966,0.999801974808151,4,0.8597194388777555,0.8,2,0.9957368837312623,0.09751801966254041,1,0.4213103306601782,explore,0,0.7
3493,2026-04-15T23:56:22.434111,0.03591500512481285,0.9998074661606198,4,0.8597595878649112,0.8,2,0.995641850911237,0.09739889018812971,1,0.42138341389868883,explore,0,0.7
3494,2026-04-15T23:56:22.434126,0.04226638865980327,0.9997924002110509,4,0.8597997138769671,0.8,2,0.9956572022814889,0.09755229940903154,1,0.42145846254775743,explore,0,0.7
3495,2026-04-15T23:56:22.434140,0.05027857707453053,0.9997955859038873,4,0.8598398169336384,0.8,2,0.9956610935573204,0.0976064143524423,1,0.4215354747311717,explore,0,0.7
3496,2026-04-15T23:56:22.434155,0.04236137204539768,0.9997980237063209,4,0.8598798970546182,0.8,2,0.9951657441470821,0.09699662140215116,1,0.4216144485236309,explore,0,0.7
3497,2026-04-15T23:56:22.434169,0.036640475317250544,0.999815886288627,4,0.8599199542595769,0.8,2,0.9943459858403512,0.09836033681847449,1,0.4216953819507944,explore,0,0.7
3498,2026-04-15T23:56:22.434184,0.047236794364137705,0.9998212434711263,4,0.8599599885681624,0.8,2,0.9942256301642702,0.09785518530162157,1,0.4217782729893309,explore,0,0.7
3499,2026-04-15T23:56:22.434198,0.04611733582904744,0.9998111934954639,4,0.86,0.8,2,0.9945524896786793,0.09735702777874206,1,0.42186311956696854,explore,0,0.7
3500,2026-04-15T23:56:22.434212,0.04301287305544315,0.9988434238352976,4,0.8597543558983147,0.8,2,0.0,0.08579677347780022,1,0.42194991956254735,exploit,1,0.5
3501,2026-04-15T23:56:22.434236,0.04383220655378579,0.9981406552388933,4,0.8595088520845231,0.8,2,0.0,0.08691576104857718,1,0.42203867080607205,exploit,1,0.5
3502,2026-04-15T23:56:22.434258,0.04136616569701469,0.9973773980652296,4,0.8595489580359692,0.8,2,0.0,0.08647951481769241,1,0.42212937107876614,exploit,1,0.5
3503,2026-04-15T23:56:22.434273,0.03693331656299141,0.9967261708498893,4,0.8595890410958904,0.8,2,0.0,0.08674749625693923,1,0.42222201811312743,exploit,1,0.5
3504,2026-04-15T23:56:22.434287,0.04824308501828766,0.9962049547730318,4,0.8596291012838801,0.8,2,0.0,0.08621708597847168,1,0.422316609592985,exploit,1,0.5
3505,2026-04-15T23:56:22.434300,0.04318684377919156,0.9956582964439025,4,0.8596691386195094,0.8,2,0.0,0.08611783165323315,1,0.42241314315355677,exploit,1,0.5
3506,2026-04-15T23:56:22.434314,0.043487618630877356,0.9954970496285803,4,0.8597091531223268,0.8,2,0.0,0.08588834364353504,1,0.4225116163815087,exploit,1,0.5
3507,2026-04-15T23:56:22.434328,0.03921656667573616,0.9951504428052091,4,0.8597491448118586,0.8,2,0.0,0.08618833140415541,1,0.4226120268150152,exploit,1,0.5
3508,2026-04-15T23:56:22.434341,0.04319932577447488,0.9951940333634064,4,0.859789113707609,0.8,2,0.0,0.08702049633934639,1,0.42271437194382067,exploit,1,0.5
3509,2026-04-15T23:56:22.434355,0.04006980615144745,0.9950381575403037,4,0.8598290598290599,0.8,2,0.0,0.08650947070611655,1,0.42281864920930234,exploit,1,0.5
3510,2026-04-15T23:56:22.434369,0.038599070376129065,0.9949049459740015,4,0.8598689831956707,0.8,2,0.0,0.0855313501678866,1,0.4229248560045339,exploit,1,0.5
3511,2026-04-15T23:56:22.434382,0.04184833074178719,0.9949937064589418,4,0.8599088838268792,0.8,2,0.0,0.08690270544200712,1,0.423032989674351,exploit,1,0.5
3512,2026-04-15T23:56:22.434396,0.03374206037204459,0.9952637120194866,4,0.8599487617421008,0.8,2,0.0,0.08601031385803676,1,0.42314304751541754,exploit,1,0.5
3513,2026-04-15T23:56:22.434409,0.03898087770828306,0.995532287256127,4,0.8599886169607285,0.8,2,0.0,0.08690479323226376,1,0.4232550267762933,exploit,1,0.5
3514,2026-04-15T23:56:22.434422,0.043007068795856765,0.9960277755099862,4,0.8600284495021338,0.8,2,0.0,0.08688767029636071,1,0.4233689246575024,exploit,1,0.5
3515,2026-04-15T23:56:22.434436,0.035810689489871275,0.9965690184243168,4,0.8600682593856656,0.8,2,0.0,0.08495107850746228,1,0.42348473831160394,exploit,1,0.5
3516,2026-04-15T23:56:22.434453,0.041183755992595134,0.9972925622191875,4,0.8601080466306511,0.8,2,0.0,0.08643667379434372,1,0.4236024648432626,exploit,1,0.5
3517,2026-04-15T23:56:22.434467,0.04503496187402937,0.9980881550543657,4,0.8601478112563957,0.8,2,0.0,0.08608022174644377,1,0.42372210130932103,exploit,1,0.5
3518,2026-04-15T23:56:22.434480,0.04503798697152634,0.9988320574138191,4,0.8601875532821824,0.8,2,0.0,0.08672879327537147,1,0.4238436447188739,exploit,1,0.5
3519,2026-04-15T23:56:22.434494,0.043655764672450054,0.9997182578618946,4,0.8602272727272727,0.8,2,0.9945628794026302,0.08698598156217312,1,0.4239670920333424,exploit,1,0.5
3520,2026-04-15T23:56:22.434509,0.03906167999729551,0.9997250813527194,4,0.860266969610906,0.8,2,0.9947210133874995,0.08735443099528968,1,0.42409244016655007,exploit,1,0.5
3521,2026-04-15T23:56:22.434523,0.039431431237219344,0.9997344847187498,4,0.8603066439522998,0.8,2,0.9946136206388089,0.08618899088197385,1,0.4242196859848,exploit,1,0.5
3522,2026-04-15T23:56:22.434537,0.04407456627379988,0.9997013393687282,4,0.86034629577065,0.8,2,0.9945779018159095,0.0855604616210664,1,0.42434882630695336,exploit,1,0.5
3523,2026-04-15T23:56:22.434552,0.04302671580635585,0.9997048214444281,4,0.8603859250851306,0.8,2,0.994631461355556,0.0868052733554765,1,0.42447985790450904,exploit,1,0.5
3524,2026-04-15T23:56:22.434566,0.03834180195986071,0.9996933038740583,4,0.8604255319148936,0.8,2,0.9946506638487039,0.08571158748056565,1,0.42461277750168364,exploit,1,0.5
3525,2026-04-15T23:56:22.434581,0.041966889735797694,0.9996994452523362,4,0.8604651162790697,0.8,2,0.9941830136810017,0.0856395715539762,1,0.42474758177549427,exploit,1,0.5
3526,2026-04-15T23:56:22.434595,0.039678999598502594,0.9997228119448793,4,0.8605046781967678,0.8,2,0.9941556307638328,0.08534213012507504,1,0.4248842673558411,exploit,1,0.5
3527,2026-04-15T23:56:22.434610,0.040286753440251316,0.9997374432490812,4,0.8605442176870748,0.8,2,0.9939800023972134,0.087219058777385,1,0.4250228308255919,exploit,1,0.5
3528,2026-04-15T23:56:22.434624,0.0411017023225389,0.9997521117639617,4,0.8605837347690564,0.8,2,0.9939967671176477,0.08611832351954485,1,0.4251632687206669,exploit,1,0.5
3529,2026-04-15T23:56:22.434639,0.04311001237531928,0.9997790318680326,4,0.8606232294617564,0.8,2,0.9938014518603524,0.08643483757580031,1,0.42530557753012616,exploit,1,0.5
3530,2026-04-15T23:56:22.434653,0.0443846687298637,0.9997840975790226,4,0.8606627017841971,0.8,2,0.9940091312401963,0.08629657237549805,1,0.4254497536962569,exploit,1,0.5
3531,2026-04-15T23:56:22.434668,0.03879255786105681,0.999771248937771,4,0.8607021517553793,0.8,2,0.994089418093101,0.08642663620401875,1,0.4255957936146623,exploit,1,0.5
3532,2026-04-15T23:56:22.434682,0.04409572875484628,0.9997504440248146,4,0.8607415793942825,0.8,2,0.9939805290121352,0.08652474480490482,1,0.42574369363435216,exploit,1,0.5
3533,2026-04-15T23:56:22.434702,0.042366999847374166,0.999788592957133,4,0.8607809847198642,0.8,2,0.9940151205725969,0.08601908678577976,1,0.42589345005783363,exploit,1,0.5
3534,2026-04-15T23:56:22.434717,0.03923131399748178,0.999804473580122,4,0.8608203677510609,0.8,2,0.9940176092410553,0.08665392362344651,1,0.42604505914120405,exploit,1,0.5
3535,2026-04-15T23:56:22.434732,0.03430545186109865,0.9998032362139034,4,0.8608597285067874,0.8,2,0.9944187436184659,0.08560220028825705,1,0.42619851709424406,exploit,1,0.5
3536,2026-04-15T23:56:22.434746,0.04346091901647042,0.999802700685308,4,0.8608990670059372,0.8,2,0.9947900083912524,0.08665177009183778,1,0.4263538200805128,exploit,1,0.5
3537,2026-04-15T23:56:22.434761,0.04297546926195623,0.9998004661169091,4,0.8609383832673827,0.8,2,0.9948125598739048,0.08630898282874772,1,0.42651096421744383,exploit,1,0.5
3538,2026-04-15T23:56:22.434776,0.04143561532746573,0.9998218460274351,4,0.8609776773099745,0.8,2,0.9946794694760412,0.08653288192086472,1,0.426669945576442,exploit,1,0.5
3539,2026-04-15T23:56:22.434790,0.044997372057040394,0.9998011168968977,4,0.8610169491525423,0.8,2,0.9949649046860098,0.0867544285028709,1,0.4268307601829814,exploit,1,0.5
3540,2026-04-15T23:56:22.434804,0.03962284576882902,0.9997935100991372,4,0.8610561988138944,0.8,2,0.9950545319336831,0.08591199144227478,1,0.42699340401670527,exploit,1,0.5
3541,2026-04-15T23:56:22.434819,0.0466425345296959,0.9997921140843381,4,0.8610954263128177,0.8,2,0.9951383539676761,0.08637403788556514,1,0.4271578730115264,exploit,1,0.5
3542,2026-04-15T23:56:22.434834,0.0387802924691993,0.9998122617542775,4,0.8611346316680779,0.8,2,0.9951713709381012,0.08592904362524126,1,0.42732416305572835,exploit,1,0.5
3543,2026-04-15T23:56:22.434848,0.037456238532521564,0.9997838205110415,4,0.8611738148984198,0.8,2,0.994727200550571,0.08506905969931162,1,0.42749226999206863,exploit,1,0.5
3544,2026-04-15T23:56:22.434863,0.040158292525272914,0.999789392686324,4,0.861212976022567,0.8,2,0.99456768948871,0.08661863298918389,1,0.4276621896178827,exploit,1,0.5
3545,2026-04-15T23:56:22.434877,0.0347992147592088,0.9997951134416715,4,0.8612521150592216,0.8,2,0.9946966950085396,0.08700513798859397,1,0.42783391768518886,exploit,1,0.5
3546,2026-04-15T23:56:22.434892,0.04173718654370624,0.9997790188687058,4,0.8612912320270651,0.8,2,0.9946582435229203,0.08553875503467259,1,0.42800744990079415,exploit,1,0.5
3547,2026-04-15T23:56:22.434906,0.03982720115532377,0.999775922628159,4,0.8613303269447576,0.8,2,0.9948301145751338,0.08654630997189622,1,0.42818278192640224,exploit,1,0.5
3548,2026-04-15T23:56:22.434920,0.04068539303585452,0.9997944196209196,4,0.8613693998309383,0.8,2,0.9949545174208805,0.08631712505193274,1,0.42835990937872187,exploit,1,0.5
3549,2026-04-15T23:56:22.434946,0.03724521948219806,0.9997860138848986,4,0.8614084507042253,0.8,2,0.9950608306148343,0.08614401550526747,1,0.42853882782957564,exploit,1,0.5
3550,2026-04-15T23:56:22.434964,0.0379416776712764,0.999787330442283,4,0.861447479583216,0.8,2,0.9950837052701421,0.08659459566214256,1,0.4287195328060117,exploit,1,0.5
3551,2026-04-15T23:56:22.434979,0.037721343515359475,0.9997939845205324,4,0.8614864864864865,0.8,2,0.9946847335352427,0.08667310133263294,1,0.42890201979041515,exploit,1,0.5
3552,2026-04-15T23:56:22.434994,0.034705744960940074,0.9997982407291268,4,0.8615254714325922,0.8,2,0.9947621218198521,0.08695658244393363,1,0.42908628422062095,exploit,1,0.5
3553,2026-04-15T23:56:22.435009,0.041866477474438515,0.9997934674110399,4,0.8615644344400676,0.8,2,0.9946443562608995,0.08668396956723497,1,0.42927232149002764,exploit,1,0.5
3554,2026-04-15T23:56:22.435023,0.03775579304806739,0.9997933746164709,4,0.8616033755274262,0.8,2,0.9942836093699562,0.08734344713562954,1,0.4294601269477134,exploit,1,0.5
3555,2026-04-15T23:56:22.435037,0.03892933036995662,0.9997937202633982,4,0.8616422947131609,0.8,2,0.9942505844111675,0.08650149213177598,1,0.4296496958985516,exploit,1,0.5
3556,2026-04-15T23:56:22.435052,0.03781487596125252,0.9997916757394845,4,0.8616811920157436,0.8,2,0.9942055612810499,0.08673901707647656,1,0.42984102360332815,exploit,1,0.5
3557,2026-04-15T23:56:22.435066,0.03968191633774511,0.9998000030626699,4,0.8617200674536256,0.8,2,0.9940197850975298,0.08687362797986957,1,0.43003410527886055,exploit,1,0.5
3558,2026-04-15T23:56:22.435081,0.041389202931033875,0.9997705380648118,4,0.8617589210452374,0.8,2,0.9940498941685946,0.08583717063295566,1,0.43022893609811685,exploit,1,0.5
3559,2026-04-15T23:56:22.435096,0.04099823354720901,0.9997681939678085,4,0.8617977528089887,0.8,2,0.9940228718404299,0.08586561116568195,1,0.43042551119033695,exploit,1,0.5
3560,2026-04-15T23:56:22.435110,0.03988348356515129,0.9997804562409174,4,0.8618365627632687,0.8,2,0.9940022967229947,0.08558598922871788,1,0.4306238256411535,exploit,1,0.5
3561,2026-04-15T23:56:22.435124,0.037801625821321086,0.9997890312288163,4,0.8618753509264458,0.8,2,0.993981357073868,0.086816701177717,1,0.43082387449271564,exploit,1,0.5
3562,2026-04-15T23:56:22.435139,0.0436764429451009,0.999773313149598,4,0.8619141173168678,0.8,2,0.9933098783403518,0.08559565333183523,1,0.4310256527438126,exploit,1,0.5
3563,2026-04-15T23:56:22.435153,0.0361811283395799,0.999795536953931,4,0.8619528619528619,0.8,2,0.9937747564278154,0.0865089337127392,1,0.43122915534999867,exploit,1,0.5
3564,2026-04-15T23:56:22.435167,0.0403296284470452,0.9997920352584397,4,0.861991584852735,0.8,2,0.9938943746311797,0.08644285363556446,1,0.431434377223719,exploit,1,0.5
3565,2026-04-15T23:56:22.435182,0.03790536953709525,0.9997918603125093,4,0.8620302860347728,0.8,2,0.9940857151206717,0.0862979821535192,1,0.43164131323443766,exploit,1,0.5
3566,2026-04-15T23:56:22.435196,0.03949160679345231,0.9998112470859496,4,0.8620689655172413,0.8,2,0.9943950143232065,0.08695898542052094,1,0.43184995820876526,exploit,1,0.5
3567,2026-04-15T23:56:22.435210,0.042775285680182046,0.99979947768451,4,0.8621076233183856,0.8,2,0.9940163903948136,0.08558792954822189,1,0.43206030693058806,exploit,1,0.5
3568,2026-04-15T23:56:22.435225,0.039770245513717495,0.9997942784374677,4,0.8621462594564304,0.8,2,0.9939644738734826,0.0867526082688601,1,0.432272354141199,exploit,1,0.5
3569,2026-04-15T23:56:22.435239,0.03962465760949037,0.9998124488663254,4,0.8621848739495799,0.8,2,0.9940657509676177,0.08754689116406596,1,0.43248609453942893,exploit,1,0.5
3570,2026-04-15T23:56:22.435260,0.037713369989122364,0.9997973731779748,4,0.8622234668160179,0.8,2,0.9936184001745864,0.08572807607772136,1,0.4327015227817792,exploit,1,0.5
3571,2026-04-15T23:56:22.435275,0.04141907675490496,0.9998079690694991,4,0.8622620380739082,0.8,2,0.9937981174010639,0.08705344343324169,1,0.43291863348255466,exploit,1,0.5
3572,2026-04-15T23:56:22.435290,0.04257080615707513,0.9998141947398513,4,0.8623005877413937,0.8,2,0.9938555714912205,0.08634295644562423,1,0.43313742121399923,exploit,1,0.5
3573,2026-04-15T23:56:22.435304,0.04228458746346983,0.9998095385663058,4,0.8623391158365976,0.8,2,0.9939122602951909,0.08618616661489052,1,0.43335788050643115,exploit,1,0.5
3574,2026-04-15T23:56:22.435319,0.036407183689400685,0.9998069065416509,4,0.8623776223776224,0.8,2,0.9942816120075915,0.08595966340486044,1,0.43358000584837936,exploit,1,0.5
3575,2026-04-15T23:56:22.435333,0.038487424523231575,0.9998072529989717,4,0.8624161073825504,0.8,2,0.9940151392230105,0.08679004006674552,1,0.43380379168672195,exploit,1,0.5
3576,2026-04-15T23:56:22.435348,0.04475383881050875,0.9997928573090568,4,0.8624545708694437,0.8,2,0.993673038284764,0.08580422847033824,1,0.4340292324268247,exploit,1,0.5
3577,2026-04-15T23:56:22.435363,0.034442182376805776,0.9997824751781474,4,0.8624930128563443,0.8,2,0.993835578599215,0.08654862868652059,1,0.4342563224326809,exploit,1,0.5
3578,2026-04-15T23:56:22.435377,0.038454369566103104,0.9997957307145826,4,0.8625314333612741,0.8,2,0.9938219961864492,0.08538399702681981,1,0.434485056027052,exploit,1,0.5
3579,2026-04-15T23:56:22.435392,0.038870864880667544,0.9998135349870091,4,0.8625698324022346,0.8,2,0.9938056095813139,0.08640527075902847,1,0.43471542749161024,exploit,1,0.5
3580,2026-04-15T23:56:22.435406,0.042425341589986135,0.9998145714809172,4,0.8626082099972074,0.8,2,0.9937898265364324,0.08664490968375621,1,0.43494743106708106,exploit,1,0.5
3581,2026-04-15T23:56:22.435421,0.034183321796120346,0.9998024271816763,4,0.8626465661641541,0.8,2,0.9938556608921124,0.0861457012293251,1,0.43518106095338693,exploit,1,0.5
3582,2026-04-15T23:56:22.435435,0.04069995083728818,0.9998208700399094,4,0.8626849009210159,0.8,2,0.9943673854912756,0.08683307505437945,1,0.43541631130979297,exploit,1,0.5
3583,2026-04-15T23:56:22.435452,0.040712070749304205,0.9998219327023607,4,0.8627232142857143,0.8,2,0.9939550940558116,0.08540564647474759,1,0.4356531762550525,exploit,1,0.5
3584,2026-04-15T23:56:22.435467,0.04391796732002658,0.9998118939020624,4,0.8627615062761507,0.8,2,0.993942664293936,0.08674583123783951,1,0.43589164986755446,exploit,1,0.5
3585,2026-04-15T23:56:22.435482,0.0402206463787954,0.9998161094900888,4,0.8627997769102064,0.8,2,0.9936034352297342,0.08685451670166446,1,0.4361317261854706,exploit,1,0.5
3586,2026-04-15T23:56:22.435496,0.04551988005469834,0.9998088652371477,4,0.862838026205743,0.8,2,0.9935091987835984,0.08708390564626554,1,0.4363733992069056,exploit,1,0.5
3587,2026-04-15T23:56:22.435514,0.03779302357931075,0.9998124704826481,4,0.862876254180602,0.8,2,0.9938669484656503,0.08622031393766402,1,0.4366166628900465,exploit,1,0.5
3588,2026-04-15T23:56:22.435537,0.03755251455070951,0.9998166832980573,4,0.8629144608526051,0.8,2,0.9939566333455596,0.08591414924662029,1,0.4368615111533142,exploit,1,0.5
3589,2026-04-15T23:56:22.435561,0.04676723125783619,0.9998057951875327,4,0.8629526462395544,0.8,2,0.9940295149246934,0.08613940761502524,1,0.4371079378755144,exploit,1,0.5
3590,2026-04-15T23:56:22.435576,0.045754921762707,0.9998301627370983,4,0.8629908103592314,0.8,2,0.9944236501345116,0.08668567625212098,1,0.43735593689599206,exploit,1,0.5
3591,2026-04-15T23:56:22.435591,0.03697956710558076,0.9998374725599584,4,0.8630289532293987,0.8,2,0.9944006835310765,0.08590843917522736,1,0.4376055020147848,exploit,1,0.5
3592,2026-04-15T23:56:22.435606,0.03631419008704603,0.9998305711009245,4,0.8630670748677985,0.8,2,0.9943384149931256,0.08599010610604683,1,0.43785662699277733,exploit,1,0.5
3593,2026-04-15T23:56:22.435621,0.03979018861671617,0.9998180660093079,4,0.8631051752921536,0.8,2,0.994290988709216,0.08655528794698707,1,0.4381093055518584,exploit,1,0.5
3594,2026-04-15T23:56:22.435635,0.039529442501379006,0.9998248566101217,4,0.8631432545201669,0.8,2,0.993966279258865,0.08672589466566416,1,0.43836353137507716,exploit,1,0.5
3595,2026-04-15T23:56:22.435650,0.039073003840236195,0.9998345759655412,4,0.8631813125695217,0.8,2,0.994139691082889,0.08673181137935963,1,0.4386192981068015,exploit,1,0.5
3596,2026-04-15T23:56:22.435680,0.03537341221974238,0.9998216185736157,4,0.8632193494578816,0.8,2,0.9943703093489636,0.08700592798690905,1,0.4388765993528761,exploit,1,0.5
3597,2026-04-15T23:56:22.435696,0.03833331102248153,0.9998359956096676,4,0.8632573652028905,0.8,2,0.9945434179820849,0.08604017553432627,1,0.43913542868078337,exploit,1,0.5
3598,2026-04-15T23:56:22.435717,0.03848509217685782,0.9998469398748655,4,0.8632953598221729,0.8,2,0.9944495928755539,0.08593467412057446,1,0.43939577961980375,exploit,1,0.5
3599,2026-04-15T23:56:22.435732,0.03721502002934851,0.9998439621775265,4,0.8633333333333333,0.8,2,0.9944615069074146,0.08614498258138785,1,0.439657645661177,exploit,1,0.5
3600,2026-04-15T23:56:22.435751,0.04203195240793593,0.9990293737730562,4,0.8630935851152458,0.8,2,0.0,0.09775152534103393,1,0.4399210202582659,explore,0,0.7
3601,2026-04-15T23:56:22.435775,0.04606398994961812,0.9981746286008039,4,0.8631315935591338,0.8,2,0.0,0.09768551927338522,1,0.4401858968267192,explore,0,0.7
3602,2026-04-15T23:56:22.435793,0.03945780770513359,0.9976051279747853,4,0.8631695809048016,0.8,2,0.0,0.09806431194369049,1,0.4404522687446367,explore,0,0.7
3603,2026-04-15T23:56:22.435813,0.03810615228001817,0.9970694144357366,4,0.8632075471698113,0.8,2,0.0,0.09766800973973658,1,0.440720129352734,explore,0,0.7
3604,2026-04-15T23:56:22.435835,0.04025640197606073,0.9965469402701131,4,0.863245492371706,0.8,2,0.0,0.09788381994940164,1,0.44098947195451,explore,0,0.7
3605,2026-04-15T23:56:22.435857,0.041992928476438894,0.99618016675424,4,0.8632834165280089,0.8,2,0.0,0.09784127207512423,1,0.44126028981641385,explore,0,0.7
3606,2026-04-15T23:56:22.435871,0.04140633599253271,0.9956445025311,4,0.863321319656224,0.8,2,0.0,0.09728148844166871,1,0.4415325761680127,explore,0,0.7
3607,2026-04-15T23:56:22.435885,0.03936439901930691,0.99543435349683,4,0.863359201773836,0.8,2,0.0,0.09716092230255058,1,0.44180632420216226,explore,0,0.7
3608,2026-04-15T23:56:22.435898,0.040228713684657455,0.9950863488047543,4,0.8633970628983098,0.8,2,0.0,0.09724019987771314,1,0.4420815270751758,explore,0,0.7
3609,2026-04-15T23:56:22.435912,0.039759016193164354,0.9950892867449485,4,0.8634349030470914,0.8,2,0.0,0.09692969133480318,1,0.44235817790699605,explore,0,0.7
3610,2026-04-15T23:56:22.435931,0.03933985410527224,0.9952384277169746,4,0.8634727222376073,0.8,2,0.0,0.09698630788050949,1,0.4426362697813662,explore,0,0.7
3611,2026-04-15T23:56:22.435954,0.03968699229303272,0.9954396424221273,4,0.8635105204872646,0.8,2,0.0,0.09818710817312802,1,0.44291579574600426,explore,0,0.7
3612,2026-04-15T23:56:22.435969,0.03751111870407747,0.9957240165495966,4,0.8635482978134514,0.8,2,0.0,0.09750508756922326,1,0.44319674881277543,explore,0,0.7
3613,2026-04-15T23:56:22.435983,0.04257128071704105,0.9959381576054285,4,0.8635860542335363,0.8,2,0.0,0.09711045346719067,1,0.44347912195786804,explore,0,0.7
3614,2026-04-15T23:56:22.435997,0.03906662872145792,0.9963470411914216,4,0.8636237897648686,0.8,2,0.0,0.09747143701355765,1,0.44376290812196767,explore,0,0.7
3615,2026-04-15T23:56:22.436011,0.03710314382242999,0.9969258177779078,4,0.8636615044247787,0.8,2,0.0,0.09682607850746228,1,0.4440481002104353,explore,0,0.7
3616,2026-04-15T23:56:22.436025,0.045122550659185634,0.9974122651995084,4,0.8636991982305778,0.8,2,0.0,0.09771001693498176,1,0.4443346910934836,explore,0,0.7
3617,2026-04-15T23:56:22.436039,0.043444337068440406,0.9980680772645887,4,0.8637368711995578,0.8,2,0.0,0.09745936080684915,1,0.4446226736063552,explore,0,0.7
3618,2026-04-15T23:56:22.436053,0.04488795455368224,0.9988362569396272,4,0.8637745233489914,0.8,2,0.0,0.09736346448274742,1,0.4449120405495024,explore,0,0.7
3619,2026-04-15T23:56:22.436066,0.044188125857892,0.9997078317923926,4,0.8638121546961326,0.8,2,0.993121782851913,0.09702689640819867,1,0.44520278468876673,explore,0,0.7
3620,2026-04-15T23:56:22.436081,0.04016767120004226,0.999705055868856,4,0.863849765258216,0.8,2,0.9934973792882916,0.09790988633818275,1,0.44549489875556,explore,0,0.7
3621,2026-04-15T23:56:22.436095,0.039824512116277355,0.9997155496662778,4,0.8638873550524572,0.8,2,0.9934843858401454,0.09715163180754956,1,0.44578837544704536,explore,0,0.7
3622,2026-04-15T23:56:22.436110,0.03911207178584189,0.9996801540397401,4,0.863924924096053,0.8,2,0.9935895522191789,0.0974354616210664,1,0.446083207426321,explore,0,0.7
3623,2026-04-15T23:56:22.436125,0.042365096067023225,0.9996841764026992,4,0.8639624724061811,0.8,2,0.9936231965940784,0.09805665364226149,1,0.44637938732260307,explore,0,0.7
3624,2026-04-15T23:56:22.436139,0.04230372977899599,0.9996730150745164,4,0.864,0.8,2,0.9939915456111599,0.09751335711042407,1,0.44667690773140917,explore,0,0.7
3625,2026-04-15T23:56:22.436154,0.04195189011848403,0.9996837794588106,4,0.8640375068946498,0.8,2,0.9938888503599999,0.0972483818900706,1,0.4469757612147447,explore,0,0.7
3626,2026-04-15T23:56:22.436176,0.04399288152159282,0.9997075621828981,4,0.8640749931072512,0.8,2,0.9937499307196567,0.09651974853905966,1,0.44727594030128814,explore,0,0.7
3627,2026-04-15T23:56:22.436197,0.04286243321627734,0.9997231348117244,4,0.8641124586549063,0.8,2,0.9937626702840225,0.09832566508061516,1,0.44757743748657824,explore,0,0.7
3628,2026-04-15T23:56:22.436219,0.044227329722318784,0.9997335924461626,4,0.8641499035546982,0.8,2,0.9938798808705243,0.09710417861630477,1,0.44788024523320064,explore,0,0.7
3629,2026-04-15T23:56:22.436235,0.04484827990214992,0.9997629929129158,4,0.8641873278236915,0.8,2,0.9938406639020028,0.09797815828952845,1,0.4481843559709776,explore,0,0.7
3630,2026-04-15T23:56:22.436250,0.0458292482581946,0.9997681750574513,4,0.8642247314789314,0.8,2,0.9938874373313942,0.09761514954908762,1,0.44848976209715685,explore,0,0.7
3631,2026-04-15T23:56:22.436275,0.03840507251066035,0.9997565416569597,4,0.864262114537445,0.8,2,0.9939682038615913,0.09710370356567324,1,0.44879645597660056,explore,0,0.7
3632,2026-04-15T23:56:22.436290,0.038745154958268205,0.999736315376848,4,0.86429947701624,0.8,2,0.994019474453266,0.09775220472172992,1,0.4491044299419781,explore,0,0.7
3633,2026-04-15T23:56:22.436305,0.04139823286574382,0.9997784485718897,4,0.864336818932306,0.8,2,0.9942154211903744,0.09720800417318876,1,0.4494136762939562,explore,0,0.7
3634,2026-04-15T23:56:22.436319,0.038050103913398726,0.9997967239264587,4,0.8643741403026135,0.8,2,0.9942543957076988,0.09746459666270446,1,0.44972418730139246,explore,0,0.7
3635,2026-04-15T23:56:22.436334,0.04252286455693054,0.9997957042869198,4,0.8644114411441144,0.8,2,0.9946114860228541,0.09747720028825704,1,0.45003595520152745,explore,0,0.7
3636,2026-04-15T23:56:22.436348,0.043287533183766824,0.999795330211148,4,0.8644487214737421,0.8,2,0.994995858654,0.09834565941110864,1,0.45034897220018016,explore,0,0.7
3637,2026-04-15T23:56:22.436362,0.0474383001291388,0.9997952024245239,4,0.8644859813084113,0.8,2,0.9950599772066542,0.09765697145574159,1,0.45066323047194184,explore,0,0.7
3638,2026-04-15T23:56:22.436377,0.04551138336861707,0.9998181916360577,4,0.8645232206650179,0.8,2,0.9948473241233347,0.09754096981289635,1,0.4509787221603723,explore,0,0.7
3639,2026-04-15T23:56:22.436391,0.04224975974916082,0.9997992055171223,4,0.8645604395604396,0.8,2,0.9952402951467703,0.09759491817777856,1,0.4512954393781954,explore,0,0.7
3640,2026-04-15T23:56:22.436406,0.04272563185038524,0.9997898928006979,4,0.8645976380115353,0.8,2,0.9951685902421525,0.09676336328837237,1,0.45161337420749725,explore,0,0.7
3641,2026-04-15T23:56:22.436422,0.03681072800792535,0.999788532000087,4,0.8646348160351455,0.8,2,0.9951755106770255,0.09773435817438636,1,0.45193251869992407,explore,0,0.7
3642,2026-04-15T23:56:22.436437,0.0379964557025614,0.9998106296747191,4,0.8646719736480922,0.8,2,0.9950294150225529,0.09762426022155048,1,0.45225286487687966,explore,0,0.7
3643,2026-04-15T23:56:22.436454,0.04083115628198403,0.999784244076719,4,0.8647091108671789,0.8,2,0.9948286121687481,0.09664888775558503,1,0.4525744047297265,explore,0,0.7
3644,2026-04-15T23:56:22.436469,0.03968514216102212,0.9997898311466051,4,0.8647462277091906,0.8,2,0.9943304317391175,0.09815022804750334,1,0.452897130219985,explore,0,0.7
3645,2026-04-15T23:56:22.436502,0.03895661478540033,0.9997941207857126,4,0.8647833241908941,0.8,2,0.9944338883355046,0.0979823750198427,1,0.45322103327953495,explore,0,0.7
3646,2026-04-15T23:56:22.436518,0.03933503658188511,0.9997811557067563,4,0.8648204003290376,0.8,2,0.9947196793877295,0.09725327057276384,1,0.4535461058108163,explore,0,0.7
3647,2026-04-15T23:56:22.436532,0.03946503979736356,0.9997776161634462,4,0.8648574561403509,0.8,2,0.9947594664600239,0.09774451082993046,1,0.4538723396870329,explore,0,0.7
3648,2026-04-15T23:56:22.436547,0.0376720352483977,0.999796803927589,4,0.8648944916415456,0.8,2,0.9949515873361359,0.09727946640133672,1,0.45419972675235504,explore,0,0.7
3649,2026-04-15T23:56:22.436561,0.03648897075483552,0.9997895981688917,4,0.8649315068493151,0.8,2,0.9948342836973452,0.09718118949516584,1,0.4545282588221228,explore,0,0.7
3650,2026-04-15T23:56:22.436575,0.04190149926776621,0.9997905512305341,4,0.8649685017803341,0.8,2,0.9947583812501084,0.09812069726653663,1,0.4548579276830516,explore,0,0.7
3651,2026-04-15T23:56:22.436590,0.042213297300717004,0.9997943767125261,4,0.8650054764512596,0.8,2,0.9946862315485652,0.09826504079468568,1,0.4551887250934372,explore,0,0.7
3652,2026-04-15T23:56:22.436605,0.045893652724236275,0.9997985235796886,4,0.8650424308787298,0.8,2,0.9946645824161959,0.09735512357155694,1,0.4555206427833618,explore,0,0.7
3653,2026-04-15T23:56:22.436619,0.04026166323264612,0.999794482546946,4,0.8650793650793651,0.8,2,0.9945746166695552,0.09755555966649368,1,0.45585367245489994,explore,0,0.7
3654,2026-04-15T23:56:22.436634,0.03969152895442084,0.9997964448749503,4,0.8651162790697674,0.8,2,0.9946069643320594,0.09828011896906134,1,0.45618780578232737,explore,0,0.7
3655,2026-04-15T23:56:22.436648,0.04372427442490069,0.9997967736814233,4,0.8651531728665208,0.8,2,0.9945038961985613,0.09746088684820431,1,0.45652303441232867,explore,0,0.7
3656,2026-04-15T23:56:22.436663,0.041383430381799216,0.9997944104069414,4,0.8651900464861909,0.8,2,0.9944606972207171,0.09796708166118843,1,0.45685934996420496,explore,0,0.7
3657,2026-04-15T23:56:22.436677,0.04318132252059012,0.9998024418157462,4,0.8652268999453253,0.8,2,0.9944637794645258,0.09772938051165705,1,0.45719674403008526,explore,0,0.7
3658,2026-04-15T23:56:22.436692,0.04422786658340932,0.9997711327001819,4,0.8652637332604537,0.8,2,0.9944963876779971,0.09739591762407497,1,0.4575352081751355,explore,0,0.7
3659,2026-04-15T23:56:22.436713,0.03778697086373825,0.9997630191370632,4,0.8653005464480874,0.8,2,0.9945565339950733,0.09726700250608764,1,0.45787473393776984,explore,0,0.7
3660,2026-04-15T23:56:22.436728,0.04137128564991725,0.9997773141520513,4,0.86533733952472,0.8,2,0.9947473618620675,0.09720897424144975,1,0.4582153128298615,explore,0,0.7
3661,2026-04-15T23:56:22.436742,0.040526912487735614,0.9997863225449013,4,0.8653741125068268,0.8,2,0.9947392203901472,0.09811452471476456,1,0.4585569363369561,explore,0,0.7
3662,2026-04-15T23:56:22.436757,0.040770006073112625,0.9997708081981492,4,0.8654108654108654,0.8,2,0.9939627579997335,0.0967381133648554,1,0.45889959591848384,explore,0,0.7
3663,2026-04-15T23:56:22.436772,0.041552329427750584,0.9997897870870476,4,0.8654475982532751,0.8,2,0.993902703224288,0.09754811620094767,1,0.4592432830079731,explore,0,0.7
3664,2026-04-15T23:56:22.436786,0.036486647780199916,0.999785984879106,4,0.8654843110504775,0.8,2,0.99430332119883,0.09756334895818763,1,0.4595879890132643,explore,0,0.7
3665,2026-04-15T23:56:22.436801,0.04123398813223689,0.9997862221999999,4,0.8655210038188762,0.8,2,0.9940306798785572,0.09766289460071814,1,0.45993370531672534,explore,0,0.7
3666,2026-04-15T23:56:22.436815,0.04252488114923147,0.9998022531028654,4,0.8655576765748568,0.8,2,0.9941719352454473,0.09747199552846869,1,0.4602804232754669,explore,0,0.7
3667,2026-04-15T23:56:22.436830,0.04280874266024948,0.9997919130521346,4,0.8655943293347873,0.8,2,0.9939220304734293,0.09702693639612092,1,0.46062813422155763,explore,0,0.7
3668,2026-04-15T23:56:22.436844,0.04399585818048055,0.9997869226744462,4,0.8656309621150177,0.8,2,0.9939424706160078,0.09731629032998411,1,0.4609768294622422,explore,0,0.7
3669,2026-04-15T23:56:22.436858,0.04062958685563227,0.9998048007469709,4,0.8656675749318801,0.8,2,0.994072511567908,0.09784069755700747,1,0.46132650028015776,explore,0,0.7
3670,2026-04-15T23:56:22.436873,0.04245459935714727,0.9997886661201685,4,0.8657041678016889,0.8,2,0.9939425881358505,0.09736418589722126,1,0.4616771379335523,explore,0,0.7
3671,2026-04-15T23:56:22.436887,0.044008128235518834,0.9998017875403487,4,0.8657407407407407,0.8,2,0.9942716165609521,0.09818933935406896,1,0.4620287336565023,explore,0,0.7
3672,2026-04-15T23:56:22.436902,0.041080328063333685,0.9998086654791795,4,0.8657772937653144,0.8,2,0.9943378237924647,0.09768185030203665,1,0.4623812786591332,explore,0,0.7
3673,2026-04-15T23:56:22.436916,0.04400863951099142,0.9998021179555256,4,0.8658138268916712,0.8,2,0.9942114242389056,0.09770024062725,1,0.4627347641278386,explore,0,0.7
3674,2026-04-15T23:56:22.436931,0.0372031807947389,0.9997982913506089,4,0.8658503401360544,0.8,2,0.9942255971332233,0.09703157837338726,1,0.4630891812254996,explore,0,0.7
3675,2026-04-15T23:56:22.436945,0.043516284371684824,0.99979924673812,4,0.8658868335146899,0.8,2,0.9940020893163781,0.09783807924416602,1,0.46344452109170753,explore,0,0.7
3676,2026-04-15T23:56:22.436963,0.04039315422516356,0.9997869397406728,4,0.8659233070437857,0.8,2,0.9938089027290413,0.09662997715395288,1,0.46380077484298426,explore,0,0.7
3677,2026-04-15T23:56:22.436978,0.04203195978519776,0.9997763866873417,4,0.8659597607395324,0.8,2,0.9938537045364817,0.09747884744112749,1,0.46415793357300483,explore,0,0.7
3678,2026-04-15T23:56:22.436992,0.04225974400476171,0.9997916458643795,4,0.8659961946181027,0.8,2,0.9938561818379947,0.09709105611906754,1,0.464515988352819,explore,0,0.7
3679,2026-04-15T23:56:22.437007,0.03349501773968,0.9998129235905578,4,0.8660326086956521,0.8,2,0.993800211830673,0.09749066712663726,1,0.46487493023107623,explore,0,0.7
3680,2026-04-15T23:56:22.437021,0.035281555403440364,0.9998142739685869,4,0.8660690029883183,0.8,2,0.9937213588490242,0.09771600937942884,1,0.46523475023424854,explore,0,0.7
3681,2026-04-15T23:56:22.437035,0.0374352663048232,0.9998016827141636,4,0.8661053775122216,0.8,2,0.9937291446244405,0.09749149775270088,1,0.465595439366854,explore,0,0.7
3682,2026-04-15T23:56:22.437050,0.03912418878072829,0.9998214333709521,4,0.8661417322834646,0.8,2,0.9941596666727748,0.09798431885418693,1,0.46595698861168344,explore,0,0.7
3683,2026-04-15T23:56:22.437064,0.04455639567387222,0.9998226096561039,4,0.8661780673181325,0.8,2,0.9942924883574046,0.09714630405894203,1,0.46631938893002445,explore,0,0.7
3684,2026-04-15T23:56:22.437079,0.0425801662196256,0.9998122435638251,4,0.8662143826322931,0.8,2,0.9942906598578726,0.09768001555739625,1,0.4666826312618883,explore,0,0.7
3685,2026-04-15T23:56:22.437093,0.03917944910587422,0.9998159758038658,4,0.8662506782419968,0.8,2,0.9937295121849621,0.09854587739600651,1,0.4670467065262351,explore,0,0.7
3686,2026-04-15T23:56:22.437107,0.03751612209096218,0.9998085050887145,4,0.8662869541632764,0.8,2,0.9936780836958439,0.09822284637243997,1,0.4674116056212024,explore,0,0.7
3687,2026-04-15T23:56:22.437122,0.038447212595558604,0.9998100075516887,4,0.8663232104121475,0.8,2,0.9939080061999717,0.09692962771600096,1,0.46777731942433187,explore,0,0.7
3688,2026-04-15T23:56:22.437137,0.04412300601721446,0.9998139553716373,4,0.8663594470046083,0.8,2,0.9938861835450454,0.09747322256311657,1,0.4681438387927977,explore,0,0.7
3689,2026-04-15T23:56:22.437151,0.04558989532096981,0.9998051326148577,4,0.8663956639566396,0.8,2,0.9938903313044049,0.09759580349359726,1,0.4685111545636343,explore,0,0.7
3690,2026-04-15T23:56:22.437165,0.04234403028771405,0.9998307799236655,4,0.8664318612842048,0.8,2,0.9942361195600802,0.09768090385914993,1,0.46887925755396676,explore,0,0.7
3691,2026-04-15T23:56:22.437180,0.03806258396010172,0.9998369206072946,4,0.8664680390032503,0.8,2,0.9942941114851003,0.09761080953959021,1,0.46924813856123976,explore,0,0.7
3692,2026-04-15T23:56:22.437336,0.03460303021559601,0.9998285197090351,4,0.8665041971297048,0.8,2,0.994273716343842,0.09774507620732172,1,0.4696177883634468,explore,0,0.7
3693,2026-04-15T23:56:22.437386,0.04139966755482128,0.9998139136364147,4,0.8665403356794802,0.8,2,0.994366191552059,0.0974745830682037,1,0.4699881977193624,explore,0,0.7
3694,2026-04-15T23:56:22.437401,0.03730592688824283,0.9998210432205761,4,0.8665764546684709,0.8,2,0.9941569147152196,0.09830929785892989,1,0.4703593573687718,explore,0,0.7
3695,2026-04-15T23:56:22.437417,0.04135502725967606,0.9998304414466513,4,0.8666125541125541,0.8,2,0.9942830607306632,0.09811450008909998,1,0.47073125803270355,explore,0,0.7
3696,2026-04-15T23:56:22.437433,0.03839362293718049,0.9998144902626074,4,0.86664863402759,0.8,2,0.9938662805536318,0.09747053856972167,1,0.4711038904136598,explore,0,0.7
3697,2026-04-15T23:56:22.437448,0.03835740199461905,0.9998295206669748,4,0.8666846944294213,0.8,2,0.9941742936903557,0.0973441561828626,1,0.47147724519585066,explore,0,0.7
3698,2026-04-15T23:56:22.437468,0.038840375651351206,0.9998399879969773,4,0.8667207353338741,0.8,2,0.9940572554488833,0.09770779198829921,1,0.4718513130454264,explore,0,0.7
3699,2026-04-15T23:56:22.437489,0.03677490362524027,0.9998358531025346,4,0.8667567567567568,0.8,2,0.9941436039217311,0.0977491657715122,1,0.4722260846107096,explore,0,0.7
3700,2026-04-15T23:56:22.437512,0.04477112194266557,0.9989018489137883,4,0.866522561469873,0.8,2,0.0,0.08661632166006182,1,0.47260155052243097,exploit,1,0.5
3701,2026-04-15T23:56:22.437532,0.042434392488552054,0.9979573514329513,4,0.8665586169638033,0.8,2,0.0,0.08595174885970118,1,0.47297770139396234,exploit,1,0.5
3702,2026-04-15T23:56:22.437554,0.041766271292921514,0.9973183054811303,4,0.866594652984067,0.8,2,0.0,0.08662299995930156,1,0.4733545278215517,exploit,1,0.5
3703,2026-04-15T23:56:22.437575,0.03682888479370661,0.996760490630777,4,0.8666306695464363,0.8,2,0.0,0.08614130707514467,1,0.4737320203845574,exploit,1,0.5
3704,2026-04-15T23:56:22.437591,0.03853702779252095,0.9964397756473949,4,0.8666666666666667,0.8,2,0.0,0.08580817133658336,1,0.4741101696456854,exploit,1,0.5
3705,2026-04-15T23:56:22.437605,0.03393664316201267,0.996042041066089,4,0.8667026443604965,0.8,2,0.0,0.08683471183394707,1,0.47448896615122416,exploit,1,0.5
3706,2026-04-15T23:56:22.437619,0.0380979271783145,0.995783190183043,4,0.8667386026436471,0.8,2,0.0,0.08630993696569009,1,0.4748684004312801,exploit,1,0.5
3707,2026-04-15T23:56:22.437633,0.03899448923081847,0.9956333968296296,4,0.8667745415318231,0.8,2,0.0,0.08622199350699462,1,0.47524846300001633,exploit,1,0.5
3708,2026-04-15T23:56:22.437646,0.03846108774501569,0.9956964966800329,4,0.8668104610407118,0.8,2,0.0,0.08569980916534897,1,0.47562914435588843,exploit,1,0.5
3709,2026-04-15T23:56:22.437661,0.038736773315785275,0.9954238297310113,4,0.8668463611859838,0.8,2,0.0,0.08661585573786798,1,0.4760104349818826,exploit,1,0.5
3710,2026-04-15T23:56:22.437757,0.04055190214127731,0.9954498332731125,4,0.8668822419832929,0.8,2,0.0,0.08569127300472804,1,0.4763923253457525,exploit,1,0.5
3711,2026-04-15T23:56:22.437784,0.03342921515395424,0.9955395315706466,4,0.8669181034482759,0.8,2,0.0,0.0860115878390883,1,0.47677480590025917,exploit,1,0.5
3712,2026-04-15T23:56:22.437798,0.03221662563219365,0.9957368085043525,4,0.8669539455965527,0.8,2,0.0,0.08690726032414231,1,0.4771578670834087,exploit,1,0.5
3713,2026-04-15T23:56:22.437812,0.03719011784603615,0.9960596807629731,4,0.8669897684437264,0.8,2,0.0,0.086617836463635,1,0.4775414993186917,exploit,1,0.5
3714,2026-04-15T23:56:22.437826,0.03458547877844759,0.9964196655357123,4,0.8670255720053835,0.8,2,0.0,0.08564417546038922,1,0.4779256930153218,exploit,1,0.5
3715,2026-04-15T23:56:22.437839,0.03633573773173988,0.996838772450664,4,0.8670613562970937,0.8,2,0.0,0.08534477042863167,1,0.47831043856847677,exploit,1,0.5
3716,2026-04-15T23:56:22.437859,0.04300768621746749,0.997544188031853,4,0.8670971213344094,0.8,2,0.0,0.08696250505089635,1,0.47869572635953817,exploit,1,0.5
3717,2026-04-15T23:56:22.437881,0.040166653083570314,0.9982373669020908,4,0.8671328671328671,0.8,2,0.0,0.0871385261604463,1,0.4790815467563307,exploit,1,0.5
3718,2026-04-15T23:56:22.438006,0.03731977046243598,0.9989572507096728,4,0.867168593707986,0.8,2,0.0,0.0871338032268346,1,0.47946789011336477,exploit,1,0.5
3719,2026-04-15T23:56:22.438026,0.03951478721793682,0.9998119545721506,4,0.8672043010752688,0.8,2,0.9946993779188069,0.08643698272862546,1,0.4798547467720767,exploit,1,0.5
3720,2026-04-15T23:56:22.438040,0.035407557935115144,0.9998035899183915,4,0.8672399892502015,0.8,2,0.9950432220302906,0.08702366765704318,1,0.48024210706107034,exploit,1,0.5
3721,2026-04-15T23:56:22.438056,0.03837075961008034,0.9998222504046798,4,0.8672756582482536,0.8,2,0.9952465770436859,0.08667723531042854,1,0.4806299612963581,exploit,1,0.5
3722,2026-04-15T23:56:22.438070,0.04310534616433355,0.9998234874618616,4,0.8673113080848778,0.8,2,0.995076388322097,0.08663361708988325,1,0.4810182997816046,exploit,1,0.5
3723,2026-04-15T23:56:22.438085,0.03554675052129916,0.9998180787128527,4,0.8673469387755102,0.8,2,0.9950893234156917,0.08584214894962969,1,0.48140711280836823,exploit,1,0.5
3724,2026-04-15T23:56:22.438099,0.03689920642666228,0.9998200577171226,4,0.8673825503355704,0.8,2,0.995130332900406,0.086841363409559,1,0.481796390656343,exploit,1,0.5
3725,2026-04-15T23:56:22.438114,0.037353300924626576,0.9997995889899173,4,0.8674181427804616,0.8,2,0.9954391331712338,0.08648681448669107,1,0.48218612359360324,exploit,1,0.5
3726,2026-04-15T23:56:22.438128,0.033982724301363273,0.9997790838392114,4,0.8674537161255702,0.8,2,0.9947063877985535,0.08545843697261678,1,0.48257630187684586,exploit,1,0.5
3727,2026-04-15T23:56:22.438144,0.038985958183047675,0.9997826439814267,4,0.8674892703862661,0.8,2,0.9947351707053576,0.08707515792575427,1,0.4829669157516343,exploit,1,0.5
3728,2026-04-15T23:56:22.438158,0.03965315243887562,0.9998046252822673,4,0.8675248055779029,0.8,2,0.994833136343898,0.08698611029926394,0,0.4833579554526416,exploit,1,0.5
3729,2026-04-15T23:56:22.438173,0.045774496230162394,0.9998102151658426,4,0.8675603217158177,0.8,2,0.9945312708583582,0.08768347808950394,0,0.4837494112038958,exploit,1,0.5
3730,2026-04-15T23:56:22.438188,0.0337509568883571,0.9998065097396319,4,0.867595818815331,0.8,2,0.9949604730174479,0.08666618113484689,0,0.4841412732190238,exploit,1,0.5
3731,2026-04-15T23:56:22.438202,0.03767560541074266,0.9998035386751231,4,0.867631296891747,0.8,2,0.9950134119679654,0.0867664350159624,0,0.484533531701495,exploit,1,0.5
3732,2026-04-15T23:56:22.438216,0.03406282573557705,0.999783888710071,4,0.8676667559603536,0.8,2,0.9945193739188363,0.08536363298071023,0,0.48492617684486816,exploit,1,0.5
3733,2026-04-15T23:56:22.438231,0.03552580151091951,0.9997564276531128,4,0.8677021960364221,0.8,2,0.9939419031215531,0.08552372763889925,0,0.4853191988330351,exploit,1,0.5
3734,2026-04-15T23:56:22.438245,0.03779600185024595,0.9997596018245395,4,0.8677376171352075,0.8,2,0.9938655261979165,0.08559537486028417,0,0.4857125878404669,exploit,1,0.5
3735,2026-04-15T23:56:22.438275,0.037068880029492594,0.9997576899899412,4,0.8677730192719486,0.8,2,0.9938942250826153,0.08586224337905948,0,0.48610633403245823,exploit,1,0.5
3736,2026-04-15T23:56:22.438290,0.04416988747053498,0.9997560118113802,4,0.8678084024618679,0.8,2,0.9939482922558841,0.08617009663796989,0,0.48650042756537515,exploit,1,0.5
3737,2026-04-15T23:56:22.438305,0.039151528530805405,0.9997561483941578,4,0.8678437667201712,0.8,2,0.9940392171568044,0.08629296740944431,0,0.48689485858689985,exploit,1,0.5
3738,2026-04-15T23:56:22.438320,0.03860554608051319,0.9997646123220546,4,0.8678791120620487,0.8,2,0.9941847117770195,0.08684318247982796,0,0.48728961723627756,exploit,1,0.5
3739,2026-04-15T23:56:22.438334,0.03717019467667579,0.9997739953029686,4,0.8679144385026738,0.8,2,0.9939595420556318,0.08603624885303696,0,0.4876846936445621,exploit,1,0.5
3740,2026-04-15T23:56:22.438384,0.03925357448764961,0.9997840949802361,4,0.867949746057204,0.8,2,0.9939639759465644,0.08708354990963126,0,0.4880800779348641,exploit,1,0.5
3741,2026-04-15T23:56:22.438400,0.03950870315976428,0.9997507423200174,4,0.8679850347407804,0.8,2,0.9939377691699526,0.08579159432645916,0,0.4884757602225972,exploit,1,0.5
3742,2026-04-15T23:56:22.438415,0.03448137901392711,0.9997485714866672,4,0.868020304568528,0.8,2,0.994237730079834,0.08636151202105938,0,0.4888717306157242,exploit,1,0.5
3743,2026-04-15T23:56:22.438432,0.040239881697255064,0.9997506622416148,4,0.8680555555555556,0.8,2,0.9942522013649924,0.08611475239635613,0,0.4892679792150062,exploit,1,0.5
3744,2026-04-15T23:56:22.438447,0.035226938260444214,0.999760824933511,4,0.8680907877169559,0.8,2,0.9939932222971689,0.08682759838707887,0,0.4896644961142489,exploit,1,0.5
3745,2026-04-15T23:56:22.438465,0.038565404533996865,0.9997772572237915,4,0.8681260010678057,0.8,2,0.9935156690908126,0.08685580467865034,0,0.4900612714005507,exploit,1,0.5
3746,2026-04-15T23:56:22.438480,0.037315496190096595,0.9997894352848704,4,0.8681611956231652,0.8,2,0.9939420673544247,0.08660271292331212,0,0.4904582951545496,exploit,1,0.5
3747,2026-04-15T23:56:22.438495,0.029365572733872865,0.9997734345104178,4,0.8681963713980789,0.8,2,0.994019130882114,0.085588340567465,0,0.49085555745067266,exploit,1,0.5
3748,2026-04-15T23:56:22.438509,0.037330833804984254,0.9997876276307696,4,0.8682315284075753,0.8,2,0.9942394730268733,0.08674838240480084,0,0.4912530483573834,exploit,1,0.5
3749,2026-04-15T23:56:22.438524,0.03544844948519859,0.9997699575147054,4,0.8682666666666666,0.8,2,0.9947940702804545,0.08608857712726753,0,0.49165075793742946,exploit,1,0.5
3750,2026-04-15T23:56:22.438538,0.039416871414918266,0.99977410263721,4,0.8683017861903493,0.8,2,0.9946231348817751,0.08708294338317109,0,0.4920486762480921,exploit,1,0.5
3751,2026-04-15T23:56:22.438553,0.0340777904038287,0.9997737051035339,4,0.8683368869936035,0.8,2,0.9946214842569168,0.08655059373620491,0,0.49244679334143454,exploit,1,0.5
3752,2026-04-15T23:56:22.438568,0.03521446312809651,0.999802092796987,4,0.8683719690913936,0.8,2,0.9949309516985123,0.08720533538992231,0,0.4928450992645502,exploit,1,0.5
3753,2026-04-15T23:56:22.438582,0.03562408195395455,0.9998218078709231,4,0.8684070324986681,0.8,2,0.9953518691852685,0.0861778610125758,0,0.49324358405981145,exploit,1,0.5
3754,2026-04-15T23:56:22.438597,0.040611722448579746,0.9998161651742572,4,0.8684420772303595,0.8,2,0.995445443139779,0.08626157682619762,0,0.49364223776511923,exploit,1,0.5
3755,2026-04-15T23:56:22.438611,0.03617096867404569,0.999814963750002,4,0.8684771033013845,0.8,2,0.9953165078334429,0.08677663753105604,0,0.494041050414152,exploit,1,0.5
3756,2026-04-15T23:56:22.438626,0.03495412035444491,0.999788583877192,4,0.8685121107266436,0.8,2,0.9953046808899688,0.08602470962518172,0,0.49444001203661386,exploit,1,0.5
3757,2026-04-15T23:56:22.438641,0.04373416078500851,0.9997891529116147,4,0.8685470995210218,0.8,2,0.9945541363937231,0.08832613018517413,0,0.4948391126584852,exploit,1,0.5
3758,2026-04-15T23:56:22.438655,0.03726655039034095,0.9997752804955223,4,0.8685820696993881,0.8,2,0.9943244406418092,0.08742114023572335,0,0.4952383423022712,exploit,1,0.5
3759,2026-04-15T23:56:22.438670,0.03612747011745507,0.9997447709058004,4,0.8686170212765958,0.8,2,0.9943740271856354,0.0869565479701967,0,0.49563769098725197,exploit,1,0.5
3760,2026-04-15T23:56:22.438684,0.03781108469366717,0.9997327394643112,4,0.8686519542674821,0.8,2,0.9944416548984134,0.08640858344587408,0,0.4960371487297306,exploit,1,0.5
3761,2026-04-15T23:56:22.438707,0.03975964159897788,0.9997561600913246,4,0.8686868686868687,0.8,2,0.9947254398937266,0.08643818306373356,0,0.49643670554328456,exploit,1,0.5
3762,2026-04-15T23:56:22.438722,0.037138170881336766,0.9997437630622907,4,0.8687217645495615,0.8,2,0.9945107179388031,0.08645981752105768,0,0.4968363514390144,exploit,1,0.5
3763,2026-04-15T23:56:22.438736,0.0396071004598144,0.9997476097011508,4,0.8687566418703507,0.8,2,0.994678558105536,0.08694287152369394,0,0.4972360764257937,exploit,1,0.5
3764,2026-04-15T23:56:22.438750,0.03502122474654196,0.9997441048247206,4,0.8687915006640107,0.8,2,0.994689847100254,0.08579378991095715,0,0.49763587051051816,exploit,1,0.5
3765,2026-04-15T23:56:22.438765,0.038755210079774505,0.9997474744602753,4,0.8688263409453001,0.8,2,0.9947731429673629,0.08720105571870504,0,0.49803572369835675,exploit,1,0.5
3766,2026-04-15T23:56:22.438780,0.03741872976081473,0.99973314115498,4,0.8688611627289621,0.8,2,0.9947582481060055,0.08669642866660482,0,0.4984356259930008,exploit,1,0.5
3767,2026-04-15T23:56:22.438794,0.03852315663387917,0.999745468965259,4,0.868895966029724,0.8,2,0.9947242081904581,0.08621840994852913,0,0.4988355673969133,exploit,1,0.5
3768,2026-04-15T23:56:22.438809,0.03918317281927195,0.9997498869166621,4,0.8689307508622977,0.8,2,0.9946904944799233,0.08700778412721948,0,0.4992355379115802,exploit,1,0.5
3769,2026-04-15T23:56:22.438823,0.0407384655983163,0.9997805238443375,4,0.8689655172413793,0.8,2,0.9945789241838772,0.0859447507321552,0,0.4996355275377595,exploit,1,0.5
3770,2026-04-15T23:56:22.438838,0.03891180472559798,0.9997736014539734,4,0.8690002651816494,0.8,2,0.993844617331302,0.08570083748175875,0,0.5000355262757317,exploit,1,0.5
3771,2026-04-15T23:56:22.438852,0.03984765698886708,0.9997761321289589,4,0.869034994697773,0.8,2,0.9938485008799423,0.08571901720937897,0,0.5004355241255486,exploit,1,0.5
3772,2026-04-15T23:56:22.438866,0.04071983176581606,0.9997764005531471,4,0.8690697058043997,0.8,2,0.993843831896325,0.08715911857120179,0,0.500835511087285,exploit,1,0.5
3773,2026-04-15T23:56:22.438881,0.038085291530523965,0.999779570879638,4,0.8691043985161632,0.8,2,0.9936820106583047,0.08597408222513053,0,0.5012354771612879,exploit,1,0.5
3774,2026-04-15T23:56:22.438895,0.03617628986046456,0.9997801180805422,4,0.8691390728476821,0.8,2,0.9935602173955888,0.0867620171759908,0,0.501635412348426,exploit,1,0.5
3775,2026-04-15T23:56:22.438909,0.042495994888695515,0.999778137596422,4,0.8691737288135594,0.8,2,0.9935288589394498,0.08705186650498592,0,0.5020353066503405,exploit,1,0.5
3776,2026-04-15T23:56:22.438924,0.042090660240104084,0.9998063594525842,4,0.8692083664283823,0.8,2,0.9934806258518422,0.08566961425841424,0,0.5024351500696947,exploit,1,0.5
3777,2026-04-15T23:56:22.438939,0.036659847133475996,0.9997618189861911,4,0.8692429857067231,0.8,2,0.9938452544653122,0.0864941982824563,0,0.5028349326104243,exploit,1,0.5
3778,2026-04-15T23:56:22.438956,0.0382373218428699,0.9997730270113933,4,0.8692775866631384,0.8,2,0.9940034996674104,0.08671570350859717,0,0.5032346442779861,exploit,1,0.5
3779,2026-04-15T23:56:22.438970,0.033254423007877815,0.9997966325381695,4,0.8693121693121693,0.8,2,0.993767335899719,0.08560481466393675,0,0.5036342750796093,exploit,1,0.5
3780,2026-04-15T23:56:22.438985,0.039284487975828564,0.9998130220089937,4,0.8693467336683417,0.8,2,0.9938022563314368,0.08628189840293822,0,0.5040338150245451,exploit,1,0.5
3781,2026-04-15T23:56:22.439000,0.03179512625967573,0.9998183079764515,4,0.8693812797461661,0.8,2,0.9935840821437001,0.0871408961314329,0,0.5044332541243152,exploit,1,0.5
3782,2026-04-15T23:56:22.439014,0.03280107182794562,0.9998111200726906,4,0.8694158075601375,0.8,2,0.9936725854463644,0.08647119111389584,0,0.504832582392963,exploit,1,0.5
3783,2026-04-15T23:56:22.439028,0.03676959640181983,0.9997961560763198,4,0.8694503171247357,0.8,2,0.9935509518752752,0.08581730768426604,0,0.5052317898473028,exploit,1,0.5
3784,2026-04-15T23:56:22.439043,0.03551463466943196,0.9997961668722625,4,0.8694848084544253,0.8,2,0.9935382471113323,0.08610743290510373,0,0.505630866507169,exploit,1,0.5
3785,2026-04-15T23:56:22.439057,0.03626747280590786,0.9997963786534275,4,0.8695192815636555,0.8,2,0.9935560936254693,0.08685519273585346,0,0.5060298023956656,exploit,1,0.5
3786,2026-04-15T23:56:22.439071,0.03708857825107076,0.9998109055192145,4,0.8695537364668603,0.8,2,0.9936156769259676,0.08572314646462827,0,0.5064285875394163,exploit,1,0.5
3787,2026-04-15T23:56:22.439086,0.03338300340547302,0.9998163182136327,4,0.8695881731784583,0.8,2,0.9936454463437359,0.08609717581697379,0,0.5068272119688134,exploit,1,0.5
3788,2026-04-15T23:56:22.439112,0.040270395360001335,0.9998041081430264,4,0.8696225917128529,0.8,2,0.9937193336594291,0.08688503664452625,0,0.5072256657182672,exploit,1,0.5
3789,2026-04-15T23:56:22.439127,0.04520828725980296,0.9998114452694031,4,0.8696569920844327,0.8,2,0.9937094449423218,0.08671914516017676,0,0.5076239388264541,exploit,1,0.5
3790,2026-04-15T23:56:22.439141,0.03261041737685631,0.9998101326169594,4,0.8696913743075706,0.8,2,0.994333748433383,0.08610023724885861,0,0.5080220213365673,exploit,1,0.5
3791,2026-04-15T23:56:22.439156,0.03415249492734418,0.9998115931107963,4,0.8697257383966245,0.8,2,0.9944076168361009,0.0865056502795369,0,0.5084199032965652,exploit,1,0.5
3792,2026-04-15T23:56:22.439170,0.033161324161893053,0.9998097279541143,4,0.8697600843659372,0.8,2,0.9944630030653301,0.08634468693158076,0,0.508817574759419,exploit,1,0.5
3793,2026-04-15T23:56:22.439185,0.036510764270527546,0.9998075405465752,4,0.8697944122298366,0.8,2,0.9946484433033652,0.08631412296700787,0,0.509215025783363,exploit,1,0.5
3794,2026-04-15T23:56:22.439199,0.035235268498838915,0.9998115880667815,4,0.8698287220026351,0.8,2,0.9947762699050081,0.08699328321083606,0,0.5096122464321424,exploit,1,0.5
3795,2026-04-15T23:56:22.439214,0.03733474693282389,0.9998171873785845,4,0.8698630136986302,0.8,2,0.9949696673620299,0.0868041215439811,0,0.510009226775262,exploit,1,0.5
3796,2026-04-15T23:56:22.439228,0.03363778070794966,0.9998260740983699,4,0.8698972873321043,0.8,2,0.9950154697776605,0.08659803362903828,0,0.5104059568882331,exploit,1,0.5
3797,2026-04-15T23:56:22.439242,0.03936280160916108,0.9998763011575591,4,0.8699315429173249,0.8,2,0.9951995873440282,0.08705390242648757,0,0.5108024268528241,exploit,1,0.5
3798,2026-04-15T23:56:22.439267,0.03018676277308864,0.9998721085663687,4,0.8699657804685443,0.8,2,0.99513574362432,0.0861117753657425,0,0.5111986267573065,exploit,1,0.5
3799,2026-04-15T23:56:22.439282,0.03449344514784488,0.9998815340234016,4,0.87,0.8,2,0.9960882067759427,0.08644048551820883,0,0.5115945466967031,exploit,1,0.5
3800,2026-04-15T23:56:22.439296,0.03848942426544594,0.9989564842511057,4,0.8700342015259143,0.8,2,0.0,0.09761217169103772,0,0.5119901767730362,explore,0,0.7
3801,2026-04-15T23:56:22.439310,0.040742014565716744,0.998296550263548,4,0.8698053655970542,0.8,2,0.0,0.09779164219315184,0,0.5123855070955744,explore,0,0.7
3802,2026-04-15T23:56:22.439324,0.033250093989560636,0.9975127947039125,4,0.8698396003155404,0.8,2,0.0,0.09776890251097214,0,0.5127805277810805,explore,0,0.7
3803,2026-04-15T23:56:22.439338,0.0357051531161582,0.9968766638771378,4,0.8698738170347003,0.8,2,0.0,0.09749649648885235,0,0.5131752289540575,explore,0,0.7
3804,2026-04-15T23:56:22.439351,0.04251433210444687,0.9961859948334962,4,0.8699080157687253,0.8,2,0.0,0.09670277381957192,0,0.513569600746997,explore,0,0.7
3805,2026-04-15T23:56:22.439364,0.038958285573617114,0.9957289406176553,4,0.869942196531792,0.8,2,0.0,0.09719796331620595,0,0.5139636333006247,explore,0,0.7
3806,2026-04-15T23:56:22.439378,0.04199147163557263,0.9954089382946607,4,0.8699763593380615,0.8,2,0.0,0.09699373808457426,0,0.5143573167641469,explore,0,0.7
3807,2026-04-15T23:56:22.439391,0.03693643889803952,0.9951474620260868,4,0.8700105042016807,0.8,2,0.0,0.09682910373976186,0,0.5147506412954977,explore,0,0.7
3808,2026-04-15T23:56:22.439404,0.044876319459198497,0.9948794909772527,4,0.8700446311367813,0.8,2,0.0,0.09684284508043667,0,0.5151435970615845,explore,0,0.7
3809,2026-04-15T23:56:22.439418,0.03495212505256045,0.9949025345089468,4,0.8700787401574803,0.8,2,0.0,0.0979038143438814,0,0.5155361742385337,explore,0,0.7
3810,2026-04-15T23:56:22.439431,0.038478691726459416,0.9949391053040597,4,0.8701128312778799,0.8,2,0.0,0.09703305993336436,0,0.5159283630119359,explore,0,0.7
3811,2026-04-15T23:56:22.439444,0.040186343185670687,0.9951570310206826,4,0.8701469045120671,0.8,2,0.0,0.09737785044908183,0,0.5163201535770923,explore,0,0.7
3812,2026-04-15T23:56:22.439461,0.035946626357709344,0.9953721669408596,4,0.8701809598741149,0.8,2,0.0,0.09756470546582666,0,0.5167115361392594,explore,0,0.7
3813,2026-04-15T23:56:22.439475,0.03735398091592478,0.9957822085380964,4,0.8702149973780807,0.8,2,0.0,0.09770196915348658,0,0.5171025009138935,explore,0,0.7
3814,2026-04-15T23:56:22.439488,0.03994660241486895,0.9962493385561103,4,0.8702490170380078,0.8,2,0.0,0.09729440141190435,0,0.5174930381268954,explore,0,0.7
3815,2026-04-15T23:56:22.439502,0.03806291029710891,0.996735665570688,4,0.8702830188679245,0.8,2,0.0,0.09705297224726,0,0.5178831380148552,explore,0,0.7
3816,2026-04-15T23:56:22.439515,0.03576627109195131,0.9973128602238124,4,0.8703170028818443,0.8,2,0.0,0.09825597494923256,0,0.5182727908252963,explore,0,0.7
3817,2026-04-15T23:56:22.439529,0.03722792357236289,0.998064507136477,4,0.8703509690937664,0.8,2,0.0,0.09771031378458958,0,0.5186619868169182,explore,0,0.7
3818,2026-04-15T23:56:22.439542,0.042409175507896954,0.9989059703160358,4,0.8703849175176748,0.8,2,0.0,0.09796753395042732,0,0.5190507162598417,explore,0,0.7
3819,2026-04-15T23:56:22.439555,0.044780944425696356,0.9998157785612911,4,0.8704188481675392,0.8,2,0.9952398744522689,0.09764887659589645,0,0.5194389694358508,explore,0,0.7
3820,2026-04-15T23:56:22.439570,0.033951644630900016,0.9998039280476381,4,0.8704527610573148,0.8,2,0.9952440647703267,0.09773569201459853,0,0.5198267366386368,explore,0,0.7
3821,2026-04-15T23:56:22.439584,0.040363049073029476,0.999821897678681,4,0.8704866562009419,0.8,2,0.9956650289204236,0.0979976630925722,0,0.5202140081740392,explore,0,0.7
3822,2026-04-15T23:56:22.439598,0.03829079863499371,0.9998243005241924,4,0.8705205336123463,0.8,2,0.9956642369904143,0.09777475166468863,0,0.5206007743602901,explore,0,0.7
3823,2026-04-15T23:56:22.439613,0.046843918974750404,0.99981825282512,4,0.8705543933054394,0.8,2,0.9954874016565093,0.09771714894962968,0,0.5209870255282552,explore,0,0.7
3824,2026-04-15T23:56:22.439627,0.03809249723266052,0.9998206408224255,4,0.8705882352941177,0.8,2,0.9954491249683872,0.09721264884236544,0,0.5213727520216748,explore,0,0.7
3825,2026-04-15T23:56:22.439642,0.03642244883640376,0.9997978769408125,4,0.8706220595922635,0.8,2,0.9954488791865561,0.09724531799092621,0,0.5217579441974071,explore,0,0.7
3826,2026-04-15T23:56:22.439656,0.03955625969243809,0.9997767753645347,4,0.8706558662137445,0.8,2,0.9949400138607714,0.09625839669084628,0,0.5221425924256677,explore,0,0.7
3827,2026-04-15T23:56:22.439671,0.04004908741017825,0.9997810869129838,4,0.8706896551724138,0.8,2,0.9951887414639741,0.0977426379987309,0,0.5225266870902712,explore,0,0.7
3828,2026-04-15T23:56:22.439685,0.0352979164948083,0.9998015085050702,4,0.8707234264821102,0.8,2,0.9953662611937393,0.09794653068229406,0,0.5229102185888703,explore,0,0.7
3829,2026-04-15T23:56:22.439706,0.03795406575638974,0.9998062660883474,4,0.8707571801566579,0.8,2,0.9953473260583544,0.09809863407715103,0,0.5232931773331981,explore,0,0.7
3830,2026-04-15T23:56:22.439722,0.043947909788043624,0.9998004737142923,4,0.8707909162098669,0.8,2,0.9956506858382589,0.0977281400935961,0,0.523675553749306,explore,0,0.7
3831,2026-04-15T23:56:22.439736,0.04071241721823701,0.9997970927599866,4,0.8708246346555324,0.8,2,0.9954514472966826,0.09762797716636239,0,0.5240573382778029,explore,0,0.7
3832,2026-04-15T23:56:22.439751,0.036954436226757294,0.9997764276189633,4,0.8708583355074354,0.8,2,0.9952824710646766,0.09686604287133732,0,0.5244385213740959,explore,0,0.7
3833,2026-04-15T23:56:22.439765,0.04099759363706137,0.9997500396062738,4,0.8708920187793427,0.8,2,0.9947439723601275,0.0964898165662987,0,0.5248190935086274,explore,0,0.7
3834,2026-04-15T23:56:22.439779,0.03972924440385047,0.9997534944280445,4,0.8709256844850065,0.8,2,0.9947951982572026,0.09747037486028416,0,0.5251990451671141,explore,0,0.7
3835,2026-04-15T23:56:22.439793,0.04111932204799032,0.9997514318614877,4,0.8709593326381647,0.8,2,0.9949781799592351,0.09766798650209754,0,0.5255783668507837,explore,0,0.7
3836,2026-04-15T23:56:22.439808,0.03811375868314143,0.9997495564391258,4,0.870992963252541,0.8,2,0.9948687066261563,0.09752748637777917,0,0.5259570490766144,explore,0,0.7
3837,2026-04-15T23:56:22.439835,0.04272221367546086,0.9997497571057022,4,0.8710265763418447,0.8,2,0.9946344922040925,0.09745588833408807,0,0.5263350823775701,explore,0,0.7
3838,2026-04-15T23:56:22.439851,0.036451824304655434,0.9997594597155878,4,0.8710601719197708,0.8,2,0.9946690921537875,0.09787955303379496,0,0.5267124573028381,explore,0,0.7
3839,2026-04-15T23:56:22.439865,0.0376637161483214,0.9997697103740328,4,0.87109375,0.8,2,0.9946004803052123,0.09738703200971997,0,0.5270891644180646,explore,0,0.7
3840,2026-04-15T23:56:22.439880,0.038219642591424394,0.999780597023491,4,0.8711273105961989,0.8,2,0.9944633903616706,0.09715219828238222,0,0.5274651943055917,explore,0,0.7
3841,2026-04-15T23:56:22.439894,0.034831411915161606,0.9997462400149435,4,0.8711608537220198,0.8,2,0.9943417727928358,0.09682340710759485,0,0.5278405375646917,explore,0,0.7
3842,2026-04-15T23:56:22.439908,0.03710859766240763,0.9997448700723249,4,0.8711943793911007,0.8,2,0.9944280181138734,0.09730817112453011,0,0.5282151848118024,explore,0,0.7
3843,2026-04-15T23:56:22.439923,0.033935470209753044,0.9997484797001337,4,0.8712278876170656,0.8,2,0.9944765526737334,0.09741179643571556,0,0.5285891266807624,explore,0,0.7
3844,2026-04-15T23:56:22.439938,0.03763653955104372,0.9997584899766558,4,0.871261378413524,0.8,2,0.9943840077775563,0.09795267492620424,0,0.5289623538230444,explore,0,0.7
3845,2026-04-15T23:56:22.439957,0.034578167489661554,0.9997763122319686,4,0.8712948517940717,0.8,2,0.9938690878619483,0.09812179749615814,0,0.5293348569079894,explore,0,0.7
3846,2026-04-15T23:56:22.439971,0.04080239928106493,0.9997876819915554,4,0.8713283077722901,0.8,2,0.9942353502844792,0.0974334495043759,0,0.5297066266230395,explore,0,0.7
3847,2026-04-15T23:56:22.439986,0.03904467289943395,0.9997703662498666,4,0.8713617463617463,0.8,2,0.9943049176274166,0.09730595261067433,0,0.5300776536739711,explore,0,0.7
3848,2026-04-15T23:56:22.440000,0.036628205287346366,0.9997822916836192,4,0.8713951675759938,0.8,2,0.9943016195791664,0.09779607328600665,0,0.5304479287851277,explore,0,0.7
3849,2026-04-15T23:56:22.440014,0.034283969834470344,0.9997616868682175,4,0.8714285714285714,0.8,2,0.9944033923927645,0.09732516718641022,0,0.5308174426996501,explore,0,0.7
3850,2026-04-15T23:56:22.440029,0.03610805228787369,0.9997670101632588,4,0.8714619579330044,0.8,2,0.9941507204561835,0.0982078648094982,0,0.5311861861797103,explore,0,0.7
3851,2026-04-15T23:56:22.440043,0.03412089093514191,0.9997667471743621,4,0.8714953271028038,0.8,2,0.9938962045647037,0.09829409581160709,0,0.5315541500067402,explore,0,0.7
3852,2026-04-15T23:56:22.440058,0.03806697622568385,0.9997960293705854,4,0.8715286789514664,0.8,2,0.9939619422803135,0.0979140567748068,0,0.5319213249816637,explore,0,0.7
3853,2026-04-15T23:56:22.440072,0.038064103051366316,0.9998128621988324,4,0.8715620134924753,0.8,2,0.9942566517880628,0.09747001914898801,0,0.5322877019251249,explore,0,0.7
3854,2026-04-15T23:56:22.440086,0.04069417698462485,0.9998072669921899,4,0.8715953307392996,0.8,2,0.9943095437437843,0.09757409535117989,0,0.5326532716777196,explore,0,0.7
3855,2026-04-15T23:56:22.440101,0.038997225939117384,0.9998064854599807,4,0.8716286307053942,0.8,2,0.9942408895876574,0.09852500850606516,0,0.5330180251002232,explore,0,0.7
3856,2026-04-15T23:56:22.440115,0.03407525455398571,0.9997776723875311,4,0.8716619134042002,0.8,2,0.9943681382652003,0.09773848578092728,0,0.5333819530738189,explore,0,0.7
3857,2026-04-15T23:56:22.440130,0.03681873409481153,0.999777657014874,4,0.8716951788491446,0.8,2,0.994382170256572,0.09832483957826507,0,0.5337450465003264,explore,0,0.7
3858,2026-04-15T23:56:22.440144,0.03741113459368253,0.9997601615571192,4,0.8717284270536408,0.8,2,0.9940949328687696,0.09696331668185593,0,0.5341072963024288,explore,0,0.7
3859,2026-04-15T23:56:22.440158,0.03924320439776375,0.9997308666686231,4,0.8717616580310881,0.8,2,0.9941089265566598,0.09701068457134429,0,0.5344686934239005,explore,0,0.7
3860,2026-04-15T23:56:22.440175,0.03673973010028977,0.9997202219682583,4,0.8717948717948718,0.8,2,0.9942862158470476,0.09777107679291643,0,0.5348292288298314,explore,0,0.7
3861,2026-04-15T23:56:22.440189,0.03711221143508494,0.9997452493049287,4,0.8718280683583636,0.8,2,0.9945334298882771,0.09758350527677094,0,0.5351888935068557,explore,0,0.7
3862,2026-04-15T23:56:22.440203,0.043075760459278856,0.9997310524318996,4,0.871861247734921,0.8,2,0.9939956268641121,0.09760202239824728,0,0.535547678463375,explore,0,0.7
3863,2026-04-15T23:56:22.440218,0.03699863908598415,0.9997349628210771,4,0.8718944099378882,0.8,2,0.9939992672807904,0.09734719797569086,0,0.5359055747297845,explore,0,0.7
3864,2026-04-15T23:56:22.440232,0.03651851906878567,0.9997318572121601,4,0.871927554980595,0.8,2,0.9939336570677275,0.0970837639942694,0,0.5362625733586956,explore,0,0.7
3865,2026-04-15T23:56:22.440246,0.04114695900308625,0.9997353486785995,4,0.871960682876358,0.8,2,0.9940965551529928,0.09803990876454816,0,0.5366186654251613,explore,0,0.7
3866,2026-04-15T23:56:22.440267,0.032372844612340135,0.9997190921388606,4,0.8719937936384794,0.8,2,0.9940758520253947,0.09808904400910502,0,0.5369738420268989,explore,0,0.7
3867,2026-04-15T23:56:22.440282,0.03867034732695917,0.9997320268875467,4,0.8720268872802482,0.8,2,0.9938683411698874,0.09681316147069068,0,0.5373280942845113,explore,0,0.7
3868,2026-04-15T23:56:22.440297,0.037097021221348045,0.9997368477533058,4,0.8720599638149392,0.8,2,0.9939379058231853,0.09772085268432835,0,0.5376814133417108,explore,0,0.7
3869,2026-04-15T23:56:22.440311,0.03757646507154717,0.9997684444588404,4,0.872093023255814,0.8,2,0.9939550161882341,0.09744117520332135,0,0.5380337903655392,explore,0,0.7
3870,2026-04-15T23:56:22.440325,0.033613301979696045,0.9997611465703755,4,0.8721260656161198,0.8,2,0.9934901594462118,0.09674518780313805,0,0.5383852165465898,explore,0,0.7
3871,2026-04-15T23:56:22.440340,0.036773152616114996,0.999764381204297,4,0.8721590909090909,0.8,2,0.9939573351048625,0.09721318134500966,0,0.5387356830992256,explore,0,0.7
3872,2026-04-15T23:56:22.440354,0.03324110402726073,0.9997634440244818,4,0.8721920991479474,0.8,2,0.9939929156296375,0.0976040211129135,0,0.5390851812618014,explore,0,0.7
3873,2026-04-15T23:56:22.440368,0.04054853775616621,0.999766742044321,4,0.8722250903458957,0.8,2,0.9940127312901812,0.09765325251857143,0,0.5394337022968816,explore,0,0.7
3874,2026-04-15T23:56:22.440383,0.03375219641839062,0.999767015460167,4,0.8722580645161291,0.8,2,0.9939214352953217,0.09788463779287518,0,0.539781237491458,explore,0,0.7
3875,2026-04-15T23:56:22.440397,0.038475764767814,0.999765866309479,4,0.8722910216718266,0.8,2,0.9938661700337363,0.09807342512602199,0,0.5401277781571691,explore,0,0.7
3876,2026-04-15T23:56:22.440411,0.03897227594257827,0.9997977942210551,4,0.8723239618261542,0.8,2,0.9938597600753729,0.09694289593115149,0,0.5404733156305161,explore,0,0.7
3877,2026-04-15T23:56:22.440426,0.03994181466555315,0.9997566937961148,4,0.872356884992264,0.8,2,0.9937657935030089,0.09666863910765158,0,0.5408178412730807,explore,0,0.7
3878,2026-04-15T23:56:22.440440,0.03414448962695138,0.9997711871947333,4,0.8723897911832946,0.8,2,0.9938659313797082,0.09784463709181732,0,0.5411613464717392,explore,0,0.7
3879,2026-04-15T23:56:22.440458,0.035710184687765184,0.9997937358824546,4,0.8724226804123711,0.8,2,0.993629640961775,0.09682778476912497,0,0.5415038226388795,explore,0,0.7
3880,2026-04-15T23:56:22.440473,0.03859128565790923,0.9998084770613277,4,0.872455552692605,0.8,2,0.9936634730931431,0.09707667555521249,0,0.5418452612126159,explore,0,0.7
3881,2026-04-15T23:56:22.440487,0.0373754380753407,0.9998136776640962,4,0.8724884080370943,0.8,2,0.9936942995332411,0.09777604069466278,0,0.5421856536570012,explore,0,0.7
3882,2026-04-15T23:56:22.440501,0.03971772354432787,0.9998079022676183,4,0.8725212464589235,0.8,2,0.9939685503300572,0.09773356611717074,0,0.5425249914622422,explore,0,0.7
3883,2026-04-15T23:56:22.440515,0.04005174079889928,0.9997910124828856,4,0.8725540679711637,0.8,2,0.9939053682993763,0.0971177407765675,0,0.5428632661449114,explore,0,0.7
3884,2026-04-15T23:56:22.440570,0.04277534922710939,0.9997903817332274,4,0.8725868725868726,0.8,2,0.993988062329634,0.09791816252297465,0,0.5432004692481598,explore,0,0.7
3885,2026-04-15T23:56:22.440596,0.037968941656726526,0.9997906021086258,4,0.8726196603190942,0.8,2,0.9940336698787374,0.09794793678201624,0,0.5435365923419267,explore,0,0.7
3886,2026-04-15T23:56:22.440618,0.04201601015836953,0.9998086902272635,4,0.8726524311808592,0.8,2,0.9940527834984026,0.09744457986213645,0,0.5438716270231526,explore,0,0.7
3887,2026-04-15T23:56:22.440637,0.03296191910097024,0.9998155820300604,4,0.8726851851851852,0.8,2,0.9941519632034093,0.09747926090886536,0,0.5442055649159879,explore,0,0.7
3888,2026-04-15T23:56:22.440652,0.03901235659011208,0.999804541089857,4,0.8727179223450758,0.8,2,0.9941490728780517,0.09750077129104906,0,0.544538397672003,explore,0,0.7
3889,2026-04-15T23:56:22.440666,0.04684417004971428,0.9998139329396397,4,0.8727506426735219,0.8,2,0.9941597014149521,0.09705498841765763,0,0.5448701169703957,explore,0,0.7
3890,2026-04-15T23:56:22.440680,0.04092837181897432,0.9998121543361397,4,0.8727833461835004,0.8,2,0.9946927079973299,0.09765201257539596,0,0.5452007145182011,explore,0,0.7
3891,2026-04-15T23:56:22.440695,0.03763251959013178,0.9998130515023365,4,0.8728160328879754,0.8,2,0.9946723328228422,0.09748446837491194,0,0.545530182050498,explore,0,0.7
3892,2026-04-15T23:56:22.440717,0.035952915399900656,0.9998117273836468,4,0.8728487027998972,0.8,2,0.994665503241764,0.09720368609837796,0,0.5458585113306148,explore,0,0.7
3893,2026-04-15T23:56:22.440731,0.035079771581229144,0.9998092595038209,4,0.8728813559322034,0.8,2,0.994727767632124,0.09741327049418842,0,0.5461856941503367,explore,0,0.7
3894,2026-04-15T23:56:22.440746,0.033549772019419784,0.9998129375397559,4,0.8729139922978177,0.8,2,0.9947828206175182,0.09767994391823424,0,0.5465117223301105,explore,0,0.7
3895,2026-04-15T23:56:22.440760,0.037990456837409564,0.9998175846891514,4,0.872946611909651,0.8,2,0.9948359290516877,0.0980618369874562,0,0.5468365877192486,explore,0,0.7
3896,2026-04-15T23:56:22.440775,0.03282112040051206,0.9998265352563314,4,0.8729792147806005,0.8,2,0.9949116558591239,0.09741338320998368,0,0.547160282196133,explore,0,0.7
3897,2026-04-15T23:56:22.440789,0.03499269968279167,0.9998721269387267,4,0.8730118009235506,0.8,2,0.9955195109108985,0.09783576696275513,0,0.5474827976684187,explore,0,0.7
3898,2026-04-15T23:56:22.440803,0.03797390836798159,0.9998684370522773,4,0.8730443703513722,0.8,2,0.9954741994627682,0.09775156457405379,0,0.5478041260732359,explore,0,0.7
3899,2026-04-15T23:56:22.440818,0.03430040854360512,0.9998771067879778,4,0.8730769230769231,0.8,2,0.9960417045427455,0.09752564698823174,0,0.548124259377391,explore,0,0.7
3900,2026-04-15T23:56:22.440833,0.0401665905482231,0.9990671874401326,4,0.8731094591130479,0.8,2,0.0,0.08639869934393041,0,0.5484431895775681,exploit,1,0.5
3901,2026-04-15T23:56:22.440846,0.03949984359028583,0.998151159511881,4,0.8731419784725781,0.8,2,0.0,0.08595174885970118,0,0.5487609087005287,exploit,1,0.5
3902,2026-04-15T23:56:22.440860,0.039103312373448454,0.9975815953895131,4,0.8731744811683321,0.8,2,0.0,0.08662299995930156,0,0.5490774088033118,exploit,1,0.5
3903,2026-04-15T23:56:22.440874,0.03424551866848358,0.9970535607114724,4,0.8732069672131147,0.8,2,0.0,0.08614130707514467,0,0.5493926819734307,exploit,1,0.5
3904,2026-04-15T23:56:22.440887,0.03566430025966473,0.9966979745333858,4,0.8732394366197183,0.8,2,0.0,0.08580817133658336,0,0.5497067203290728,exploit,1,0.5
3905,2026-04-15T23:56:22.440901,0.03135287947399845,0.9963341464579534,4,0.8732718894009217,0.8,2,0.0,0.08683471183394707,0,0.5500195160192957,exploit,1,0.5
3906,2026-04-15T23:56:22.440915,0.03527619158348748,0.9960289007816603,4,0.8733043255694907,0.8,2,0.0,0.08630993696569009,0,0.5503310612242232,exploit,1,0.5
3907,2026-04-15T23:56:22.440931,0.036302119281939264,0.9958290681587572,4,0.873336745138178,0.8,2,0.0,0.08622199350699462,0,0.5506413481552414,exploit,1,0.5
3908,2026-04-15T23:56:22.440944,0.035556699654583565,0.9957916299558218,4,0.8733691481197237,0.8,2,0.0,0.08569980916534897,0,0.5509503690551932,exploit,1,0.5
3909,2026-04-15T23:56:22.440962,0.03613068638263933,0.995649721921094,4,0.8734015345268542,0.8,2,0.0,0.08661585573786798,0,0.5512581161985727,exploit,1,0.5
3910,2026-04-15T23:56:22.440975,0.03778371242102871,0.9956963404828113,4,0.8734339043722833,0.8,2,0.0,0.08569127300472804,0,0.5515645818917165,exploit,1,0.5
3911,2026-04-15T23:56:22.440989,0.030836611940845977,0.9957539381803615,4,0.8734662576687117,0.8,2,0.0,0.0860115878390883,0,0.5518697584729988,exploit,1,0.5
3912,2026-04-15T23:56:22.441003,0.029798549345388115,0.9959724006927375,4,0.8734985944288269,0.8,2,0.0,0.08690726032414231,0,0.5521736383130208,exploit,1,0.5
3913,2026-04-15T23:56:22.441016,0.03451805008479958,0.9962060098302542,4,0.8735309146653041,0.8,2,0.0,0.086617836463635,0,0.5524762138148026,exploit,1,0.5
3914,2026-04-15T23:56:22.441030,0.03196816622873859,0.9965494594105151,4,0.8735632183908046,0.8,2,0.0,0.08564417546038922,0,0.5527774774139719,exploit,1,0.5
3915,2026-04-15T23:56:22.441043,0.033676577007935735,0.9970635133561413,4,0.8735955056179775,0.8,2,0.0,0.08534477042863167,0,0.5530774215789547,exploit,1,0.5
3916,2026-04-15T23:56:22.441057,0.04027027772593378,0.9976788119265513,4,0.8736277763594588,0.8,2,0.0,0.08696250505089635,0,0.5533760388111627,exploit,1,0.5
3917,2026-04-15T23:56:22.441070,0.037440234257129106,0.9983016775352137,4,0.8736600306278713,0.8,2,0.0,0.0871385261604463,0,0.5536733216451801,exploit,1,0.5
3918,2026-04-15T23:56:22.441084,0.03453722949002252,0.9989995989252864,4,0.8736922684358255,0.8,2,0.0,0.0871338032268346,0,0.553969262648952,exploit,1,0.5
3919,2026-04-15T23:56:22.441097,0.036603407603364606,0.9998141423650353,4,0.8737244897959183,0.8,2,0.9950578006692599,0.08643698272862546,0,0.5542638544239685,exploit,1,0.5
3920,2026-04-15T23:56:22.441112,0.032942166467384855,0.9998035899187971,4,0.8737566947207345,0.8,2,0.9950455730095171,0.08702366765704318,0,0.5545570896054508,exploit,1,0.5
3921,2026-04-15T23:56:22.441126,0.03564871091878286,0.9998222504051256,4,0.8737888832228455,0.8,2,0.9952476055849286,0.08667723531042854,0,0.5548489608625343,exploit,1,0.5
3922,2026-04-15T23:56:22.441141,0.04023559475891494,0.9998234874622973,4,0.8738210553148101,0.8,2,0.9950777079525556,0.08663361708988325,0,0.555139460898453,exploit,1,0.5
3923,2026-04-15T23:56:22.441155,0.03268070059790175,0.9998180787133006,4,0.8738532110091743,0.8,2,0.9950894899932645,0.08584214894962969,0,0.5554285824507214,exploit,1,0.5
3924,2026-04-15T23:56:22.441169,0.03423371491180385,0.999820057717661,4,0.8738853503184714,0.8,2,0.9951324790484088,0.086841363409559,0,0.555716318291315,exploit,1,0.5
3925,2026-04-15T23:56:22.441184,0.03471400225789503,0.9997995889905132,4,0.8739174732552216,0.8,2,0.9954408497998155,0.08648681448669107,0,0.5560026612268533,exploit,1,0.5
3926,2026-04-15T23:56:22.441198,0.031400993584463646,0.999779083840025,4,0.8739495798319328,0.8,2,0.9947058510178881,0.08545843697261678,0,0.5562876040987778,exploit,1,0.5
3927,2026-04-15T23:56:22.441213,0.036275213078612964,0.9997826439820838,4,0.8739816700610998,0.8,2,0.9947328308691386,0.08707515792575427,0,0.5565711397835316,exploit,1,0.5
3928,2026-04-15T23:56:22.441227,0.03697232898914263,0.9998046252826036,4,0.8740137439552049,0.8,2,0.9948375084220716,0.08698611029926394,0,0.556853261192737,exploit,1,0.5
3929,2026-04-15T23:56:22.441242,0.04283609176022467,0.9998102151661626,4,0.8740458015267175,0.8,2,0.9945395122533548,0.08768347808950394,0,0.5571339612733737,exploit,1,0.5
3930,2026-04-15T23:56:22.441265,0.031053408894109666,0.9998065097399617,4,0.8740778427880946,0.8,2,0.9949653511841148,0.08666618113484689,0,0.5574132330079545,exploit,1,0.5
3931,2026-04-15T23:56:22.441280,0.03489607249990205,0.9998035386755129,4,0.8741098677517802,0.8,2,0.9950175975390189,0.0867664350159624,0,0.5576910694147003,exploit,1,0.5
3932,2026-04-15T23:56:22.441295,0.03151547575761392,0.9997838887106166,4,0.8741418764302059,0.8,2,0.9945249870135193,0.08536363298071023,0,0.5579674635477153,exploit,1,0.5
3933,2026-04-15T23:56:22.441325,0.03284581174579456,0.9997564276540437,4,0.8741738688357905,0.8,2,0.9939493791240556,0.08552372763889925,0,0.5582424084971608,exploit,1,0.5
3934,2026-04-15T23:56:22.441341,0.03507675499922236,0.9997596018255243,4,0.8742058449809402,0.8,2,0.9938716377692043,0.08559537486028417,0,0.5585158973894275,exploit,1,0.5
3935,2026-04-15T23:56:22.441355,0.03427453893897962,0.9997576899908904,4,0.8742378048780488,0.8,2,0.9938990970152509,0.08586224337905948,0,0.558787923387307,exploit,1,0.5
3936,2026-04-15T23:56:22.441369,0.04133131290240681,0.9997560118123835,4,0.8742697485394971,0.8,2,0.9939518749597976,0.08617009663796989,0,0.5590584796901636,exploit,1,0.5
3937,2026-04-15T23:56:22.441384,0.03627155043973314,0.9997561483951638,4,0.8743016759776536,0.8,2,0.9940434487601881,0.08629296740944431,0,0.5593275595341041,exploit,1,0.5
3938,2026-04-15T23:56:22.441398,0.035916595127889715,0.9997646123230701,4,0.8743335872048743,0.8,2,0.9941876955238441,0.08684318247982796,0,0.5595951561921463,exploit,1,0.5
3939,2026-04-15T23:56:22.441413,0.03452416261680398,0.9997739953040644,4,0.8743654822335025,0.8,2,0.9939621165878656,0.08603624885303696,0,0.5598612629743873,exploit,1,0.5
3940,2026-04-15T23:56:22.441427,0.036496547215896305,0.999784094981359,4,0.8743973610758691,0.8,2,0.9939682427553961,0.08708354990963126,0,0.5601258732281719,exploit,1,0.5
3941,2026-04-15T23:56:22.441442,0.03685596928575713,0.9997507423212612,4,0.8744292237442922,0.8,2,0.9939402490139426,0.08579159432645916,0,0.5603889803382575,exploit,1,0.5
3942,2026-04-15T23:56:22.441459,0.03192741873296027,0.9997485714880177,4,0.8744610702510779,0.8,2,0.9942402508705817,0.08636151202105938,0,0.5606505777269796,exploit,1,0.5
3943,2026-04-15T23:56:22.441474,0.037599352410909295,0.9997506622430264,4,0.8744929006085193,0.8,2,0.9942537564723597,0.08611475239635613,0,0.5609106588544175,exploit,1,0.5
3944,2026-04-15T23:56:22.441489,0.0326451836333695,0.9997608249349468,4,0.8745247148288974,0.8,2,0.9939903668584325,0.08682759838707887,0,0.5611692172185564,exploit,1,0.5
3945,2026-04-15T23:56:22.441504,0.03596434273151344,0.9997772572252153,4,0.8745565129244804,0.8,2,0.9935169767718517,0.08685580467865034,0,0.561426246355451,exploit,1,0.5
3946,2026-04-15T23:56:22.441518,0.034532830473491954,0.999789435286088,4,0.8745882949075247,0.8,2,0.9939444192285041,0.08660271292331212,0,0.5616817398393857,exploit,1,0.5
3947,2026-04-15T23:56:22.441532,0.026936768508035912,0.9997734345116955,4,0.8746200607902735,0.8,2,0.9940246843237353,0.085588340567465,0,0.5619356912830371,exploit,1,0.5
3948,2026-04-15T23:56:22.441546,0.034683413272491206,0.9997876276319893,4,0.8746518105849582,0.8,2,0.9942443887008073,0.08674838240480084,0,0.5621880943376325,exploit,1,0.5
3949,2026-04-15T23:56:22.441561,0.032950801864906766,0.9997699575157087,4,0.8746835443037975,0.8,2,0.9947951083935715,0.08608857712726753,0,0.5624389426931081,exploit,1,0.5
3950,2026-04-15T23:56:22.441575,0.03674909261646025,0.999774102638231,4,0.8747152619589977,0.8,2,0.9946228531406163,0.08708294338317109,0,0.5626882300782684,exploit,1,0.5
3951,2026-04-15T23:56:22.441590,0.03163395492631213,0.9997737051045612,4,0.874746963562753,0.8,2,0.9946237696702454,0.08655059373620491,0,0.5629359502609418,exploit,1,0.5
3952,2026-04-15T23:56:22.441604,0.032590312171646235,0.999802092797803,4,0.8747786491272451,0.8,2,0.9949315583948071,0.08720533538992231,0,0.5631820970481368,exploit,1,0.5
3953,2026-04-15T23:56:22.441618,0.03299839772414375,0.9998218078711344,4,0.8748103186646434,0.8,2,0.9953488872039247,0.0861778610125758,0,0.563426664286196,exploit,1,0.5
3954,2026-04-15T23:56:22.441633,0.03774866084048741,0.9998161651744377,4,0.8748419721871049,0.8,2,0.9954437934827831,0.08626157682619762,0,0.5636696458609517,exploit,1,0.5
3955,2026-04-15T23:56:22.441647,0.03349430876454798,0.9998149637502552,4,0.8748736097067745,0.8,2,0.9953165307133988,0.08677663753105604,0,0.5639110356978771,exploit,1,0.5
3956,2026-04-15T23:56:22.441661,0.03255423216796566,0.9997885838774123,4,0.8749052312357847,0.8,2,0.9953052487592922,0.08602470962518172,0,0.5641508277622386,exploit,1,0.5
3957,2026-04-15T23:56:22.441676,0.0408908290333197,0.9997891529118335,4,0.8749368367862557,0.8,2,0.99455339294047,0.08832613018517413,0,0.5643890160592472,exploit,1,0.5
3958,2026-04-15T23:56:22.441690,0.03459188865572097,0.9997752804956879,4,0.8749684263702955,0.8,2,0.9943238026231606,0.08742114023572335,0,0.5646255946342079,exploit,1,0.5
3959,2026-04-15T23:56:22.441709,0.033437595307865726,0.9997447709062465,4,0.875,0.8,2,0.994373389334896,0.0869565479701967,0,0.5648605575726688,exploit,1,0.5
3960,2026-04-15T23:56:22.441723,0.03515501370767486,0.9997327394649934,4,0.8750315576874527,0.8,2,0.9944393149643352,0.08640858344587408,0,0.5650938990005685,exploit,1,0.5
3961,2026-04-15T23:56:22.441738,0.0370546382545608,0.999756160091964,4,0.8750630994447249,0.8,2,0.9947249452412656,0.08643818306373356,0,0.5653256130843833,exploit,1,0.5
3962,2026-04-15T23:56:22.441752,0.034325363055100463,0.999743763062841,4,0.8750946252838758,0.8,2,0.9945146077196543,0.08645981752105768,0,0.5655556940312735,exploit,1,0.5
3963,2026-04-15T23:56:22.441767,0.03688383370986831,0.9997476097016879,4,0.8751261352169526,0.8,2,0.9946871414301642,0.08694287152369394,0,0.5657841360892274,exploit,1,0.5
3964,2026-04-15T23:56:22.441781,0.032475071117176166,0.9997441048252151,4,0.8751576292559899,0.8,2,0.9946992975671449,0.08579378991095715,0,0.5660109335472051,exploit,1,0.5
3965,2026-04-15T23:56:22.441795,0.035936302686019064,0.9997474744607835,4,0.8751891074130106,0.8,2,0.9947779651355535,0.08720105571870504,0,0.5662360807352823,exploit,1,0.5
3966,2026-04-15T23:56:22.441810,0.03491431373067034,0.9997331411554359,4,0.8752205697000252,0.8,2,0.9947631568220294,0.08669642866660482,0,0.566459572024791,exploit,1,0.5
3967,2026-04-15T23:56:22.441824,0.035798829464234405,0.9997454689656167,4,0.8752520161290323,0.8,2,0.9947273958510745,0.08621840994852913,0,0.5666814018284604,exploit,1,0.5
3968,2026-04-15T23:56:22.441838,0.036477212348551995,0.9997498869170445,4,0.8752834467120182,0.8,2,0.9946933567046448,0.08700778412721948,0,0.5669015646005571,exploit,1,0.5
3969,2026-04-15T23:56:22.441853,0.03796726791718001,0.9997805238446728,4,0.8753148614609572,0.8,2,0.9945827869123165,0.0859447507321552,0,0.5671200548370231,exploit,1,0.5
3970,2026-04-15T23:56:22.441868,0.03634904325999254,0.9997736014542674,4,0.8753462603878116,0.8,2,0.9938494243481706,0.08570083748175875,0,0.5673368670756143,exploit,1,0.5
3971,2026-04-15T23:56:22.441882,0.037145167720336596,0.999776132129181,4,0.8753776435045317,0.8,2,0.9938517781474535,0.08571901720937897,0,0.5675519958960356,exploit,1,0.5
3972,2026-04-15T23:56:22.441896,0.03808687814033696,0.9997764005532976,4,0.8754090108230557,0.8,2,0.9938482317578095,0.08715911857120179,0,0.5677654359200777,exploit,1,0.5
3973,2026-04-15T23:56:22.441911,0.035333445955363474,0.9997795708798679,4,0.8754403623553095,0.8,2,0.9936827570443041,0.08597408222513053,0,0.5679771818117514,exploit,1,0.5
3974,2026-04-15T23:56:22.441925,0.03365538409867455,0.9997801180807886,4,0.8754716981132076,0.8,2,0.9935620589224046,0.0867620171759908,0,0.5681872282774202,exploit,1,0.5
3975,2026-04-15T23:56:22.441939,0.03969306861989702,0.9997781375966659,4,0.8755030181086519,0.8,2,0.9935277970104285,0.08705186650498592,0,0.5683955700659334,exploit,1,0.5
3976,2026-04-15T23:56:22.441957,0.03924441473925633,0.9998063594528621,4,0.8755343223535328,0.8,2,0.9934767030723668,0.08566961425841424,0,0.5686022019687573,exploit,1,0.5
3977,2026-04-15T23:56:22.442058,0.03394933306149256,0.9997618189870396,4,0.8755656108597285,0.8,2,0.9938425088768974,0.0864941982824563,0,0.5688071188201052,exploit,1,0.5
3978,2026-04-15T23:56:22.442084,0.0356471768679621,0.9997730270122482,4,0.8755968836391053,0.8,2,0.9940006331941496,0.08671570350859717,0,0.569010315497066,exploit,1,0.5
3979,2026-04-15T23:56:22.442099,0.030795055918271138,0.9997966325389188,4,0.8756281407035176,0.8,2,0.993762959867886,0.08560481466393675,0,0.5692117869197338,exploit,1,0.5
3980,2026-04-15T23:56:22.442135,0.03651043867203535,0.9998130220095648,4,0.8756593820648079,0.8,2,0.9937984415303495,0.08628189840293822,0,0.5694115280513335,exploit,1,0.5
3981,2026-04-15T23:56:22.442151,0.02931650961717097,0.9998183079769589,4,0.8756906077348067,0.8,2,0.9935801896091363,0.0871408961314329,0,0.569609533898347,exploit,1,0.5
3982,2026-04-15T23:56:22.442165,0.03026512196241816,0.9998111200732231,4,0.8757218177253326,0.8,2,0.9936675182735816,0.08647119111389584,0,0.5698057995106385,exploit,1,0.5
3983,2026-04-15T23:56:22.442181,0.0340828102085799,0.9997961560768367,4,0.8757530120481928,0.8,2,0.993545717592641,0.08581730768426604,0,0.5700003199815779,exploit,1,0.5
3984,2026-04-15T23:56:22.442195,0.03274706813993692,0.9997961668728597,4,0.875784190715182,0.8,2,0.9935341179606311,0.08610743290510373,0,0.5701930904481637,exploit,1,0.5
3985,2026-04-15T23:56:22.442210,0.033670650930590185,0.999796378654026,4,0.8758153537380833,0.8,2,0.9935523452621355,0.08685519273585346,0,0.5703841060911441,exploit,1,0.5
3986,2026-04-15T23:56:22.442224,0.03429117447419187,0.9998109055199407,4,0.8758465011286681,0.8,2,0.9936111371219806,0.08572314646462827,0,0.5705733621351381,exploit,1,0.5
3987,2026-04-15T23:56:22.442239,0.0310196947438487,0.9998163182144023,4,0.8758776328986961,0.8,2,0.9936420514574544,0.08609717581697379,0,0.5707608538487544,exploit,1,0.5
3988,2026-04-15T23:56:22.442269,0.03749567331449054,0.9998041081438036,4,0.8759087490599148,0.8,2,0.9937145306525133,0.08688503664452625,0,0.57094657654471,exploit,1,0.5
3989,2026-04-15T23:56:22.442284,0.042063035360568865,0.9998114452702915,4,0.8759398496240601,0.8,2,0.9937039210158536,0.08671914516017676,0,0.571130525579947,exploit,1,0.5
3990,2026-04-15T23:56:22.442298,0.030025678569184186,0.9998101326178955,4,0.8759709346028565,0.8,2,0.9943268910026237,0.08610023724885861,0,0.5713126963557493,exploit,1,0.5
3991,2026-04-15T23:56:22.442313,0.03164349629909059,0.9998115931117736,4,0.876002004008016,0.8,2,0.9943992932399928,0.0865056502795369,0,0.5714930843178571,exploit,1,0.5
3992,2026-04-15T23:56:22.442328,0.030683673806138182,0.9998097279550622,4,0.8760330578512396,0.8,2,0.9944554194376258,0.08634468693158076,0,0.5716716849565802,exploit,1,0.5
3993,2026-04-15T23:56:22.442342,0.03393347220633572,0.9998075405474752,4,0.8760640961442163,0.8,2,0.9946431335200756,0.08631412296700787,0,0.5718484938069124,exploit,1,0.5
3994,2026-04-15T23:56:22.442357,0.032747215769443797,0.9998115880677072,4,0.8760951188986232,0.8,2,0.9947667549634365,0.08699328321083606,0,0.5720235064486415,exploit,1,0.5
3995,2026-04-15T23:56:22.442372,0.03469004306596754,0.9998171873794762,4,0.8761261261261262,0.8,2,0.9949621247580471,0.0868041215439811,0,0.5721967185064608,exploit,1,0.5
3996,2026-04-15T23:56:22.442386,0.0312657343427355,0.9998260740992361,4,0.8761571178383788,0.8,2,0.9950109332836982,0.08659803362903828,0,0.5723681256500774,exploit,1,0.5
3997,2026-04-15T23:56:22.442401,0.036747601753380876,0.9998763011577412,4,0.8761880940470235,0.8,2,0.9951922090790214,0.08705390242648757,0,0.5725377235943221,exploit,1,0.5
3998,2026-04-15T23:56:22.442416,0.02777689141731527,0.9998721085666031,4,0.8762190547636909,0.8,2,0.9951261712717961,0.0861117753657425,0,0.572705508099255,exploit,1,0.5
3999,2026-04-15T23:56:22.442437,0.032067397533737246,0.9998815340234467,4,0.87625,0.8,2,0.9960763139689461,0.08644048551820883,0,0.572871474970272,exploit,1,0.5
4000,2026-04-15T23:56:22.442457,0.03574760499310478,0.9989564842558559,4,0.8762809297675581,0.8,2,0.0,0.09761217169103772,0,0.5730356200582102,explore,0,0.7
4001,2026-04-15T23:56:22.442471,0.038526633539852646,0.9981015768480813,4,0.876311844077961,0.8,2,0.0,0.0980664499720964,0,0.5731979392594508,explore,0,0.7
4002,2026-04-15T23:56:22.442485,0.03793600219065323,0.9970683603664837,4,0.8763427429427929,0.8,2,0.0,0.09716189851165505,0,0.5733584285160225,explore,0,0.7
4003,2026-04-15T23:56:22.442498,0.035600931742245365,0.9967180159257729,4,0.8763736263736264,0.8,2,0.0,0.09767359168421114,0,0.5735170838157019,explore,0,0.7
4004,2026-04-15T23:56:22.442512,0.035240003885074714,0.9961290044490506,4,0.8764044943820225,0.8,2,0.0,0.09734595714791285,0,0.5736739011921149,explore,0,0.7
4005,2026-04-15T23:56:22.442525,0.03365047267438888,0.995669206126396,4,0.8764353469795307,0.8,2,0.0,0.09791078010076902,0,0.5738288767248354,explore,0,0.7
4006,2026-04-15T23:56:22.442539,0.03386083090583914,0.9955926855927044,4,0.8764661841776891,0.8,2,0.0,0.09742373058754328,0,0.573982006539483,explore,0,0.7
4007,2026-04-15T23:56:22.442552,0.03724780903753352,0.9952918907849433,4,0.8764970059880239,0.8,2,0.0,0.09785275451650582,0,0.5741332868078202,explore,0,0.7
4008,2026-04-15T23:56:22.442566,0.031954488523313854,0.9951682194453075,4,0.8765278124220504,0.8,2,0.0,0.09758926856982192,0,0.5742827137478483,explore,0,0.7
4009,2026-04-15T23:56:22.442579,0.036064983874453616,0.9951102768750781,4,0.8765586034912718,0.8,2,0.0,0.09826179307101636,0,0.5744302836239019,explore,0,0.7
4010,2026-04-15T23:56:22.442592,0.03359543535515906,0.9950965156979182,4,0.8765893792071803,0.8,2,0.0,0.09760493526005348,0,0.5745759927467412,explore,0,0.7
4011,2026-04-15T23:56:22.442605,0.030667664090641283,0.9952181620544689,4,0.8766201395812563,0.8,2,0.0,0.09767530118243493,0,0.5747198374736461,explore,0,0.7
4012,2026-04-15T23:56:22.442619,0.029636221137711048,0.9954965351319318,4,0.8766508846249689,0.8,2,0.0,0.0975134388768203,1,0.5748618142085057,explore,0,0.7
4013,2026-04-15T23:56:22.442632,0.03334184880322749,0.9959215778967978,4,0.8766816143497758,0.8,2,0.0,0.09810936572481915,1,0.5750019194019093,explore,0,0.7
4014,2026-04-15T23:56:22.442646,0.03191942942785946,0.9963873669714111,4,0.8767123287671232,0.8,2,0.0,0.09720715490863314,1,0.575140149551234,explore,0,0.7
4015,2026-04-15T23:56:22.442659,0.038010622666578744,0.9967973348438013,4,0.8767430278884463,0.8,2,0.0,0.09735131369455641,1,0.5752765012007336,explore,0,0.7
4016,2026-04-15T23:56:22.442672,0.04175365796095194,0.9973321863711135,4,0.876773711725168,0.8,2,0.0,0.09710417410308225,1,0.575410970941624,explore,0,0.7
4017,2026-04-15T23:56:22.442686,0.040494345386648256,0.9980495342321024,4,0.8768043802887009,0.8,2,0.0,0.09703713362447243,1,0.5755435554121682,explore,0,0.7
4018,2026-04-15T23:56:22.442707,0.03602755577498695,0.9988872522181252,4,0.8768350335904453,0.8,2,0.0,0.09807009594453256,1,0.5756742512977617,explore,0,0.7
4019,2026-04-15T23:56:22.442722,0.036315155674920496,0.9997804886319143,4,0.8768656716417911,0.8,2,0.9945825512878395,0.09699289196008193,1,0.5758030553310143,explore,0,0.7
4020,2026-04-15T23:56:22.442736,0.03965141197420391,0.9997849153855072,4,0.8768962944541159,0.8,2,0.9945604778630858,0.09783245534462016,1,0.5759299642918316,explore,0,0.7
4021,2026-04-15T23:56:22.442750,0.040407716807016304,0.999780654009074,4,0.8769269020387866,0.8,2,0.9946312209893474,0.09747684022257042,1,0.5760549750074963,explore,0,0.7
4022,2026-04-15T23:56:22.442764,0.03742711661100482,0.999806074087507,4,0.8769574944071589,0.8,2,0.9946912990215937,0.09747005869754402,1,0.5761780843527469,explore,0,0.7
4023,2026-04-15T23:56:22.442779,0.03421915449869724,0.9998221556051599,4,0.8769880715705766,0.8,2,0.9945232962257482,0.09789061600663036,1,0.5762992892498564,explore,0,0.7
4024,2026-04-15T23:56:22.442793,0.03290047547820937,0.9998464340687612,4,0.8770186335403727,0.8,2,0.9947923034066446,0.09761101127446352,1,0.5764185866687086,explore,0,0.7
4025,2026-04-15T23:56:22.442808,0.035611945623560376,0.9998504922434286,4,0.8770491803278688,0.8,2,0.9947598510712387,0.0974480708811083,1,0.576535973626874,explore,0,0.7
4026,2026-04-15T23:56:22.442822,0.02844777154011796,0.9998747936051346,4,0.8770797119443755,0.8,2,0.9934609999493853,0.09685270736512107,1,0.5766514471896852,explore,0,0.7
4027,2026-04-15T23:56:22.442836,0.039271647946582874,0.9998739261361034,4,0.8771102284011917,0.8,2,0.9933506266646165,0.09817639179102627,1,0.5767650044703089,explore,0,0.7
4028,2026-04-15T23:56:22.442851,0.03734119868975043,0.999867310914446,4,0.8771407297096053,0.8,2,0.9933455267807039,0.09799128020336462,1,0.576876642629819,explore,0,0.7
4029,2026-04-15T23:56:22.442882,0.037513486550988163,0.9998665577668264,4,0.8771712158808933,0.8,2,0.993247242387447,0.09772708393086203,1,0.5769863588772672,explore,0,0.7
4030,2026-04-15T23:56:22.442898,0.03658519300596486,0.9998535554676253,4,0.8772016869263211,0.8,2,0.9933771938521871,0.0975398998079204,1,0.5770941504697533,explore,0,0.7
4031,2026-04-15T23:56:22.442912,0.03678809498503918,0.9998567632886146,4,0.8772321428571429,0.8,2,0.9934037271119609,0.09741834125016682,1,0.5772000147124929,explore,0,0.7
4032,2026-04-15T23:56:22.442926,0.03789022034559597,0.9998568320440521,4,0.8772625836846021,0.8,2,0.9936180911460061,0.09761700204372732,1,0.5773039489588856,explore,0,0.7
4033,2026-04-15T23:56:22.442944,0.03712805537522766,0.9998350925479016,4,0.8772930094199306,0.8,2,0.9935702950052802,0.09679903766168037,1,0.5774059506105805,explore,0,0.7
4034,2026-04-15T23:56:22.442971,0.03246064749509181,0.9998223492995386,4,0.8773234200743495,0.8,2,0.993358835607212,0.09726109293827546,1,0.5775060171175418,explore,0,0.7
4035,2026-04-15T23:56:22.442992,0.032440881016780956,0.9998055209065868,4,0.8773538156590683,0.8,2,0.9933445408971788,0.09721095426437645,1,0.5776041459781118,explore,0,0.7
4036,2026-04-15T23:56:22.443014,0.03789660027760317,0.9998032371588064,4,0.8773841961852861,0.8,2,0.9932424711762089,0.09810787763069978,1,0.5777003347390743,explore,0,0.7
4037,2026-04-15T23:56:22.443036,0.03719438864899338,0.9998073999635518,4,0.8774145616641902,0.8,2,0.9930647079637287,0.09651419148104241,1,0.5777945809957152,explore,0,0.7
4038,2026-04-15T23:56:22.443055,0.03843270046774834,0.9998065395623706,4,0.8774449121069572,0.8,2,0.9930958223244089,0.09746673823301914,1,0.577886882391883,explore,0,0.7
4039,2026-04-15T23:56:22.443070,0.03345381426282081,0.9998031745632114,4,0.8774752475247525,0.8,2,0.9930937647425945,0.09763822496733504,1,0.5779772366200476,explore,0,0.7
4040,2026-04-15T23:56:22.443094,0.030171499413245186,0.9997913025379587,4,0.8775055679287305,0.8,2,0.9930044067935998,0.09721824258983595,1,0.5780656414213581,explore,0,0.7
4041,2026-04-15T23:56:22.443115,0.038434891091710804,0.9997837110627695,4,0.8775358733300347,0.8,2,0.9930159740999286,0.09748654360570079,1,0.5781520945856989,explore,0,0.7
4042,2026-04-15T23:56:22.443139,0.03225450185210689,0.9997984836958748,4,0.8775661637397972,0.8,2,0.9929935947260952,0.09753886991318007,1,0.5782365939517454,explore,0,0.7
4043,2026-04-15T23:56:22.443160,0.03722048179361703,0.999789178674703,4,0.8775964391691394,0.8,2,0.9932295145787842,0.09784977090209947,1,0.578319137407018,explore,0,0.7
4044,2026-04-15T23:56:22.443175,0.03434154458911707,0.9997779741394114,4,0.8776266996291718,0.8,2,0.9931766619840712,0.09713235580230346,1,0.5783997228879346,explore,0,0.7
4045,2026-04-15T23:56:22.443189,0.03492334320621914,0.999772257753829,4,0.8776569451309936,0.8,2,0.9931424052917996,0.09802612439112712,1,0.5784783483798623,explore,0,0.7
4046,2026-04-15T23:56:22.443203,0.03285800974909985,0.9997876348212228,4,0.8776871756856931,0.8,2,0.9942195665259805,0.09746913753808231,1,0.5785550119171678,explore,0,0.7
4047,2026-04-15T23:56:22.443218,0.03603061746864896,0.9997899851011767,4,0.8777173913043478,0.8,2,0.994489390852191,0.09782810456865199,1,0.5786297115832669,explore,0,0.7
4048,2026-04-15T23:56:22.443233,0.03465831295549224,0.9998001673918054,4,0.8777475919980242,0.8,2,0.9945950349864983,0.09813264056104776,1,0.5787024455106717,explore,0,0.7
4049,2026-04-15T23:56:22.443247,0.035912121253634896,0.9998027121445103,4,0.8777777777777778,0.8,2,0.9946092842135104,0.0967844354725223,1,0.5787732118810378,explore,0,0.7
4050,2026-04-15T23:56:22.443272,0.03248043753201579,0.9998203393588158,4,0.8778079486546532,0.8,2,0.9946597161972901,0.0973380341602662,1,0.5788420089252095,explore,0,0.7
4051,2026-04-15T23:56:22.443287,0.03330253442804188,0.9998221876881211,4,0.8778381046396841,0.8,2,0.9946382326833818,0.09776554160910861,1,0.5789088349232646,explore,0,0.7
4052,2026-04-15T23:56:22.443301,0.03191871470985064,0.999820518084153,4,0.8778682457438934,0.8,2,0.9945894964737885,0.09698724908322172,1,0.5789736882045564,explore,0,0.7
4053,2026-04-15T23:56:22.443316,0.03601617396376214,0.9998483515264062,4,0.877898371978293,0.8,2,0.9943713501478293,0.09767797810772591,1,0.5790365671477563,explore,0,0.7
4054,2026-04-15T23:56:22.443330,0.036161219973728426,0.9998596615225749,4,0.8779284833538841,0.8,2,0.9947723920660925,0.09776886322534689,1,0.579097470180894,explore,0,0.7
4055,2026-04-15T23:56:22.443345,0.0311546117234892,0.9998718309772618,4,0.8779585798816568,0.8,2,0.994846856194464,0.09732421923147788,1,0.5791563957813968,explore,0,0.7
4056,2026-04-15T23:56:22.443360,0.032994981540118165,0.9998686473669354,4,0.8779886615725906,0.8,2,0.9949703419750586,0.09770915363350366,1,0.5792133424761278,explore,0,0.7
4057,2026-04-15T23:56:22.443375,0.038867146474546685,0.9998640358615628,4,0.878018728437654,0.8,2,0.9954742106313385,0.09766251587379589,1,0.5792683088414226,explore,0,0.7
4058,2026-04-15T23:56:22.443389,0.03807191290258998,0.9998389217219602,4,0.8780487804878049,0.8,2,0.9956611071769479,0.09708813346811129,1,0.5793212935031249,explore,0,0.7
4059,2026-04-15T23:56:22.443404,0.03158059648216448,0.9998387818681238,4,0.8780788177339901,0.8,2,0.9954240201762858,0.097083876536533,1,0.5793722951366209,explore,0,0.7
4060,2026-04-15T23:56:22.443420,0.03578243933492492,0.9998503952201179,4,0.8781088401871461,0.8,2,0.995564453204131,0.09765565453908484,1,0.5794213124668726,explore,0,0.7
4061,2026-04-15T23:56:22.443441,0.03779975541721391,0.9998524690882912,4,0.878138847858198,0.8,2,0.9953575233229022,0.09658459690352941,1,0.579468344268449,explore,0,0.7
4062,2026-04-15T23:56:22.443458,0.03539723338954484,0.999845214963046,4,0.8781688407580606,0.8,2,0.9951593196316155,0.09775547077196776,1,0.5795133893655577,explore,0,0.7
4063,2026-04-15T23:56:22.443473,0.034499828024725385,0.9998368310124203,4,0.8781988188976378,0.8,2,0.9951966766319043,0.09762968557093107,1,0.5795564466320736,explore,0,0.7
4064,2026-04-15T23:56:22.443488,0.031778869004483325,0.999844044630313,4,0.8782287822878229,0.8,2,0.9947218149782088,0.09817917977914561,1,0.5795975149915673,explore,0,0.7
4065,2026-04-15T23:56:22.443502,0.03396138749310318,0.9998487782258372,4,0.8782587309394982,0.8,2,0.9947708916477511,0.09839173626699733,1,0.5796365934173319,explore,0,0.7
4066,2026-04-15T23:56:22.443517,0.03805782124620434,0.9998426819237871,4,0.8782886648635357,0.8,2,0.9947755317949734,0.09804910401009938,1,0.5796736809324088,explore,0,0.7
4067,2026-04-15T23:56:22.443531,0.03633697278960342,0.9998441822616473,4,0.8783185840707964,0.8,2,0.994755361983741,0.09782323045163965,1,0.579708776609612,explore,0,0.7
4068,2026-04-15T23:56:22.443546,0.03250217894185586,0.9998295389227664,4,0.8783484885721308,0.8,2,0.9947655510724622,0.09746258201500832,1,0.5797418795715514,explore,0,0.7
4069,2026-04-15T23:56:22.443561,0.037071221478509206,0.9998293542389481,4,0.8783783783783784,0.8,2,0.9951460876013345,0.09800557169807284,1,0.5797729889906549,explore,0,0.7
4070,2026-04-15T23:56:22.443575,0.03243701863216922,0.9998044336126397,4,0.8784082535003684,0.8,2,0.9951631586450163,0.09760780541758758,1,0.5798021040891883,explore,0,0.7
4071,2026-04-15T23:56:22.443589,0.03943746454732392,0.999797583694468,4,0.8784381139489195,0.8,2,0.995271454360533,0.09762264439973264,1,0.579829224139276,explore,0,0.7
4072,2026-04-15T23:56:22.443604,0.03562719408262002,0.9997925396615177,4,0.8784679597348392,0.8,2,0.9951060212427618,0.09762542879113549,1,0.5798543484629178,explore,0,0.7
4073,2026-04-15T23:56:22.443618,0.03377043078286294,0.999778377825828,4,0.8784977908689249,0.8,2,0.9947556436490892,0.09617222183249718,1,0.5798774764320073,explore,0,0.7
4074,2026-04-15T23:56:22.443633,0.03578316417406326,0.999769013834496,4,0.8785276073619632,0.8,2,0.9948079159618004,0.0979933351194182,1,0.5798986074683461,explore,0,0.7
4075,2026-04-15T23:56:22.443648,0.03839539511472002,0.9997892157639465,4,0.8785574092247301,0.8,2,0.9945141245625244,0.09743041483063768,1,0.5799177410436597,explore,0,0.7
4076,2026-04-15T23:56:22.443681,0.03331586567270854,0.9997799669493992,4,0.8785871964679912,0.8,2,0.9943547100913451,0.09750517307820017,1,0.5799348766796095,explore,0,0.7
4077,2026-04-15T23:56:22.443703,0.0358032126126819,0.9997921498225515,4,0.8786169691025012,0.8,2,0.9943165461873777,0.09741552119919576,1,0.5799500139478057,explore,0,0.7
4078,2026-04-15T23:56:22.443718,0.03430302981908821,0.9997896675962552,4,0.8786467271390047,0.8,2,0.9940698464959083,0.0975860079123282,1,0.5799631524698172,explore,0,0.7
4079,2026-04-15T23:56:22.443733,0.040740863517728446,0.9997659453968702,4,0.8786764705882353,0.8,2,0.9942052335749252,0.09708576079884329,1,0.5799742919171816,explore,0,0.7
4080,2026-04-15T23:56:22.443747,0.037012689560384116,0.9997624559903237,4,0.8787061994609164,0.8,2,0.9940972600019287,0.09777979010668708,1,0.5799834320114136,explore,0,0.7
4081,2026-04-15T23:56:22.443762,0.03898474894705431,0.9997520120441001,4,0.878735913767761,0.8,2,0.9942989117823637,0.09755452315851107,1,0.579990572524011,explore,0,0.7
4082,2026-04-15T23:56:22.443776,0.034811759822568,0.9997431826406622,4,0.878765613519471,0.8,2,0.9940951729420359,0.09689341550452733,1,0.5799957132764614,explore,0,0.7
4083,2026-04-15T23:56:22.443791,0.03644773999396489,0.9997363280152056,4,0.8787952987267384,0.8,2,0.9942001143696073,0.09761470959369417,1,0.5799988541402464,explore,0,0.7
4084,2026-04-15T23:56:22.443805,0.03482378609313858,0.9997202996762108,4,0.8788249694002448,0.8,2,0.9946915162330712,0.09662941009476392,1,0.5799999950368445,explore,0,0.7
4085,2026-04-15T23:56:22.443819,0.0352331392407052,0.9997133269513674,4,0.8788546255506607,0.8,2,0.9941918217924639,0.0981098308872594,1,0.5799991359377333,explore,0,0.7
4086,2026-04-15T23:56:22.443834,0.034608557659252526,0.9997155151691821,4,0.878884267188647,0.8,2,0.9940461724443213,0.09738116923574003,1,0.5799962768643904,explore,0,0.7
4087,2026-04-15T23:56:22.443848,0.03188997683091263,0.9997067092727661,4,0.8789138943248532,0.8,2,0.9939506863524852,0.09795236704139747,1,0.5799914178882922,explore,0,0.7
4088,2026-04-15T23:56:22.443862,0.03830604704042173,0.9997061814867998,4,0.8789435069699193,0.8,2,0.993974645383616,0.09741235162408993,1,0.5799845591309132,explore,0,0.7
4089,2026-04-15T23:56:22.443876,0.033815106415672896,0.9996788189399736,4,0.8789731051344744,0.8,2,0.9937231753310307,0.09715179371970702,1,0.5799757007637216,explore,0,0.7
4090,2026-04-15T23:56:22.443891,0.03497974898422655,0.9996818682080922,4,0.8790026888291371,0.8,2,0.993506945989,0.09816088361705222,1,0.5799648430081764,explore,0,0.7
4091,2026-04-15T23:56:22.443905,0.03407279251867135,0.9996648457844551,4,0.8790322580645161,0.8,2,0.9934823251271276,0.09731443234185493,1,0.5799519861357207,explore,0,0.7
4092,2026-04-15T23:56:22.443919,0.03186100612798333,0.9996640987412639,4,0.8790618128512094,0.8,2,0.9935375630583885,0.09790105157913448,1,0.579937130467776,explore,0,0.7
4093,2026-04-15T23:56:22.443933,0.03956554048490335,0.9996798345386771,4,0.8790913531998046,0.8,2,0.9937244595209189,0.09808777078446829,1,0.5799202763757328,explore,0,0.7
4094,2026-04-15T23:56:22.443948,0.032356136760228874,0.999685184351954,4,0.8791208791208791,0.8,2,0.9934540645798327,0.09801265308757695,1,0.5799014242809428,explore,0,0.7
4095,2026-04-15T23:56:22.443966,0.033397445762653424,0.999684067454535,4,0.879150390625,0.8,2,0.9937473102928233,0.09805675087389748,1,0.5798805746547073,explore,0,0.7
4096,2026-04-15T23:56:22.443980,0.031688893027956105,0.9996853962390148,4,0.8791798877227239,0.8,2,0.9939394942315474,0.09767261853815828,1,0.5798577280182658,explore,0,0.7
4097,2026-04-15T23:56:22.443995,0.035548849230096054,0.999687525738929,4,0.8792093704245973,0.8,2,0.9938370660884459,0.09746215737940113,1,0.5798328849427832,explore,0,0.7
4098,2026-04-15T23:56:22.444010,0.03426201784058888,0.9997031105545396,4,0.8792388387411564,0.8,2,0.9940969340891901,0.09765032187403477,1,0.5798060460493349,explore,0,0.7
4099,2026-04-15T23:56:22.444024,0.03484886023124789,0.9997201661071226,4,0.8792682926829268,0.8,2,0.9940837557470277,0.09772406449186327,1,0.579777212008892,explore,0,0.7
4100,2026-04-15T23:56:22.444039,0.03238881451535158,0.9989506325530323,4,0.8792977322604243,0.8,2,0.0,0.08630593601184117,1,0.5797463835423039,exploit,1,0.5
4101,2026-04-15T23:56:22.444053,0.03242779497480572,0.9982027745896398,4,0.879327157484154,0.8,2,0.0,0.08626488490929404,1,0.5797135614202807,exploit,1,0.5
4102,2026-04-15T23:56:22.444067,0.029496854972806665,0.9978277100244628,4,0.8793565683646113,0.8,2,0.0,0.0862891731972737,1,0.5796787464633738,exploit,1,0.5
4103,2026-04-15T23:56:22.444081,0.02817402159555961,0.9969314554116814,4,0.8793859649122807,0.8,2,0.0,0.08732075094489541,1,0.5796419395419552,exploit,1,0.5
4104,2026-04-15T23:56:22.444094,0.0330405782821413,0.9965520343354762,4,0.879415347137637,0.8,2,0.0,0.08593852957989007,1,0.5796031415761961,exploit,1,0.5
4105,2026-04-15T23:56:22.444108,0.03544621058700009,0.9962041791845319,4,0.8794447150511446,0.8,2,0.0,0.08752888539223853,1,0.5795623535360435,exploit,1,0.5
4106,2026-04-15T23:56:22.444121,0.03027633789258861,0.9955897100896552,4,0.8794740686632578,0.8,2,0.0,0.086039961228328,1,0.5795195764411964,exploit,1,0.5
4107,2026-04-15T23:56:22.444135,0.03000017936867971,0.9955118905736708,4,0.8795034079844206,0.8,2,0.0,0.08688719473560287,1,0.5794748113610799,exploit,1,0.5
4108,2026-04-15T23:56:22.444148,0.037321310017728,0.9954938573697631,4,0.879532733025067,0.8,2,0.0,0.0874507253001936,1,0.5794280594148188,exploit,1,0.5
4109,2026-04-15T23:56:22.444161,0.030632265299849228,0.9953204402218813,4,0.8795620437956204,0.8,2,0.0,0.08739780946554931,1,0.5793793217712091,exploit,1,0.5
4110,2026-04-15T23:56:22.444175,0.03925846215351293,0.9953326090580981,4,0.8795913403064948,0.8,2,0.0,0.08703288305665668,1,0.5793285996486894,exploit,1,0.5
4111,2026-04-15T23:56:22.444189,0.03467437864273935,0.995568301504523,4,0.8796206225680934,0.8,2,0.0,0.08603332740502871,1,0.5792758943153103,exploit,1,0.5
4112,2026-04-15T23:56:22.444202,0.028888322132300588,0.9956754490987163,4,0.8796498905908097,0.8,2,0.0,0.0856551417627563,1,0.5792212070887022,exploit,1,0.5
4113,2026-04-15T23:56:22.444216,0.034104271126566686,0.9960352952626649,4,0.8796791443850267,0.8,2,0.0,0.08647209040718645,1,0.579164539336043,exploit,1,0.5
4114,2026-04-15T23:56:22.444229,0.039144559063097425,0.9962825327350218,4,0.8797083839611178,0.8,2,0.0,0.08558983582957416,1,0.5791058924740236,exploit,1,0.5
4115,2026-04-15T23:56:22.444243,0.03518602732398417,0.99677619903361,4,0.8797376093294461,0.8,2,0.0,0.0877835562895197,1,0.5790452679688124,exploit,1,0.5
4116,2026-04-15T23:56:22.444263,0.03111536529772042,0.9974792918146919,4,0.8797668205003644,0.8,2,0.0,0.08714527995093806,1,0.5789826673360189,exploit,1,0.5
4117,2026-04-15T23:56:22.444277,0.034181462234554594,0.9982503416514089,4,0.8797960174842157,0.8,2,0.0,0.08645244889787096,1,0.5789180921406556,exploit,1,0.5
4118,2026-04-15T23:56:22.444291,0.03446745663985494,0.9988759352127117,4,0.8798252002913328,0.8,2,0.0,0.08687076141188506,1,0.5788515439970993,exploit,1,0.5
4119,2026-04-15T23:56:22.444304,0.03596563834154876,0.9997732679585862,4,0.8798543689320388,0.8,2,0.9943228215145075,0.08655176526413666,1,0.5787830245690497,exploit,1,0.5
4120,2026-04-15T23:56:22.444318,0.030197101630657776,0.999787840779121,4,0.8798835234166464,0.8,2,0.9945227600861752,0.08733418711666222,1,0.5787125355694893,exploit,1,0.5
4121,2026-04-15T23:56:22.444333,0.030983753460404724,0.9997844927127505,4,0.8799126637554585,0.8,2,0.9943624607314221,0.08560184022257042,1,0.5786400787606393,exploit,1,0.5
4122,2026-04-15T23:56:22.444347,0.03388647851287566,0.9998100383910187,4,0.8799417899587679,0.8,2,0.9942245275436883,0.08583601989744652,1,0.578565655953916,exploit,1,0.5
4123,2026-04-15T23:56:22.444362,0.03421475456068325,0.9998261708421728,4,0.8799709020368575,0.8,2,0.9941086884198648,0.08634223899386367,1,0.5784892690098858,exploit,1,0.5
4124,2026-04-15T23:56:22.444377,0.03359145582004864,0.9998476702951753,4,0.88,0.8,2,0.9943747006776156,0.0861613063929807,1,0.5784109198382185,exploit,1,0.5
4125,2026-04-15T23:56:22.444402,0.033771378196054996,0.9998505965319523,4,0.8800290838584586,0.8,2,0.9943570030033176,0.08667546730126156,1,0.578330610397639,exploit,1,0.5
4126,2026-04-15T23:56:22.444418,0.034976104469617006,0.9998774578843322,4,0.8800581536224861,0.8,2,0.993906042937821,0.08734240404957994,1,0.5782483426958793,exploit,1,0.5
4127,2026-04-15T23:56:22.444432,0.03147021047343323,0.9998767462792739,4,0.8800872093023255,0.8,2,0.9939171607384268,0.08647199026370185,1,0.5781641187896276,exploit,1,0.5
4128,2026-04-15T23:56:22.444446,0.03464381853718304,0.9998707720244223,4,0.8801162509082102,0.8,2,0.9941884020635516,0.08661657773945236,1,0.5780779407844773,exploit,1,0.5
4129,2026-04-15T23:56:22.444465,0.03359632124671949,0.9998701832817878,4,0.8801452784503632,0.8,2,0.9939976637660151,0.08684893848241164,1,0.5779898108348739,exploit,1,0.5
4130,2026-04-15T23:56:22.444480,0.030826281102459746,0.9998594931850442,4,0.8801742919389978,0.8,2,0.9940553048323886,0.08635132453146488,1,0.5778997311440615,exploit,1,0.5
4131,2026-04-15T23:56:22.444494,0.0329325707611752,0.9998636185588698,4,0.8802032913843175,0.8,2,0.9940472287702546,0.08595255180882408,1,0.5778077039640279,exploit,1,0.5
4132,2026-04-15T23:56:22.444508,0.0357821371843037,0.9998634667948072,4,0.8802322767965158,0.8,2,0.9940602772508136,0.0860551956550129,1,0.5777137315954476,exploit,1,0.5
4133,2026-04-15T23:56:22.444523,0.031101013099234038,0.9998409343873252,4,0.8802612481857764,0.8,2,0.9937449319315597,0.0854678127015228,1,0.5776178163876251,exploit,1,0.5
4134,2026-04-15T23:56:22.444538,0.03056895334330891,0.9998294263251117,4,0.8802902055622733,0.8,2,0.9936265315285979,0.08665614033381344,1,0.5775199607384354,exploit,1,0.5
4135,2026-04-15T23:56:22.444552,0.027700080978834873,0.9998140632805479,4,0.8803191489361702,0.8,2,0.994231189779895,0.0871838281868376,1,0.5774201670942648,exploit,1,0.5
4136,2026-04-15T23:56:22.444566,0.03274087405917666,0.9998121539753108,4,0.8803480783176215,0.8,2,0.9942160551598949,0.08639120670874179,1,0.5773184379499491,exploit,1,0.5
4137,2026-04-15T23:56:22.444581,0.033794224859988994,0.9998158388345865,4,0.8803769937167714,0.8,2,0.994069709739568,0.08667256739607805,1,0.5772147758487116,exploit,1,0.5
4138,2026-04-15T23:56:22.444595,0.03229630128038298,0.9998153731060373,4,0.8804058951437546,0.8,2,0.9941848287736332,0.08592290582701222,1,0.5771091833820996,exploit,1,0.5
4139,2026-04-15T23:56:22.444610,0.03169477149890766,0.99981286755509,4,0.8804347826086957,0.8,2,0.9942180292223184,0.08624716897565733,1,0.5770016631899191,exploit,1,0.5
4140,2026-04-15T23:56:22.444624,0.02804868612028719,0.9998003425559492,4,0.8804636561217097,0.8,2,0.9941135498857232,0.08539439734040735,1,0.5768922179601693,exploit,1,0.5
4141,2026-04-15T23:56:22.444644,0.033990660643152926,0.9997907625760746,4,0.880492515692902,0.8,2,0.994249200529024,0.08626742367404583,1,0.5767808504289753,exploit,1,0.5
4142,2026-04-15T23:56:22.444666,0.029685663770654604,0.999805470771354,4,0.8805213613323678,0.8,2,0.9943457993660272,0.08624645339295699,1,0.5766675633805196,exploit,1,0.5
4143,2026-04-15T23:56:22.444690,0.029864314778011096,0.9997964952463734,4,0.880550193050193,0.8,2,0.9944863074846724,0.08653864446838978,1,0.5765523596469726,exploit,1,0.5
4144,2026-04-15T23:56:22.444720,0.03140320648916205,0.9997861945797607,4,0.8805790108564535,0.8,2,0.994483491029847,0.08571602221220387,1,0.5764352421084215,exploit,1,0.5
4145,2026-04-15T23:56:22.444735,0.030743199075724766,0.9997800864230995,4,0.8806078147612156,0.8,2,0.9944101541801835,0.08627851003683036,1,0.5763162136927985,exploit,1,0.5
4146,2026-04-15T23:56:22.444749,0.03181663451604216,0.9997944697442508,4,0.8806366047745358,0.8,2,0.9949331126449514,0.08586496248552783,1,0.5761952773758081,exploit,1,0.5
4147,2026-04-15T23:56:22.444764,0.04044131267146009,0.9997968941257285,4,0.880665380906461,0.8,2,0.9950219493030148,0.08674293963112802,1,0.5760724361808518,exploit,1,0.5
4148,2026-04-15T23:56:22.444778,0.02927774922873189,0.9998066226894061,4,0.8806941431670282,0.8,2,0.9951370310407974,0.08637155484389121,1,0.575947693178953,exploit,1,0.5
4149,2026-04-15T23:56:22.444792,0.03225846419289475,0.9998094025208325,4,0.880722891566265,0.8,2,0.9950500930322654,0.08555681465169465,1,0.5758210514886805,exploit,1,0.5
4150,2026-04-15T23:56:22.444807,0.033434163048993645,0.9998249683529655,4,0.8807516261141893,0.8,2,0.9949924513035695,0.08671303243584504,1,0.5756925142760697,exploit,1,0.5
4151,2026-04-15T23:56:22.444821,0.03644877153523104,0.9998264446982614,4,0.8807803468208093,0.8,2,0.9947625997950871,0.08779928117110758,1,0.5755620847545443,exploit,1,0.5
4152,2026-04-15T23:56:22.444836,0.03591907031565829,0.999825024239849,4,0.8808090536961233,0.8,2,0.9946122218364032,0.08534633486063166,1,0.5754297661848355,exploit,1,0.5
4153,2026-04-15T23:56:22.444850,0.03524690936094964,0.9998536944561139,4,0.8808377467501204,0.8,2,0.9947969793200742,0.08603902438583412,1,0.5752955618749008,exploit,1,0.5
4154,2026-04-15T23:56:22.444865,0.0353260267053256,0.9998647697308674,4,0.8808664259927798,0.8,2,0.9948732972764853,0.08605435273713202,1,0.5751594751798409,exploit,1,0.5
4155,2026-04-15T23:56:22.444879,0.032437401332971245,0.999874408361783,4,0.8808950914340712,0.8,2,0.9949667862579301,0.08578671241314949,1,0.575021509501816,exploit,1,0.5
4156,2026-04-15T23:56:22.444893,0.02903797719371247,0.9998712071082883,4,0.8809237430839548,0.8,2,0.9947421639593249,0.08705924241141415,1,0.5748816682899609,exploit,1,0.5
4157,2026-04-15T23:56:22.444908,0.0324820241601914,0.9998676509511895,4,0.8809523809523809,0.8,2,0.9949927879438163,0.08609928124056056,1,0.5747399550402987,exploit,1,0.5
4158,2026-04-15T23:56:22.444926,0.03252566963136809,0.9998439810279937,4,0.8809810050492907,0.8,2,0.9950811399177302,0.0860367548796961,1,0.5745963732956532,exploit,1,0.5
4159,2026-04-15T23:56:22.444946,0.030853141154980394,0.9998426634571141,4,0.8810096153846154,0.8,2,0.9950766715185327,0.08612004084973993,1,0.5744509266455604,exploit,1,0.5
4160,2026-04-15T23:56:22.444964,0.032627330602924186,0.9998550535462073,4,0.8810382119682768,0.8,2,0.9953335242319357,0.08620798723220416,1,0.5743036187261792,exploit,1,0.5
4161,2026-04-15T23:56:22.444979,0.033011680352019686,0.9998586946064734,4,0.8810667948101875,0.8,2,0.994785797589943,0.08483645780238495,1,0.5741544532201999,exploit,1,0.5
4162,2026-04-15T23:56:22.444993,0.03350077601867091,0.9998502147784735,4,0.8810953639202498,0.8,2,0.9946927469565217,0.0865561062012852,1,0.5740034338567522,exploit,1,0.5
4163,2026-04-15T23:56:22.445008,0.034356656558572195,0.9998407446476739,4,0.8811239193083573,0.8,2,0.99461864585348,0.08651590417751802,1,0.5738505644113124,exploit,1,0.5
4164,2026-04-15T23:56:22.445022,0.030527453186545636,0.999847252207826,4,0.8811524609843937,0.8,2,0.9944385405694918,0.08685970136930882,1,0.5736958487056087,exploit,1,0.5
4165,2026-04-15T23:56:22.445037,0.03218922758834826,0.999853149082344,4,0.8811809889582333,0.8,2,0.9944799539646005,0.08661230923075763,1,0.5735392906075258,exploit,1,0.5
4166,2026-04-15T23:56:22.445051,0.034874969414977246,0.9998470995119009,4,0.8812095032397408,0.8,2,0.9943116006172255,0.0874985301620636,1,0.5733808940310078,exploit,1,0.5
4167,2026-04-15T23:56:22.445065,0.03472623401025049,0.9998478385262578,4,0.8812380038387716,0.8,2,0.9943429716834864,0.08617017624512918,1,0.573220662935961,exploit,1,0.5
4168,2026-04-15T23:56:22.445079,0.03408187260145436,0.99983270311668,4,0.8812664907651715,0.8,2,0.994372571820981,0.08600582630786276,1,0.5730586013281543,exploit,1,0.5
4169,2026-04-15T23:56:22.445094,0.030202742119667933,0.9998323460314554,4,0.8812949640287769,0.8,2,0.9948206037616034,0.08701016949915334,1,0.5728947132591197,exploit,1,0.5
4170,2026-04-15T23:56:22.445108,0.03233924653911522,0.9998100093777026,4,0.881323423639415,0.8,2,0.9946783586420975,0.08607566122851389,1,0.5727290028260499,exploit,1,0.5
4171,2026-04-15T23:56:22.445123,0.032325624304158355,0.9998031707178162,4,0.8813518696069031,0.8,2,0.9948010988869518,0.08668263599767545,1,0.5725614741716977,exploit,1,0.5
4172,2026-04-15T23:56:22.445152,0.03051824720926869,0.9997982101436423,4,0.8813803019410497,0.8,2,0.9950814193835482,0.08631030527234536,1,0.5723921314842704,exploit,1,0.5
4173,2026-04-15T23:56:22.445167,0.030191212989158587,0.9997842679940553,4,0.8814087206516531,0.8,2,0.9946021173655408,0.0854822111134701,1,0.5722209789973262,exploit,1,0.5
4174,2026-04-15T23:56:22.445182,0.03437320289026902,0.9997758005086183,4,0.881437125748503,0.8,2,0.9944366741155988,0.08667360386903894,1,0.5720480209896688,exploit,1,0.5
4175,2026-04-15T23:56:22.445196,0.035259311947035105,0.9997970233910466,4,0.8814655172413793,0.8,2,0.9943491376347152,0.08706815571644656,1,0.571873261785239,exploit,1,0.5
4176,2026-04-15T23:56:22.445211,0.031408703919362006,0.9997895224388413,4,0.8814938951400527,0.8,2,0.9945316031231433,0.08770125543105814,1,0.5716967057530081,exploit,1,0.5
4177,2026-04-15T23:56:22.445225,0.028300930490352545,0.999800000534307,4,0.8815222594542843,0.8,2,0.9944840395381676,0.08586182056042868,1,0.5715183573068675,exploit,1,0.5
4178,2026-04-15T23:56:22.445240,0.026002852155523132,0.9997975829032808,4,0.8815506101938263,0.8,2,0.9942837466754919,0.0879616856718831,1,0.5713382209055191,exploit,1,0.5
4179,2026-04-15T23:56:22.445262,0.03298599108547402,0.9997741514548906,4,0.881578947368421,0.8,2,0.9941676566244116,0.0854253741103977,1,0.5711563010523637,exploit,1,0.5
4180,2026-04-15T23:56:22.445277,0.036936516791785765,0.9997705339374119,4,0.881607270987802,0.8,2,0.9940781263483205,0.08620401502586932,1,0.5709726022953879,exploit,1,0.5
4181,2026-04-15T23:56:22.445291,0.032394172288889245,0.9997595302583712,4,0.8816355810616929,0.8,2,0.9947383873082871,0.08593486898857748,1,0.5707871292270514,exploit,1,0.5
4182,2026-04-15T23:56:22.445306,0.03461126069732612,0.9997535011095673,4,0.8816638775998088,0.8,2,0.9945915213196381,0.08700858057731202,1,0.5705998864841709,exploit,1,0.5
4183,2026-04-15T23:56:22.445320,0.029038197522509367,0.9997484767946946,4,0.8816921606118547,0.8,2,0.994487103141752,0.08685486014507693,1,0.5704108787478055,exploit,1,0.5
4184,2026-04-15T23:56:22.445335,0.035461575739153386,0.9997315653301606,4,0.8817204301075269,0.8,2,0.9945002108266346,0.0867605622573647,1,0.5702201107431385,exploit,1,0.5
4185,2026-04-15T23:56:22.445350,0.030316774722508204,0.9997252992209262,4,0.8817486860965121,0.8,2,0.9940453916324576,0.08695897597867643,1,0.5700275872393603,exploit,1,0.5
4186,2026-04-15T23:56:22.445364,0.02823844758396582,0.9997273622364119,4,0.8817769285884882,0.8,2,0.9940245528546122,0.0863647053024022,1,0.5698333130495484,exploit,1,0.5
4187,2026-04-15T23:56:22.445379,0.030377421358272254,0.9997204245280437,4,0.8818051575931232,0.8,2,0.9939530092506471,0.08721729486457193,1,0.5696372930305474,exploit,1,0.5
4188,2026-04-15T23:56:22.445393,0.030424649262630117,0.9997220395924008,4,0.8818333731200764,0.8,2,0.9939756803907109,0.08682941139253159,1,0.5694395320828475,exploit,1,0.5
4189,2026-04-15T23:56:22.445408,0.03303483466282242,0.9996957430768446,4,0.8818615751789977,0.8,2,0.9933433696619259,0.08560721303573354,1,0.5692400351504622,exploit,1,0.5
4190,2026-04-15T23:56:22.445422,0.031423719500893225,0.9996975849372802,4,0.8818897637795275,0.8,2,0.9934276772344532,0.08672603365527086,1,0.5690388072208045,exploit,1,0.5
4191,2026-04-15T23:56:22.445437,0.034387769366214786,0.9996792118563141,4,0.8819179389312977,0.8,2,0.9933432186461695,0.08589412865474257,1,0.5688358533245618,exploit,1,0.5
4192,2026-04-15T23:56:22.445454,0.033971944065500075,0.9996782959491033,4,0.8819461006439303,0.8,2,0.9933095010817699,0.08642422602784916,1,0.5686311785355713,exploit,1,0.5
4193,2026-04-15T23:56:22.445469,0.027048187497969896,0.9996935577555638,4,0.8819742489270386,0.8,2,0.9936215800088052,0.08625111470286005,1,0.5684247879706921,exploit,1,0.5
4194,2026-04-15T23:56:22.445484,0.03450731871765655,0.9996966257196337,4,0.8820023837902264,0.8,2,0.9935141433715009,0.08685191999407281,1,0.5682166867896773,exploit,1,0.5
4195,2026-04-15T23:56:22.445498,0.029038387260690954,0.9996959380251083,4,0.8820305052430887,0.8,2,0.9935454685132177,0.08648673805126496,1,0.5680068801950455,exploit,1,0.5
4196,2026-04-15T23:56:22.445513,0.03353271132803927,0.999694683114879,4,0.8820586132952108,0.8,2,0.9935414533558089,0.0858904886715354,1,0.5677953734319512,exploit,1,0.5
4197,2026-04-15T23:56:22.445527,0.029579414286006293,0.9996966880545513,4,0.8820867079561696,0.8,2,0.9932912878170647,0.08594788480183048,1,0.5675821717880519,exploit,1,0.5
4198,2026-04-15T23:56:22.445542,0.03063453102409827,0.9997105816836206,4,0.8821147892355322,0.8,2,0.9935637399455821,0.08664340512986796,1,0.5673672805933778,exploit,1,0.5
4199,2026-04-15T23:56:22.445556,0.03390701875879759,0.9997280919146213,4,0.8821428571428571,0.8,2,0.9937708478826288,0.08661725982098531,1,0.5671507052201977,exploit,1,0.5
4200,2026-04-15T23:56:22.445571,0.03669803719696724,0.9987662063924179,4,0.8821709116876935,0.8,2,0.0,0.09645600565431912,1,0.5669324510828845,explore,0,0.7
4201,2026-04-15T23:56:22.445584,0.0361854831493854,0.9979816563411823,4,0.8821989528795812,0.8,2,0.0,0.0980664499720964,1,0.5667125236377802,explore,0,0.7
4202,2026-04-15T23:56:22.445598,0.03568989580335186,0.9970020618541371,4,0.8822269807280514,0.8,2,0.0,0.09716189851165505,1,0.5664909283830596,explore,0,0.7
4203,2026-04-15T23:56:22.445611,0.03348784874187198,0.9966845437970441,4,0.8822549952426261,0.8,2,0.0,0.09767359168421114,1,0.5662676708585925,explore,0,0.7
4204,2026-04-15T23:56:22.445624,0.03293132306876235,0.9960443617074686,4,0.882282996432818,0.8,2,0.0,0.09734595714791285,1,0.5660427566458055,explore,0,0.7
4205,2026-04-15T23:56:22.445637,0.03134907835972521,0.9955740626123062,4,0.8823109843081313,0.8,2,0.0,0.09791078010076902,1,0.5658161913675418,explore,0,0.7
4206,2026-04-15T23:56:22.445651,0.03170312296761318,0.9954689284809118,4,0.8823389588780604,0.8,2,0.0,0.09742373058754328,1,0.565587980687922,explore,0,0.7
4207,2026-04-15T23:56:22.445664,0.03499221156393551,0.9951146300003236,4,0.8823669201520913,0.8,2,0.0,0.09785275451650582,1,0.5653581303122011,explore,0,0.7
4208,2026-04-15T23:56:22.445677,0.029659196263586242,0.9948802482102871,4,0.8823948681397007,0.8,2,0.0,0.09758926856982192,1,0.5651266459866264,explore,0,0.7
4209,2026-04-15T23:56:22.445691,0.03383693148552365,0.9949864027965628,4,0.8824228028503563,0.8,2,0.0,0.09826179307101636,1,0.564893533498294,explore,0,0.7
4210,2026-04-15T23:56:22.445709,0.031210153719334825,0.9950755381136778,4,0.882450724293517,0.8,2,0.0,0.09760493526005348,1,0.564658798675004,explore,0,0.7
4211,2026-04-15T23:56:22.445790,0.028512683748634964,0.9951407981591738,4,0.8824786324786325,0.8,2,0.0,0.09767530118243493,1,0.5644224473851149,explore,0,0.7
4212,2026-04-15T23:56:22.445854,0.027672402525463713,0.9955074062660976,4,0.8825065274151436,0.8,2,0.0,0.0975134388768203,1,0.5641844855373964,explore,0,0.7
4213,2026-04-15T23:56:22.445870,0.03112702781779168,0.9957755213828026,4,0.8825344091124822,0.8,2,0.0,0.09810936572481915,1,0.5639449190808823,explore,0,0.7
4214,2026-04-15T23:56:22.445883,0.02958358696198357,0.9963597244803675,4,0.8825622775800712,0.8,2,0.0,0.09720715490863314,1,0.5637037540047218,explore,0,0.7
4215,2026-04-15T23:56:22.445897,0.03558639106334356,0.9968695286832283,4,0.8825901328273245,0.8,2,0.0,0.09735131369455641,1,0.5634609963380292,explore,0,0.7
4216,2026-04-15T23:56:22.445910,0.039394475112568446,0.9973850552596036,4,0.8826179748636471,0.8,2,0.0,0.09710417410308225,1,0.563216652149733,explore,0,0.7
4217,2026-04-15T23:56:22.445924,0.038056995203914756,0.9979730072767667,4,0.8826458036984353,0.8,2,0.0,0.09703713362447243,1,0.5629707275484259,explore,0,0.7
4218,2026-04-15T23:56:22.445937,0.03374620215166691,0.9989241509231033,4,0.8826736193410761,0.8,2,0.0,0.09807009594453256,1,0.5627232286822099,explore,0,0.7
4219,2026-04-15T23:56:22.445954,0.034003888476065225,0.9997717257273308,4,0.8827014218009479,0.8,2,0.9943430193812576,0.09699289196008193,1,0.5624741617385436,explore,0,0.7
4220,2026-04-15T23:56:22.445998,0.03729997539313105,0.9997849153866192,4,0.8827292110874201,0.8,2,0.9945597559846914,0.09783245534462016,1,0.5622235329440874,explore,0,0.7
4221,2026-04-15T23:56:22.446014,0.038111853198322936,0.9997806540101994,4,0.8827569872098532,0.8,2,0.994630027727166,0.09747684022257042,1,0.5619713485645487,explore,0,0.7
4222,2026-04-15T23:56:22.446029,0.035037974727975506,0.9998060740884889,4,0.8827847501775988,0.8,2,0.9946908825965703,0.09747005869754402,1,0.5617176149045235,explore,0,0.7
4223,2026-04-15T23:56:22.446043,0.03194640649151713,0.9998221556060309,4,0.8828125,0.8,2,0.9945221610628211,0.09789061600663036,1,0.56146233830734,explore,0,0.7
4224,2026-04-15T23:56:22.446057,0.030656595141754023,0.9998464340696629,4,0.8828402366863906,0.8,2,0.9947905023928276,0.09761101127446352,1,0.5612055251549002,explore,0,0.7
4225,2026-04-15T23:56:22.446072,0.033288314844107256,0.9998504922443436,4,0.8828679602460956,0.8,2,0.9947581457201121,0.0974480708811083,1,0.5609471818675192,explore,0,0.7
4226,2026-04-15T23:56:22.446086,0.026333141526721875,0.999874793605674,4,0.8828956706884316,0.8,2,0.9934546184080555,0.09685270736512107,1,0.560687314903766,explore,0,0.7
4227,2026-04-15T23:56:22.446101,0.03691947574313849,0.9998739261365712,4,0.8829233680227058,0.8,2,0.9933489330022897,0.09817639179102627,1,0.5604259307603007,explore,0,0.7
4228,2026-04-15T23:56:22.446115,0.034929724232107086,0.9998673109148694,4,0.882951052258217,0.8,2,0.993344592994178,0.09799128020336462,1,0.5601630359717138,explore,0,0.7
4229,2026-04-15T23:56:22.446129,0.03513582540867358,0.9998665577671583,4,0.8829787234042553,0.8,2,0.9932478725676714,0.09772708393086203,1,0.5598986371103611,explore,0,0.7
4230,2026-04-15T23:56:22.446144,0.03434316042779734,0.9998535554678516,4,0.8830063814701016,0.8,2,0.9933783869510082,0.0975398998079204,1,0.5596327407862002,explore,0,0.7
4231,2026-04-15T23:56:22.446159,0.03445838730990438,0.9998567632888683,4,0.8830340264650284,0.8,2,0.9934056088168972,0.09741834125016682,1,0.5593653536466257,explore,0,0.7
4232,2026-04-15T23:56:22.446173,0.03547548802469131,0.9998568320442818,4,0.8830616583982991,0.8,2,0.9936183854895417,0.09761700204372732,1,0.5590964823763018,explore,0,0.7
4233,2026-04-15T23:56:22.446187,0.03487287880262796,0.9998350925484109,4,0.8830892772791686,0.8,2,0.993572371871031,0.09679903766168037,1,0.5588261336969966,explore,0,0.7
4234,2026-04-15T23:56:22.446201,0.030368725933338697,0.9998223492999267,4,0.8831168831168831,0.8,2,0.9933642378271929,0.09726109293827546,1,0.5585543143674127,explore,0,0.7
4235,2026-04-15T23:56:22.446216,0.030436995839730446,0.9998055209069626,4,0.8831444759206799,0.8,2,0.9933495791532041,0.09721095426437645,1,0.5582810311830193,explore,0,0.7
4236,2026-04-15T23:56:22.446230,0.035550218654733824,0.9998032371591481,4,0.8831720556997876,0.8,2,0.9932489992231688,0.09810787763069978,1,0.558006290975882,explore,0,0.7
4237,2026-04-15T23:56:22.446245,0.03483744841937686,0.9998073999639063,4,0.8831996224634261,0.8,2,0.993069493131414,0.09651419148104241,1,0.5577301006144914,explore,0,0.7
4238,2026-04-15T23:56:22.446277,0.036092423996803916,0.9998065395626958,4,0.8832271762208068,0.8,2,0.9931045267637529,0.09746673823301914,1,0.5574524670035919,explore,0,0.7
4239,2026-04-15T23:56:22.446292,0.03129372025118324,0.9998031745635264,4,0.8832547169811321,0.8,2,0.9931017727938932,0.09763822496733504,1,0.5571733970840099,explore,0,0.7
4240,2026-04-15T23:56:22.446306,0.028234090987491016,0.9997913025382117,4,0.8832822447535958,0.8,2,0.9930130469886078,0.09721824258983595,1,0.5568928978324786,explore,0,0.7
4241,2026-04-15T23:56:22.446321,0.03607724182175782,0.9997837110632003,4,0.8833097595473833,0.8,2,0.9930247588366128,0.09748654360570079,1,0.5566109762614645,explore,0,0.7
4242,2026-04-15T23:56:22.446336,0.030183160226306103,0.9997984836962597,4,0.883337261371671,0.8,2,0.9930024557114137,0.09753886991318007,1,0.5563276394189924,explore,0,0.7
4243,2026-04-15T23:56:22.446350,0.03498676355744511,0.9997891786750709,4,0.8833647502356268,0.8,2,0.9932404330350852,0.09784977090209947,1,0.5560428943884687,explore,0,0.7
4244,2026-04-15T23:56:22.446364,0.03213574472220628,0.9997779741397859,4,0.8833922261484098,0.8,2,0.9931864646663262,0.09713235580230346,1,0.5557567482885041,explore,0,0.7
4245,2026-04-15T23:56:22.446379,0.032724402249479666,0.9997722577543736,4,0.883419689119171,0.8,2,0.9931523666150439,0.09802612439112712,1,0.5554692082727362,explore,0,0.7
4246,2026-04-15T23:56:22.446393,0.030694522915497686,0.9997876348217244,4,0.8834471391570521,0.8,2,0.994233331569084,0.09746913753808231,1,0.5551802815296506,explore,0,0.7
4247,2026-04-15T23:56:22.446407,0.03351749752867236,0.9997899851016964,4,0.8834745762711864,0.8,2,0.9944992623233397,0.09782810456865199,1,0.5548899752824007,explore,0,0.7
4248,2026-04-15T23:56:22.446421,0.03251875448409793,0.9998001673922928,4,0.8835020004706989,0.8,2,0.9946037722830355,0.09813264056104776,1,0.5545982967886274,explore,0,0.7
4249,2026-04-15T23:56:22.446441,0.03360857718870003,0.9998027121449543,4,0.8835294117647059,0.8,2,0.994616574030076,0.0967844354725223,1,0.5543052533402784,explore,0,0.7
4250,2026-04-15T23:56:22.446469,0.030283208043456824,0.9998203393593559,4,0.8835568101623148,0.8,2,0.9946659979745249,0.0973380341602662,1,0.5540108522634241,explore,0,0.7
4251,2026-04-15T23:56:22.446492,0.03100251949545158,0.9998221876886256,4,0.8835841956726247,0.8,2,0.9946443068185945,0.09776554160910861,1,0.5537151009180763,explore,0,0.7
4252,2026-04-15T23:56:22.446509,0.029663268883173888,0.9998205180846463,4,0.8836115683047261,0.8,2,0.9945951838994219,0.09698724908322172,1,0.5534180066980031,explore,0,0.7
4253,2026-04-15T23:56:22.446524,0.03363814936032436,0.9998483515264921,4,0.883638928067701,0.8,2,0.9943725135965518,0.09767797810772591,1,0.5531195770305448,explore,0,0.7
4254,2026-04-15T23:56:22.446538,0.03379774331004713,0.9998596615226655,4,0.8836662749706228,0.8,2,0.9947691968690346,0.09776886322534689,1,0.5528198193764273,explore,0,0.7
4255,2026-04-15T23:56:22.446552,0.029030170595224156,0.9998718309775916,4,0.8836936090225563,0.8,2,0.9948416218023779,0.09732421923147788,1,0.5525187412295763,explore,0,0.7
4256,2026-04-15T23:56:22.446567,0.031016822473812364,0.999868647367306,4,0.8837209302325582,0.8,2,0.9949645250912891,0.09770915363350366,1,0.5522163501169302,explore,0,0.7
4257,2026-04-15T23:56:22.446581,0.03650388338983044,0.9998640358618868,4,0.8837482386096759,0.8,2,0.9954682532961562,0.09766251587379589,1,0.5519126535982506,explore,0,0.7
4258,2026-04-15T23:56:22.446595,0.03576004759647035,0.9998389217222708,4,0.8837755341629491,0.8,2,0.9956524230975177,0.09708813346811129,1,0.5516076592659349,explore,0,0.7
4259,2026-04-15T23:56:22.446610,0.029510588238979046,0.9998387818684811,4,0.8838028169014085,0.8,2,0.9954142212751168,0.097083876536533,1,0.5513013747448252,explore,0,0.7
4260,2026-04-15T23:56:22.446624,0.033513840245827944,0.9998503952204953,4,0.8838300868340765,0.8,2,0.9955556079176877,0.09765565453908484,1,0.5509938076920191,explore,0,0.7
4261,2026-04-15T23:56:22.446638,0.03545510534329353,0.9998524690884306,4,0.8838573439699672,0.8,2,0.9953512706756604,0.09658459690352941,1,0.5506849657966766,explore,0,0.7
4262,2026-04-15T23:56:22.446653,0.03310663221057297,0.9998452149633376,4,0.8838845883180858,0.8,2,0.9951553410119254,0.09775547077196776,1,0.550374856779829,explore,0,0.7
4263,2026-04-15T23:56:22.446667,0.03225365531679188,0.9998368310128367,4,0.8839118198874296,0.8,2,0.9951935286811845,0.09762968557093107,1,0.5500634883941854,explore,0,0.7
4264,2026-04-15T23:56:22.446682,0.029701885235434128,0.9998440446307816,4,0.8839390386869871,0.8,2,0.9947150492680057,0.09817917977914561,1,0.5497508684239396,explore,0,0.7
4265,2026-04-15T23:56:22.446696,0.03173531896956076,0.9998487782261101,4,0.8839662447257384,0.8,2,0.9947634846291311,0.09839173626699733,1,0.5494370046845745,explore,0,0.7
4266,2026-04-15T23:56:22.446717,0.035678030467769656,0.9998426819241624,4,0.8839934380126553,0.8,2,0.9947693286703663,0.09804910401009938,1,0.5491219050226668,explore,0,0.7
4267,2026-04-15T23:56:22.446756,0.03395764768274014,0.9998441822621176,4,0.884020618556701,0.8,2,0.9947495128920254,0.09782323045163965,1,0.5488055773156922,explore,0,0.7
4268,2026-04-15T23:56:22.446772,0.03029492967124533,0.9998295389233285,4,0.8840477863668307,0.8,2,0.9947597087584674,0.09746258201500832,1,0.5484880294718267,explore,0,0.7
4269,2026-04-15T23:56:22.446786,0.03486892585777846,0.99982935423952,4,0.8840749414519906,0.8,2,0.9951382344168291,0.09800557169807284,1,0.5481692694297498,explore,0,0.7
4270,2026-04-15T23:56:22.446800,0.030261875996692257,0.9998044336131646,4,0.8841020838211192,0.8,2,0.9951574579957467,0.09760780541758758,1,0.5478493051584458,explore,0,0.7
4271,2026-04-15T23:56:22.446815,0.03707870399072304,0.9997975836950421,4,0.8841292134831461,0.8,2,0.9952668748770475,0.09762264439973264,1,0.5475281446570051,explore,0,0.7
4272,2026-04-15T23:56:22.446829,0.03342569637705482,0.999792539662253,4,0.8841563304469927,0.8,2,0.9951053733960387,0.09762542879113549,1,0.5472057959544234,explore,0,0.7
4273,2026-04-15T23:56:22.446844,0.031615833115078776,0.9997783778265058,4,0.8841834347215723,0.8,2,0.9947548872930789,0.09617222183249718,1,0.5468822671094014,explore,0,0.7
4274,2026-04-15T23:56:22.446858,0.033457419439857125,0.9997690138351352,4,0.8842105263157894,0.8,2,0.9948073817244116,0.0979933351194182,1,0.5465575662101435,explore,0,0.7
4275,2026-04-15T23:56:22.446873,0.03597512028484519,0.9997892157643892,4,0.8842376052385407,0.8,2,0.9945182231957741,0.09743041483063768,1,0.5462317013741553,explore,0,0.7
4276,2026-04-15T23:56:22.446887,0.03116796051019685,0.9997799669497887,4,0.884264671498714,0.8,2,0.9943571837040823,0.09750517307820017,1,0.5459046807480407,explore,0,0.7
4277,2026-04-15T23:56:22.446901,0.033695330077445955,0.9997921498229344,4,0.8842917251051894,0.8,2,0.994319083757732,0.09741552119919576,1,0.545576512507298,explore,0,0.7
4278,2026-04-15T23:56:22.446916,0.032318805375016135,0.9997896675966854,4,0.884318766066838,0.8,2,0.9940729406374538,0.0975860079123282,1,0.5452472048561166,explore,0,0.7
4279,2026-04-15T23:56:22.446933,0.038319260209053754,0.9997659453972998,4,0.8843457943925234,0.8,2,0.9942097193336047,0.09708576079884329,1,0.5449167660271703,explore,0,0.7
4280,2026-04-15T23:56:22.446947,0.034582053643689326,0.9997624559908154,4,0.8843728100911002,0.8,2,0.9941005902105098,0.09777979010668708,1,0.5445852042814127,explore,0,0.7
4281,2026-04-15T23:56:22.446966,0.03663760806684589,0.9997520120446596,4,0.8843998131714152,0.8,2,0.9943013777789067,0.09755452315851107,1,0.5442525279078704,explore,0,0.7
4282,2026-04-15T23:56:22.446980,0.032535611601309945,0.9997431826410305,4,0.8844268036423067,0.8,2,0.9940968195547683,0.09689341550452733,1,0.5439187452234351,explore,0,0.7
4283,2026-04-15T23:56:22.446995,0.03426336881536926,0.9997363280155593,4,0.884453781512605,0.8,2,0.9942007330260912,0.09761470959369417,1,0.5435838645726567,explore,0,0.7
4284,2026-04-15T23:56:22.447009,0.03254338612874064,0.9997202996766965,4,0.8844807467911319,0.8,2,0.9946973027633522,0.09662941009476392,1,0.5432478943275338,explore,0,0.7
4285,2026-04-15T23:56:22.447023,0.033043021085939955,0.9997133269518488,4,0.8845076994867009,0.8,2,0.9941971848234619,0.0981098308872594,1,0.5429108428873054,explore,0,0.7
4286,2026-04-15T23:56:22.447038,0.032531390850131875,0.9997155151696563,4,0.8845346396081175,0.8,2,0.994053116339907,0.09738116923574003,1,0.5425727186782398,explore,0,0.7
4287,2026-04-15T23:56:22.447052,0.029809738787254025,0.9997067092730719,4,0.8845615671641791,0.8,2,0.9939572817361348,0.09795236704139747,1,0.5422335301534246,explore,0,0.7
4288,2026-04-15T23:56:22.447066,0.03599344561208824,0.9997061814870559,4,0.8845884821636745,0.8,2,0.9939809933658419,0.09741235162408993,1,0.5418932857925548,explore,0,0.7
4289,2026-04-15T23:56:22.447080,0.031586342852807245,0.9996788189404153,4,0.8846153846153846,0.8,2,0.993728161394632,0.09715179371970702,1,0.5415519941017225,explore,0,0.7
4290,2026-04-15T23:56:22.447095,0.03275284617607847,0.9996818682086187,4,0.8846422745280821,0.8,2,0.9935100751513495,0.09816088361705222,1,0.5412096636132019,explore,0,0.7
4291,2026-04-15T23:56:22.447109,0.031824367330958295,0.9996648457850807,4,0.8846691519105312,0.8,2,0.9934851364537357,0.09731443234185493,1,0.540866302885237,explore,0,0.7
4292,2026-04-15T23:56:22.447123,0.02964806711171513,0.9996640987417323,4,0.8846960167714885,0.8,2,0.9935392405080212,0.09790105157913448,1,0.5405219205018286,explore,0,0.7
4293,2026-04-15T23:56:22.447138,0.03734789536896617,0.9996798345391898,4,0.8847228691197019,0.8,2,0.9937270120259718,0.09808777078446829,1,0.5401765250725181,explore,0,0.7
4294,2026-04-15T23:56:22.447152,0.03011834881697365,0.9996851843525161,4,0.8847497089639115,0.8,2,0.9934567484156378,0.09801265308757695,1,0.5398301252321734,explore,0,0.7
4295,2026-04-15T23:56:22.447166,0.031299758887973914,0.9996840674550957,4,0.8847765363128491,0.8,2,0.9937469805522661,0.09805675087389748,1,0.5394827296407723,explore,0,0.7
4296,2026-04-15T23:56:22.447180,0.02951718228196722,0.9996853962399038,4,0.8848033511752386,0.8,2,0.9939387128574163,0.09767261853815828,1,0.5391343469831866,explore,0,0.7
4297,2026-04-15T23:56:22.447194,0.03335693349342687,0.9996875257399321,4,0.8848301535597952,0.8,2,0.9938385381807486,0.09746215737940113,1,0.5387849859689646,explore,0,0.7
4298,2026-04-15T23:56:22.447209,0.03209828044022877,0.9997031105555283,4,0.8848569434752268,0.8,2,0.9940956407135602,0.09765032187403477,1,0.5384346553321132,explore,0,0.7
4299,2026-04-15T23:56:22.447223,0.032675742296183904,0.9997201661080922,4,0.8848837209302326,0.8,2,0.9940823972071582,0.09772406449186327,1,0.5380833638308806,explore,0,0.7
4300,2026-04-15T23:56:22.447237,0.030225460578171742,0.998950632556155,4,0.8849104859335039,0.8,2,0.0,0.08630593601184117,1,0.5377311202475357,exploit,1,0.5
4301,2026-04-15T23:56:22.447265,0.0276599659052976,0.998176857887679,4,0.8849372384937239,0.8,2,0.0,0.0859622379608362,1,0.5373779333881498,exploit,1,0.5
4302,2026-04-15T23:56:22.447279,0.033849692084239894,0.9976421481288837,4,0.8849639786195678,0.8,2,0.0,0.08700836385271374,1,0.5370238120823756,exploit,1,0.5
4303,2026-04-15T23:56:22.447293,0.02622150145894121,0.9970994996874734,4,0.8849907063197026,0.8,2,0.0,0.0864876188572079,1,0.536668765183228,exploit,1,0.5
4304,2026-04-15T23:56:22.447306,0.030464559052156646,0.9965379017217082,4,0.8850174216027874,0.8,2,0.0,0.08646001878010005,1,0.5363128015668607,exploit,1,0.5
4305,2026-04-15T23:56:22.447320,0.033409124543812514,0.9961982142178032,4,0.8850441244774733,0.8,2,0.0,0.08677424856776114,1,0.5359559301323452,exploit,1,0.5
4306,2026-04-15T23:56:22.447333,0.03377839537004493,0.9957597141237775,4,0.885070814952403,0.8,2,0.0,0.0862044739465889,1,0.5355981598014493,exploit,1,0.5
4307,2026-04-15T23:56:22.447347,0.03095353435185285,0.9956661012404436,4,0.8850974930362117,0.8,2,0.0,0.08693050030713645,1,0.5352394995184125,exploit,1,0.5
4308,2026-04-15T23:56:22.447360,0.03305713154934782,0.9956254104434862,4,0.8851241587375261,0.8,2,0.0,0.0866175223516144,1,0.5348799582497231,exploit,1,0.5
4309,2026-04-15T23:56:22.447374,0.031600498653188334,0.9954510980491472,4,0.8851508120649652,0.8,2,0.0,0.0862668261419241,1,0.534519544983894,exploit,1,0.5
4310,2026-04-15T23:56:22.447387,0.034547307395372054,0.995374733915082,4,0.8851774530271399,0.8,2,0.0,0.08556363471839007,1,0.5341582687312383,exploit,1,0.5
4311,2026-04-15T23:56:22.447401,0.03511748787164694,0.995577428683996,4,0.8852040816326531,0.8,2,0.0,0.0867173759192393,1,0.5337961385236434,exploit,1,0.5
4312,2026-04-15T23:56:22.447414,0.03244400838789759,0.9956407542253873,4,0.8852306978900997,0.8,2,0.0,0.08672560644106489,1,0.5334331634143457,exploit,1,0.5
4313,2026-04-15T23:56:22.447428,0.03200211949752947,0.996070508668541,4,0.8852573018080667,0.8,2,0.0,0.08577807084900789,1,0.5330693524777036,exploit,1,0.5
4314,2026-04-15T23:56:22.447441,0.029128026090352803,0.9963851417002467,4,0.8852838933951332,0.8,2,0.0,0.08724271960951255,1,0.5327047148089722,exploit,1,0.5
4315,2026-04-15T23:56:22.447473,0.03137899814185415,0.9968870129578956,4,0.8853104726598703,0.8,2,0.0,0.08757102916601345,1,0.532339259524074,exploit,1,0.5
4316,2026-04-15T23:56:22.447489,0.02662662492780702,0.9975898665863328,4,0.8853370396108409,0.8,2,0.0,0.08622561927223321,1,0.5319729957593717,exploit,1,0.5
4317,2026-04-15T23:56:22.447502,0.0293603233211559,0.9983200970720252,4,0.8853635942566003,0.8,2,0.0,0.08594651892552625,1,0.531605932671441,exploit,1,0.5
4318,2026-04-15T23:56:22.447516,0.03148851093198941,0.9989501260760496,4,0.8853901366056958,0.8,2,0.0,0.08644267992711914,1,0.5312380794368396,exploit,1,0.5
4319,2026-04-15T23:56:22.447530,0.03583159933424736,0.9998449316936077,4,0.8854166666666666,0.8,2,0.9949929276947926,0.08618693253500986,1,0.5308694452518793,exploit,1,0.5
4320,2026-04-15T23:56:22.447544,0.02972001370384149,0.9998450911319381,4,0.8854431844480445,0.8,2,0.9952646886923859,0.08649791042401733,1,0.5305000393323952,exploit,1,0.5
4321,2026-04-15T23:56:22.447559,0.02751347022832132,0.999841169950303,4,0.8854696899583526,0.8,2,0.9948801924506967,0.08727175596129766,1,0.5301298709135166,exploit,1,0.5
4322,2026-04-15T23:56:22.447573,0.035079923071349876,0.9998087074107672,4,0.8854961832061069,0.8,2,0.9945628856069446,0.08668492078654558,1,0.5297589492494345,exploit,1,0.5
4323,2026-04-15T23:56:22.447588,0.031037077688469927,0.9998043367595134,4,0.885522664199815,0.8,2,0.9943102243187731,0.08594301067850359,1,0.5293872836131708,exploit,1,0.5
4324,2026-04-15T23:56:22.447602,0.02840084361850594,0.9997971969319402,4,0.8855491329479769,0.8,2,0.9943978335561163,0.08575157516923074,1,0.5290148832963475,exploit,1,0.5
4325,2026-04-15T23:56:22.447616,0.027881562030759435,0.9997913821740907,4,0.8855755894590847,0.8,2,0.9942101526326901,0.08592146874672385,1,0.5286417576089532,exploit,1,0.5
4326,2026-04-15T23:56:22.447631,0.030150783534325033,0.9997996637707348,4,0.8856020337416224,0.8,2,0.9943001991085139,0.08710216385275205,1,0.5282679158791103,exploit,1,0.5
4327,2026-04-15T23:56:22.447646,0.031872558334261794,0.999776324165788,4,0.8856284658040665,0.8,2,0.9943372963717685,0.08655770076640844,1,0.5278933674528423,exploit,1,0.5
4328,2026-04-15T23:56:22.447660,0.0324376506116809,0.9997783464114975,4,0.8856548856548857,0.8,2,0.9939628126077239,0.0874089830569315,1,0.5275181216938413,exploit,1,0.5
4329,2026-04-15T23:56:22.447674,0.03031222692762779,0.999780577294907,4,0.8856812933025404,0.8,2,0.9939657171130674,0.08676429191632767,1,0.527142187983231,exploit,1,0.5
4330,2026-04-15T23:56:22.447689,0.03143172014593981,0.9997731654675477,4,0.8857076887554837,0.8,2,0.9942440191472179,0.08604845720704105,1,0.5267655757193346,exploit,1,0.5
4331,2026-04-15T23:56:22.447708,0.03599522991624726,0.999776819339496,4,0.8857340720221607,0.8,2,0.9942159525622046,0.08654467848046439,1,0.5263882943174395,exploit,1,0.5
4332,2026-04-15T23:56:22.447723,0.026896024935834498,0.9997894247217207,4,0.8857604431110085,0.8,2,0.9941543574159353,0.08616103538491918,1,0.5260103532095608,exploit,1,0.5
4333,2026-04-15T23:56:22.447737,0.030516455765517217,0.9997873150410989,4,0.8857868020304569,0.8,2,0.994194768675785,0.08676025008578567,1,0.5256317618442067,exploit,1,0.5
4334,2026-04-15T23:56:22.447752,0.031208284528840887,0.9997808413347143,4,0.8858131487889274,0.8,2,0.9942566454888642,0.08614461547818314,1,0.5252525296861411,exploit,1,0.5
4335,2026-04-15T23:56:22.447766,0.029273221237854086,0.99977857274341,4,0.885839483394834,0.8,2,0.9946201613321441,0.08683441108713262,1,0.5248726662161489,exploit,1,0.5
4336,2026-04-15T23:56:22.447781,0.028652765213791523,0.9997660671441262,4,0.8858658058565829,0.8,2,0.994622454826835,0.08610922066752147,1,0.5244921809307967,exploit,1,0.5
4337,2026-04-15T23:56:22.447795,0.031489818580608085,0.999788884855236,4,0.8858921161825726,0.8,2,0.9943008717625283,0.08719295216385536,1,0.5241110833421969,exploit,1,0.5
4338,2026-04-15T23:56:22.447810,0.0315468204317024,0.9998010663928543,4,0.8859184143811938,0.8,2,0.9942625257189345,0.08582469010350192,1,0.523729382977769,exploit,1,0.5
4339,2026-04-15T23:56:22.447824,0.03135442565951101,0.9997996917904187,4,0.8859447004608295,0.8,2,0.9941809464235023,0.08645334014717151,1,0.523347089380003,exploit,1,0.5
4340,2026-04-15T23:56:22.447838,0.031719694359975514,0.9998070125089541,4,0.8859709744298548,0.8,2,0.9936760647639957,0.08750161187575484,1,0.5229642121062182,exploit,1,0.5
4341,2026-04-15T23:56:22.447853,0.028373875174744267,0.999789571510211,4,0.8859972362966375,0.8,2,0.9941256268750593,0.08579038947772909,1,0.5225807607283268,exploit,1,0.5
4342,2026-04-15T23:56:22.447867,0.02688461386107399,0.9998137683968908,4,0.8860234860695372,0.8,2,0.9944024079118228,0.0864689094384128,1,0.5221967448325934,exploit,1,0.5
4343,2026-04-15T23:56:22.447882,0.028855600817772182,0.9998313337369384,4,0.886049723756906,0.8,2,0.9945610459879632,0.0867080235480475,1,0.5218121740193953,exploit,1,0.5
4344,2026-04-15T23:56:22.447896,0.030350225934177053,0.9998236416296671,4,0.8860759493670886,0.8,2,0.9944671417842456,0.0860725598839574,1,0.5214270579029828,exploit,1,0.5
4345,2026-04-15T23:56:22.447911,0.031131419287411307,0.9998272491302773,4,0.8861021629084216,0.8,2,0.994651726132657,0.08564795908307984,1,0.5210414061112384,exploit,1,0.5
4346,2026-04-15T23:56:22.447925,0.032153319772350114,0.9998189660633761,4,0.8861283643892339,0.8,2,0.994255760923773,0.08588265965833775,1,0.5206552282854374,exploit,1,0.5
4347,2026-04-15T23:56:22.447940,0.02835863471472985,0.9998138937839409,4,0.8861545538178472,0.8,2,0.9942636702789427,0.08645621703593996,1,0.5202685340800051,exploit,1,0.5
4348,2026-04-15T23:56:22.447957,0.02674773399636898,0.9998054773344839,4,0.8861807312025753,0.8,2,0.9947397690085411,0.08614523565751432,1,0.5198813331622761,exploit,1,0.5
4349,2026-04-15T23:56:22.447971,0.031102043337493654,0.9998051253987783,4,0.8862068965517241,0.8,2,0.9947510865174218,0.08643918279966933,1,0.5194936352122539,exploit,1,0.5
4350,2026-04-15T23:56:22.447986,0.030534971790283277,0.9998105869040231,4,0.8862330498735923,0.8,2,0.9946860607078126,0.08711640868762305,1,0.5191054499223666,exploit,1,0.5
4351,2026-04-15T23:56:22.448001,0.03008946245742903,0.99980830145453,4,0.8862591911764706,0.8,2,0.9947091293429443,0.08701893717731304,1,0.5187167869972263,exploit,1,0.5
4352,2026-04-15T23:56:22.448141,0.030746586365052838,0.9997999081191783,4,0.8862853204686423,0.8,2,0.9948792492699923,0.08620916783745672,1,0.5183276561533857,exploit,1,0.5
4353,2026-04-15T23:56:22.448179,0.030594976423400953,0.9997897597241556,4,0.8863114377583831,0.8,2,0.994828240292184,0.08699257444037684,1,0.5179380671190962,exploit,1,0.5
4354,2026-04-15T23:56:22.448197,0.029434175257606537,0.999798467628082,4,0.886337543053961,0.8,2,0.9948513584316352,0.08608187551735566,1,0.5175480296340628,exploit,1,0.5
4355,2026-04-15T23:56:22.448212,0.026037496449188312,0.9997621524964393,4,0.8863636363636364,0.8,2,0.994268341295502,0.08559614493823783,1,0.5171575534492023,exploit,1,0.5
4356,2026-04-15T23:56:22.448226,0.03061853861934097,0.9997625398979825,4,0.8863897176956621,0.8,2,0.9942521586380567,0.08626163656730408,0,0.5167666483263995,exploit,1,0.5
4357,2026-04-15T23:56:22.448241,0.030350691716430872,0.9997507885224168,4,0.8864157870582836,0.8,2,0.9946017291949805,0.08670373524837748,0,0.5163753240382618,exploit,1,0.5
4358,2026-04-15T23:56:22.448268,0.03045776377829477,0.9997500336535174,4,0.8864418444597385,0.8,2,0.9944506811263225,0.08540153573204003,0,0.515983590367876,exploit,1,0.5
4359,2026-04-15T23:56:22.448284,0.029151135255549816,0.9997406297535775,4,0.8864678899082569,0.8,2,0.9945236500843915,0.08579204794479456,0,0.5155914571085632,exploit,1,0.5
4360,2026-04-15T23:56:22.448299,0.028371535898506724,0.9997374601338268,4,0.8864939234120615,0.8,2,0.9951935066600288,0.08631103818227265,0,0.515198934063635,exploit,1,0.5
4361,2026-04-15T23:56:22.448314,0.030855459841161174,0.9997294564862595,4,0.8865199449793673,0.8,2,0.9951865043293335,0.08646421712286048,0,0.5148060310461469,exploit,1,0.5
4362,2026-04-15T23:56:22.448354,0.027402386688228177,0.9997233498369184,4,0.8865459546183818,0.8,2,0.9946706813949627,0.08759313131521207,0,0.5144127578786537,exploit,1,0.5
4363,2026-04-15T23:56:22.448370,0.029108091095254956,0.9997189262758528,4,0.8865719523373052,0.8,2,0.9946507213626616,0.0866674895618675,0,0.5140191243929639,exploit,1,0.5
4364,2026-04-15T23:56:22.448385,0.027963618342298595,0.9996966281112416,4,0.8865979381443299,0.8,2,0.9947391396388986,0.08576168615876244,0,0.5136251404298948,exploit,1,0.5
4365,2026-04-15T23:56:22.448400,0.030091766246256434,0.9996953133981245,4,0.8866239120476409,0.8,2,0.9947060551568411,0.08609362900687909,0,0.5132308158390246,exploit,1,0.5
4366,2026-04-15T23:56:22.448415,0.027550246028013568,0.9997021105831644,4,0.8866498740554156,0.8,2,0.9948923609736764,0.0862144363290292,0,0.5128361604784473,exploit,1,0.5
4367,2026-04-15T23:56:22.448432,0.02731625836329553,0.9997317750657193,4,0.8866758241758241,0.8,2,0.9949281751321812,0.0859234201833497,0,0.5124411842145267,exploit,1,0.5
4368,2026-04-15T23:56:22.448459,0.027994208725291403,0.9997333277634203,4,0.886701762417029,0.8,2,0.9948699160937347,0.08660386956800144,0,0.5120458969216488,exploit,1,0.5
4369,2026-04-15T23:56:22.448484,0.03234549512959532,0.9997304409703132,4,0.8867276887871853,0.8,2,0.9948848024377728,0.08658575569924803,0,0.5116503084819752,exploit,1,0.5
4370,2026-04-15T23:56:22.448499,0.030155464707916947,0.999706665698439,4,0.8867536032944406,0.8,2,0.9946337419875532,0.08805069152994113,0,0.5112544287851962,exploit,1,0.5
4371,2026-04-15T23:56:22.448514,0.03333344120694763,0.9997059901091949,4,0.886779505946935,0.8,2,0.9947353476869165,0.08697793948926791,0,0.5108582677282839,exploit,1,0.5
4372,2026-04-15T23:56:22.448529,0.029258415715018776,0.9997167070405283,4,0.8868053967528012,0.8,2,0.9947477980689782,0.08652204446679854,0,0.5104618352152439,exploit,1,0.5
4373,2026-04-15T23:56:22.448543,0.027490047021601845,0.9997364581888686,4,0.8868312757201646,0.8,2,0.9947301248288274,0.08606241420173183,0,0.5100651411568682,exploit,1,0.5
4374,2026-04-15T23:56:22.448558,0.031911950517926564,0.9997036443580182,4,0.8868571428571429,0.8,2,0.994746493512523,0.08627672480644,0,0.5096681954704881,exploit,1,0.5
4375,2026-04-15T23:56:22.448573,0.030302141788492783,0.9997407839763126,4,0.8868829981718465,0.8,2,0.9951530062137288,0.08610121673012264,0,0.5092710080797247,exploit,1,0.5
4376,2026-04-15T23:56:22.448587,0.026323163149555726,0.9997496368439823,4,0.8869088416723784,0.8,2,0.9951287319742763,0.0863561153643201,0,0.5088735889142423,exploit,1,0.5
4377,2026-04-15T23:56:22.448602,0.029925654419026535,0.9997618751765562,4,0.8869346733668342,0.8,2,0.994924079506772,0.0870387985807195,0,0.5084759479094988,exploit,1,0.5
4378,2026-04-15T23:56:22.448616,0.0277399555024032,0.999764156549339,4,0.8869604932633022,0.8,2,0.995310408644106,0.08597981957311135,0,0.5080780950064994,exploit,1,0.5
4379,2026-04-15T23:56:22.448630,0.03286710991792918,0.9997798728223652,4,0.886986301369863,0.8,2,0.9952706582734234,0.08714563592402916,0,0.5076800401515454,exploit,1,0.5
4380,2026-04-15T23:56:22.448645,0.03211251275837684,0.9997797971708794,4,0.8870120976945903,0.8,2,0.9949789117086516,0.0869047891409903,0,0.5072817932959875,exploit,1,0.5
4381,2026-04-15T23:56:22.448659,0.026646619489262186,0.9997992707971255,4,0.88703788224555,0.8,2,0.9950142752351536,0.08663253894665657,0,0.5068833643959767,exploit,1,0.5
4382,2026-04-15T23:56:22.448673,0.029879884737489995,0.9997960646382619,4,0.8870636550308009,0.8,2,0.9953982218219153,0.08680921099668437,0,0.5064847634122146,exploit,1,0.5
4383,2026-04-15T23:56:22.448688,0.034081185561879196,0.9997875813498088,4,0.8870894160583942,0.8,2,0.9954465679606677,0.08646023093589132,0,0.5060860003097047,exploit,1,0.5
4384,2026-04-15T23:56:22.448718,0.03400515168100486,0.9998221128592212,4,0.887115165336374,0.8,2,0.9954701149423303,0.08649673573684928,0,0.505687085057504,exploit,1,0.5
4385,2026-04-15T23:56:22.448742,0.030168063343291883,0.9998299337126849,4,0.887140902872777,0.8,2,0.9955729649900087,0.08632052740742309,0,0.5052880276284732,exploit,1,0.5
4386,2026-04-15T23:56:22.448762,0.026689280643291298,0.9998250832510529,4,0.8871666286756326,0.8,2,0.9957314502441712,0.08649937903375816,0,0.5048888379990272,exploit,1,0.5
4387,2026-04-15T23:56:22.448784,0.028879070453779826,0.9997848107053395,4,0.8871923427529627,0.8,2,0.995352751366364,0.08610274971415093,0,0.5044895261488858,exploit,1,0.5
4388,2026-04-15T23:56:22.448808,0.02784969304291624,0.9997903266361257,4,0.8872180451127819,0.8,2,0.995310452290439,0.08645616634230802,0,0.5040901020608243,exploit,1,0.5
4389,2026-04-15T23:56:22.448831,0.027143738405300107,0.9997832605420803,4,0.8872437357630979,0.8,2,0.9953676213372986,0.08650029291681041,0,0.5036905757204244,exploit,1,0.5
4390,2026-04-15T23:56:22.448854,0.026510021221001368,0.9998105906867534,4,0.8872694147119107,0.8,2,0.9955229324538449,0.08701046298599938,0,0.5032909571158238,exploit,1,0.5
4391,2026-04-15T23:56:22.448870,0.026648149195298187,0.9998085472680688,4,0.8872950819672131,0.8,2,0.9955136963327011,0.0872567786219694,0,0.5028912562374666,exploit,1,0.5
4392,2026-04-15T23:56:22.448885,0.02843377691387747,0.9998115758339576,4,0.8873207375369907,0.8,2,0.9953236791067444,0.0872597793794123,0,0.5024914830778541,exploit,1,0.5
4393,2026-04-15T23:56:22.448899,0.027063702481490544,0.9997916315731111,4,0.8873463814292216,0.8,2,0.9953733490952041,0.08619960446991876,0,0.5020916476312945,exploit,1,0.5
4394,2026-04-15T23:56:22.448916,0.029240992943413188,0.9998199740470783,4,0.8873720136518771,0.8,2,0.9954999192875723,0.08619888048716275,0,0.5016917598936531,exploit,1,0.5
4395,2026-04-15T23:56:22.448938,0.03256799893637097,0.9998140505154726,4,0.8873976342129208,0.8,2,0.995508283234235,0.08670594177281774,0,0.5012918298621021,exploit,1,0.5
4396,2026-04-15T23:56:22.448965,0.025265254874930303,0.9998196845432507,4,0.8874232431203093,0.8,2,0.9953761628513802,0.08705174147446325,0,0.5008918675348721,exploit,1,0.5
4397,2026-04-15T23:56:22.448987,0.026229565540304624,0.9998240611437158,4,0.8874488403819918,0.8,2,0.9955150222355467,0.08668819627524843,0,0.5004918829110003,exploit,1,0.5
4398,2026-04-15T23:56:22.449007,0.027108361570545074,0.9998216514554044,4,0.8874744260059104,0.8,2,0.9955176770051997,0.08628844738371755,0,0.500091885990081,exploit,1,0.5
4399,2026-04-15T23:56:22.449023,0.03334080725395548,0.9998114881157619,4,0.8875,0.8,2,0.9955518242116735,0.0867503474255637,0,0.49969188677201704,exploit,1,0.5
4400,2026-04-15T23:56:22.449037,0.03191796652436314,0.9988536943136836,4,0.8875255623721882,0.8,2,0.0,0.09792542680228943,0,0.4992918952567677,explore,0,0.7
4401,2026-04-15T23:56:22.449052,0.031486613691480696,0.9980626347016351,4,0.8875511131303953,0.8,2,0.0,0.09783723796083621,0,0.49889192144410005,explore,0,0.7
4402,2026-04-15T23:56:22.449066,0.03008046116806635,0.9972949316111849,4,0.8875766522825347,0.8,2,0.0,0.09788360359810361,0,0.49849197533333833,explore,0,0.7
4403,2026-04-15T23:56:22.449080,0.03112438338450029,0.9966390176222567,4,0.8876021798365122,0.8,2,0.0,0.09762391082501645,0,0.49809206692311503,explore,0,0.7
4404,2026-04-15T23:56:22.449094,0.03548445713474401,0.9962655515389772,4,0.887627695800227,0.8,2,0.0,0.09816680132111755,0,0.49769220621111926,explore,0,0.7
4405,2026-04-15T23:56:22.449108,0.03175149958212449,0.995826337385538,4,0.8876532001815706,0.8,2,0.0,0.09763776607625585,0,0.4972924031938477,explore,0,0.7
4406,2026-04-15T23:56:22.449121,0.03624969850638912,0.9956308691709106,4,0.8876786929884275,0.8,2,0.0,0.09780476650353528,0,0.4968926678663556,explore,0,0.7
4407,2026-04-15T23:56:22.449135,0.03589240535364215,0.9955350787929039,4,0.8877041742286751,0.8,2,0.0,0.09822052919646351,0,0.496493010222005,explore,0,0.7
4408,2026-04-15T23:56:22.449149,0.03206963653407122,0.9953569630427155,4,0.8877296439101837,0.8,2,0.0,0.09672069949092388,0,0.49609344025221613,explore,0,0.7
4409,2026-04-15T23:56:22.449162,0.030654798923387058,0.9954602122985617,4,0.8877551020408163,0.8,2,0.0,0.09778018371689359,0,0.4956939679462173,explore,0,0.7
4410,2026-04-15T23:56:22.449197,0.03141777174399073,0.9955226399776902,4,0.8877805486284289,0.8,2,0.0,0.09716865785219991,0,0.4952946032907958,explore,0,0.7
4411,2026-04-15T23:56:22.449212,0.029305481472766404,0.9956593448099459,4,0.8878059836808704,0.8,2,0.0,0.09834884112022378,0,0.4948953562700469,explore,0,0.7
4412,2026-04-15T23:56:22.449226,0.03437342875756063,0.995884313774908,4,0.8878314072059823,0.8,2,0.0,0.09772993786155207,0,0.49449623686512545,explore,0,0.7
4413,2026-04-15T23:56:22.449240,0.029249362733828804,0.996055159000808,4,0.8878568192115994,0.8,2,0.0,0.09728942401045602,0,0.4940972550539954,explore,0,0.7
4414,2026-04-15T23:56:22.449268,0.03158369889585064,0.9964551006736425,4,0.8878822197055493,0.8,2,0.0,0.09779828183403369,0,0.4936984208111818,explore,0,0.7
4415,2026-04-15T23:56:22.449283,0.03227943823521652,0.9969844107859946,4,0.8879076086956522,0.8,2,0.0,0.09775814234019893,0,0.4932997441075198,explore,0,0.7
4416,2026-04-15T23:56:22.449296,0.03209581030274006,0.9974998180207033,4,0.8879329861897215,0.8,2,0.0,0.09770967443656407,0,0.49290123490990584,explore,0,0.7
4417,2026-04-15T23:56:22.449310,0.029136903787990633,0.9981695731620668,4,0.8879583521955636,0.8,2,0.0,0.09771605736046596,0,0.49250290318104967,explore,0,0.7
4418,2026-04-15T23:56:22.449324,0.03283819392444587,0.998995616688679,4,0.8879837067209776,0.8,2,0.0,0.09809988470729955,0,0.4921047588792235,explore,0,0.7
4419,2026-04-15T23:56:22.449337,0.029392246839215846,0.9998472180397141,4,0.8880090497737556,0.8,2,0.9955756264740225,0.09733697964078036,0,0.49170681195801413,explore,0,0.7
4420,2026-04-15T23:56:22.449352,0.029085045836096238,0.9998398868884236,4,0.8880343813616829,0.8,2,0.9956167166035748,0.09764374224788332,0,0.49130907236607363,explore,0,0.7
4421,2026-04-15T23:56:22.449367,0.03177087908761397,0.9998357191802131,4,0.8880597014925373,0.8,2,0.9951615855220298,0.0983838959733783,0,0.4909115500468716,explore,0,0.7
4422,2026-04-15T23:56:22.449382,0.03003024199236512,0.9998046883247189,4,0.88808501017409,0.8,2,0.9943268352107375,0.09696890692032811,0,0.49051425493844497,explore,0,0.7
4423,2026-04-15T23:56:22.449397,0.029812351966756696,0.9998004021252686,4,0.8881103074141049,0.8,2,0.9942892604819983,0.09780920068482007,0,0.49011719697315065,explore,0,0.7
4424,2026-04-15T23:56:22.449411,0.03204105051624326,0.9997922034813618,4,0.888135593220339,0.8,2,0.9941814751162509,0.09734539815895443,0,0.48972038607741747,explore,0,0.7
4425,2026-04-15T23:56:22.449428,0.030262810494309143,0.9997876641345805,4,0.8881608676005422,0.8,2,0.9942072182253798,0.09758695552696356,0,0.489323832171497,explore,0,0.7
4426,2026-04-15T23:56:22.449443,0.02737050406955876,0.9997967674985289,4,0.8881861305624577,0.8,2,0.9943091800681483,0.09851859230498261,0,0.4889275451692162,explore,0,0.7
4427,2026-04-15T23:56:22.449461,0.030011034678644632,0.9997723022266665,4,0.8882113821138211,0.8,2,0.9942955127439712,0.09724217055307456,0,0.48853153497772916,explore,0,0.7
4428,2026-04-15T23:56:22.449476,0.026212804307055453,0.9997743366498064,4,0.8882366222623617,0.8,2,0.9944365253381863,0.09801397683284435,0,0.4881358114972707,explore,0,0.7
4429,2026-04-15T23:56:22.449490,0.0329465325938047,0.9997766348976694,4,0.8882618510158014,0.8,2,0.9946361168947827,0.09743698056153817,0,0.48774038462090685,explore,0,0.7
4430,2026-04-15T23:56:22.449505,0.032787805317318786,0.9997698772141985,4,0.8882870683818551,0.8,2,0.9948594173422858,0.09764607642576445,0,0.4873452642342887,explore,0,0.7
4431,2026-04-15T23:56:22.449519,0.03051183656783359,0.9997732789455027,4,0.888312274368231,0.8,2,0.9948890879280285,0.09760888354221707,0,0.48695046021540583,explore,0,0.7
4432,2026-04-15T23:56:22.449534,0.03210248089408195,0.999783548170542,4,0.8883374689826302,0.8,2,0.9948087009442181,0.09777032926070091,0,0.4865559824343379,explore,0,0.7
4433,2026-04-15T23:56:22.449548,0.03196737214552798,0.999780949740664,4,0.8883626522327469,0.8,2,0.9946848698944112,0.09786660097309505,0,0.48616184075300894,explore,0,0.7
4434,2026-04-15T23:56:22.449563,0.032259614196370454,0.999773990497467,4,0.8883878241262683,0.8,2,0.9947265835225994,0.0975274322671087,0,0.48576804502494014,explore,0,0.7
4435,2026-04-15T23:56:22.449577,0.027534031579257646,0.9997698265051622,4,0.8884129846708747,0.8,2,0.9947392551473744,0.09787202705431292,0,0.48537460509500474,explore,0,0.7
4436,2026-04-15T23:56:22.449591,0.03183738976679824,0.9997568188614515,4,0.8884381338742393,0.8,2,0.9947373444017722,0.09765260517761919,0,0.4849815307991802,explore,0,0.7
4437,2026-04-15T23:56:22.449606,0.03192950897652218,0.9997804165508988,4,0.8884632717440288,0.8,2,0.994646638500354,0.09813428157996676,0,0.4845888319643035,explore,0,0.7
4438,2026-04-15T23:56:22.449620,0.027214762578313893,0.9997920383495748,4,0.8884883982879027,0.8,2,0.9947942971179442,0.09698708040970652,0,0.4841965184078248,explore,0,0.7
4439,2026-04-15T23:56:22.449635,0.028722905507018073,0.9997934151810163,4,0.8885135135135135,0.8,2,0.9946809419075064,0.09757910323342238,0,0.48380459993756303,explore,0,0.7
4440,2026-04-15T23:56:22.449649,0.027485464098302877,0.9998021412337059,4,0.888538617428507,0.8,2,0.9946608598880149,0.09768596880317894,0,0.4834130863514593,explore,0,0.7
4441,2026-04-15T23:56:22.449664,0.0311345915278243,0.9997820113234336,4,0.8885637100405223,0.8,2,0.9951814981874938,0.0973253202177427,0,0.4830219874373326,explore,0,0.7
4442,2026-04-15T23:56:22.449678,0.027760284304124305,0.9998047407995418,4,0.888588791357191,0.8,2,0.9961849010206228,0.09748112199936758,0,0.482631312972636,explore,0,0.7
4443,2026-04-15T23:56:22.449692,0.029479380820478778,0.9998248473202406,4,0.8886138613861386,0.8,2,0.9960689600565282,0.09787637079101898,0,0.48224107272421046,explore,0,0.7
4444,2026-04-15T23:56:22.449716,0.032030626066426544,0.999819021851078,4,0.8886389201349831,0.8,2,0.9963212953377674,0.09721741730346699,0,0.4818512764480419,explore,0,0.7
4445,2026-04-15T23:56:22.449731,0.033611834550727915,0.9998211492623116,4,0.888663967611336,0.8,2,0.9963894176080161,0.0973032683128302,0,0.48146193388901654,explore,0,0.7
4446,2026-04-15T23:56:22.449745,0.03833118386720254,0.9998123677400598,4,0.8886890038228019,0.8,2,0.9960505891833165,0.09692342104036479,0,0.48107305478067874,explore,0,0.7
4447,2026-04-15T23:56:22.449760,0.02946268204989845,0.9998045235159765,4,0.8887140287769785,0.8,2,0.9959384306715771,0.09729422688923846,0,0.4806846488449857,explore,0,0.7
4448,2026-04-15T23:56:22.449775,0.028180959116490826,0.9997959685992255,4,0.8887390424814565,0.8,2,0.995924489847912,0.09769540181662337,0,0.48029672579206517,explore,0,0.7
4449,2026-04-15T23:56:22.449789,0.03350376583422782,0.9997959132298339,4,0.8887640449438202,0.8,2,0.9958935448398534,0.09774536936540745,0,0.47990929531997395,explore,0,0.7
4450,2026-04-15T23:56:22.449803,0.029751368219267472,0.9998006683163456,4,0.8887890361716468,0.8,2,0.995907480835569,0.09757206598705294,0,0.47952236711445334,explore,0,0.7
4451,2026-04-15T23:56:22.449818,0.03132971883893833,0.9997985586716086,4,0.8888140161725068,0.8,2,0.9957637328222763,0.09770764587460848,0,0.4791359508486883,explore,0,0.7
4452,2026-04-15T23:56:22.449833,0.030024566067938914,0.9997890021020545,4,0.8888389849539636,0.8,2,0.9959765268708742,0.09706760357295723,0,0.47875005618306515,explore,0,0.7
4453,2026-04-15T23:56:22.449855,0.026146951625855546,0.9997811875394914,4,0.8888639425235744,0.8,2,0.9959308175950508,0.0976553928738742,0,0.4783646927649309,explore,0,0.7
4454,2026-04-15T23:56:22.449879,0.033686861366782284,0.9997900733793992,4,0.8888888888888888,0.8,2,0.9958589654085122,0.09789802880006049,0,0.4779798702283507,explore,0,0.7
4455,2026-04-15T23:56:22.449898,0.03193370969714496,0.9997575440425663,4,0.8889138240574507,0.8,2,0.9955402098091553,0.09711554904863468,0,0.4775955981938676,explore,0,0.7
4456,2026-04-15T23:56:22.449912,0.02950163289779316,0.999759094171638,4,0.8889387480367961,0.8,2,0.995535126748528,0.09726970355436831,0,0.47721188626826305,explore,0,0.7
4457,2026-04-15T23:56:22.449928,0.03196884833474338,0.9997467992413491,4,0.8889636608344549,0.8,2,0.9956200618447479,0.0974727400033272,0,0.47682874404431497,explore,0,0.7
4458,2026-04-15T23:56:22.449967,0.02830389882158567,0.9997458934177905,4,0.8889885624579502,0.8,2,0.9955568390794378,0.09707843768941628,0,0.47644618110055886,explore,0,0.7
4459,2026-04-15T23:56:22.449983,0.030769740843391985,0.9997352781739015,4,0.8890134529147982,0.8,2,0.9957077460742612,0.09749328880727359,0,0.47606420700104823,explore,0,0.7
4460,2026-04-15T23:56:22.449998,0.031005215205678262,0.9997313190563984,4,0.8890383322125084,0.8,2,0.9957187746699486,0.09748177695613305,0,0.47568283129511624,explore,0,0.7
4461,2026-04-15T23:56:22.450013,0.029246837949813358,0.9997271111433573,4,0.8890632003585835,0.8,2,0.9957225770110796,0.09746859399711855,0,0.47530206351713533,explore,0,0.7
4462,2026-04-15T23:56:22.450027,0.029608828608053292,0.9997211557698676,4,0.8890880573605199,0.8,2,0.995181601532519,0.0980265694962294,0,0.47492191318628013,explore,0,0.7
4463,2026-04-15T23:56:22.450042,0.027723413635021062,0.9997154083407872,4,0.8891129032258065,0.8,2,0.9953376686679825,0.09831528736545558,0,0.4745423898062888,explore,0,0.7
4464,2026-04-15T23:56:22.450057,0.028055771972052668,0.9996910776225837,4,0.8891377379619261,0.8,2,0.9952560566592779,0.09763668615876242,0,0.47416350286522674,explore,0,0.7
4465,2026-04-15T23:56:22.450071,0.026764213288175822,0.9996899060897823,4,0.8891625615763546,0.8,2,0.9952759228734384,0.09717283599162004,0,0.4737852618352474,explore,0,0.7
4466,2026-04-15T23:56:22.450086,0.030570438179242418,0.9996957371809782,4,0.8891873740765615,0.8,2,0.9955398548490645,0.09739238332597189,0,0.4734076761723565,explore,0,0.7
4467,2026-04-15T23:56:22.450100,0.030859182114556582,0.9997295592775223,4,0.889212175470009,0.8,2,0.9956022350022591,0.09775359305298038,0,0.4730307553161766,explore,0,0.7
4468,2026-04-15T23:56:22.450115,0.02969701116451718,0.9997319795042628,4,0.889236965764153,0.8,2,0.9956394773446753,0.09785900446243151,0,0.47265450868970915,explore,0,0.7
4469,2026-04-15T23:56:22.450129,0.031083146570875173,0.999729171838665,4,0.889261744966443,0.8,2,0.9956720478121064,0.09766977526703438,0,0.47227894569910017,explore,0,0.7
4470,2026-04-15T23:56:22.450144,0.02654893975759587,0.9997059623892628,4,0.8892865130843212,0.8,2,0.9955310012501419,0.09773633445036892,0,0.47190407573340465,explore,0,0.7
4471,2026-04-15T23:56:22.450158,0.028736711187474707,0.9997050465029583,4,0.8893112701252236,0.8,2,0.9956919699704168,0.09783222720594374,0,0.47152990816435275,explore,0,0.7
4472,2026-04-15T23:56:22.450175,0.03223474052014754,0.9997178401547065,4,0.8893360160965795,0.8,2,0.9957319390279173,0.09829349361172102,0,0.4711564523461139,explore,0,0.7
4473,2026-04-15T23:56:22.450190,0.03349264890410289,0.9997357325414673,4,0.8893607510058114,0.8,2,0.9959599436947086,0.09732721189249366,0,0.47078371761506393,explore,0,0.7
4474,2026-04-15T23:56:22.450205,0.033539145661330566,0.999702190979228,4,0.8893854748603351,0.8,2,0.9958917576384054,0.0978643935532749,0,0.4704117132895521,explore,0,0.7
4475,2026-04-15T23:56:22.450219,0.03611191635237364,0.9997355502950717,4,0.8894101876675603,0.8,2,0.995826758866546,0.09760876972052615,0,0.47004044866966704,explore,0,0.7
4476,2026-04-15T23:56:22.450234,0.03169967802517132,0.999744046785787,4,0.8894348894348895,0.8,2,0.9957461730850375,0.09781161210453782,0,0.4696699330370048,explore,0,0.7
4477,2026-04-15T23:56:22.450248,0.026665631137734132,0.999755454919258,4,0.8894595801697186,0.8,2,0.9957291087753435,0.0978203145611698,0,0.4693001756544367,explore,0,0.7
4478,2026-04-15T23:56:22.450272,0.029652192382220444,0.9997581352644709,4,0.8894842598794374,0.8,2,0.9958428455801178,0.09766630239111572,0,0.46893118576587856,explore,0,0.7
4479,2026-04-15T23:56:22.450287,0.028162092541959973,0.9997749649296933,4,0.8895089285714286,0.8,2,0.9957788457143641,0.097488192298439,0,0.46856297259605806,explore,0,0.7
4480,2026-04-15T23:56:22.450302,0.03289431320236777,0.9997743695592235,4,0.8895335862530686,0.8,2,0.9954161568090218,0.09799079992051389,0,0.4681955453502851,explore,0,0.7
4481,2026-04-15T23:56:22.450316,0.030745085392915362,0.9997922403587948,4,0.8895582329317269,0.8,2,0.9954488592023498,0.09786345388935307,0,0.46782891321422215,explore,0,0.7
4482,2026-04-15T23:56:22.450330,0.03144834138154431,0.999788025496426,4,0.8895828686147669,0.8,2,0.9956257516802258,0.09759694914886477,0,0.4674630853536533,explore,0,0.7
4483,2026-04-15T23:56:22.450345,0.034636962342870364,0.9997789983390871,4,0.889607493309545,0.8,2,0.9956725384888583,0.09806254960866714,0,0.4670980709142559,explore,0,0.7
4484,2026-04-15T23:56:22.450359,0.03190274640955368,0.9998146616698327,4,0.8896321070234113,0.8,2,0.995708392194263,0.0981571707130327,0,0.4667338790213718,explore,0,0.7
4485,2026-04-15T23:56:22.450375,0.027633310272834548,0.9998230177948972,4,0.8896567097637094,0.8,2,0.995585999408068,0.09805394566613199,0,0.4663705187797798,explore,0,0.7
4486,2026-04-15T23:56:22.450399,0.024597704270278353,0.9998177821026085,4,0.8896813015377758,0.8,2,0.9955714486917382,0.09790548382423453,0,0.4660079992734668,explore,0,0.7
4487,2026-04-15T23:56:22.450423,0.028917511901703122,0.9997816135375203,4,0.8897058823529411,0.8,2,0.9953283098787042,0.0969602644742889,0,0.46564632956540153,explore,0,0.7
4488,2026-04-15T23:56:22.450438,0.030491428988501695,0.9997869229791909,4,0.8897304522165292,0.8,2,0.9950967511060673,0.09815245432696562,0,0.4652855186973076,explore,0,0.7
4489,2026-04-15T23:56:22.450457,0.0313859754663556,0.9997786147823144,4,0.8897550111358574,0.8,2,0.9950631623485591,0.09734689862830619,0,0.4649255756894385,explore,0,0.7
4490,2026-04-15T23:56:22.450472,0.030860302521859402,0.9998037913791863,4,0.8897795591182365,0.8,2,0.9951885482437504,0.09756866919677942,0,0.4645665095403503,explore,0,0.7
4491,2026-04-15T23:56:22.450486,0.029457386056674556,0.9998018779645934,4,0.8898040961709706,0.8,2,0.995208311420229,0.09803477743796887,0,0.4642083292266779,explore,0,0.7
4492,2026-04-15T23:56:22.450501,0.0306303983794879,0.9998058402009073,4,0.8898286223013576,0.8,2,0.9949235987416933,0.09795080567770537,0,0.46385104370291086,explore,0,0.7
4493,2026-04-15T23:56:22.450515,0.0311246191010001,0.999786110025184,4,0.8898531375166889,0.8,2,0.9949344799733136,0.09719544640348678,0,0.46349466190116856,explore,0,0.7
4494,2026-04-15T23:56:22.450529,0.026147693642969462,0.9998148606192312,4,0.8898776418242491,0.8,2,0.9951409897044726,0.09739477281986354,0,0.4631391927309774,explore,0,0.7
4495,2026-04-15T23:56:22.450544,0.028995294908418512,0.9998090779268423,4,0.8899021352313167,0.8,2,0.9952599615556228,0.09711406216405685,0,0.4627846450790479,explore,0,0.7
4496,2026-04-15T23:56:22.450558,0.02977827163869308,0.9998155352221949,4,0.8899266177451635,0.8,2,0.9949420724798801,0.09725732602818042,0,0.4624310278090533,explore,0,0.7
4497,2026-04-15T23:56:22.450573,0.025791481189236656,0.9998205588255507,4,0.8899510893730547,0.8,2,0.99487285645352,0.09823040082254594,0,0.4620783497614069,explore,0,0.7
4498,2026-04-15T23:56:22.450587,0.03258332908953983,0.9998175069434817,4,0.8899755501222494,0.8,2,0.9949636011427694,0.09787523180932724,0,0.461726619753041,explore,0,0.7
4499,2026-04-15T23:56:22.450602,0.03250431237332902,0.9998048632230055,4,0.89,0.8,2,0.9947280034301242,0.09774801981331406,0,0.46137584657718816,explore,0,0.7
4500,2026-04-15T23:56:22.450616,0.028441648734368635,0.9990357620142354,4,0.8900244390135525,0.8,2,0.0,0.08662120934715188,0,0.46102603900315925,exploit,1,0.5
4501,2026-04-15T23:56:22.450630,0.02594289691180394,0.9982755290219045,4,0.8900488671701466,0.8,2,0.0,0.0859622379608362,0,0.4606772057761253,exploit,1,0.5
4502,2026-04-15T23:56:22.450644,0.03197822212464728,0.9976914660105585,4,0.8900732844770153,0.8,2,0.0,0.08700836385271374,0,0.4603293556168987,exploit,1,0.5
4503,2026-04-15T23:56:22.450657,0.02455163428735728,0.997182133735938,4,0.8900976909413855,0.8,2,0.0,0.0864876188572079,0,0.45998249722171575,exploit,1,0.5
4504,2026-04-15T23:56:22.450670,0.028536992613156495,0.9965372094228672,4,0.8901220865704772,0.8,2,0.0,0.08646001878010005,0,0.459636639262018,exploit,1,0.5
4505,2026-04-15T23:56:22.450706,0.03151097637395507,0.9961501140014287,4,0.8901464713715047,0.8,2,0.0,0.08677424856776114,0,0.4592917903842362,exploit,1,0.5
4506,2026-04-15T23:56:22.450722,0.031713259270990946,0.9956934180254909,4,0.8901708453516751,0.8,2,0.0,0.0862044739465889,0,0.45894795920957476,exploit,1,0.5
4507,2026-04-15T23:56:22.450735,0.02902194783553784,0.9954308955407246,4,0.8901952085181899,0.8,2,0.0,0.08693050030713645,0,0.458605154333795,exploit,1,0.5
4508,2026-04-15T23:56:22.450749,0.03117761223014901,0.9953300607708144,4,0.8902195608782435,0.8,2,0.0,0.0866175223516144,0,0.458263384327001,exploit,1,0.5
4509,2026-04-15T23:56:22.450763,0.029781773403976967,0.9951539487489275,4,0.8902439024390244,0.8,2,0.0,0.0862668261419241,0,0.45792265773342467,exploit,1,0.5
4510,2026-04-15T23:56:22.450776,0.03261555634659289,0.9951843417584139,4,0.8902682332077144,0.8,2,0.0,0.08556363471839007,0,0.45758298307121376,exploit,1,0.5
4511,2026-04-15T23:56:22.450790,0.03326428558604776,0.995315083352328,4,0.8902925531914894,0.8,2,0.0,0.0867173759192393,0,0.45724436883221686,exploit,1,0.5
4512,2026-04-15T23:56:22.450804,0.0304917670662638,0.9955168142869619,4,0.8903168623975183,0.8,2,0.0,0.08672560644106489,0,0.4569068234817723,exploit,1,0.5
4513,2026-04-15T23:56:22.450817,0.03020441499031249,0.9960192412477124,4,0.8903411608329641,0.8,2,0.0,0.08577807084900789,0,0.45657035545849606,exploit,1,0.5
4514,2026-04-15T23:56:22.450831,0.027383672295630802,0.9964347425739803,4,0.8903654485049833,0.8,2,0.0,0.08724271960951255,0,0.4562349731740716,exploit,1,0.5
4515,2026-04-15T23:56:22.450845,0.02954211530781418,0.9969108893278456,4,0.8903897254207263,0.8,2,0.0,0.08757102916601345,0,0.4559006850130384,exploit,1,0.5
4516,2026-04-15T23:56:22.450859,0.024975832855278688,0.9975827125145051,4,0.8904139915873367,0.8,2,0.0,0.08622561927223321,0,0.4555674993325827,exploit,1,0.5
4517,2026-04-15T23:56:22.450872,0.027676621546928994,0.9982543787700213,4,0.8904382470119522,0.8,2,0.0,0.08594651892552625,0,0.45523542446232984,exploit,1,0.5
4518,2026-04-15T23:56:22.450886,0.02960931303711965,0.9989783713526897,4,0.8904624917017039,0.8,2,0.0,0.08644267992711914,0,0.45490446870413387,exploit,1,0.5
4519,2026-04-15T23:56:22.450900,0.03394544353649802,0.9998506817003687,4,0.8904867256637168,0.8,2,0.9952637778304436,0.08618693253500986,0,0.4545746403318716,exploit,1,0.5
4520,2026-04-15T23:56:22.450914,0.028050088243684736,0.999845091132238,4,0.8905109489051095,0.8,2,0.9952648674542615,0.08649791042401733,0,0.4542459475912349,exploit,1,0.5
4521,2026-04-15T23:56:22.450929,0.025805243280166146,0.9998411699506622,4,0.8905351614329943,0.8,2,0.9948815038696432,0.08727175596129766,0,0.4539183986995256,exploit,1,0.5
4522,2026-04-15T23:56:22.450943,0.03321469321447244,0.9998087074113746,4,0.8905593632544772,0.8,2,0.9945640460824766,0.08668492078654558,0,0.4535920018454488,exploit,1,0.5
4523,2026-04-15T23:56:22.450961,0.029264385026376488,0.9998043367600827,4,0.8905835543766578,0.8,2,0.994311126496304,0.08594301067850359,0,0.45326676518890846,exploit,1,0.5
4524,2026-04-15T23:56:22.450976,0.026637370516002176,0.999797196932409,4,0.8906077348066298,0.8,2,0.9943963141953523,0.08575157516923074,0,0.4529426968608047,exploit,1,0.5
4525,2026-04-15T23:56:22.450991,0.026226363821820784,0.9997913821745261,4,0.8906319045514803,0.8,2,0.9942086821560532,0.08592146874672385,0,0.45261980496282844,exploit,1,0.5
4526,2026-04-15T23:56:22.451005,0.02848518305955394,0.9997996637711263,4,0.8906560636182903,0.8,2,0.9942973362765092,0.08710216385275205,0,0.4522980975672604,exploit,1,0.5
4527,2026-04-15T23:56:22.451020,0.030053353507980045,0.999776324166132,4,0.8906802120141343,0.8,2,0.9943333140052943,0.08655770076640844,0,0.4519775827167685,exploit,1,0.5
4528,2026-04-15T23:56:22.451035,0.03074295412399841,0.9997783464118376,4,0.8907043497460808,0.8,2,0.9939580638806473,0.0874089830569315,0,0.45165826842420775,exploit,1,0.5
4529,2026-04-15T23:56:22.451050,0.02844364146912211,0.9997805772951863,4,0.890728476821192,0.8,2,0.9939609956652182,0.08676429191632767,0,0.4513401626724186,exploit,1,0.5
4530,2026-04-15T23:56:22.451064,0.029550516501124294,0.9997731654678608,4,0.8907525932465239,0.8,2,0.9942360428502783,0.08604845720704105,0,0.4510232734140281,exploit,1,0.5
4531,2026-04-15T23:56:22.451079,0.034060906249334895,0.9997768193398717,4,0.8907766990291263,0.8,2,0.9942081119916313,0.08654467848046439,0,0.45070760857125153,exploit,1,0.5
4532,2026-04-15T23:56:22.451094,0.025189461134173186,0.9997894247220594,4,0.8908007941760424,0.8,2,0.9941480891540566,0.08616103538491918,0,0.4503931760356934,exploit,1,0.5
4533,2026-04-15T23:56:22.451109,0.02867532275887668,0.9997873150414337,4,0.8908248786943097,0.8,2,0.994189006507016,0.08676025008578567,0,0.45007998366815066,exploit,1,0.5
4534,2026-04-15T23:56:22.451123,0.029353060057261668,0.9997808413350192,4,0.8908489525909592,0.8,2,0.9942514598121637,0.08614461547818314,0,0.449768039298416,exploit,1,0.5
4535,2026-04-15T23:56:22.451138,0.027658113336515154,0.9997785727435554,4,0.8908730158730159,0.8,2,0.9946159155149955,0.08683441108713262,0,0.44945735072508286,exploit,1,0.5
4536,2026-04-15T23:56:22.451152,0.026910131175034532,0.9997660671442494,4,0.8908970685474984,0.8,2,0.9946177286759713,0.08610922066752147,0,0.44914792571534917,exploit,1,0.5
4537,2026-04-15T23:56:22.451167,0.029642610229224108,0.9997888848552193,4,0.8909211106214191,0.8,2,0.9942980711573788,0.08719295216385536,0,0.44883977200482406,exploit,1,0.5
4538,2026-04-15T23:56:22.451182,0.02984876954312309,0.9998010663927308,4,0.8909451421017845,0.8,2,0.9942569523556861,0.08582469010350192,0,0.44853289729733403,exploit,1,0.5
4539,2026-04-15T23:56:22.451196,0.029576726423576647,0.9997996917904294,4,0.8909691629955947,0.8,2,0.9941761168775605,0.08645334014717151,0,0.4482273092647312,exploit,1,0.5
4540,2026-04-15T23:56:22.451211,0.030017583779276664,0.9998070125090205,4,0.8909931733098436,0.8,2,0.9936753902603233,0.08750161187575484,0,0.4479230155467003,exploit,1,0.5
4541,2026-04-15T23:56:22.451226,0.026646870190528943,0.9997895715102035,4,0.8910171730515192,0.8,2,0.9941250680317884,0.08579038947772909,0,0.4476200237505681,exploit,1,0.5
4542,2026-04-15T23:56:22.451240,0.025326863186563395,0.9998137683967441,4,0.8910411622276029,0.8,2,0.994398416371671,0.0864689094384128,0,0.44731834145111427,exploit,1,0.5
4543,2026-04-15T23:56:22.451263,0.02715332877739473,0.9998313337368873,4,0.8910651408450704,0.8,2,0.9945564159666076,0.0867080235480475,0,0.4470179761903803,exploit,1,0.5
4544,2026-04-15T23:56:22.451278,0.02850689476394877,0.9998236416296601,4,0.8910891089108911,0.8,2,0.9944628902461693,0.0860725598839574,0,0.4467189354774821,exploit,1,0.5
4545,2026-04-15T23:56:22.451293,0.029230954396214,0.9998272491303611,4,0.8911130664320281,0.8,2,0.994647184360718,0.08564795908307984,0,0.4464212267884217,exploit,1,0.5
4546,2026-04-15T23:56:22.451307,0.03010085670057617,0.9998189660634612,4,0.8911370134154387,0.8,2,0.99425726740838,0.08588265965833775,0,0.44612485756590126,exploit,1,0.5
4547,2026-04-15T23:56:22.451322,0.026701845379678586,0.9998138937839994,4,0.8911609498680739,0.8,2,0.9942653488835589,0.08645621703593996,0,0.44582983521913566,exploit,1,0.5
4548,2026-04-15T23:56:22.451336,0.025157247670661423,0.9998054773345166,4,0.8911848757968784,0.8,2,0.9947444118098878,0.08614523565751432,0,0.445536167123668,exploit,1,0.5
4549,2026-04-15T23:56:22.451351,0.02922336264112361,0.9998051253988258,4,0.8912087912087913,0.8,2,0.994756880601927,0.08643918279966933,0,0.4452438606211858,exploit,1,0.5
4550,2026-04-15T23:56:22.451366,0.028768758505423757,0.9998105869040506,4,0.8912326961107448,0.8,2,0.994693188357568,0.08711640868762305,0,0.44495292301933626,exploit,1,0.5
4551,2026-04-15T23:56:22.451380,0.028279866774143236,0.9998083014546153,4,0.8912565905096661,0.8,2,0.9947152135501542,0.08701893717731304,0,0.4446633615915441,exploit,1,0.5
4552,2026-04-15T23:56:22.451395,0.02898277779959467,0.9997999081192226,4,0.8912804744124753,0.8,2,0.9948862333075043,0.08620916783745672,0,0.4443751835768299,exploit,1,0.5
4553,2026-04-15T23:56:22.451422,0.028950678542111575,0.9997897597242025,4,0.8913043478260869,0.8,2,0.994835104488746,0.08699257444037684,0,0.44408839617962936,exploit,1,0.5
4554,2026-04-15T23:56:22.451437,0.027568248022126957,0.9997984676280657,4,0.8913282107574094,0.8,2,0.994858292458588,0.08608187551735566,0,0.44380300656961225,exploit,1,0.5
4555,2026-04-15T23:56:22.451455,0.024395138097230692,0.9997621524968671,4,0.891352063213345,0.8,2,0.9942751517451967,0.08559614493823783,0,0.44351902188150377,exploit,1,0.5
4556,2026-04-15T23:56:22.451470,0.02886148719141884,0.9997625398985053,4,0.89137590520079,0.8,2,0.9942595240175374,0.08626163656730408,0,0.4432364492149068,exploit,1,0.5
4557,2026-04-15T23:56:22.451485,0.0285794706338193,0.9997507885229956,4,0.8913997367266345,0.8,2,0.9946075168536742,0.08670373524837748,0,0.44295529563412295,exploit,1,0.5
4558,2026-04-15T23:56:22.451500,0.02875811153868005,0.9997500336540889,4,0.8914235577977627,0.8,2,0.9944614316742899,0.08540153573204003,0,0.44267556816797715,exploit,1,0.5
4559,2026-04-15T23:56:22.451514,0.0274232793493734,0.999740629754247,4,0.8914473684210527,0.8,2,0.994534190885515,0.08579204794479456,0,0.4423972738096414,exploit,1,0.5
4560,2026-04-15T23:56:22.451529,0.026672244871909792,0.9997374601345521,4,0.8914711686033765,0.8,2,0.9951999459356726,0.08631103818227265,0,0.4421204195164604,exploit,1,0.5
4561,2026-04-15T23:56:22.451544,0.029075384162153668,0.9997294564873489,4,0.8914949583516002,0.8,2,0.9951932755582313,0.08646421712286048,0,0.44184501220977696,exploit,1,0.5
4562,2026-04-15T23:56:22.451558,0.025743549365965134,0.9997233498380668,4,0.8915187376725838,0.8,2,0.9946797870058086,0.08759313131521207,0,0.44157105877475933,exploit,1,0.5
4563,2026-04-15T23:56:22.451573,0.02745331911050672,0.9997189262769764,4,0.8915425065731815,0.8,2,0.9946588216851209,0.0866674895618675,0,0.441298566060229,exploit,1,0.5
4564,2026-04-15T23:56:22.451587,0.026364208257277227,0.9996966281124735,4,0.891566265060241,0.8,2,0.9947487606951191,0.08576168615876244,0,0.44102754087849,exploit,1,0.5
4565,2026-04-15T23:56:22.451602,0.028491840728371343,0.9996953133993857,4,0.8915900131406045,0.8,2,0.9947169505688405,0.08609362900687909,0,0.44075799000515753,exploit,1,0.5
4566,2026-04-15T23:56:22.451617,0.025845718058462135,0.9997021105843344,4,0.8916137508211079,0.8,2,0.9949017883145612,0.0862144363290292,0,0.44048992017898925,exploit,1,0.5
4567,2026-04-15T23:56:22.451631,0.025631877460451438,0.9997317750669452,4,0.8916374781085814,0.8,2,0.9949373555213246,0.0859234201833497,0,0.44022333810171715,exploit,1,0.5
4568,2026-04-15T23:56:22.451646,0.026311863060762924,0.9997333277647253,4,0.891661195009849,0.8,2,0.9948817885497192,0.08660386956800144,0,0.43995825043787923,exploit,1,0.5
4569,2026-04-15T23:56:22.451661,0.030521283287059466,0.9997304409716972,4,0.8916849015317286,0.8,2,0.9948957643275915,0.08658575569924803,0,0.4396946638146531,exploit,1,0.5
4570,2026-04-15T23:56:22.451675,0.02853411440996218,0.9997066656999785,4,0.8917085976810326,0.8,2,0.9946418660350751,0.08805069152994113,0,0.43943258482169056,exploit,1,0.5
4571,2026-04-15T23:56:22.451690,0.03152384506523119,0.9997059901106823,4,0.8917322834645669,0.8,2,0.994744962155101,0.08697793948926791,0,0.4391720200109531,exploit,1,0.5
4572,2026-04-15T23:56:22.451710,0.02745733797771848,0.999716707042053,4,0.8917559588891318,0.8,2,0.9947568349134437,0.08652204446679854,0,0.4389129758965473,exploit,1,0.5
4573,2026-04-15T23:56:22.451725,0.025721403179309436,0.9997364581903692,4,0.8917796239615217,0.8,2,0.994741180134423,0.08606241420173183,0,0.43865545895456226,exploit,1,0.5
4574,2026-04-15T23:56:22.451739,0.030010031232079015,0.9997036443596578,4,0.8918032786885246,0.8,2,0.9947578711014106,0.08627672480644,0,0.4383994756229085,exploit,1,0.5
4575,2026-04-15T23:56:22.451754,0.028367525215004408,0.9997407839775279,4,0.8918269230769231,0.8,2,0.9951665989051968,0.08610121673012264,0,0.4381450323011558,exploit,1,0.5
4576,2026-04-15T23:56:22.451768,0.02465811575038988,0.999749636845174,4,0.8918505571334936,0.8,2,0.9951425565145123,0.0863561153643201,0,0.43789213535037397,exploit,1,0.5
4577,2026-04-15T23:56:22.451783,0.028301958128004737,0.9997618751777818,4,0.8918741808650066,0.8,2,0.9949394871687711,0.0870387985807195,0,0.43764079109297344,exploit,1,0.5
4578,2026-04-15T23:56:22.451797,0.0261103716138278,0.9997641565506016,4,0.8918977942782267,0.8,2,0.9953253222097288,0.08597981957311135,0,0.43739100581254786,exploit,1,0.5
4579,2026-04-15T23:56:22.451812,0.031118122888280454,0.999779872823468,4,0.8919213973799127,0.8,2,0.9952858663904225,0.08714563592402916,0,0.4371427857537161,exploit,1,0.5
4580,2026-04-15T23:56:22.451826,0.03023517612781216,0.9997797971719091,4,0.8919449901768173,0.8,2,0.9949919028206711,0.0869047891409903,0,0.4368961371219665,exploit,1,0.5
4581,2026-04-15T23:56:22.451841,0.024984363047432283,0.9997992707978248,4,0.8919685726756875,0.8,2,0.9950266344257634,0.08663253894665657,0,0.43665106608350235,exploit,1,0.5
4582,2026-04-15T23:56:22.451855,0.02807674326920334,0.9997960646388976,4,0.8919921448832643,0.8,2,0.9954101257211659,0.08680921099668437,0,0.43640757876508673,exploit,1,0.5
4583,2026-04-15T23:56:22.451870,0.03207834492135109,0.9997875813503699,4,0.8920157068062827,0.8,2,0.995458640016035,0.08646023093589132,0,0.4361656812538899,exploit,1,0.5
4584,2026-04-15T23:56:22.451884,0.03210024019215852,0.9998221128595988,4,0.8920392584514721,0.8,2,0.9954824851680482,0.08649673573684928,0,0.4359253795973368,exploit,1,0.5
4585,2026-04-15T23:56:22.451899,0.02846250970041395,0.9998299337130112,4,0.892062799825556,0.8,2,0.9955838495929976,0.08632052740742309,0,0.4356866798029567,exploit,1,0.5
4586,2026-04-15T23:56:22.451913,0.025247226140931896,0.9998250832514256,4,0.8920863309352518,0.8,2,0.9957399749308378,0.08649937903375816,0,0.43544958783823196,exploit,1,0.5
4587,2026-04-15T23:56:22.451928,0.0272266251171941,0.9997848107059483,4,0.8921098517872711,0.8,2,0.9953612861754864,0.08610274971415093,0,0.4352141096304492,exploit,1,0.5
4588,2026-04-15T23:56:22.451942,0.02613274568009965,0.9997903266367335,4,0.8921333623883199,0.8,2,0.9953186798996161,0.08645616634230802,0,0.43498025106655125,exploit,1,0.5
4589,2026-04-15T23:56:22.451960,0.025442592097250853,0.9997832605426299,4,0.8921568627450981,0.8,2,0.9953759550831861,0.08650029291681041,0,0.4347480179929904,exploit,1,0.5
4590,2026-04-15T23:56:22.451975,0.024852157796790418,0.9998105906870282,4,0.8921803528642998,0.8,2,0.9955350231969854,0.08701046298599938,0,0.43451741621558115,exploit,1,0.5
4591,2026-04-15T23:56:22.451990,0.02503624296572815,0.9998085472683521,4,0.8922038327526133,0.8,2,0.995525257731132,0.0872567786219694,0,0.43428845149935585,exploit,1,0.5
4592,2026-04-15T23:56:22.452004,0.026708024002794324,0.9998115758342717,4,0.8922273024167211,0.8,2,0.9953359794340506,0.0872597793794123,0,0.4340611295684207,exploit,1,0.5
4593,2026-04-15T23:56:22.452018,0.025388289634900217,0.9997916315736263,4,0.8922507618633,0.8,2,0.9953806995553138,0.08619960446991876,0,0.4338354561058121,exploit,1,0.5
4594,2026-04-15T23:56:22.452033,0.02763612976120249,0.9998199740474938,4,0.8922742110990207,0.8,2,0.9955061342275806,0.08619888048716275,0,0.4336114367533547,exploit,1,0.5
4595,2026-04-15T23:56:22.452047,0.030803495610841475,0.9998140505160399,4,0.8922976501305483,0.8,2,0.9955155133909313,0.08670594177281774,0,0.43338907711152064,exploit,1,0.5
4596,2026-04-15T23:56:22.452062,0.023649573040693185,0.9998196845438148,4,0.892321078964542,0.8,2,0.9953831630136974,0.08705174147446325,0,0.4331683827392896,exploit,1,0.5
4597,2026-04-15T23:56:22.452076,0.02475682689208185,0.9998240611442285,4,0.8923444976076556,0.8,2,0.9955217479212974,0.08668819627524843,0,0.43294935915400923,exploit,1,0.5
4598,2026-04-15T23:56:22.452091,0.02536594708194486,0.999821651455889,4,0.8923679060665362,0.8,2,0.995524631037195,0.08628844738371755,0,0.43273201183125765,exploit,1,0.5
4599,2026-04-15T23:56:22.452106,0.031493459457279174,0.9998114881161575,4,0.8923913043478261,0.8,2,0.9955594450005247,0.0867503474255637,0,0.43251634620470697,exploit,1,0.5
4600,2026-04-15T23:56:22.452130,0.030163775977628378,0.9988536943192153,4,0.8924146924581613,0.8,2,0.0,0.09792542680228943,0,0.43230236766598634,explore,0,0.7
4601,2026-04-15T23:56:22.452144,0.029825339006492965,0.9980626347101887,4,0.8924380704041721,0.8,2,0.0,0.09783723796083621,0,0.4320900815645482,explore,0,0.7
4602,2026-04-15T23:56:22.452158,0.028271836527937615,0.9972949316225754,4,0.8924614381924831,0.8,2,0.0,0.09788360359810361,0,0.43187949320753377,explore,0,0.7
4603,2026-04-15T23:56:22.452172,0.02950764113857903,0.9966390176375393,4,0.8924847958297133,0.8,2,0.0,0.09762391082501645,0,0.4316706078596414,explore,0,0.7
4604,2026-04-15T23:56:22.452185,0.03362272321838402,0.9962655515551547,4,0.8925081433224755,0.8,2,0.0,0.09816680132111755,0,0.43146343074299365,explore,0,0.7
4605,2026-04-15T23:56:22.452199,0.02991710436045479,0.9958263374028898,4,0.8925314806773773,0.8,2,0.0,0.09763776607625585,0,0.43125796703700764,explore,0,0.7
4606,2026-04-15T23:56:22.452212,0.03425670645501115,0.9956308691893752,4,0.8925548079010202,0.8,2,0.0,0.09780476650353528,0,0.43105422187826553,explore,0,0.7
4607,2026-04-15T23:56:22.452226,0.03402515455188317,0.9955350788124048,4,0.892578125,0.8,2,0.0,0.09822052919646351,0,0.4308522003603855,explore,0,0.7
4608,2026-04-15T23:56:22.452239,0.03025316140514355,0.9953569630634762,4,0.8926014319809069,0.8,2,0.0,0.09672069949092388,0,0.43065190753389504,explore,0,0.7
4609,2026-04-15T23:56:22.452259,0.02889745924450189,0.9954602123186093,4,0.8926247288503254,0.8,2,0.0,0.09778018371689359,0,0.4304533484061043,explore,0,0.7
4610,2026-04-15T23:56:22.452274,0.02955245651537121,0.9955226399973932,4,0.8926480156148341,0.8,2,0.0,0.09716865785219991,0,0.4302565279409812,explore,0,0.7
4611,2026-04-15T23:56:22.452287,0.027514910342760514,0.9956593448293467,4,0.8926712922810061,0.8,2,0.0,0.09834884112022378,0,0.43006145105902716,explore,0,0.7
4612,2026-04-15T23:56:22.452301,0.032487990092550205,0.995884313793265,4,0.8926945588554086,0.8,2,0.0,0.09772993786155207,0,0.429868122637154,explore,0,0.7
4613,2026-04-15T23:56:22.452314,0.02751171090702461,0.9960551590187038,4,0.8927178153446034,0.8,2,0.0,0.09728942401045602,0,0.4296765475085621,explore,0,0.7
4614,2026-04-15T23:56:22.452328,0.029896090529070274,0.9964551006906036,4,0.8927410617551462,0.8,2,0.0,0.09779828183403369,0,0.42948673046261987,explore,0,0.7
4615,2026-04-15T23:56:22.452342,0.030502391307709882,0.9969844107997876,4,0.8927642980935875,0.8,2,0.0,0.09775814234019893,0,0.4292986762447436,explore,0,0.7
4616,2026-04-15T23:56:22.452355,0.03049695357688191,0.9974998180323106,4,0.8927875243664717,0.8,2,0.0,0.09770967443656407,0,0.4291123895562787,explore,0,0.7
4617,2026-04-15T23:56:22.452368,0.02750911485284231,0.9981695731708969,4,0.8928107405803378,0.8,2,0.0,0.09771605736046596,0,0.42892787505438296,explore,0,0.7
4618,2026-04-15T23:56:22.452382,0.031022927121286167,0.9989956166934362,4,0.892833946741719,0.8,2,0.0,0.09809988470729955,0,0.42874513735190917,explore,0,0.7
4619,2026-04-15T23:56:22.452396,0.02756989390127462,0.999847218040101,4,0.8928571428571429,0.8,2,0.9955794599650312,0.09733697964078036,0,0.4285641810172904,explore,0,0.7
4620,2026-04-15T23:56:22.452410,0.027468566862240116,0.9998398868887275,4,0.8928803289331314,0.8,2,0.9956215676233148,0.09764374224788332,0,0.42838501057442546,explore,0,0.7
4621,2026-04-15T23:56:22.452425,0.030117033795044195,0.9998357191805729,4,0.8929035049762007,0.8,2,0.9951670919107235,0.0983838959733783,0,0.4282076305025664,explore,0,0.7
4622,2026-04-15T23:56:22.452439,0.028225803262797326,0.9998046883253239,4,0.8929266709928618,0.8,2,0.9943309486259816,0.09696890692032811,0,0.4280320452362055,explore,0,0.7
4623,2026-04-15T23:56:22.452456,0.028098998813123187,0.9998004021258541,4,0.8929498269896193,0.8,2,0.9942931264906056,0.09780920068482007,0,0.4278582591649653,explore,0,0.7
4624,2026-04-15T23:56:22.452471,0.03033505265233615,0.9997922034818503,4,0.892972972972973,0.8,2,0.9941873201622862,0.09734539815895443,0,0.4276862766334887,explore,0,0.7
4625,2026-04-15T23:56:22.452485,0.028661408321338035,0.9997876641350505,4,0.8929961089494164,0.8,2,0.9942133577837537,0.09758695552696356,0,0.42751610194132994,explore,0,0.7
4626,2026-04-15T23:56:22.452500,0.0257580456326791,0.999796767498956,4,0.8930192349254377,0.8,2,0.9943144424567529,0.09851859230498261,0,0.4273477393428474,explore,0,0.7
4627,2026-04-15T23:56:22.452514,0.02825206330406604,0.9997723022270477,4,0.8930423509075195,0.8,2,0.9942997632272004,0.09724217055307456,0,0.42718119304709723,explore,0,0.7
4628,2026-04-15T23:56:22.452529,0.024573142975733615,0.9997743366501838,4,0.8930654569021387,0.8,2,0.9944412318799709,0.09801397683284435,0,0.42701646721772835,explore,0,0.7
4629,2026-04-15T23:56:22.452543,0.031139415400970653,0.9997766348979866,4,0.8930885529157667,0.8,2,0.9946401932209157,0.09743698056153817,0,0.4268535659728778,explore,0,0.7
4630,2026-04-15T23:56:22.452557,0.030968701949103488,0.999769877214548,4,0.8931116389548693,0.8,2,0.9948615224028461,0.09764607642576445,0,0.42669249338506815,explore,0,0.7
4631,2026-04-15T23:56:22.452572,0.028643024454140208,0.9997732789459037,4,0.8931347150259067,0.8,2,0.9948909230662613,0.09760888354221707,0,0.4265332534811059,explore,0,0.7
4632,2026-04-15T23:56:22.452586,0.030450819319653648,0.9997835481709018,4,0.8931577811353335,0.8,2,0.9948118958321024,0.09777032926070091,0,0.4263758502419802,explore,0,0.7
4633,2026-04-15T23:56:22.452600,0.030186679445590496,0.9997809497410155,4,0.8931808372895986,0.8,2,0.9946875837345748,0.09786660097309505,0,0.42622028760276387,explore,0,0.7
4634,2026-04-15T23:56:22.452615,0.030465255918071366,0.9997739904977962,4,0.8932038834951457,0.8,2,0.9947289820614582,0.0975274322671087,0,0.42606656945251464,explore,0,0.7
4635,2026-04-15T23:56:22.452629,0.025970076518282377,0.9997698265053306,4,0.8932269197584124,0.8,2,0.9947410761934135,0.09787202705431292,0,0.4259146996341785,explore,0,0.7
4636,2026-04-15T23:56:22.452644,0.030150440448827486,0.9997568188616032,4,0.8932499460858313,0.8,2,0.9947385474329136,0.09765260517761919,0,0.42576468194449296,explore,0,0.7
4637,2026-04-15T23:56:22.452658,0.030142626339189942,0.9997804165509073,4,0.8932729624838293,0.8,2,0.994648606927908,0.09813428157996676,0,0.42561652013389234,explore,0,0.7
4638,2026-04-15T23:56:22.452673,0.02557146089720768,0.9997920383494766,4,0.8932959689588273,0.8,2,0.9947946858805756,0.09698708040970652,0,0.42547021790641415,explore,0,0.7
4639,2026-04-15T23:56:22.452687,0.027004672517015143,0.9997934151810521,4,0.8933189655172413,0.8,2,0.9946806693916322,0.09757910323342238,0,0.42532577891960666,explore,0,0.7
4640,2026-04-15T23:56:22.452706,0.02583828649501617,0.9998021412337846,4,0.8933419521654816,0.8,2,0.9946606554963104,0.09768596880317894,1,0.4251832067844369,explore,0,0.7
4641,2026-04-15T23:56:22.452721,0.029463042928431108,0.9997820113234617,4,0.8933649289099526,0.8,2,0.9951812918100825,0.0973253202177427,1,0.4250425050652007,explore,0,0.7
4642,2026-04-15T23:56:22.452736,0.026251086959892856,0.9998047407994284,4,0.8933878957570536,0.8,2,0.9961823151915155,0.09748112199936758,1,0.42490367727943396,explore,0,0.7
4643,2026-04-15T23:56:22.452750,0.02783196654002631,0.9998248473201997,4,0.8934108527131783,0.8,2,0.9960664885796504,0.09787637079101898,1,0.4247667268978239,explore,0,0.7
4644,2026-04-15T23:56:22.452764,0.030249040930891695,0.9998190218510864,4,0.8934337997847147,0.8,2,0.9963152871023673,0.09721741730346699,1,0.4246316573441231,explore,0,0.7
4645,2026-04-15T23:56:22.452779,0.03177566727280966,0.999821149262403,4,0.8934567369780456,0.8,2,0.9963830178796005,0.0973032683128302,1,0.42449847199506313,explore,0,0.7
4646,2026-04-15T23:56:22.452793,0.03634854099200001,0.9998123677401527,4,0.8934796642995481,0.8,2,0.9960492809355597,0.09692342104036479,1,0.42436717418027103,explore,0,0.7
4647,2026-04-15T23:56:22.452807,0.02785880983191354,0.9998045235160505,4,0.8935025817555938,0.8,2,0.995938715035549,0.09729422688923846,1,0.42423776718218514,explore,0,0.7
4648,2026-04-15T23:56:22.452834,0.02664146484405821,0.9997959685992793,4,0.8935254893525489,0.8,2,0.9959246142196019,0.09769540181662337,1,0.4241102542359737,explore,0,0.7
4649,2026-04-15T23:56:22.452850,0.031687483557175725,0.9997959132299007,4,0.8935483870967742,0.8,2,0.9958946400674424,0.09774536936540745,1,0.4239846385294539,explore,0,0.7
4650,2026-04-15T23:56:22.452865,0.028041541898085054,0.9998006683163985,4,0.8935712749946249,0.8,2,0.995909135945027,0.09757206598705294,1,0.4238609232030117,explore,0,0.7
4651,2026-04-15T23:56:22.452879,0.029579963452411706,0.9997985586717177,4,0.8935941530524506,0.8,2,0.9957638934293442,0.09770764587460848,1,0.42373911134952386,explore,0,0.7
4652,2026-04-15T23:56:22.452893,0.02831797097487113,0.9997890021021217,4,0.8936170212765957,0.8,2,0.9959761874063564,0.09706760357295723,1,0.42361920601428027,explore,0,0.7
4653,2026-04-15T23:56:22.452908,0.024553589516413246,0.9997811875395811,4,0.8936398796733992,0.8,2,0.9959308256556032,0.0976553928738742,1,0.4235012101949083,explore,0,0.7
4654,2026-04-15T23:56:22.452922,0.031882640328184164,0.999790073379422,4,0.8936627282491945,0.8,2,0.9958590421685285,0.09789802880006049,1,0.42338512684129703,explore,0,0.7
4655,2026-04-15T23:56:22.452937,0.030344337955316217,0.9997575440430129,4,0.8936855670103093,0.8,2,0.9955405513917343,0.09711554904863468,1,0.4232709588555244,explore,0,0.7
4656,2026-04-15T23:56:22.452955,0.027800822584692082,0.9997590941721726,4,0.8937083959630664,0.8,2,0.9955360335501309,0.09726970355436831,1,0.4231587090917841,explore,0,0.7
4657,2026-04-15T23:56:22.452970,0.03025391240997423,0.9997467992419443,4,0.8937312151137827,0.8,2,0.995619842893843,0.0974727400033272,1,0.4230483803563144,explore,0,0.7
4658,2026-04-15T23:56:22.452985,0.026658540677382894,0.9997458934183794,4,0.8937540244687702,0.8,2,0.9955598626143705,0.09707843768941628,1,0.42293997540732786,explore,0,0.7
4659,2026-04-15T23:56:22.452999,0.029096062962372098,0.9997352781745876,4,0.8937768240343348,0.8,2,0.9957117011622513,0.09749328880727359,1,0.42283349695494254,explore,0,0.7
4660,2026-04-15T23:56:22.453013,0.0293613873881172,0.9997313190571363,4,0.8937996138167775,0.8,2,0.9957214674643348,0.09748177695613305,1,0.42272894766111435,explore,0,0.7
4661,2026-04-15T23:56:22.453027,0.027526222427065518,0.9997271111444191,4,0.8938223938223938,0.8,2,0.9957258463278817,0.09746859399711855,1,0.42262633013957007,explore,0,0.7
4662,2026-04-15T23:56:22.453042,0.028002355138262547,0.9997211557709774,4,0.8938451640574737,0.8,2,0.9951855639053735,0.0980265694962294,1,0.42252564695574246,explore,0,0.7
4663,2026-04-15T23:56:22.453056,0.026121819052027734,0.999715408341877,4,0.8938679245283019,0.8,2,0.99534163148534,0.09831528736545558,1,0.42242690062670574,explore,0,0.7
4664,2026-04-15T23:56:22.453071,0.026508195784533894,0.9996910776237792,4,0.8938906752411575,0.8,2,0.9952605325064475,0.09763668615876242,1,0.4223300936211132,explore,0,0.7
4665,2026-04-15T23:56:22.453085,0.025215833050789067,0.999689906091005,4,0.8939134162023146,0.8,2,0.995281429125213,0.09717283599162004,1,0.4222352283591348,explore,0,0.7
4666,2026-04-15T23:56:22.453099,0.028920633878420345,0.9996957371821137,4,0.8939361474180416,0.8,2,0.9955422883773837,0.09739238332597189,1,0.4221423072123971,explore,0,0.7
4667,2026-04-15T23:56:22.453113,0.029229008068609688,0.9997295592787143,4,0.8939588688946015,0.8,2,0.9956034646338994,0.09775359305298038,1,0.42205133250392407,explore,0,0.7
4668,2026-04-15T23:56:22.453128,0.028067472554187574,0.999731979505528,4,0.8939815806382523,0.8,2,0.9956440071307536,0.09785900446243151,1,0.42196230650807864,explore,0,0.7
4669,2026-04-15T23:56:22.453142,0.029318228472784806,0.999729171840005,4,0.8940042826552462,0.8,2,0.9956763487823618,0.09766977526703438,1,0.421875231450506,explore,0,0.7
4670,2026-04-15T23:56:22.453161,0.024977487383334752,0.9997059623907515,4,0.8940269749518305,0.8,2,0.995535932000466,0.09773633445036892,1,0.4217901095080781,explore,0,0.7
4671,2026-04-15T23:56:22.453185,0.026987223739835427,0.9997050465043983,4,0.8940496575342466,0.8,2,0.9956981129958912,0.09783222720594374,1,0.4217069428088391,explore,0,0.7
4672,2026-04-15T23:56:22.453204,0.030493161419072837,0.999717840156185,4,0.894072330408731,0.8,2,0.9957400951231102,0.09829349361172102,1,0.4216257334319521,explore,0,0.7
4673,2026-04-15T23:56:22.453226,0.03178172941309908,0.9997357325429164,4,0.8940949935815148,0.8,2,0.9959697508444093,0.09732721189249366,1,0.42154648340764733,explore,0,0.7
4674,2026-04-15T23:56:22.453250,0.0317001479058272,0.9997021909808085,4,0.8941176470588236,0.8,2,0.9959008546758086,0.0978643935532749,1,0.42146919471717126,explore,0,0.7
4675,2026-04-15T23:56:22.453277,0.03424126449951366,0.9997355502962526,4,0.8941402908468776,0.8,2,0.9958383347974638,0.09760876972052615,1,0.4213938692927371,explore,0,0.7
4676,2026-04-15T23:56:22.453292,0.030087211492455298,0.9997440467869416,4,0.8941629249518922,0.8,2,0.9957588164197786,0.09781161210453782,1,0.42132050901747653,explore,0,0.7
4677,2026-04-15T23:56:22.453307,0.02509282109144132,0.9997554549204359,4,0.894185549380077,0.8,2,0.9957430297107053,0.0978203145611698,1,0.42124911572539264,explore,0,0.7
4678,2026-04-15T23:56:22.453321,0.028074211862204365,0.999758135265682,4,0.8942081641376363,0.8,2,0.9958561818093981,0.09766630239111572,1,0.42117969120131404,explore,0,0.7
4679,2026-04-15T23:56:22.453336,0.02647021588600518,0.9997749649307441,4,0.8942307692307693,0.8,2,0.9957914986425507,0.097488192298439,1,0.4211122371808502,explore,0,0.7
4680,2026-04-15T23:56:22.453350,0.031078351179455968,0.9997743695602083,4,0.8942533646656697,0.8,2,0.9954263278725501,0.09799079992051389,1,0.4210467553503481,explore,0,0.7
4681,2026-04-15T23:56:22.453365,0.0291355760473127,0.9997922403594811,4,0.8942759504485263,0.8,2,0.9954576960051663,0.09786345388935307,1,0.42098324734685005,explore,0,0.7
4682,2026-04-15T23:56:22.453379,0.029703404305655795,0.9997880254970584,4,0.8942985265855221,0.8,2,0.9956305502882403,0.09759694914886477,1,0.4209217147580529,explore,0,0.7
4683,2026-04-15T23:56:22.453393,0.03270210337241415,0.9997789983396452,4,0.8943210930828351,0.8,2,0.9956767336563888,0.09806254960866714,1,0.4208621591222682,explore,0,0.7
4684,2026-04-15T23:56:22.453408,0.03006142879078994,0.9998146616702147,4,0.8943436499466382,0.8,2,0.9957130451048888,0.0981571707130327,1,0.42080458192838355,explore,0,0.7
4685,2026-04-15T23:56:22.453428,0.025982672196976198,0.9998230177952295,4,0.8943661971830986,0.8,2,0.9955893206789903,0.09805394566613199,1,0.42074898461582605,explore,0,0.7
4686,2026-04-15T23:56:22.453448,0.023199435894199753,0.9998177821029879,4,0.8943887347983785,0.8,2,0.9955732114261587,0.09790548382423453,1,0.4206953685745255,explore,0,0.7
4687,2026-04-15T23:56:22.453467,0.02731931932823084,0.9997816135381301,4,0.8944112627986348,0.8,2,0.9953301827812165,0.0969602644742889,1,0.42064373514488007,explore,0,0.7
4688,2026-04-15T23:56:22.453481,0.028828976068375603,0.9997869229797977,4,0.8944337811900192,0.8,2,0.9951002207709236,0.09815245432696562,1,0.42059408561772293,explore,0,0.7
4689,2026-04-15T23:56:22.453496,0.029739348709073896,0.9997786147828627,4,0.894456289978678,0.8,2,0.9950666249947762,0.09734689862830619,1,0.4205464212342896,explore,0,0.7
4690,2026-04-15T23:56:22.453510,0.02925374751541759,0.9998037913794562,4,0.8944787891707525,0.8,2,0.9951889141882815,0.09756866919677942,1,0.42050074318618724,explore,0,0.7
4691,2026-04-15T23:56:22.453525,0.02789588975631973,0.9998018779648699,4,0.8945012787723785,0.8,2,0.9952085366966308,0.09803477743796887,1,0.4204570526153646,explore,0,0.7
4692,2026-04-15T23:56:22.453539,0.028959257649173037,0.9998058402012167,4,0.8945237587896868,0.8,2,0.9949240666036483,0.09795080567770537,1,0.42041535061408375,explore,0,0.7
4693,2026-04-15T23:56:22.453554,0.029500235012300265,0.9997861100256874,4,0.8945462292288028,0.8,2,0.994932737742896,0.09719544640348678,1,0.42037563822489254,explore,0,0.7
4694,2026-04-15T23:56:22.453568,0.024593595716743036,0.9998148606196381,4,0.8945686900958466,0.8,2,0.9951371131565337,0.09739477281986354,1,0.4203379164405986,explore,0,0.7
4695,2026-04-15T23:56:22.453600,0.027288652345752454,0.9998090779273938,4,0.8945911413969335,0.8,2,0.9952566395152772,0.09711406216405685,1,0.42030218620424453,explore,0,0.7
4696,2026-04-15T23:56:22.453616,0.028212148078503432,0.9998155352227446,4,0.8946135831381733,0.8,2,0.994936548490199,0.09725732602818042,1,0.4202684484090844,explore,0,0.7
4697,2026-04-15T23:56:22.453630,0.024363205887054495,0.9998205588260479,4,0.8946360153256705,0.8,2,0.9948677317268404,0.09823040082254594,1,0.42023670389856144,explore,0,0.7
4698,2026-04-15T23:56:22.453645,0.03089635637499312,0.9998175069439508,4,0.8946584379655246,0.8,2,0.9949590751168813,0.09787523180932724,1,0.42020695346628667,explore,0,0.7
4699,2026-04-15T23:56:22.453659,0.03073208352956379,0.9998048632233826,4,0.8946808510638298,0.8,2,0.9947252594516166,0.09774801981331406,1,0.4201791978560193,explore,0,0.7
4700,2026-04-15T23:56:22.453674,0.026849707618177714,0.9990357620176077,4,0.8947032546266752,0.8,2,0.0,0.08662120934715188,1,0.42015343776164826,exploit,1,0.5
4701,2026-04-15T23:56:22.453688,0.029121682710012798,0.9982847282402633,4,0.8947256486601446,0.8,2,0.0,0.08605133217310176,1,0.42012967382717453,exploit,1,0.5
4702,2026-04-15T23:56:22.453709,0.028609943549728966,0.9976094225341312,4,0.8947480331703168,0.8,2,0.0,0.0867265628016096,1,0.4201079066466952,exploit,1,0.5
4703,2026-04-15T23:56:22.453723,0.029880850618724513,0.9970764161994716,4,0.8947704081632653,0.8,2,0.0,0.08665754863387674,1,0.4200881367643886,exploit,1,0.5
4704,2026-04-15T23:56:22.453737,0.027019216049675856,0.9964621636684204,4,0.8947927736450585,0.8,2,0.0,0.08646095101484036,1,0.4200703646745009,exploit,1,0.5
4705,2026-04-15T23:56:22.453752,0.03033102069474399,0.9961094191372146,4,0.8948151296217595,0.8,2,0.0,0.08651761775692167,1,0.42005459082133323,exploit,1,0.5
4706,2026-04-15T23:56:22.453765,0.022805340016670804,0.9958442428839759,4,0.8948374760994264,0.8,2,0.0,0.08601153738544424,1,0.4200408155992313,exploit,1,0.5
4707,2026-04-15T23:56:22.453779,0.025033944344009088,0.9955689857063558,4,0.8948598130841121,0.8,2,0.0,0.08612376033578138,1,0.42002903935257485,exploit,1,0.5
4708,2026-04-15T23:56:22.453793,0.03181876405229648,0.995431970775816,4,0.8948821405818645,0.8,2,0.0,0.0870884425823943,1,0.42001926237576936,exploit,1,0.5
4709,2026-04-15T23:56:22.453806,0.025110719229072723,0.9952319409613244,4,0.8949044585987261,0.8,2,0.0,0.08700707268109338,1,0.42001148491323886,exploit,1,0.5
4710,2026-04-15T23:56:22.453820,0.0272578729009079,0.9952836205875009,4,0.8949267671407345,0.8,2,0.0,0.08715964020788541,1,0.4200057071594195,exploit,1,0.5
4711,2026-04-15T23:56:22.453834,0.02787314606823605,0.9953334364497494,4,0.8949490662139219,0.8,2,0.0,0.08607078987807139,1,0.42000192925875474,exploit,1,0.5
4712,2026-04-15T23:56:22.453847,0.026387715708996055,0.9955669828548601,4,0.8949713558243158,0.8,2,0.0,0.08542039855802565,1,0.420000151305692,exploit,1,0.5
4713,2026-04-15T23:56:22.453861,0.02547089602014171,0.9960612485147685,4,0.894993635977938,0.8,2,0.0,0.08675255440568899,1,0.42000037334467993,exploit,1,0.5
4714,2026-04-15T23:56:22.453874,0.028444494368141626,0.9963314119527513,4,0.8950159066808059,0.8,2,0.0,0.08605856066632266,1,0.42000259537016754,exploit,1,0.5
4715,2026-04-15T23:56:22.453888,0.025593626869680447,0.9967876408264196,4,0.8950381679389313,0.8,2,0.0,0.08717903427951126,1,0.42000681732660444,exploit,1,0.5
4716,2026-04-15T23:56:22.453902,0.024886785704853885,0.9974432882687745,4,0.895060419758321,0.8,2,0.0,0.086554727564171,1,0.42001303910844184,exploit,1,0.5
4717,2026-04-15T23:56:22.453915,0.028588981963455287,0.9981580277852699,4,0.8950826621449767,0.8,2,0.0,0.08693172097333145,1,0.42002126056013556,exploit,1,0.5
4718,2026-04-15T23:56:22.453929,0.02634668214237197,0.9988831361438507,4,0.8951048951048951,0.8,2,0.0,0.08679033067632058,1,0.4200314814761497,exploit,1,0.5
4719,2026-04-15T23:56:22.453943,0.02477487926332375,0.9997366973389894,4,0.8951271186440678,0.8,2,0.9957042777015332,0.0854789052975557,1,0.42004370160096194,exploit,1,0.5
4720,2026-04-15T23:56:22.453961,0.026506258904224016,0.9997071041697493,4,0.8951493327684813,0.8,2,0.9957423961347769,0.08637527361868423,1,0.42005792062906977,exploit,1,0.5
4721,2026-04-15T23:56:22.453976,0.02756152298742174,0.9997039798909976,4,0.8951715374841169,0.8,2,0.9956231415174603,0.08581234499620966,1,0.4200741382049982,exploit,1,0.5
4722,2026-04-15T23:56:22.453991,0.028156286050546302,0.9997136863185804,4,0.8951937327969511,0.8,2,0.9952302666648327,0.08570301813017774,1,0.42009235392330874,exploit,1,0.5
4723,2026-04-15T23:56:22.454005,0.02494568940605787,0.9997229470037361,4,0.8952159187129551,0.8,2,0.9951961055331162,0.08572805331890512,1,0.42011256732860935,exploit,1,0.5
4724,2026-04-15T23:56:22.454020,0.02504728614903223,0.9997240716683585,4,0.8952380952380953,0.8,2,0.9952015276006905,0.0866132368380474,1,0.42013477791556586,exploit,1,0.5
4725,2026-04-15T23:56:22.454035,0.02621943653745519,0.9997123350108259,4,0.8952602623783327,0.8,2,0.9952607856272877,0.08675497165079965,1,0.4201589851289149,exploit,1,0.5
4726,2026-04-15T23:56:22.454049,0.025971758035693335,0.9997201982544537,4,0.8952824201396234,0.8,2,0.9946698399773692,0.08593575862060068,1,0.42018518836347735,exploit,1,0.5
4727,2026-04-15T23:56:22.454064,0.026808347385001634,0.9997471692046969,4,0.8953045685279187,0.8,2,0.9944775077067871,0.08662705062026699,1,0.4202133869641737,exploit,1,0.5
4728,2026-04-15T23:56:22.454078,0.02997497911129155,0.999744052617389,4,0.8953267075491648,0.8,2,0.9947019847362101,0.08661379372568684,1,0.42024358022604036,exploit,1,0.5
4729,2026-04-15T23:56:22.454093,0.026903059220586712,0.999749017006989,4,0.8953488372093024,0.8,2,0.9944344059246059,0.08649797116307392,1,0.4202757673942474,exploit,1,0.5
4730,2026-04-15T23:56:22.454107,0.028109908173632993,0.999757793139739,4,0.8953709575142677,0.8,2,0.994543419220995,0.0871509164709289,1,0.4203099476641173,exploit,1,0.5
4731,2026-04-15T23:56:22.454122,0.027179971401957218,0.9997635447345055,4,0.8953930684699916,0.8,2,0.9943303435919075,0.08566111290739256,1,0.42034612018114503,exploit,1,0.5
4732,2026-04-15T23:56:22.454136,0.027434193779724864,0.9997557558526423,4,0.8954151700824001,0.8,2,0.994369992815586,0.08635146153673828,1,0.42038428404101963,exploit,1,0.5
4733,2026-04-15T23:56:22.454151,0.023117721229660774,0.9997600286851656,4,0.8954372623574145,0.8,2,0.9943885094909919,0.08602759412813835,1,0.42042443828964654,exploit,1,0.5
4734,2026-04-15T23:56:22.454165,0.02511775704163264,0.999801372372812,4,0.8954593453009504,0.8,2,0.9939977744387339,0.0854830118952211,1,0.4204665819231717,exploit,1,0.5
4735,2026-04-15T23:56:22.454180,0.028613594424913336,0.9997819852088147,4,0.895481418918919,0.8,2,0.9941507859330356,0.08617457190005258,1,0.42051071388800637,exploit,1,0.5
4736,2026-04-15T23:56:22.454194,0.026325080107828816,0.9997965082118858,4,0.8955034832172261,0.8,2,0.9940800427833285,0.08666972244397078,1,0.4205568330808538,exploit,1,0.5
4737,2026-04-15T23:56:22.454209,0.030489513402701673,0.9998166196574741,4,0.8955255382017729,0.8,2,0.9938458429877702,0.08595406401692475,1,0.4206049383487365,exploit,1,0.5
4738,2026-04-15T23:56:22.454223,0.031387866424631955,0.9998105932162723,4,0.8955475838784553,0.8,2,0.9941125342447712,0.08570210719881569,1,0.4206550284890254,exploit,1,0.5
4739,2026-04-15T23:56:22.454238,0.025510237264283288,0.9998239297888166,4,0.8955696202531646,0.8,2,0.9941005299847567,0.0861224945819757,1,0.4207071022494695,exploit,1,0.5
4740,2026-04-15T23:56:22.454260,0.02541311390416276,0.9998501313818042,4,0.8955916473317865,0.8,2,0.9941030549934954,0.08576645792630862,1,0.42076115832822747,exploit,1,0.5
4741,2026-04-15T23:56:22.454275,0.028594849608096686,0.9998368064733918,4,0.8956136651202025,0.8,2,0.9941279093131932,0.08660876406401101,1,0.42081719537390033,exploit,1,0.5
4742,2026-04-15T23:56:22.454290,0.02550167439701929,0.9998235820116822,4,0.8956356736242884,0.8,2,0.9943856803144174,0.08617867884490622,1,0.42087521198556466,exploit,1,0.5
4743,2026-04-15T23:56:22.454316,0.028050898612610405,0.9998137297556111,4,0.8956576728499157,0.8,2,0.9943791467208345,0.08665228064192289,1,0.42093520671280826,exploit,1,0.5
4744,2026-04-15T23:56:22.454332,0.02677615846934625,0.9998349538732335,4,0.8956796628029505,0.8,2,0.9944142307789845,0.08598482299120064,1,0.4209971780557661,exploit,1,0.5
4745,2026-04-15T23:56:22.454346,0.02575345838657566,0.9998411496353969,4,0.8957016434892541,0.8,2,0.9942539996691387,0.08689724829001641,1,0.42106112446515787,exploit,1,0.5
4746,2026-04-15T23:56:22.454361,0.027756472340121838,0.9998490515292678,4,0.895723614914683,0.8,2,0.9946475672948174,0.08640333125085636,1,0.42112704434232656,exploit,1,0.5
4747,2026-04-15T23:56:22.454376,0.03155163153297232,0.9998500193977347,4,0.8957455770850885,0.8,2,0.994813254635875,0.08635929435834054,1,0.4211949360392787,exploit,1,0.5
4748,2026-04-15T23:56:22.454390,0.021280874755330297,0.999846040337425,4,0.8957675300063171,0.8,2,0.9946951574329104,0.08696498074982663,1,0.4212647978587255,exploit,1,0.5
4749,2026-04-15T23:56:22.454405,0.02815800633676568,0.9998249502746606,4,0.8957894736842106,0.8,2,0.9947119847324166,0.08658503839687258,1,0.42133662805412503,exploit,1,0.5
4750,2026-04-15T23:56:22.454419,0.030836307449854557,0.9998295908384018,4,0.8958114081246054,0.8,2,0.9948578923788223,0.08613634148181902,1,0.4214104248297261,exploit,1,0.5
4751,2026-04-15T23:56:22.454434,0.03015336187926981,0.9998239349697207,4,0.8958333333333334,0.8,2,0.9949384809934689,0.08700557162558208,1,0.4214861863406133,exploit,1,0.5
4752,2026-04-15T23:56:22.454451,0.029458368574946533,0.9998297892224697,4,0.8958552493162213,0.8,2,0.9948573745284561,0.08606913609013767,1,0.42156391069275273,exploit,1,0.5
4753,2026-04-15T23:56:22.454467,0.027293563812662507,0.9998317396777097,4,0.8958771560790912,0.8,2,0.9947850777712162,0.08603850771706174,1,0.4216435959430396,exploit,1,0.5
4754,2026-04-15T23:56:22.454481,0.029325845680697578,0.999833782970542,4,0.8958990536277602,0.8,2,0.9952342974726931,0.08637291004409564,1,0.4217252400993468,exploit,1,0.5
4755,2026-04-15T23:56:22.454496,0.02775652440574462,0.9998527425620628,4,0.8959209419680404,0.8,2,0.9952290463861706,0.0862509414065938,1,0.4218088411205748,exploit,1,0.5
4756,2026-04-15T23:56:22.454510,0.023624803516874272,0.999849840861811,4,0.8959428211057389,0.8,2,0.9953607012650784,0.08624784555516704,1,0.4218943969167023,exploit,1,0.5
4757,2026-04-15T23:56:22.454524,0.02626861177694217,0.9998590090841819,4,0.8959646910466582,0.8,2,0.9958062649656293,0.08644719325753158,1,0.4219819053488388,exploit,1,0.5
4758,2026-04-15T23:56:22.454539,0.027729939359865334,0.9998625564688798,4,0.8959865517965959,0.8,2,0.995824533197186,0.08661066607233428,1,0.42207136422927816,exploit,1,0.5
4759,2026-04-15T23:56:22.454553,0.026908369165214434,0.9998468844268162,4,0.8960084033613446,0.8,2,0.995617927826965,0.08551979878410504,1,0.4221627713215531,exploit,1,0.5
4760,2026-04-15T23:56:22.454567,0.02817263290460781,0.9998456944959273,4,0.8960302457466919,0.8,2,0.9956618931446859,0.08633227993539835,1,0.4222561243404909,exploit,1,0.5
4761,2026-04-15T23:56:22.454582,0.024722188939468395,0.9998461042648009,4,0.8960520789584209,0.8,2,0.9953271585062842,0.08597344675716567,1,0.4223514209522711,exploit,1,0.5
4762,2026-04-15T23:56:22.454597,0.024350321809624438,0.9998647693255198,4,0.8960739030023095,0.8,2,0.9952564775671926,0.08633313328382364,1,0.42244865877448323,exploit,1,0.5
4763,2026-04-15T23:56:22.454611,0.031300406635189855,0.9998746705432717,4,0.896095717884131,0.8,2,0.9953130156599159,0.08680168888878134,1,0.42254783537618695,exploit,1,0.5
4764,2026-04-15T23:56:22.454626,0.025508994986494296,0.9998674158111046,4,0.8961175236096537,0.8,2,0.9951647096523013,0.0860337195149811,1,0.4226489482779722,exploit,1,0.5
4765,2026-04-15T23:56:22.454640,0.02994362820719397,0.9998703321946145,4,0.8961393201846413,0.8,2,0.995317385640953,0.08696293447911496,1,0.42275199495202187,exploit,1,0.5
4766,2026-04-15T23:56:22.454655,0.026142217197334686,0.9998694029085706,4,0.8961611076148521,0.8,2,0.9952707225767172,0.0869941086757849,1,0.42285697282217444,exploit,1,0.5
4767,2026-04-15T23:56:22.454669,0.026688479151472207,0.9998594115465392,4,0.8961828859060402,0.8,2,0.995166357947965,0.08564908476950679,1,0.42296387926398854,exploit,1,0.5
4768,2026-04-15T23:56:22.454684,0.03014580602686981,0.9998598370415054,4,0.8962046550639547,0.8,2,0.9953200523696256,0.08755616012676674,1,0.42307271160480875,exploit,1,0.5
4769,2026-04-15T23:56:22.454703,0.023519658045513772,0.9998712588962333,4,0.8962264150943396,0.8,2,0.9954096705702078,0.08754043067243143,1,0.42318346712383215,exploit,1,0.5
4770,2026-04-15T23:56:22.454719,0.02619638932690433,0.9998689929959669,4,0.8962481660029344,0.8,2,0.9952632997802981,0.08647240837708192,1,0.4232961430521768,exploit,1,0.5
4771,2026-04-15T23:56:22.454733,0.026868284571963608,0.9998586149713642,4,0.8962699077954736,0.8,2,0.9952200358106525,0.0860178397642704,1,0.4234107365729499,exploit,1,0.5
4772,2026-04-15T23:56:22.454748,0.027062315962468504,0.9998214001354506,4,0.896291640477687,0.8,2,0.99532834284159,0.08624335120569238,1,0.4235272448213198,exploit,1,0.5
4773,2026-04-15T23:56:22.454762,0.027889103959056437,0.9998004313319414,4,0.8963133640552995,0.8,2,0.9948138731357101,0.08543624821113278,1,0.42364566488458627,exploit,1,0.5
4774,2026-04-15T23:56:22.454777,0.027686917389252223,0.9997983964928309,4,0.8963350785340314,0.8,2,0.9947700362272125,0.086461623016364,1,0.4237659938022537,exploit,1,0.5
4775,2026-04-15T23:56:22.454791,0.026264835522158043,0.9997918248994542,4,0.8963567839195979,0.8,2,0.9946341284050623,0.08638014302952178,1,0.42388822856610564,exploit,1,0.5
4776,2026-04-15T23:56:22.454806,0.027121366634863107,0.9997830393965778,4,0.8963784802177098,0.8,2,0.9945524719749455,0.08666074262236417,1,0.4240123661202792,exploit,1,0.5
4777,2026-04-15T23:56:22.454821,0.026895933873009203,0.9997719072961485,4,0.8964001674340728,0.8,2,0.9945476411929779,0.08660678630428974,1,0.4241384033613422,exploit,1,0.5
4778,2026-04-15T23:56:22.454835,0.023968336503783123,0.9997552791605572,4,0.896421845574388,0.8,2,0.9942380976233595,0.08748688354643122,1,0.4242663371383699,exploit,1,0.5
4779,2026-04-15T23:56:22.454850,0.027969678044739255,0.9997667928285824,4,0.8964435146443515,0.8,2,0.9941809269673514,0.08596017742771905,1,0.42439616425302473,exploit,1,0.5
4780,2026-04-15T23:56:22.454865,0.03068070345309175,0.9997671768386234,4,0.8964651746496549,0.8,2,0.9941251813000005,0.08670556798424858,1,0.42452788145963566,exploit,1,0.5
4781,2026-04-15T23:56:22.454879,0.028136566883539993,0.9997732731343744,4,0.8964868255959849,0.8,2,0.994377343637287,0.08649627697384038,1,0.42466148546527915,exploit,1,0.5
4782,2026-04-15T23:56:22.454893,0.028430157440508926,0.9997754756077513,4,0.8965084674890236,0.8,2,0.9943500300888846,0.08610772012203438,1,0.42479697292986207,exploit,1,0.5
4783,2026-04-15T23:56:22.454908,0.025832403050611612,0.9997820586702537,4,0.8965301003344481,0.8,2,0.9942864351949365,0.08688687043292875,1,0.424934340466205,exploit,1,0.5
4784,2026-04-15T23:56:22.454923,0.030126777401240326,0.9997765104529059,4,0.896551724137931,0.8,2,0.9944374470394561,0.08554662650742359,1,0.4250735846401267,exploit,1,0.5
4785,2026-04-15T23:56:22.454938,0.02522970087099377,0.9997765882763933,4,0.89657333890514,0.8,2,0.9939216634863413,0.08706314604252195,1,0.4252147019705298,exploit,1,0.5
4786,2026-04-15T23:56:22.454955,0.024785906304252585,0.999776089356572,4,0.8965949446417381,0.8,2,0.9939858400890744,0.08650060305067689,1,0.42535768892948866,exploit,1,0.5
4787,2026-04-15T23:56:22.454970,0.02282070237528628,0.9997965347001356,4,0.8966165413533834,0.8,2,0.9938920114067584,0.08687828790816832,1,0.4255025419423367,exploit,1,0.5
4788,2026-04-15T23:56:22.454984,0.02654210036348012,0.9998002061047104,4,0.8966381290457298,0.8,2,0.993905346772466,0.08704579106775748,1,0.42564925738775605,exploit,1,0.5
4789,2026-04-15T23:56:22.454999,0.026145531366167617,0.9997826973641266,4,0.8966597077244259,0.8,2,0.9937032102707437,0.08565198108763335,1,0.42579783159786827,exploit,1,0.5
4790,2026-04-15T23:56:22.455022,0.02306572775697798,0.9997735221699767,4,0.8966812773951158,0.8,2,0.9937659985184589,0.08631034302839224,1,0.4259482608583258,exploit,1,0.5
4791,2026-04-15T23:56:22.455037,0.02857582467868694,0.9997676180811242,4,0.8967028380634391,0.8,2,0.9936538682453889,0.08624690397272058,1,0.42610054140840525,exploit,1,0.5
4792,2026-04-15T23:56:22.455052,0.026452848155904762,0.9997936557437104,4,0.8967243897350302,0.8,2,0.9936660543663958,0.08626034927822733,1,0.42625466944110035,exploit,1,0.5
4793,2026-04-15T23:56:22.455067,0.0258908143747521,0.9998063979698302,4,0.8967459324155194,0.8,2,0.9939932458214253,0.08620281018531904,1,0.4264106411032185,exploit,1,0.5
4794,2026-04-15T23:56:22.455082,0.029274696128529402,0.9998064905389432,4,0.8967674661105318,0.8,2,0.9936755689101932,0.0867017272407638,1,0.42656845249547637,exploit,1,0.5
4795,2026-04-15T23:56:22.455096,0.023940559060609667,0.9998063685885291,4,0.8967889908256881,0.8,2,0.9937734852910138,0.08625864026192381,1,0.4267280996725974,exploit,1,0.5
4796,2026-04-15T23:56:22.455111,0.027799670796786413,0.9998149051538927,4,0.8968105065666041,0.8,2,0.9937834309325141,0.08600370050251185,1,0.4268895786434102,exploit,1,0.5
4797,2026-04-15T23:56:22.455125,0.02530724813951756,0.9998087066602234,4,0.8968320133388912,0.8,2,0.9936414790836536,0.0867146710867173,1,0.42705288537094915,exploit,1,0.5
4798,2026-04-15T23:56:22.455140,0.026062943882313613,0.9998170309176867,4,0.8968535111481558,0.8,2,0.9939611643266077,0.08587597295377886,1,0.4272180157725546,exploit,1,0.5
4799,2026-04-15T23:56:22.455154,0.028623988144964134,0.9998197485896553,4,0.896875,0.8,2,0.9942178192602036,0.08695752183107741,1,0.42738496571997486,exploit,1,0.5
4800,2026-04-15T23:56:22.455168,0.027841409329363985,0.9989083013125661,4,0.8968964799000209,0.8,2,0.0,0.09676450920433315,1,0.4275537310394701,explore,0,0.7
4801,2026-04-15T23:56:22.455182,0.02720233182854596,0.9981537365116583,4,0.8969179508538109,0.8,2,0.0,0.09734006932256506,1,0.42772430751191615,explore,0,0.7
4802,2026-04-15T23:56:22.455196,0.029940230755034374,0.9975051309432987,4,0.8969394128669581,0.8,2,0.0,0.09737532703394745,1,0.4278966908729101,explore,0,0.7
4803,2026-04-15T23:56:22.455209,0.023918465691477986,0.9968570702265437,4,0.8969608659450458,0.8,2,0.0,0.09780099292793137,1,0.4280708768128768,explore,0,0.7
4804,2026-04-15T23:56:22.455223,0.02964128489252847,0.9964968386004235,4,0.8969823100936525,0.8,2,0.0,0.09720863554905712,1,0.4282468609771768,explore,0,0.7
4805,2026-04-15T23:56:22.455236,0.02996973475691881,0.9960702689150958,4,0.897003745318352,0.8,2,0.0,0.0976150719446276,1,0.4284246389662154,explore,0,0.7
4806,2026-04-15T23:56:22.455249,0.02949270625079361,0.9957367509498292,4,0.897025171624714,0.8,2,0.0,0.09788653738544424,1,0.42860420633555185,explore,0,0.7
4807,2026-04-15T23:56:22.455270,0.03132957997004639,0.9954790015947729,4,0.8970465890183028,0.8,2,0.0,0.09712787601126581,1,0.42878555859601136,explore,0,0.7
4808,2026-04-15T23:56:22.455284,0.0248399706694605,0.995323250021691,4,0.8970679975046787,0.8,2,0.0,0.098276077343186,1,0.4289686912137969,explore,0,0.7
4809,2026-04-15T23:56:22.455297,0.030596218741047128,0.9954551915595931,4,0.8970893970893971,0.8,2,0.0,0.09755927910063754,1,0.4291535996106027,explore,0,0.7
4810,2026-04-15T23:56:22.455310,0.027244143261006062,0.9955848467116376,4,0.8971107877780087,0.8,2,0.0,0.09658594691974176,1,0.42934027916372813,explore,0,0.7
4811,2026-04-15T23:56:22.455324,0.026491502358677144,0.9959059715030907,4,0.8971321695760599,0.8,2,0.0,0.09751706994133319,1,0.42952872520619434,explore,0,0.7
4812,2026-04-15T23:56:22.455338,0.02231600919053401,0.9961397329673516,4,0.8971535424890921,0.8,2,0.0,0.09729336530782833,1,0.42971893302686015,explore,0,0.7
4813,2026-04-15T23:56:22.455351,0.027512534196532733,0.9964698751024655,4,0.8971749065226423,0.8,2,0.0,0.0980549516928398,1,0.42991089787053965,explore,0,0.7
4814,2026-04-15T23:56:22.455365,0.029392576148126497,0.996793929219473,4,0.897196261682243,0.8,2,0.0,0.09734576877005344,1,0.4301046149381219,explore,0,0.7
4815,2026-04-15T23:56:22.455378,0.029773890764021732,0.9971769513265769,4,0.897217607973422,0.8,2,0.0,0.09789171926659172,1,0.43030007938669035,explore,0,0.7
4816,2026-04-15T23:56:22.455392,0.03563772630981424,0.9977096180957469,4,0.8972389454017023,0.8,2,0.0,0.09737889419434685,1,0.43049728632964407,explore,0,0.7
4817,2026-04-15T23:56:22.455406,0.02965544607207862,0.9981880243570483,4,0.8972602739726028,0.8,2,0.0,0.09763741654176583,1,0.43069623083681946,explore,0,0.7
4818,2026-04-15T23:56:22.455419,0.03179562002316082,0.9989053990936099,4,0.8972815936916373,0.8,2,0.0,0.09801198916162636,1,0.4308969079346144,explore,0,0.7
4819,2026-04-15T23:56:22.455433,0.03622445449475903,0.9997199503883998,4,0.8973029045643154,0.8,2,0.9943811694520039,0.09699392051340651,1,0.4310993126061118,explore,0,0.7
4820,2026-04-15T23:56:22.455447,0.028704523796177783,0.9996924892602063,4,0.8973242065961419,0.8,2,0.9944916167111962,0.09740136731980202,1,0.43130343979120567,explore,0,0.7
4821,2026-04-15T23:56:22.455464,0.028387544504869487,0.9996892752004728,4,0.8973454997926171,0.8,2,0.9945174144672615,0.09760533410098785,1,0.43150928438672664,explore,0,0.7
4822,2026-04-15T23:56:22.455479,0.028333570752883945,0.9996984588653107,4,0.897366784159237,0.8,2,0.9945668195668786,0.0970852527648009,1,0.4317168412465707,explore,0,0.7
4823,2026-04-15T23:56:22.455494,0.028996738538688407,0.9997091888764348,4,0.8973880597014925,0.8,2,0.9943487199130934,0.09760305331890512,1,0.4319261051818274,explore,0,0.7
4824,2026-04-15T23:56:22.455508,0.025860909148378453,0.9997103308098726,4,0.8974093264248705,0.8,2,0.994409354264622,0.09757540444795965,1,0.4321370709609088,explore,0,0.7
4825,2026-04-15T23:56:22.455523,0.028550067170809004,0.9997001508420792,4,0.8974305843348529,0.8,2,0.9944062326356301,0.097884545363041,1,0.43234973330968174,explore,0,0.7
4826,2026-04-15T23:56:22.455537,0.024331023027809505,0.9997068381741755,4,0.8974518334369174,0.8,2,0.9933419387895346,0.09650051703194712,1,0.4325640869115984,explore,0,0.7
4827,2026-04-15T23:56:22.455552,0.029904584606942702,0.9997350988095279,4,0.8974730737365368,0.8,2,0.9928608618166042,0.09821419255295843,1,0.43278012640783026,explore,0,0.7
4828,2026-04-15T23:56:22.455566,0.02741676898654446,0.9997311258464942,4,0.89749430523918,0.8,2,0.9927786664462974,0.09745007568881366,1,0.43299784639740063,explore,0,0.7
4829,2026-04-15T23:56:22.455581,0.030171172899453202,0.9997363705229294,4,0.8975155279503105,0.8,2,0.9925176508465462,0.0976180416323532,1,0.43321724143732143,explore,0,0.7
4830,2026-04-15T23:56:22.455595,0.025152499915060585,0.999747160709346,4,0.8975367418753881,0.8,2,0.9929333691422064,0.09744348482827468,1,0.43343830604272815,explore,0,0.7
4831,2026-04-15T23:56:22.455610,0.027800884174359636,0.9997520920536893,4,0.8975579470198676,0.8,2,0.9928747214184068,0.09753611290739256,1,0.43366103468701694,explore,0,0.7
4832,2026-04-15T23:56:22.455624,0.03351774319174219,0.9997444865573034,4,0.8975791433891993,0.8,2,0.9934698248857416,0.09735552965193181,1,0.43388542180198336,explore,0,0.7
4833,2026-04-15T23:56:22.455638,0.03189929217431668,0.9997491427424974,4,0.8976003309888291,0.8,2,0.9934760503856522,0.09720803445132505,1,0.4341114617779613,explore,0,0.7
4834,2026-04-15T23:56:22.455653,0.026432712251522314,0.999791191073884,4,0.8976215098241985,0.8,2,0.9933243001317541,0.09721942343261344,1,0.4343391489639632,explore,0,0.7
4835,2026-04-15T23:56:22.455667,0.021913823825362038,0.9997698805667565,4,0.8976426799007444,0.8,2,0.993328408282266,0.0970641917795842,1,0.4345684776678211,explore,0,0.7
4836,2026-04-15T23:56:22.455682,0.03098143978813206,0.9997869335704533,4,0.8976638412238991,0.8,2,0.9932675071708628,0.09854472244397078,1,0.4347994421563294,explore,0,0.7
4837,2026-04-15T23:56:22.455696,0.025378341679592693,0.9998090033834274,4,0.8976849937990905,0.8,2,0.9933676007084528,0.09737017707381751,1,0.43503203665538803,explore,0,0.7
4838,2026-04-15T23:56:22.455727,0.02859794925086285,0.9998023549511741,4,0.8977061376317421,0.8,2,0.9933280240575746,0.09737702913121113,1,0.4352662553501464,explore,0,0.7
4839,2026-04-15T23:56:22.455742,0.02745024883159137,0.9998156797024373,4,0.8977272727272727,0.8,2,0.9933620939118294,0.09771979344405297,1,0.4355020923851494,explore,0,0.7
4840,2026-04-15T23:56:22.455757,0.022053529257528362,0.9998432799022049,4,0.8977483990910968,0.8,2,0.9932408995231148,0.09727688619537989,1,0.4357395418644836,explore,0,0.7
4841,2026-04-15T23:56:22.455771,0.0326912294722719,0.9998288359076924,4,0.8977695167286245,0.8,2,0.9932312368072937,0.09732310814450339,1,0.43597859785192444,explore,0,0.7
4842,2026-04-15T23:56:22.455786,0.024437932297501134,0.999814854836721,4,0.8977906256452612,0.8,2,0.9932525956876852,0.09712790386896451,1,0.43621925437108433,explore,0,0.7
4843,2026-04-15T23:56:22.455800,0.026784587716008414,0.9998043009063932,4,0.8978117258464079,0.8,2,0.993342774336375,0.09750969736063214,1,0.4364615054055631,explore,0,0.7
4844,2026-04-15T23:56:22.455815,0.026989284397193274,0.9998280340748822,4,0.8978328173374613,0.8,2,0.9932551520596374,0.09757654524607234,1,0.4367053448990974,explore,0,0.7
4845,2026-04-15T23:56:22.455829,0.028529179153215664,0.9998326349970471,4,0.8978539001238135,0.8,2,0.9932368882253473,0.09773474544015986,1,0.43695076675571276,explore,0,0.7
4846,2026-04-15T23:56:22.455844,0.026249038083967807,0.9998424042411903,4,0.897874974210852,0.8,2,0.9943185464476456,0.09794946867943573,1,0.4371977648398753,explore,0,0.7
4847,2026-04-15T23:56:22.455858,0.03002331542092112,0.9998431475019992,4,0.8978960396039604,0.8,2,0.9947537634539844,0.09775999717091866,1,0.4374463329766459,explore,0,0.7
4848,2026-04-15T23:56:22.455872,0.029514365102596016,0.9998392558712489,4,0.8979170963085172,0.8,2,0.9948821879629222,0.09752750329167378,1,0.43769646495183423,explore,0,0.7
4849,2026-04-15T23:56:22.455887,0.027769897704215712,0.999815906592416,4,0.8979381443298969,0.8,2,0.9949314838146976,0.0982274577804794,1,0.43794815451215363,explore,0,0.7
4850,2026-04-15T23:56:22.455901,0.024258725294222745,0.9998212231810075,4,0.8979591836734694,0.8,2,0.9949187221022135,0.09730889631642098,1,0.43820139536537833,explore,0,0.7
4851,2026-04-15T23:56:22.455916,0.028555186505038587,0.9998160675629368,4,0.8979802143446002,0.8,2,0.9949164152057455,0.09721240895768017,1,0.4384561811805003,explore,0,0.7
4852,2026-04-15T23:56:22.455930,0.02655929998072956,0.9998208141376217,4,0.8980012363486504,0.8,2,0.9948299354320677,0.09717789014456452,1,0.43871250558788744,explore,0,0.7
4853,2026-04-15T23:56:22.455945,0.028786330857956895,0.9998228844782907,4,0.8980222496909765,0.8,2,0.994681434920131,0.0977468456743774,1,0.4389703621794427,explore,0,0.7
4854,2026-04-15T23:56:22.455962,0.030845813154102925,0.9998257224421359,4,0.898043254376931,0.8,2,0.9949568886279295,0.09786421305668813,1,0.43922974450876484,explore,0,0.7
4855,2026-04-15T23:56:22.455977,0.02444148200428138,0.9998471656566107,4,0.8980642504118617,0.8,2,0.9951040923614424,0.09790616405645414,1,0.4394906460913093,explore,0,0.7
4856,2026-04-15T23:56:22.455991,0.029916544259158538,0.9998450797068467,4,0.8980852378011118,0.8,2,0.9952397386983696,0.09707217736439631,1,0.4397530604045498,explore,0,0.7
4857,2026-04-15T23:56:22.456006,0.030724206171979206,0.9998534134538298,4,0.8981062165500205,0.8,2,0.9954966803747987,0.09809495223187899,1,0.44001698088814234,explore,0,0.7
4858,2026-04-15T23:56:22.456020,0.028515939035838125,0.9998571971730925,4,0.8981271866639227,0.8,2,0.9956096533943191,0.0981473718037173,1,0.4402824009440885,explore,0,0.7
4859,2026-04-15T23:56:22.456034,0.02328064468551864,0.999842828393431,4,0.8981481481481481,0.8,2,0.9955664306865735,0.09730238577870938,1,0.440549313936901,explore,0,0.7
4860,2026-04-15T23:56:22.456049,0.02707059846970439,0.9998404568946186,4,0.898169101008023,0.8,2,0.9957111019076553,0.09798780053665329,1,0.4408177131937685,explore,0,0.7
4861,2026-04-15T23:56:22.456063,0.03379312850934334,0.9998440559043548,4,0.8981900452488688,0.8,2,0.9953389435724218,0.09753131859290726,1,0.44108759200472375,explore,0,0.7
4862,2026-04-15T23:56:22.456077,0.028844060812807857,0.9998637053189282,4,0.8982109808760025,0.8,2,0.9949197076610801,0.09775104960830794,1,0.44135894362281075,explore,0,0.7
4863,2026-04-15T23:56:22.456092,0.023174361310753375,0.9998751459634413,4,0.8982319078947368,0.8,2,0.9950671150928629,0.09828812984101071,1,0.44163176126425274,explore,0,0.7
4864,2026-04-15T23:56:22.456106,0.026213364301072246,0.9998692397518891,4,0.8982528263103803,0.8,2,0.9947057608316592,0.09778399897279302,1,0.4419060381086231,explore,0,0.7
4865,2026-04-15T23:56:22.456121,0.024431412326888086,0.9998716143527603,4,0.8982737361282368,0.8,2,0.9946946848789989,0.09758152203915092,1,0.44218176729901504,explore,0,0.7
4866,2026-04-15T23:56:22.456136,0.034120297981451886,0.9998699977501384,4,0.8982946373536059,0.8,2,0.9946593544928224,0.09752916977907995,1,0.4424589419422133,explore,0,0.7
4867,2026-04-15T23:56:22.456150,0.026573928063991475,0.9998596140556243,4,0.8983155299917831,0.8,2,0.994602174598197,0.09705953894786858,1,0.4427375551088659,explore,0,0.7
4868,2026-04-15T23:56:22.456164,0.02308956543422367,0.9998584484366818,4,0.8983364140480592,0.8,2,0.9946237702782547,0.09796426962031946,1,0.4430175998336584,explore,0,0.7
4869,2026-04-15T23:56:22.456179,0.029848314486179948,0.9998709705318486,4,0.8983572895277208,0.8,2,0.9949391878020046,0.0977448636459039,1,0.44329906911548717,explore,0,0.7
4870,2026-04-15T23:56:22.456193,0.02750653063686897,0.9998691578806027,4,0.8983781564360501,0.8,2,0.9947744271603434,0.09699029479061881,1,0.4435819559176351,explore,0,0.7
4871,2026-04-15T23:56:22.456207,0.02663705338998512,0.9998606438001455,4,0.8983990147783252,0.8,2,0.9948352716459075,0.09754903402345616,1,0.4438662531679465,explore,0,0.7
4872,2026-04-15T23:56:22.456221,0.02621179914936017,0.9998215706655034,4,0.8984198645598194,0.8,2,0.9949077491735008,0.09712281082166524,1,0.444151953759005,explore,0,0.7
4873,2026-04-15T23:56:22.456236,0.02457739549732698,0.9997991895883924,4,0.8984407057858023,0.8,2,0.9949089741713797,0.09656129901838,1,0.444439050548311,explore,0,0.7
4874,2026-04-15T23:56:22.456250,0.029482553804382434,0.9997971306900164,4,0.8984615384615384,0.8,2,0.9948119664098376,0.0977164173264041,1,0.4447275363584593,explore,0,0.7
4875,2026-04-15T23:56:22.456271,0.030375995704046525,0.9997901988873792,4,0.8984823625922888,0.8,2,0.9943285278519054,0.09730215253524696,1,0.44501740397731987,explore,0,0.7
4876,2026-04-15T23:56:22.456286,0.024743383044379053,0.999782175377242,4,0.8985031781833094,0.8,2,0.9942734645868905,0.0975347187269396,1,0.44530864615821736,explore,0,0.7
4877,2026-04-15T23:56:22.456300,0.0282382055793488,0.9997717341132762,4,0.8985239852398524,0.8,2,0.9943293190912381,0.09734238954206371,1,0.44560125562011255,explore,0,0.7
4878,2026-04-15T23:56:22.456314,0.027513732343240234,0.9997552104438158,4,0.8985447837671654,0.8,2,0.9940464229765293,0.09768897319845599,1,0.4458952250477838,explore,0,0.7
4879,2026-04-15T23:56:22.456329,0.03186454458598159,0.9997638243889194,4,0.8985655737704918,0.8,2,0.9939680481683804,0.09781510417692502,1,0.44619054709201084,explore,0,0.7
4880,2026-04-15T23:56:22.456343,0.026560178715506005,0.99976462829662,4,0.8985863552550707,0.8,2,0.99399417644856,0.09847380612778406,1,0.44648721436975825,explore,0,0.7
4881,2026-04-15T23:56:22.456357,0.030397407253386445,0.9997673107497815,4,0.8986071282261369,0.8,2,0.9941823194872244,0.09778862294994017,1,0.4467852194643591,explore,0,0.7
4882,2026-04-15T23:56:22.456372,0.030449664915031555,0.9997686665014731,4,0.8986278926889207,0.8,2,0.9945701702904188,0.0971272882982292,1,0.44708455492570176,explore,0,0.7
4883,2026-04-15T23:56:22.456386,0.029607312408043956,0.9997753554423452,4,0.8986486486486487,0.8,2,0.9944816553174816,0.0975964028767544,1,0.4473852132704152,explore,0,0.7
4884,2026-04-15T23:56:22.456401,0.028648938685946146,0.9997667818983682,4,0.8986693961105425,0.8,2,0.9953239156200002,0.09696833559993247,1,0.4476871869820568,explore,0,0.7
4885,2026-04-15T23:56:22.456425,0.026555953249462208,0.9997669637642724,4,0.8986901350798199,0.8,2,0.9945868758542366,0.09840514355956947,1,0.447990468511299,explore,0,0.7
4886,2026-04-15T23:56:22.456440,0.026915701348397734,0.9997672523324137,4,0.8987108655616943,0.8,2,0.9944024295559399,0.09815694555773295,1,0.44829505027611954,explore,0,0.7
4887,2026-04-15T23:56:22.456458,0.027633941832431216,0.9997863475399941,4,0.8987315875613748,0.8,2,0.9943495431242855,0.0983231582234869,1,0.4486009246619905,explore,0,0.7
4888,2026-04-15T23:56:22.456473,0.030366963684817113,0.9997914550026157,4,0.8987523010840662,0.8,2,0.994344704582018,0.09774170035362235,1,0.4489080840220676,explore,0,0.7
4889,2026-04-15T23:56:22.456487,0.028439182438770676,0.9997714597135853,4,0.8987730061349694,0.8,2,0.994240893321079,0.09731794726139402,1,0.44921652067738316,explore,0,0.7
4890,2026-04-15T23:56:22.456502,0.026941241858426352,0.9997622234095802,4,0.8987937027192803,0.8,2,0.994211314963547,0.09786954525443854,1,0.4495262269170368,explore,0,0.7
4891,2026-04-15T23:56:22.456516,0.02313294280756996,0.999756251237997,4,0.8988143908421913,0.8,2,0.9941819654792315,0.09740556387082798,1,0.44983719499838887,explore,0,0.7
4892,2026-04-15T23:56:22.456530,0.02534855374712852,0.9997848102773538,4,0.8988350705088902,0.8,2,0.9942183324410672,0.0979360709330011,1,0.45014941714725315,explore,0,0.7
4893,2026-04-15T23:56:22.456545,0.02971656504407668,0.9997998574219582,4,0.8988557417245607,0.8,2,0.994276331277949,0.09752320758108002,1,0.45046288555809233,explore,0,0.7
4894,2026-04-15T23:56:22.456559,0.02577570635608592,0.999799248956665,4,0.898876404494382,0.8,2,0.9939557108224658,0.09779764176302097,1,0.45077759239421256,explore,0,0.7
4895,2026-04-15T23:56:22.456574,0.026178335248824104,0.9997993963477287,4,0.8988970588235294,0.8,2,0.9943400917881922,0.09725350156373658,1,0.4510935297879594,explore,0,0.7
4896,2026-04-15T23:56:22.456588,0.023635556345215396,0.9998078394756773,4,0.8989177047171738,0.8,2,0.9943981499035706,0.09719385094928888,1,0.4514106898409142,explore,0,0.7
4897,2026-04-15T23:56:22.456603,0.027862931254286488,0.9998033174153106,4,0.8989383421804819,0.8,2,0.9939476464459798,0.09735995475548298,1,0.45172906462409224,explore,0,0.7
4898,2026-04-15T23:56:22.456617,0.027501471428119262,0.9998115392844156,4,0.898958971218616,0.8,2,0.9942479582275425,0.09727481917373243,1,0.45204864617814083,explore,0,0.7
4899,2026-04-15T23:56:22.456631,0.025974174829012868,0.9998154071575547,4,0.8989795918367347,0.8,2,0.9942632131287749,0.0976470690527768,1,0.45236942651353723,explore,0,0.7
4900,2026-04-15T23:56:22.456646,0.028929337620836246,0.999000054140217,4,0.8990002040399918,0.8,2,0.0,0.0868378756473873,1,0.4526913976107901,exploit,1,0.5
4901,2026-04-15T23:56:22.456660,0.024864661484682193,0.9982088366407994,4,0.8990208078335373,0.8,2,0.0,0.08627966060016834,1,0.4530145514206386,exploit,1,0.5
4902,2026-04-15T23:56:22.456673,0.028980361268957186,0.9975362019679764,4,0.8990414032225168,0.8,2,0.0,0.0866065371384333,1,0.45333887986425475,exploit,1,0.5
4903,2026-04-15T23:56:22.456687,0.03166731000805308,0.9968333651887026,4,0.8990619902120718,0.8,2,0.0,0.08642737219870207,1,0.45366437483344374,exploit,1,0.5
4904,2026-04-15T23:56:22.456706,0.025237361646834267,0.9964204621295975,4,0.8990825688073395,0.8,2,0.0,0.08676138078376182,1,0.45399102819084863,exploit,1,0.5
4905,2026-04-15T23:56:22.456720,0.024802189321608926,0.9959474236853962,4,0.899103139013453,0.8,2,0.0,0.08634126892743116,1,0.45431883177015264,exploit,1,0.5
4906,2026-04-15T23:56:22.456734,0.019951949852549257,0.9954679253008623,4,0.899123700835541,0.8,2,0.0,0.08707243892984903,1,0.454647777376283,exploit,1,0.5
4907,2026-04-15T23:56:22.456748,0.02634908984039454,0.9952850310681268,4,0.8991442542787286,0.8,2,0.0,0.08615849832816029,1,0.4549778567856168,exploit,1,0.5
4908,2026-04-15T23:56:22.456761,0.026998436834172593,0.9952059910042714,4,0.8991647993481361,0.8,2,0.0,0.08655582760872992,1,0.45530906174618613,exploit,1,0.5
4909,2026-04-15T23:56:22.456775,0.02224274460479179,0.9951036853983947,4,0.8991853360488798,0.8,2,0.0,0.08662150880780488,1,0.45564138397788434,exploit,1,0.5
4910,2026-04-15T23:56:22.456788,0.027630963068567813,0.995068149893363,4,0.8992058643860721,0.8,2,0.0,0.0859153540663467,1,0.4559748151726725,exploit,1,0.5
4911,2026-04-15T23:56:22.456801,0.022931178693992908,0.9950998163729474,4,0.8992263843648208,0.8,2,0.0,0.08664280624451015,1,0.45630934699478837,exploit,1,0.5
4912,2026-04-15T23:56:22.456815,0.026921601478954452,0.995304176695736,4,0.89924689599023,0.8,2,0.0,0.08623790850306513,1,0.4566449710809541,exploit,1,0.5
4913,2026-04-15T23:56:22.456829,0.02624942482331711,0.9955763515206191,4,0.8992673992673993,0.8,2,0.0,0.08619711727069335,1,0.45698167904058445,exploit,1,0.5
4914,2026-04-15T23:56:22.456842,0.02679989102632358,0.9960719700763897,4,0.8992878942014242,0.8,2,0.0,0.08650666762982606,1,0.4573194624559983,exploit,1,0.5
4915,2026-04-15T23:56:22.456856,0.026035879731864914,0.9966633947771557,4,0.8993083807973963,0.8,2,0.0,0.0869914671107097,1,0.45765831288262776,exploit,1,0.5
4916,2026-04-15T23:56:22.456869,0.02462965044466913,0.9972998608020204,4,0.8993288590604027,0.8,2,0.0,0.086093018426627,1,0.4579982218492301,exploit,1,0.5
4917,2026-04-15T23:56:22.456882,0.025490260289029818,0.9981485417756835,4,0.8993493289955267,0.8,2,0.0,0.08720833823682682,1,0.45833918085809844,exploit,1,0.5
4918,2026-04-15T23:56:22.456896,0.02395532420061564,0.9989641291825679,4,0.8993697906078472,0.8,2,0.0,0.0871443633982871,1,0.45868118138527547,exploit,1,0.5
4919,2026-04-15T23:56:22.456909,0.02594938997664708,0.9998528937144165,4,0.899390243902439,0.8,2,0.9963603295185617,0.08571490070480607,1,0.4590242148807658,exploit,1,0.5
4920,2026-04-15T23:56:22.456924,0.02613278851115435,0.9998469656924055,4,0.8994106888843731,0.8,2,0.9963394066215282,0.08610092348827576,1,0.45936827276875025,exploit,1,0.5
4921,2026-04-15T23:56:22.456938,0.03126654525552223,0.999823857079378,4,0.899431125558716,0.8,2,0.9961569396513169,0.0858906188567936,1,0.459713346447799,exploit,1,0.5
4922,2026-04-15T23:56:22.456956,0.02644730110142652,0.9998184419823941,4,0.8994515539305301,0.8,2,0.9960676347122293,0.08626429600432471,1,0.46005942729108823,exploit,1,0.5
4923,2026-04-15T23:56:22.456971,0.02583313335148077,0.9998150703931575,4,0.8994719740048741,0.8,2,0.9960486649313789,0.08652359560746035,1,0.46040650664661525,exploit,1,0.5
4924,2026-04-15T23:56:22.456985,0.02211314571065428,0.9998029989153532,4,0.899492385786802,0.8,2,0.9958842803372614,0.08744797996199771,1,0.4607545758374137,exploit,1,0.5
4925,2026-04-15T23:56:22.457000,0.024232729757539314,0.9997875033732473,4,0.8995127892813642,0.8,2,0.9958302499276145,0.08625220223768766,1,0.46110362616177214,exploit,1,0.5
4926,2026-04-15T23:56:22.457014,0.02285971571261308,0.9997800121589241,4,0.8995331844936066,0.8,2,0.9953086106761044,0.08609249031512488,1,0.46145364889345075,exploit,1,0.5
4927,2026-04-15T23:56:22.457029,0.028433047346970768,0.9997896567240758,4,0.8995535714285714,0.8,2,0.995126809734513,0.08669454525273292,1,0.46180463528189963,exploit,1,0.5
4928,2026-04-15T23:56:22.457043,0.028125910919046898,0.9997936770245583,4,0.8995739500912964,0.8,2,0.9950201278968229,0.08664326775125421,1,0.4621565765524768,exploit,1,0.5
4929,2026-04-15T23:56:22.457058,0.027602109250000464,0.9997926437821644,4,0.8995943204868154,0.8,2,0.9948983792931942,0.08663145018396112,1,0.46250946390666925,exploit,1,0.5
4930,2026-04-15T23:56:22.457073,0.027616450267102265,0.9997838377492442,4,0.8996146826201582,0.8,2,0.995083530564138,0.08617559915352357,1,0.4628632885223116,exploit,1,0.5
4931,2026-04-15T23:56:22.457087,0.026556444247978817,0.999791820009103,4,0.8996350364963503,0.8,2,0.995062300613744,0.08654408410800707,1,0.46321804155380647,exploit,1,0.5
4932,2026-04-15T23:56:22.457102,0.025611522473845696,0.9997742281182023,4,0.8996553821204135,0.8,2,0.9950194863572074,0.08646218305826567,1,0.4635737141323467,exploit,1,0.5
4933,2026-04-15T23:56:22.457125,0.023852269114208124,0.9997679893277108,4,0.8996757194973652,0.8,2,0.995045118462325,0.08660293412761261,1,0.4639302973661365,exploit,1,0.5
4934,2026-04-15T23:56:22.457140,0.02407313811539216,0.9997678570454499,4,0.8996960486322189,0.8,2,0.9950037753909197,0.0871776984556969,1,0.46428778234061374,exploit,1,0.5
4935,2026-04-15T23:56:22.457155,0.027062429735559855,0.999770635180121,4,0.8997163695299838,0.8,2,0.9950856149657243,0.08684391159816535,1,0.4646461601186722,exploit,1,0.5
4936,2026-04-15T23:56:22.457170,0.028006547345218683,0.9997946247810078,4,0.8997366821956654,0.8,2,0.9950347370499782,0.08691197519281653,1,0.4650054217408864,exploit,1,0.5
4937,2026-04-15T23:56:22.457184,0.027133732645216405,0.9998008424580398,4,0.8997569866342648,0.8,2,0.9946569801437442,0.08542654225693867,1,0.4653655582257346,exploit,1,0.5
4938,2026-04-15T23:56:22.457199,0.026737097229575443,0.9998001842553604,4,0.8997772828507795,0.8,2,0.9947645369109963,0.08562993452079215,1,0.4657265605698231,exploit,1,0.5
4939,2026-04-15T23:56:22.457214,0.023798533507541766,0.999788194467776,4,0.8997975708502024,0.8,2,0.9948554197391178,0.08663101461039913,1,0.46608841974811227,exploit,1,0.5
4940,2026-04-15T23:56:22.457228,0.02411682407931797,0.9997923441407747,4,0.8998178506375227,0.8,2,0.994808372197961,0.08557195517936743,1,0.46645112671414146,exploit,1,0.5
4941,2026-04-15T23:56:22.457243,0.02258850047922703,0.9998187495348889,4,0.8998381222177256,0.8,2,0.994737686777589,0.08565420567432591,1,0.46681467240025576,exploit,1,0.5
4942,2026-04-15T23:56:22.457263,0.022860952278266174,0.9997936809822947,4,0.899858385595792,0.8,2,0.9947424255897002,0.08632239230735275,1,0.4671790477178314,exploit,1,0.5
4943,2026-04-15T23:56:22.457278,0.024786952244617223,0.9997883174938919,4,0.899878640776699,0.8,2,0.994757902634428,0.08654183752235683,1,0.4675442435575047,exploit,1,0.5
4944,2026-04-15T23:56:22.457293,0.026347018685126945,0.9998048937617584,4,0.8998988877654196,0.8,2,0.9949890049151195,0.0865899400020202,1,0.46791025078939863,exploit,1,0.5
4945,2026-04-15T23:56:22.457307,0.025789894977262782,0.9997939737676618,4,0.8999191265669227,0.8,2,0.994559086742149,0.08761538067076345,1,0.4682770602633517,exploit,1,0.5
4946,2026-04-15T23:56:22.457322,0.022459712601375838,0.9998093897911917,4,0.8999393571861735,0.8,2,0.9948461637109566,0.08633358557264469,1,0.46864466280914574,exploit,1,0.5
4947,2026-04-15T23:56:22.457336,0.026452416325408824,0.9998046190848097,4,0.8999595796281326,0.8,2,0.9950094669963301,0.08592838113415321,1,0.4690130492367365,exploit,1,0.5
4948,2026-04-15T23:56:22.457351,0.022592282826321836,0.9998051836520706,4,0.8999797938977572,0.8,2,0.9951128119427646,0.08787510994127473,1,0.4693822103364826,exploit,1,0.5
4949,2026-04-15T23:56:22.457365,0.02483882127935973,0.9997990841059032,4,0.9,0.8,2,0.9951951786572204,0.08629578779422405,1,0.4697521368793754,exploit,1,0.5
4950,2026-04-15T23:56:22.457379,0.027421536105908237,0.9997964153272785,4,0.9000201979398101,0.8,2,0.9952229323398191,0.08590640241790348,1,0.4701228196172708,exploit,1,0.5
4951,2026-04-15T23:56:22.457394,0.027194171745126776,0.9998033396947696,4,0.9000403877221325,0.8,2,0.9952028517475924,0.08655403632538644,1,0.47049424928311967,exploit,1,0.5
4952,2026-04-15T23:56:22.457409,0.02354938491325214,0.99979543962821,4,0.9000605693519079,0.8,2,0.9951503896751197,0.08564384562274191,1,0.4708664165912,exploit,1,0.5
4953,2026-04-15T23:56:22.457423,0.0248679606975421,0.9998021489524468,4,0.9000807428340735,0.8,2,0.9949412056760791,0.08677331630077972,1,0.4712393122373479,exploit,1,0.5
4954,2026-04-15T23:56:22.457437,0.027044168946424113,0.9997994267020932,4,0.900100908173562,0.8,2,0.9948809723277766,0.0872515206914,1,0.4716129268991919,exploit,1,0.5
4955,2026-04-15T23:56:22.457455,0.028678918925625338,0.9997879081334203,4,0.9001210653753027,0.8,2,0.9949253033291043,0.08646313610890713,1,0.4719872512363852,exploit,1,0.5
4956,2026-04-15T23:56:22.457470,0.023494010999664968,0.9997890009274863,4,0.9001412144442204,0.8,2,0.9950267313967742,0.0863835981145641,1,0.4723622758908383,exploit,1,0.5
4957,2026-04-15T23:56:22.457484,0.026141997822786398,0.9997867162874224,4,0.900161355385236,0.8,2,0.9954063076975183,0.08681897187344,1,0.4727379914869547,exploit,1,0.5
4958,2026-04-15T23:56:22.457499,0.027252523414219475,0.9997700242453269,4,0.9001814882032668,0.8,2,0.9954898719340816,0.08660960994306983,1,0.473114388631864,exploit,1,0.5
4959,2026-04-15T23:56:22.457513,0.02449039940374202,0.9997761641649802,4,0.9002016129032258,0.8,2,0.9952140316083232,0.08535872156871986,1,0.4734914579156575,exploit,1,0.5
4960,2026-04-15T23:56:22.457527,0.029644657153452998,0.9997847628699615,4,0.9002217294900222,0.8,2,0.9953416071619298,0.08686627967263916,1,0.4738691899116222,exploit,1,0.5
4961,2026-04-15T23:56:22.457542,0.02598729497782599,0.9997652549151739,4,0.900241837968561,0.8,2,0.9947528066301419,0.08582683096146587,1,0.47424757517647814,exploit,1,0.5
4962,2026-04-15T23:56:22.457556,0.026638011669515134,0.9997872085937365,4,0.9002619383437437,0.8,2,0.9947670649947791,0.08605275187904016,1,0.47462660425061365,exploit,1,0.5
4963,2026-04-15T23:56:22.457571,0.023916619462026386,0.9998014059506203,4,0.9002820306204674,0.8,2,0.9946716531708251,0.08572442507248873,1,0.4750062676583211,exploit,1,0.5
4964,2026-04-15T23:56:22.457586,0.02529256679351693,0.9998110966866471,4,0.9003021148036254,0.8,2,0.9941209110818494,0.08722587483909797,1,0.4753865559080353,exploit,1,0.5
4965,2026-04-15T23:56:22.457609,0.025123182804214543,0.9998191084343208,4,0.9003221908981072,0.8,2,0.9943645181638932,0.08570051176150012,1,0.4757674594925699,exploit,1,0.5
4966,2026-04-15T23:56:22.457630,0.026133518802857053,0.999812849336595,4,0.900342258908798,0.8,2,0.9944387648095641,0.08676027126329344,1,0.4761489688893553,exploit,1,0.5
4967,2026-04-15T23:56:22.457653,0.025606126167732002,0.9998035283430293,4,0.9003623188405797,0.8,2,0.9943067689206662,0.08580967139683052,1,0.476531074560676,exploit,1,0.5
4968,2026-04-15T23:56:22.457672,0.0284090116962741,0.9998060726266063,4,0.9003823706983296,0.8,2,0.9944475856554629,0.08612120974968117,1,0.4769137669539103,exploit,1,0.5
4969,2026-04-15T23:56:22.457687,0.024978328536306715,0.999797386941727,4,0.9004024144869215,0.8,2,0.9945698108425547,0.08624777621195603,1,0.4772970365017684,exploit,1,0.5
4970,2026-04-15T23:56:22.457707,0.024035265442435526,0.9998158274846505,4,0.9004224502112251,0.8,2,0.9943039341053262,0.08728069485166062,1,0.47768087362253175,exploit,1,0.5
4971,2026-04-15T23:56:22.457723,0.02620814058072936,0.9997918923285111,4,0.9004424778761062,0.8,2,0.9942588860702224,0.08560690126515097,1,0.4780652687202918,exploit,1,0.5
4972,2026-04-15T23:56:22.457737,0.024617034976554337,0.9998068232328667,4,0.9004624974864267,0.8,2,0.9943358295969432,0.08623744670053941,1,0.4784502121851914,exploit,1,0.5
4973,2026-04-15T23:56:22.457752,0.027783420976379206,0.9998039373382166,4,0.9004825090470446,0.8,2,0.9943153103406863,0.08600022457476508,1,0.4788356943936643,exploit,1,0.5
4974,2026-04-15T23:56:22.457766,0.027173026391516874,0.9998149734549695,4,0.9005025125628141,0.8,2,0.9943881930245462,0.08625233151717225,1,0.4792217057086748,exploit,1,0.5
4975,2026-04-15T23:56:22.457781,0.0290953787738848,0.99983168817663,4,0.9005225080385852,0.8,2,0.9938733925277633,0.08557771659004232,1,0.4796082364799603,exploit,1,0.5
4976,2026-04-15T23:56:22.457795,0.02563586774294727,0.9998228050980653,4,0.9005424954792043,0.8,2,0.9938289347000743,0.08627623028405956,1,0.4799952770442718,exploit,1,0.5
4977,2026-04-15T23:56:22.457810,0.02242551892228984,0.9998124669637394,4,0.9005624748895139,0.8,2,0.9937989470090158,0.08675405672414614,1,0.48038281772561553,exploit,1,0.5
4978,2026-04-15T23:56:22.457824,0.02225482203557896,0.9998237105701554,4,0.9005824462743522,0.8,2,0.9937584645116443,0.08693424352222322,1,0.4807708488354941,exploit,1,0.5
4979,2026-04-15T23:56:22.457839,0.026245283851171666,0.999813305098419,4,0.9006024096385542,0.8,2,0.9938898986736224,0.08652926720010297,1,0.4811593606731503,exploit,1,0.5
4980,2026-04-15T23:56:22.457868,0.026847318169927206,0.9998049272318328,4,0.9006223649869504,0.8,2,0.9938605555661498,0.08702588836825227,1,0.4815483435258086,exploit,1,0.5
4981,2026-04-15T23:56:22.457884,0.02850570891393666,0.9998280937021514,4,0.9006423123243678,0.8,2,0.9941742450218838,0.0877374209093803,1,0.48193778766891754,exploit,1,0.5
4982,2026-04-15T23:56:22.457899,0.027598728674110846,0.9998341578473827,4,0.9006622516556292,0.8,2,0.9941183302314889,0.08576755330287669,1,0.482327683366394,exploit,1,0.5
4983,2026-04-15T23:56:22.457914,0.026257396165166362,0.9998364038268994,4,0.9006821829855538,0.8,2,0.9941329196872253,0.08696232676549141,1,0.4827180208708658,exploit,1,0.5
4984,2026-04-15T23:56:22.457931,0.024784229050615517,0.9998340448082165,4,0.9007021063189569,0.8,2,0.9945462181601048,0.08576564311436262,1,0.4831087904239161,exploit,1,0.5
4985,2026-04-15T23:56:22.457945,0.024824625877412493,0.9998371171640515,4,0.9007220216606499,0.8,2,0.9944465955808127,0.08674316729711658,0,0.4834999822563257,exploit,1,0.5
4986,2026-04-15T23:56:22.457964,0.022458366325589153,0.9998409064811654,4,0.9007419290154401,0.8,2,0.9944492543019504,0.0861395068763989,0,0.48389158658831954,exploit,1,0.5
4987,2026-04-15T23:56:22.457979,0.023122118048355688,0.9998559776052701,4,0.9007618283881316,0.8,2,0.9945597974480985,0.08689275557347113,0,0.48428359362980994,exploit,1,0.5
4988,2026-04-15T23:56:22.457993,0.02534577688219966,0.9998555071586254,4,0.9007817197835237,0.8,2,0.994307983813377,0.0879290633973096,0,0.4846759935806408,exploit,1,0.5
4989,2026-04-15T23:56:22.458008,0.02430773271206588,0.9998452324934399,4,0.9008016032064128,0.8,2,0.9942698808092644,0.08638088270602401,0,0.485068776630834,exploit,1,0.5
4990,2026-04-15T23:56:22.458022,0.02278687309315976,0.9998415224481989,4,0.9008214786615909,0.8,2,0.9944300840319757,0.08683227757221113,0,0.4854619329608338,exploit,1,0.5
4991,2026-04-15T23:56:22.458037,0.024709530791707315,0.9998523474481874,4,0.9008413461538461,0.8,2,0.9943476338350772,0.08561272009898038,0,0.4858554527417526,exploit,1,0.5
4992,2026-04-15T23:56:22.458052,0.022366532935862975,0.9998538730853543,4,0.9008612056879631,0.8,2,0.994322041470403,0.08679990994649586,0,0.48624932613561594,exploit,1,0.5
4993,2026-04-15T23:56:22.458067,0.026942841589500166,0.9998444501431866,4,0.9008810572687225,0.8,2,0.9945247733530932,0.08684274773155332,0,0.48664354329560966,exploit,1,0.5
4994,2026-04-15T23:56:22.458082,0.025948437339383394,0.9998390421261604,4,0.9009009009009009,0.8,2,0.9942511776326661,0.08635257800187468,0,0.4870380943663254,exploit,1,0.5
4995,2026-04-15T23:56:22.458181,0.024059051876602507,0.999841040135225,4,0.9009207365892714,0.8,2,0.994951247110518,0.08680507335627954,0,0.4874329694840071,exploit,1,0.5
4996,2026-04-15T23:56:22.458222,0.026556685506859235,0.999849495598506,4,0.9009405643386031,0.8,2,0.9948767617039418,0.08587896684126461,0,0.4878281587767969,exploit,1,0.5
4997,2026-04-15T23:56:22.458239,0.021682167853266314,0.999834799857553,4,0.9009603841536614,0.8,2,0.9946045561748538,0.08681200488884938,0,0.4882236523649834,exploit,1,0.5
4998,2026-04-15T23:56:22.458267,0.02444008576475813,0.9998406150448768,4,0.9009801960392079,0.8,2,0.9945310893941455,0.08618047429480984,0,0.4886194403612476,exploit,1,0.5
4999,2026-04-15T23:56:22.458293,0.028426687525036277,0.9998446898515085,4,0.901,0.8,2,0.994456600520999,0.08684371536829912,0,0.48901551287090983,exploit,1,0.5
