{"step": 2800000, "timestamp": "2026-03-24T13:25:15.367662", "purpose_state": [0.17600000000000002, 0.13200000000000014, 0.43999999999999984, 0.13200000000000003, 0.9739307976132947, 0.417876848571618, 0.0, 0.0, 0.1080737905538782], "exploration_rate": 0.1}