{"step": 1860000, "timestamp": "2026-03-24T10:44:14.374460", "purpose_state": [0.17600000000000007, 0.4399999999999999, 0.13200000000000003, 0.13200000000000003, 0.9739307976132948, 0.3348003378878703, 0.0, 0.0, 0.10758794430458207], "exploration_rate": 0.1}