{"step": 2680000, "timestamp": "2026-03-24T13:04:43.489463", "purpose_state": [0.17600000000000002, 0.13200000000000014, 0.43999999999999984, 0.13200000000000003, 0.9739307976132947, 0.3901338923306152, 0.0, 0.0, 0.10786456610796126], "exploration_rate": 0.1}