{"step": 2100000, "timestamp": "2026-03-24T11:25:23.954932", "purpose_state": [0.17600000000000007, 0.4399999999999999, 0.13200000000000003, 0.13200000000000003, 0.9739307976132948, 0.3145689188247616, 0.0, 0.0, 0.11045301954940523], "exploration_rate": 0.1}