{"step": 1840000, "timestamp": "2026-03-24T10:40:48.270275", "purpose_state": [0.17600000000000007, 0.4399999999999999, 0.13200000000000003, 0.13200000000000003, 0.9739307976132948, 0.36933494074979667, 0.0, 0.0, 0.10869158095056504], "exploration_rate": 0.1}