{"step": 2080000, "timestamp": "2026-03-24T11:21:58.217148", "purpose_state": [0.17600000000000007, 0.4399999999999999, 0.13200000000000003, 0.13200000000000003, 0.9739307976132948, 0.36047620048734513, 0.0, 0.0, 0.10727241334698683], "exploration_rate": 0.1}