{"step": 2380000, "timestamp": "2026-03-24T12:13:21.955116", "purpose_state": [0.17600000000000002, 0.13200000000000014, 0.43999999999999984, 0.13200000000000003, 0.9739307976132947, 0.3919654813718502, 0.0, 0.0, 0.10710634043406979], "exploration_rate": 0.1}