{"step": 2220000, "timestamp": "2026-03-24T11:45:58.600203", "purpose_state": [0.17600000000000002, 0.13200000000000014, 0.43999999999999984, 0.13200000000000003, 0.9739307976132947, 0.40340660488174673, 0.0, 0.0, 0.1091934474360685], "exploration_rate": 0.1}