{"step": 2020000, "timestamp": "2026-03-24T11:11:41.025003", "purpose_state": [0.17600000000000007, 0.4399999999999999, 0.13200000000000003, 0.13200000000000003, 0.9739307976132948, 0.32686171438904277, 0.0, 0.0, 0.11128460648445222], "exploration_rate": 0.1}