{"step": 2440000, "timestamp": "2026-03-24T12:23:37.938074", "purpose_state": [0.17600000000000002, 0.13200000000000014, 0.43999999999999984, 0.13200000000000003, 0.9739307976132947, 0.37274065462526296, 0.0, 0.0, 0.10864990596935259], "exploration_rate": 0.1}