{"step": 2520000, "timestamp": "2026-03-24T12:37:20.028963", "purpose_state": [0.17600000000000002, 0.13200000000000014, 0.43999999999999984, 0.13200000000000003, 0.9739307976132947, 0.41600123774177034, 0.0, 0.0, 0.10769241641855858], "exploration_rate": 0.1}