{"step": 1740000, "timestamp": "2026-03-24T10:23:37.898098", "purpose_state": [0.17600000000000007, 0.4399999999999999, 0.13200000000000003, 0.13200000000000003, 0.9739307976132948, 0.3296562027226018, 0.0, 0.0, 0.10916787225704944], "exploration_rate": 0.1}