{"step": 2620000, "timestamp": "2026-03-24T12:54:27.053324", "purpose_state": [0.17600000000000002, 0.13200000000000014, 0.43999999999999984, 0.13200000000000003, 0.9739307976132947, 0.38906038622037864, 0.0, 0.0, 0.10805825298964797], "exploration_rate": 0.1}