{"step": 2720000, "timestamp": "2026-03-24T13:11:34.058836", "purpose_state": [0.17600000000000002, 0.13200000000000014, 0.43999999999999984, 0.13200000000000003, 0.9739307976132947, 0.38449795541192844, 0.0, 0.0, 0.10724134845030842], "exploration_rate": 0.1}