{"step": 1720000, "timestamp": "2026-03-24T09:58:17.659312", "purpose_state": [0.17600000000000027, 0.4399999999999997, 0.13200000000000003, 0.13200000000000003, 0.9739307976132947, 0.39753407472556745, 0.0, 0.0, 0.1062181649685077], "exploration_rate": 0.1}