{"step": 2240000, "timestamp": "2026-03-24T11:49:23.714373", "purpose_state": [0.17600000000000002, 0.13200000000000014, 0.43999999999999984, 0.13200000000000003, 0.9739307976132947, 0.4024467760242776, 0.0, 0.0, 0.10801362173053357], "exploration_rate": 0.1}