{"step": 2500000, "timestamp": "2026-03-24T12:33:54.697892", "purpose_state": [0.17600000000000002, 0.13200000000000014, 0.43999999999999984, 0.13200000000000003, 0.9739307976132947, 0.4147242143661126, 0.0, 0.0, 0.10917942029350447], "exploration_rate": 0.1}