{"step": 2660000, "timestamp": "2026-03-24T13:01:17.648303", "purpose_state": [0.17600000000000002, 0.13200000000000014, 0.43999999999999984, 0.13200000000000003, 0.9739307976132947, 0.4102275309288143, 0.0, 0.0, 0.11009526381572324], "exploration_rate": 0.1}