{"step": 2400000, "timestamp": "2026-03-24T12:16:47.403489", "purpose_state": [0.17600000000000002, 0.13200000000000014, 0.43999999999999984, 0.13200000000000003, 0.9739307976132947, 0.4051687847429779, 0.0, 0.0, 0.10749294156713755], "exploration_rate": 0.1}