{"step": 2300000, "timestamp": "2026-03-24T11:59:40.248266", "purpose_state": [0.17600000000000002, 0.13200000000000014, 0.43999999999999984, 0.13200000000000003, 0.9739307976132947, 0.41414431059655743, 0.0, 0.0, 0.11006666044090894], "exploration_rate": 0.1}