{"step": 2160000, "timestamp": "2026-03-24T11:35:41.417508", "purpose_state": [0.17600000000000007, 0.3718584070796459, 0.20014159292035402, 0.13200000000000003, 0.960302479029224, 0.3156974514338319, 0.0, 0.0, 0.10919593910702381], "exploration_rate": 0.1}