{"step": 2040000, "timestamp": "2026-03-24T11:15:06.995826", "purpose_state": [0.17600000000000007, 0.4399999999999999, 0.13200000000000003, 0.13200000000000003, 0.9739307976132948, 0.34171079304834173, 0.0, 0.0, 0.10993528331939612], "exploration_rate": 0.1}