{"step": 1900000, "timestamp": "2026-03-24T10:51:06.227027", "purpose_state": [0.17600000000000007, 0.4399999999999999, 0.13200000000000003, 0.13200000000000003, 0.9739307976132948, 0.31900511797179454, 0.0, 0.0, 0.1082969734769396], "exploration_rate": 0.1}