{"step": 2700000, "timestamp": "2026-03-24T13:08:08.712271", "purpose_state": [0.17600000000000002, 0.13200000000000014, 0.43999999999999984, 0.13200000000000003, 0.9739307976132947, 0.37429465274043283, 0.0, 0.0, 0.10929735152921607], "exploration_rate": 0.1}