{"step": 2600000, "timestamp": "2026-03-24T12:51:01.649812", "purpose_state": [0.17600000000000002, 0.13200000000000014, 0.43999999999999984, 0.13200000000000003, 0.9739307976132947, 0.40593056707668373, 0.0, 0.0, 0.1103563745106523], "exploration_rate": 0.1}