{"step": 2560000, "timestamp": "2026-03-24T12:44:11.120183", "purpose_state": [0.17600000000000002, 0.13200000000000014, 0.43999999999999984, 0.13200000000000003, 0.9739307976132947, 0.40042637588365876, 0.0, 0.0, 0.10538814198917251], "exploration_rate": 0.1}