{"step": 2140000, "timestamp": "2026-03-24T11:32:15.748683", "purpose_state": [0.17600000000000007, 0.4399999999999999, 0.13200000000000003, 0.13200000000000003, 0.9739307976132948, 0.3069238328984045, 0.0, 0.0, 0.1098556025815138], "exploration_rate": 0.1}