{"step": 1820000, "timestamp": "2026-03-24T10:37:22.052845", "purpose_state": [0.17600000000000007, 0.4399999999999999, 0.13200000000000003, 0.13200000000000003, 0.9739307976132948, 0.35053054206014883, 0.0, 0.0, 0.1093521514216723], "exploration_rate": 0.1}