{"step": 2060000, "timestamp": "2026-03-24T11:18:32.707302", "purpose_state": [0.17600000000000007, 0.4399999999999999, 0.13200000000000003, 0.13200000000000003, 0.9739307976132948, 0.3359501897241313, 0.0, 0.0, 0.1075670292812525], "exploration_rate": 0.1}