{"step": 2360000, "timestamp": "2026-03-24T12:09:56.388672", "purpose_state": [0.17600000000000002, 0.13200000000000014, 0.43999999999999984, 0.13200000000000003, 0.9739307976132947, 0.40709546801481844, 0.0, 0.0, 0.10777335955611472], "exploration_rate": 0.1}