{"step": 1760000, "timestamp": "2026-03-24T10:27:04.318425", "purpose_state": [0.17600000000000007, 0.4399999999999999, 0.13200000000000003, 0.13200000000000003, 0.9739307976132948, 0.3314176939571649, 0.0, 0.0, 0.107220545336313], "exploration_rate": 0.1}