{"step": 1920000, "timestamp": "2026-03-24T10:54:32.040068", "purpose_state": [0.17600000000000007, 0.4399999999999999, 0.13200000000000003, 0.13200000000000003, 0.9739307976132948, 0.3367878780077015, 0.0, 0.0, 0.10956644075639838], "exploration_rate": 0.1}