{"step": 2820000, "timestamp": "2026-03-24T13:28:40.998189", "purpose_state": [0.17600000000000002, 0.13200000000000014, 0.43999999999999984, 0.13200000000000003, 0.9739307976132947, 0.39832574488257966, 0.0, 0.0, 0.10904479034674945], "exploration_rate": 0.1}