{"step": 2340000, "timestamp": "2026-03-24T12:06:31.193807", "purpose_state": [0.17600000000000002, 0.13200000000000014, 0.43999999999999984, 0.13200000000000003, 0.9739307976132947, 0.44229101090063355, 0.0, 0.0, 0.10790397807739793], "exploration_rate": 0.1}