{"step": 1960000, "timestamp": "2026-03-24T11:01:23.471725", "purpose_state": [0.17600000000000007, 0.4399999999999999, 0.13200000000000003, 0.13200000000000003, 0.9739307976132948, 0.3303803489713868, 0.0, 0.0, 0.10901729456264866], "exploration_rate": 0.1}