{"step": 2780000, "timestamp": "2026-03-24T13:21:50.017207", "purpose_state": [0.17600000000000002, 0.13200000000000014, 0.43999999999999984, 0.13200000000000003, 0.9739307976132947, 0.39953742707649453, 0.0, 0.0, 0.10611391984567609], "exploration_rate": 0.1}