{"step": 2120000, "timestamp": "2026-03-24T11:28:49.937820", "purpose_state": [0.17600000000000007, 0.4399999999999999, 0.13200000000000003, 0.13200000000000003, 0.9739307976132948, 0.34508447354352645, 0.0, 0.0, 0.10738754156325218], "exploration_rate": 0.1}