{"step": 2880000, "timestamp": "2026-03-24T13:38:56.810411", "purpose_state": [0.17600000000000002, 0.13200000000000014, 0.43999999999999984, 0.13200000000000003, 0.9739307976132947, 0.4019161143220731, 0.0, 0.0, 0.1071497485534824], "exploration_rate": 0.1}