{"step": 2320000, "timestamp": "2026-03-24T12:03:05.602888", "purpose_state": [0.17600000000000002, 0.13200000000000014, 0.43999999999999984, 0.13200000000000003, 0.9739307976132947, 0.40224879187928914, 0.0, 0.0, 0.10822407072363872], "exploration_rate": 0.1}