{"step": 1940000, "timestamp": "2026-03-24T10:57:57.777580", "purpose_state": [0.17600000000000007, 0.4399999999999999, 0.13200000000000003, 0.13200000000000003, 0.9739307976132948, 0.3517012495665854, 0.0, 0.0, 0.10943091246164384], "exploration_rate": 0.1}