{"step": 1800000, "timestamp": "2026-03-24T10:33:56.181602", "purpose_state": [0.17600000000000007, 0.4399999999999999, 0.13200000000000003, 0.13200000000000003, 0.9739307976132948, 0.30797174425774904, 0.0, 0.0, 0.11143507971215173], "exploration_rate": 0.1}