{"step": 1780000, "timestamp": "2026-03-24T10:30:30.252013", "purpose_state": [0.17600000000000007, 0.4399999999999999, 0.13200000000000003, 0.13200000000000003, 0.9739307976132948, 0.34918495522632864, 0.0, 0.0, 0.10938629369934773], "exploration_rate": 0.1}