{"step": 1960000, "timestamp": "2026-03-24T10:57:57.508048", "purpose_state": [0.17600000000000007, 0.4399999999999999, 0.13200000000000003, 0.13200000000000003, 0.9739307976132948, 0.3274408783416824, 0.0, 0.0, 0.10963691050635356], "exploration_rate": 0.1}