{"step": 2060000, "timestamp": "2026-03-24T11:15:06.785298", "purpose_state": [0.17600000000000007, 0.4399999999999999, 0.13200000000000003, 0.13200000000000003, 0.9739307976132948, 0.32740652647883606, 0.0, 0.0, 0.10721130029014977], "exploration_rate": 0.1}