{"step": 1740000, "timestamp": "2026-03-24T09:58:18.445219", "purpose_state": [0.17600000000000027, 0.4399999999999997, 0.13200000000000003, 0.13200000000000003, 0.9739307976132947, 0.4203325820102103, 0.0, 0.0, 0.1075945704436224], "exploration_rate": 0.1}