{"step": 2160000, "timestamp": "2026-03-24T11:32:15.687609", "purpose_state": [0.17600000000000007, 0.3718584070796459, 0.20014159292035402, 0.13200000000000003, 0.960302479029224, 0.36946580569491483, 0.0, 0.0, 0.11130004825579301], "exploration_rate": 0.1}