{"step": 2120000, "timestamp": "2026-03-24T11:25:23.958769", "purpose_state": [0.17600000000000007, 0.4399999999999999, 0.13200000000000003, 0.13200000000000003, 0.9739307976132948, 0.33796136497323925, 0.0, 0.0, 0.10990654645044867], "exploration_rate": 0.1}