{"step": 2440000, "timestamp": "2026-03-24T12:20:12.805093", "purpose_state": [0.17600000000000002, 0.13200000000000014, 0.43999999999999984, 0.13200000000000003, 0.9739307976132947, 0.4427338520527614, 0.0, 0.0, 0.1091262193993607], "exploration_rate": 0.1}