{"step": 2420000, "timestamp": "2026-03-24T12:16:47.500260", "purpose_state": [0.17600000000000002, 0.13200000000000014, 0.43999999999999984, 0.13200000000000003, 0.9739307976132947, 0.42969269325922643, 0.0, 0.0, 0.11042413455274237], "exploration_rate": 0.1}