{"step": 1760000, "timestamp": "2026-03-24T10:23:37.724671", "purpose_state": [0.17600000000000007, 0.4399999999999999, 0.13200000000000003, 0.13200000000000003, 0.9739307976132948, 0.3073067102550864, 0.0, 0.0, 0.11056697459805413], "exploration_rate": 0.1}