{"step": 1860000, "timestamp": "2026-03-24T10:40:48.140790", "purpose_state": [0.17600000000000007, 0.4399999999999999, 0.13200000000000003, 0.13200000000000003, 0.9739307976132948, 0.3271823657845504, 0.0, 0.0, 0.11163439033977281], "exploration_rate": 0.1}