{"step": 2140000, "timestamp": "2026-03-24T11:28:49.977622", "purpose_state": [0.17600000000000007, 0.4399999999999999, 0.13200000000000003, 0.13200000000000003, 0.9739307976132948, 0.3199724417344857, 0.0, 0.0, 0.10922610894231931], "exploration_rate": 0.1}