{"step": 1820000, "timestamp": "2026-03-24T10:33:55.948713", "purpose_state": [0.17600000000000007, 0.4399999999999999, 0.13200000000000003, 0.13200000000000003, 0.9739307976132948, 0.340203998133571, 0.0, 0.0, 0.10759722792618455], "exploration_rate": 0.1}