{"step": 2540000, "timestamp": "2026-03-24T12:37:20.018763", "purpose_state": [0.17600000000000002, 0.13200000000000014, 0.43999999999999984, 0.13200000000000003, 0.9739307976132947, 0.435661879802796, 0.0, 0.0, 0.10859366688798366], "exploration_rate": 0.1}