{"step": 2280000, "timestamp": "2026-03-24T11:52:49.276086", "purpose_state": [0.17600000000000002, 0.13200000000000014, 0.43999999999999984, 0.13200000000000003, 0.9739307976132947, 0.46635949141443117, 0.0, 0.0, 0.10993640509942], "exploration_rate": 0.1}