{"step": 2000000, "timestamp": "2026-03-24T11:04:49.365638", "purpose_state": [0.17600000000000007, 0.4399999999999999, 0.13200000000000003, 0.13200000000000003, 0.9739307976132948, 0.3599870499521334, 0.0, 0.0, 0.1081129235099646], "exploration_rate": 0.1}