{"step": 2600000, "timestamp": "2026-03-24T12:47:36.323583", "purpose_state": [0.17600000000000002, 0.13200000000000014, 0.43999999999999984, 0.13200000000000003, 0.9739307976132947, 0.47011656297380106, 0.0, 0.0, 0.10885823524031545], "exploration_rate": 0.1}