{"step": 2180000, "timestamp": "2026-03-24T11:35:41.199815", "purpose_state": [0.17600000000000002, 0.13200000000000014, 0.43999999999999984, 0.13200000000000003, 0.9739307976132947, 0.4609593923831272, 0.0, 0.0, 0.10762279623378498], "exploration_rate": 0.1}