{"step": 1880000, "timestamp": "2026-03-24T10:44:14.231014", "purpose_state": [0.17600000000000007, 0.4399999999999999, 0.13200000000000003, 0.13200000000000003, 0.9739307976132948, 0.3279785089659458, 0.0, 0.0, 0.1067003438187838], "exploration_rate": 0.1}