{"step": 1800000, "timestamp": "2026-03-24T10:30:30.008837", "purpose_state": [0.17600000000000007, 0.4399999999999999, 0.13200000000000003, 0.13200000000000003, 0.9739307976132948, 0.3476398212450824, 0.0, 0.0, 0.10915689638685332], "exploration_rate": 0.1}