{"step": 2100000, "timestamp": "2026-03-24T11:21:58.197240", "purpose_state": [0.17600000000000007, 0.4399999999999999, 0.13200000000000003, 0.13200000000000003, 0.9739307976132948, 0.3402958981305411, 0.0, 0.0, 0.10983465475360604], "exploration_rate": 0.1}