{"step": 2220000, "timestamp": "2026-03-24T11:42:32.612598", "purpose_state": [0.17600000000000002, 0.13200000000000014, 0.43999999999999984, 0.13200000000000003, 0.9739307976132947, 0.46662485345785026, 0.0, 0.0, 0.10870571487379098], "exploration_rate": 0.1}