{"step": 1980000, "timestamp": "2026-03-24T11:01:23.380522", "purpose_state": [0.17600000000000007, 0.4399999999999999, 0.13200000000000003, 0.13200000000000003, 0.9739307976132948, 0.34159215472767923, 0.0, 0.0, 0.10851479065725922], "exploration_rate": 0.1}