{"step": 2020000, "timestamp": "2026-03-24T11:08:15.193003", "purpose_state": [0.17600000000000007, 0.4399999999999999, 0.13200000000000003, 0.13200000000000003, 0.9739307976132948, 0.33127850418912835, 0.0, 0.0, 0.10675492695211565], "exploration_rate": 0.1}