{"step": 2200000, "timestamp": "2026-03-24T11:39:06.773152", "purpose_state": [0.17600000000000002, 0.13200000000000014, 0.43999999999999984, 0.13200000000000003, 0.9739307976132947, 0.43377484243284026, 0.0, 0.0, 0.10872695749771441], "exploration_rate": 0.1}