{"step": 2580000, "timestamp": "2026-03-24T12:44:10.906779", "purpose_state": [0.17600000000000002, 0.13200000000000014, 0.43999999999999984, 0.13200000000000003, 0.9739307976132947, 0.44790012479800395, 0.0, 0.0, 0.10714171364203202], "exploration_rate": 0.1}