{"step": 1780000, "timestamp": "2026-03-24T10:27:03.942360", "purpose_state": [0.17600000000000007, 0.4399999999999999, 0.13200000000000003, 0.13200000000000003, 0.9739307976132948, 0.3313918994092778, 0.0, 0.0, 0.10750759620623858], "exploration_rate": 0.1}