{"step": 1840000, "timestamp": "2026-03-24T10:37:21.882315", "purpose_state": [0.17600000000000007, 0.4399999999999999, 0.13200000000000003, 0.13200000000000003, 0.9739307976132948, 0.32175478201345364, 0.0, 0.0, 0.10907843079811806], "exploration_rate": 0.1}