{"step": 1900000, "timestamp": "2026-03-24T10:47:40.070863", "purpose_state": [0.17600000000000007, 0.4399999999999999, 0.13200000000000003, 0.13200000000000003, 0.9739307976132948, 0.3300501371908432, 0.0, 0.0, 0.10778653276637563], "exploration_rate": 0.1}