{"step": 2560000, "timestamp": "2026-03-24T12:40:45.417787", "purpose_state": [0.17600000000000002, 0.13200000000000014, 0.43999999999999984, 0.13200000000000003, 0.9739307976132947, 0.4713682544779536, 0.0, 0.0, 0.1098595750566828], "exploration_rate": 0.1}