{"step": 2800000, "timestamp": "2026-03-24T13:21:50.260800", "purpose_state": [0.17600000000000002, 0.13200000000000014, 0.43999999999999984, 0.13200000000000003, 0.9739307976132947, 0.4388662834198862, 0.0, 0.0, 0.10902727133727065], "exploration_rate": 0.1}