{"step": 2380000, "timestamp": "2026-03-24T12:09:56.737263", "purpose_state": [0.17600000000000002, 0.13200000000000014, 0.43999999999999984, 0.13200000000000003, 0.9739307976132947, 0.45440463832720734, 0.0, 0.0, 0.10683876455370322], "exploration_rate": 0.1}