{"step": 2760000, "timestamp": "2026-03-24T13:14:59.801839", "purpose_state": [0.17600000000000002, 0.13200000000000014, 0.43999999999999984, 0.13200000000000003, 0.9739307976132947, 0.46130735541410495, 0.0, 0.0, 0.10812077299908084], "exploration_rate": 0.1}