{"step": 2080000, "timestamp": "2026-03-24T11:18:32.564276", "purpose_state": [0.17600000000000007, 0.4399999999999999, 0.13200000000000003, 0.13200000000000003, 0.9739307976132948, 0.32262674635100896, 0.0, 0.0, 0.10925067766045356], "exploration_rate": 0.1}