{"step": 2860000, "timestamp": "2026-03-24T13:32:06.213937", "purpose_state": [0.17600000000000002, 0.13200000000000014, 0.43999999999999984, 0.13200000000000003, 0.9739307976132947, 0.49359021173025985, 0.0, 0.0, 0.1078183147372964], "exploration_rate": 0.1}