{"step": 2460000, "timestamp": "2026-03-24T12:23:37.982516", "purpose_state": [0.17600000000000002, 0.13200000000000014, 0.43999999999999984, 0.13200000000000003, 0.9739307976132947, 0.4726574271229914, 0.0, 0.0, 0.10935721663910161], "exploration_rate": 0.1}