{"step": 2040000, "timestamp": "2026-03-24T11:11:41.040094", "purpose_state": [0.17600000000000007, 0.4399999999999999, 0.13200000000000003, 0.13200000000000003, 0.9739307976132948, 0.31068812974321314, 0.0, 0.0, 0.10608314236035482], "exploration_rate": 0.1}