{"step": 2480000, "timestamp": "2026-03-24T12:27:03.498444", "purpose_state": [0.17600000000000002, 0.13200000000000014, 0.43999999999999984, 0.13200000000000003, 0.9739307976132947, 0.43637110577948657, 0.0, 0.0, 0.10925821266630872], "exploration_rate": 0.1}