{"step": 2340000, "timestamp": "2026-03-24T12:03:05.677212", "purpose_state": [0.17600000000000002, 0.13200000000000014, 0.43999999999999984, 0.13200000000000003, 0.9739307976132947, 0.43051752970591606, 0.0, 0.0, 0.10907659228401022], "exploration_rate": 0.1}