{"step": 1920000, "timestamp": "2026-03-24T10:51:06.043430", "purpose_state": [0.17600000000000007, 0.4399999999999999, 0.13200000000000003, 0.13200000000000003, 0.9739307976132948, 0.36102192102969877, 0.0, 0.0, 0.10721835013537581], "exploration_rate": 0.1}