{"step": 2520000, "timestamp": "2026-03-24T12:33:54.687435", "purpose_state": [0.17600000000000002, 0.13200000000000014, 0.43999999999999984, 0.13200000000000003, 0.9739307976132947, 0.42818971972437686, 0.0, 0.0, 0.10892709599852628], "exploration_rate": 0.1}