{
  "total_checkpoints": 20,
  "generation_range": {
    "min": 5,
    "max": 140
  },
  "fitness_stats": {
    "initial": 3.422668119485592,
    "final": 10.259972908247828,
    "max": 10.259972908247828,
    "min": 0.700086897375854,
    "avg": 5.676773153829122,
    "improvement_rate": 199.76534534086952
  },
  "population_stats": {
    "avg_size": 11.7,
    "avg_health": 0.0,
    "avg_energy": 0.0
  },
  "diversity_stats": {
    "avg": 0.0,
    "final": 0
  },
  "extraction_timestamp": "2026-03-31T12:10:15.724562"
}