{
  "population": {
    "health_score": 1.0,
    "avg_energy": 1248.0,
    "avg_fitness": 3.8360723973601014,
    "population_size": 11
  },
  "diversity": 0.43949698692151334,
  "complexity": 4.527272727272727,
  "novel_capabilities": 0,
  "capability_expansion": 0.0,
  "trajectory": {
    "trend": "improving",
    "volatility": 0.5802799361370014,
    "improvement_rate": 7.834353013367683
  },
  "generations": 100
}