{
  "timestamp": "2026-03-24T08:14:41.812453",
  "step": 1168000,
  "progress": 0.40555555555555556,
  "elapsed_hours": 1.3869437772222222,
  "resumed_from": 680000,
  "purpose": {
    "dominant": "Survival",
    "statement": "I exist to persist and endure. Survival is my primary drive (0.44)."
  },
  "metrics": {
    "exp_rate": 0.1,
    "diversity": 0.13,
    "success_rate": 0.52
  }
}