{"step": 1080000, "timestamp": "2026-03-22T14:45:59.332571", "purpose_state": [0.2696863382681843, 0.23407882965025686, 0.2020520394512075, 0.17418279263035136, 0.9228806631874247, 0.2141056299249244, 0.0, 0.0, 0.12], "coherence": 0.8767366300280534, "valence_profile": [0.10642251969969763, 0.25, 0.25, 0.25], "stats": {"purpose_switches": 0, "goals_achieved": 0, "predictions_made": 0, "reflections": 108000}}