{"step": 1090000, "timestamp": "2026-03-22T14:50:13.913291", "purpose_state": [0.3854713813704338, 0.18035749620607708, 0.16872152870891086, 0.1454495937145783, 0.9984535353384709, 0.24443101271943868, 0.0, 0.0, 0.12], "coherence": 0.9485308585715473, "valence_profile": [0.22772405087775469, 0.25, 0.25, 0.25], "stats": {"purpose_switches": 0, "goals_achieved": 0, "predictions_made": 0, "reflections": 109000}}