{"step": 1070000, "timestamp": "2026-03-22T14:41:34.279587", "purpose_state": [0.25040650406504045, 0.24325203252032515, 0.20747967479674806, 0.17886178861788632, 1.0, 0.23622164654368596, 0.0, 0.0, 0.12], "coherence": 0.95, "valence_profile": [0.1948865861747439, 0.25, 0.25, 0.25], "stats": {"purpose_switches": 0, "goals_achieved": 0, "predictions_made": 0, "reflections": 107000}}