cycle,concept_error,concept_stability,concept_dim,self_model_accuracy,meta_triggered,num_goals,goal_stability,revisit_bias
0,0.25675872475201905,0.5,4,0.0,0,0,0,0.0
1,0.26315404834048833,0.5,4,0.0,0,0,0,0.0
2,0.26349605420880773,0.5,4,0.0,0,0,0,0.0
3,0.2699540347828258,0.5,4,0.0,0,0,0,0.0
4,0.265386622444039,0.5,4,0.0,0,0,0,0.0
5,0.2619893616286459,0.5,4,0.0,0,0,0,0.0
6,0.27046118122606627,0.5,4,0.0,0,0,0,0.0
7,0.26323026783157183,0.5,4,0.125,0,0,0,0.0
8,0.266360845909614,0.5,4,0.2222222222222222,0,0,0,0.0
9,0.2740965082599732,0.5,4,0.3,0,0,0,0.0
10,0.2545552088487165,0.5,4,0.36363636363636365,0,0,0,0.0
11,0.2670429484958503,0.5,4,0.4166666666666667,0,0,0,0.0
12,0.2542085057587359,0.5,4,0.46153846153846156,0,0,0,0.0
13,0.2576455596694207,0.5,4,0.5,0,0,0,0.0
14,0.2692287359938831,0.5,4,0.5333333333333333,0,0,0,0.0
15,0.25282343903624,0.5,4,0.5625,0,0,0,0.0
16,0.2600924805108604,0.5,4,0.5882352941176471,0,0,0,0.0
17,0.2585100933084611,0.5,4,0.6111111111111112,0,0,0,0.0
18,0.2675651828513985,0.5,4,0.631578947368421,0,0,0,0.0
19,0.25564656769242977,0.9997731827110289,4,0.65,0,0,0,0.0
20,0.2566464789383655,0.9997726362859385,4,0.6666666666666666,0,0,0,0.0
21,0.2597371900477232,0.999797969595345,4,0.6818181818181818,0,0,0,0.0
22,0.2549753459487872,0.9997818640846725,4,0.6956521739130435,0,0,0,0.0
23,0.26615661886745157,0.9997814171189621,4,0.7083333333333334,0,0,0,0.0
24,0.263110758667712,0.9997681532900955,4,0.72,0,0,0,0.0
25,0.2663817787512094,0.9997578282623515,4,0.7307692307692307,0,0,0,0.0
26,0.26224545627949614,0.9997366741947616,4,0.7407407407407407,0,0,0,0.0
27,0.28613072469520745,0.9997506747046454,4,0.75,0,0,0,0.0
28,0.2599268669140181,0.9997759006099243,4,0.7586206896551724,0,0,0,0.0
29,0.2671998531981677,0.9997748039877893,4,0.7666666666666667,0,0,0,0.0
30,0.25265449384979405,0.9997653235105791,4,0.7741935483870968,0,0,0,0.0
31,0.27387494756343966,0.9997603310751471,4,0.78125,0,0,0,0.0
32,0.2701222013577762,0.9997777329522523,4,0.7878787878787878,0,0,0,0.0
33,0.2679825965541516,0.9997801620382154,4,0.7941176470588235,0,0,0,0.1
34,0.2744627179322633,0.9998030463716819,4,0.8,0,0,0,0.09636696406718193
35,0.2553128860905448,0.9998142466431472,4,0.8055555555555556,0,0,0,0.09749072405065559
36,0.25551507578364685,0.9998196339573434,4,0.8108108108108109,0,0,0,0.09488480150856242
37,0.25538677882916916,0.9998251368173988,4,0.8157894736842105,0,0,0,0.09795099052902626
38,0.25683001802716854,0.9998192296316916,4,0.8205128205128205,0,0,0,0.09574583445639444
39,0.2655229704125939,0.9998113432224175,4,0.825,0,0,0,0.09631342698002174
40,0.2630876144593184,0.9998090054536949,4,0.8292682926829268,0,0,0,0.09667531191371495
41,0.2610261627059971,0.9998044266162798,4,0.8333333333333334,0,0,0,0.09633794667721701
42,0.25537670139560675,0.9997950383710874,4,0.8372093023255814,0,0,0,0.09544731720868675
43,0.2627390653680579,0.9997796326179769,4,0.8409090909090909,0,0,0,0.0967185605979777
44,0.26405718836024594,0.9997845596932614,4,0.8444444444444444,0,0,0,0.09589910116971356
45,0.26226760066894916,0.9998014347720097,4,0.8478260869565217,0,0,0,0.09639042463582194
46,0.2683451791551009,0.9998203830863919,4,0.851063829787234,0,0,0,0.09579724985379681
47,0.2585031866300874,0.9998170795093372,4,0.8541666666666666,0,0,0,0.09619173099382927
48,0.25396111567701557,0.9998261950594455,4,0.8571428571428571,0,0,0,0.09634251758725908
49,0.2500252228537243,0.9998135477351483,4,0.86,0,0,0,0.09669014536784959
50,0.2637915361660093,0.9997965303197902,4,0.8627450980392157,0,0,0,0.09635832283983488
51,0.26293661474723556,0.9997924919285975,4,0.8653846153846154,0,0,0,0.09729540044479512
52,0.25702706960611377,0.9997983232926068,4,0.8679245283018868,0,0,0,0.09627749890090355
53,0.25379182827998475,0.9997945738824066,4,0.8703703703703703,0,0,0,0.0965702683899044
54,0.2593308893519936,0.9997792604709577,4,0.8727272727272727,0,0,0,0.09796119254748872
55,0.2426609244400787,0.9997704947040256,4,0.875,0,0,0,0.09695622485166318
56,0.24267136847427168,0.9997728933572545,4,0.8771929824561403,0,0,0,0.1
57,0.25786712236596737,0.9997736059882709,4,0.8793103448275862,0,0,0,0.09769823935497528
58,0.25280753219942464,0.9997711327796842,4,0.8813559322033898,0,0,0,0.1
59,0.2513532537636838,0.9998012998760507,4,0.8833333333333333,0,0,0,0.1
60,0.25927401300964076,0.9997813683595927,4,0.8852459016393442,0,0,0,0.09643713974319405
61,0.2544343281621134,0.9997669966195578,4,0.8870967741935484,0,0,0,0.09714641847160131
62,0.24240783149672746,0.9997966497467702,4,0.8888888888888888,0,0,0,0.09783952488615393
63,0.2544127693037073,0.9998041669233413,4,0.890625,0,0,0,0.09697965259852682
64,0.25895999339383313,0.9998041962509282,4,0.8923076923076924,0,0,0,0.1
65,0.25149122661576684,0.999792083965826,4,0.8939393939393939,0,0,0,0.09818413897831826
66,0.2565729008037811,0.9997787091905664,4,0.8955223880597015,0,0,0,0.09757227192341866
67,0.2528150165321504,0.9997761949168543,4,0.8970588235294118,0,0,0,0.09739428242048455
68,0.2640697299522142,0.9997659864550392,4,0.8985507246376812,0,0,0,0.0973592275502371
69,0.24890356061106134,0.9997740443079031,4,0.9,0,0,0,0.1
70,0.25208060094140095,0.9997851402631232,4,0.9014084507042254,0,0,0,0.1
71,0.25554608740898643,0.9997934854720645,4,0.9027777777777778,0,0,0,0.1
72,0.2559835337686032,0.9997862955131279,4,0.9041095890410958,0,0,0,0.1
73,0.2463332083536361,0.9997875346984727,4,0.9054054054054054,0,0,0,0.1
74,0.23846230194054416,0.999807461621962,4,0.9066666666666666,0,0,0,0.09755597741225064
75,0.25676148816795774,0.9998161907271385,4,0.9078947368421053,0,0,0,0.09750631109803627
76,0.2511536378995156,0.999806139555942,4,0.9090909090909091,0,0,0,0.09777810732695487
77,0.25057802932975937,0.999787682541098,4,0.9102564102564102,0,0,0,0.0971169253810714
78,0.2581493310724107,0.9997991057532767,4,0.9113924050632911,0,0,0,0.0977922838764452
79,0.25688449193476337,0.9997743971349224,4,0.9125,0,0,0,0.09737654770467503
80,0.2602583649344826,0.9997780125738621,4,0.9135802469135802,0,0,0,0.09767798097349019
81,0.26526901482105414,0.9998044676281581,4,0.9146341463414634,0,0,0,0.0976586319089286
82,0.25368898866163875,0.9998089171402937,4,0.9156626506024096,0,0,0,0.0975365592558179
83,0.24703381344817632,0.9997953742947755,4,0.9166666666666666,0,0,0,0.09750041201818654
84,0.2523833766122996,0.999800179337432,4,0.9176470588235294,0,0,0,0.09709717415727455
85,0.25569120283791535,0.9998054917553502,4,0.9186046511627907,0,0,0,0.09733637890066076
86,0.23912801323357474,0.9998208972006486,4,0.9195402298850575,0,0,0,0.09801178199056632
87,0.2552660739924184,0.9998274262290664,4,0.9204545454545454,0,0,0,0.09790876663592916
88,0.25851404152088514,0.9998269995104904,4,0.9213483146067416,0,0,0,0.0978808424691846
89,0.2414009654389671,0.9998221934479037,4,0.9222222222222223,0,0,0,0.0976166549022191
90,0.23972426656012802,0.9997980645108528,4,0.9230769230769231,0,0,0,0.09647292263802505
91,0.2578066594263193,0.999801005915877,4,0.9239130434782609,0,0,0,0.09796779390035354
92,0.2437624127366924,0.9997859540938292,4,0.9247311827956989,0,0,0,0.09703682001365249
93,0.24081016628483246,0.9997824147786188,4,0.925531914893617,0,0,0,0.09730679734883027
94,0.2341185642636393,0.9997821200381691,4,0.9263157894736842,0,0,0,0.09661625906337816
95,0.24628755630116647,0.9997732583244946,4,0.9270833333333334,0,0,0,0.09769636423743781
96,0.25058259872302613,0.999782038809251,4,0.9278350515463918,0,0,0,0.09715076302142008
97,0.2470809625976729,0.999800904258968,4,0.9285714285714286,0,0,0,0.09815393922066368
98,0.22991375681174425,0.9998023066924783,4,0.9292929292929293,0,0,0,0.09777812591798524
99,0.25197903427594825,0.9998090447029607,4,0.93,0,0,0,0.09772979108561114
100,0.24603515666702397,0.9989089620223477,4,0.9207920792079208,0,0,0,0.08588892839785223
101,0.2489622865542403,0.9981568284215793,4,0.9117647058823529,0,0,0,0.08522675347426491
102,0.23999885246724184,0.9973530526700916,4,0.9029126213592233,0,0,0,0.08601076663133274
103,0.2501734805112403,0.9967895718340124,4,0.8942307692307693,0,0,0,0.08648836078277619
104,0.24822323763385587,0.9960688247114571,4,0.8857142857142857,0,0,0,0.08590972840958531
105,0.24835976008592908,0.9957025115672289,4,0.8773584905660378,0,0,0,0.08609134474543634
106,0.2510935171977615,0.9953547824108928,4,0.8691588785046729,0,0,0,0.0868373950221368
107,0.23796157769380677,0.9949555958555927,4,0.8611111111111112,0,0,0,0.08602562249529064
108,0.23950921987063392,0.9947995692398797,4,0.8532110091743119,0,0,0,0.08700778643900281
109,0.24338017875566603,0.9947792226148013,4,0.8454545454545455,0,0,0,0.08692222196698769
110,0.24815195233736362,0.994988917680628,4,0.8378378378378378,0,0,0,0.08610891071676416
111,0.251978343473983,0.9949893978564324,4,0.8303571428571429,0,0,0,0.08569217165383075
112,0.24553801113197965,0.9954224159034738,4,0.8230088495575221,0,0,0,0.08669119726816082
113,0.24305578756604437,0.995670155042949,4,0.8157894736842105,0,0,0,0.08591348371957278
114,0.24995724498499305,0.9960909536246857,4,0.808695652173913,0,0,0,0.08698125457837594
115,0.24465375491475183,0.9967270065389885,4,0.8017241379310345,0,0,0,0.08601803554610929
116,0.23118144575778,0.9972972798683972,4,0.7948717948717948,0,0,0,0.08596858100399524
117,0.24233581958095524,0.9980363016740245,4,0.788135593220339,0,0,0,0.08566644490949762
118,0.22865833276460293,0.9990560968209903,4,0.7815126050420168,0,0,0,0.08619746700696415
119,0.24622351804954754,0.9997824466314906,4,0.775,0,0,0,0.08626088490857156
120,0.24279493402379992,0.9997786899231061,4,0.768595041322314,0,0,0,0.0866821519721207
121,0.2515035155610835,0.9997832093104814,4,0.7622950819672131,0,0,0,0.08593566600864841
122,0.25043254229924494,0.999784618123397,4,0.7560975609756098,0,0,0,0.08765432845903182
123,0.24864858851730334,0.9997804134259796,4,0.75,0,0,0,0.08725703939774561
124,0.23010343291984983,0.9998009305080187,4,0.744,0,0,0,0.08654503247725677
125,0.24424074763702225,0.9998027832577013,4,0.7380952380952381,0,0,0,0.08608902148843613
126,0.24857828315321737,0.9997863125545197,4,0.7322834645669292,0,0,0,0.08645413825111486
127,0.24715502741975548,0.9998205135405545,4,0.7265625,0,0,0,0.08613809049774424
128,0.23511884275289016,0.9998176557518041,4,0.7209302325581395,0,0,0,0.08649022755505986
129,0.23488652556582637,0.9998033643463241,4,0.7153846153846154,0,0,0,0.08629531835292613
130,0.2443842480255003,0.9998311356507207,4,0.7099236641221374,0,0,0,0.08666012806573477
131,0.2371304758557407,0.9997803409112311,4,0.7045454545454546,0,0,0,0.08641673020654202
132,0.2505244405920747,0.9997818186306502,4,0.6992481203007519,0,0,0,0.08629133621123425
133,0.23795152285920457,0.999768311486825,4,0.6940298507462687,0,0,0,0.08635919638317435
134,0.23619384765829543,0.999760173204569,4,0.6888888888888889,0,0,0,0.08645670935576495
135,0.23727417003385765,0.9997673830086206,4,0.6838235294117647,0,0,0,0.08695256994794241
136,0.2389090787568896,0.9997700995416519,4,0.6788321167883211,0,0,0,0.08658465619535628
137,0.24148168690421307,0.9997699665841349,4,0.6811594202898551,0,0,0,0.08690261744293026
138,0.236670745352495,0.9997636470430599,4,0.6834532374100719,0,0,0,0.08712163099221844
139,0.24879251691227858,0.9997614053996198,4,0.6857142857142857,0,0,0,0.0857065442859094
140,0.23551419708781549,0.9997584630957967,4,0.6879432624113475,0,0,0,0.08611945552357456
141,0.23981405491807856,0.9997602986402212,4,0.6901408450704225,0,0,0,0.08652355753121743
142,0.24421600225235357,0.999758156933424,4,0.6923076923076923,0,0,0,0.0863559441518677
143,0.24470010123705455,0.9997419628986701,4,0.6944444444444444,0,0,0,0.08616816066511293
144,0.2272142878356371,0.9997458328375531,4,0.696551724137931,0,0,0,0.08669881652036282
145,0.23674598365726254,0.9997503414951722,4,0.6986301369863014,0,0,0,0.08607833554245015
146,0.24038421427882745,0.999776534964285,4,0.7006802721088435,0,0,0,0.08743066493395503
147,0.23899002137165937,0.9997793202386688,4,0.7027027027027027,0,0,0,0.08726684403421468
148,0.23475380107579738,0.9997805143317434,4,0.7046979865771812,0,0,0,0.08636131521183792
149,0.227736573903699,0.9997931582954581,4,0.7066666666666667,0,0,0,0.08597142212133654
150,0.23699355648148515,0.9997890378397641,4,0.7086092715231788,0,0,0,0.08666149891120604
151,0.24932103363755026,0.9998549865774681,4,0.7105263157894737,0,0,0,0.08582405050497342
152,0.2405714152013526,0.9998643179422181,4,0.7124183006535948,0,0,0,0.0864868832368685
153,0.2528793983028213,0.9998540800037375,4,0.7142857142857143,0,0,0,0.08633778935150192
154,0.2465522240171239,0.999865057023727,4,0.7161290322580646,0,0,0,0.08722340052691371
155,0.24203964540082995,0.9998712088487847,4,0.717948717948718,0,0,0,0.08652625250791926
156,0.23618276543541084,0.999847972351332,4,0.7197452229299363,0,0,0,0.08588573977489233
157,0.23078834845047858,0.999837149907182,4,0.7215189873417721,0,0,0,0.08674423332873364
158,0.24354896311571944,0.99983406231738,4,0.7232704402515723,0,0,0,0.08662734494720287
159,0.2387572859303065,0.9998221558597369,4,0.725,0,0,0,0.08603234837496437
160,0.24598702650132254,0.999821434205485,4,0.7267080745341615,0,0,0,0.08666603265976883
161,0.22813595718870702,0.9997887384408419,4,0.7283950617283951,0,0,0,0.08598850831911073
162,0.2432264667329314,0.9997785302494444,4,0.7300613496932515,0,0,0,0.08638636608818229
163,0.24078368512124917,0.9998031059969086,4,0.7317073170731707,0,0,0,0.08605436698655744
164,0.23644498156146598,0.9998045328573352,4,0.7333333333333333,0,0,0,0.08629241548047324
165,0.2405239376919186,0.9997915827591081,4,0.7349397590361446,0,0,0,0.08690098081383683
166,0.22466344100912677,0.9997924714500629,4,0.7365269461077845,0,0,0,0.08652777504200489
167,0.23297678311391765,0.9997708347477586,4,0.7380952380952381,0,0,0,0.08582601854945769
168,0.23158455181451812,0.9997495347808644,4,0.7396449704142012,0,0,0,0.08756041635377733
169,0.2348879220882416,0.9997466699031655,4,0.7411764705882353,0,0,0,0.08633893797487154
170,0.23621110721061264,0.9997294732669679,4,0.7426900584795322,0,0,0,0.08621569144400426
171,0.23605632568401544,0.9997412960792755,4,0.7441860465116279,0,0,0,0.08598809481970715
172,0.23995946616782787,0.9997557879683293,4,0.7456647398843931,0,0,0,0.08651001288035493
173,0.24082252117987085,0.999734218852274,4,0.7471264367816092,0,0,0,0.08574819016499083
174,0.23112917043600306,0.9997152638469324,4,0.7485714285714286,0,0,0,0.08664090039824078
175,0.2352659251228807,0.9997180083931039,4,0.75,0,0,0,0.08629835320001075
176,0.23623316878128178,0.9997142575372099,4,0.751412429378531,0,0,0,0.08531942088763364
177,0.22845708761265887,0.9997241517364226,4,0.7528089887640449,0,0,0,0.0857671639128835
178,0.2270909260801608,0.9997244011410898,4,0.7541899441340782,0,0,0,0.08643663627553794
179,0.229703306530182,0.9997328234666546,4,0.7555555555555555,0,0,0,0.08671809591891669
180,0.23241637180683172,0.9997330289972146,4,0.7569060773480663,0,0,0,0.08708578572504048
181,0.23281014444940654,0.9997589797437836,4,0.7582417582417582,0,0,0,0.0856524529459955
182,0.22162523843495907,0.999777570768423,4,0.7595628415300546,0,0,0,0.08630336457819447
183,0.22315051819202752,0.9997773709021391,4,0.7608695652173914,0,0,0,0.08631738102954989
184,0.22787597769757997,0.9997665117054841,4,0.7621621621621621,0,0,0,0.08518384645697387
185,0.23144345278037426,0.9997723929439742,4,0.7634408602150538,0,0,0,0.08685058074419952
186,0.243160524762992,0.9997707130782941,4,0.7647058823529411,0,0,0,0.08611613131828769
187,0.22995445792258334,0.9997920716051064,4,0.7659574468085106,0,0,0,0.08733517858508778
188,0.24178241114745652,0.9997825953284356,4,0.7671957671957672,0,0,0,0.08647013635870998
189,0.23208956925273022,0.9997647049211923,4,0.7684210526315789,0,0,0,0.08618686768827988
190,0.23152827992091218,0.999789795058109,4,0.7696335078534031,0,0,0,0.0875588872748316
191,0.23059554298823587,0.9997812104219572,4,0.7708333333333334,0,0,0,0.08705377327371841
192,0.23190715294464337,0.9997667863040637,4,0.772020725388601,0,0,0,0.08645907216601778
193,0.23354688048873076,0.9997769069106973,4,0.7731958762886598,0,0,0,0.08683307227166692
194,0.22720749644156205,0.9997988493742587,4,0.7743589743589744,0,0,0,0.08655502045754118
195,0.23654047089591163,0.9997936811603215,4,0.7755102040816326,0,0,0,0.08615005965074904
196,0.23123550999103798,0.9998044031457489,4,0.7766497461928934,0,0,0,0.08723344140068616
197,0.23382124822904116,0.9998055981733025,4,0.7777777777777778,0,0,0,0.08594674649835042
198,0.23231071615551613,0.9998113451710199,4,0.7788944723618091,0,0,0,0.08665200065273704
199,0.22769862762093235,0.9998164609169563,4,0.78,0,0,0,0.08696900959213423
200,0.2298574879079447,0.998993578919455,4,0.7761194029850746,0,0,0,0.09805359104014544
201,0.2167072925296047,0.998108960491694,4,0.7722772277227723,0,0,0,0.09720449827973006
202,0.23892311000535077,0.997390165680994,4,0.7684729064039408,0,0,0,0.09737727083464881
203,0.2318484585125375,0.9969324164036947,4,0.7647058823529411,0,0,0,0.09733983058889574
204,0.23607208912304717,0.9963266127124566,4,0.7609756097560976,0,0,0,0.09712585419582115
205,0.22959405409284853,0.9959810174578938,4,0.7572815533980582,0,0,0,0.09763811489463979
206,0.2374593196918797,0.9955760395300195,4,0.7536231884057971,0,0,0,0.0973488203334485
207,0.23368189918158927,0.9951857038874549,4,0.75,0,0,0,0.09748047624505879
208,0.23175426890586226,0.9952590262986383,4,0.7464114832535885,0,0,0,0.09792359962870022
209,0.2457091070640049,0.9952820806707725,4,0.7428571428571429,0,0,0,0.0972805350435871
210,0.22767506973541632,0.995437527063642,4,0.7393364928909952,0,0,0,0.09786902129159442
211,0.2361761881809293,0.995498278715344,4,0.7358490566037735,0,0,0,0.09686136515530108
212,0.21112188083731664,0.9958653352365268,4,0.7323943661971831,0,0,0,0.09737863901423342
213,0.23259319185831312,0.9960534644484065,4,0.7289719626168224,0,0,0,0.09691958166801953
214,0.2232946301994245,0.9963696205305413,4,0.7255813953488373,0,0,0,0.09680224162156974
215,0.22297469426274533,0.9968547925902045,4,0.7222222222222222,0,0,0,0.09730857010454896
216,0.2373192675630688,0.9974230115487424,4,0.7188940092165899,0,0,0,0.09741425900619471
217,0.24390235368104674,0.9982001235790195,4,0.7155963302752294,0,0,0,0.09664769714039279
218,0.24237346909663732,0.9989202721240694,4,0.7123287671232876,0,0,0,0.0972271944457897
219,0.22484869960796977,0.9997456838542859,4,0.7090909090909091,0,0,0,0.09799336842592508
220,0.23539730440436574,0.9997447790470398,4,0.7058823529411765,0,0,0,0.09773133067041309
221,0.23007635300554727,0.9997402115579939,4,0.7027027027027027,0,0,0,0.0969035113821536
222,0.23263247885120356,0.9997379010236676,4,0.6995515695067265,0,0,0,0.09697874582974474
223,0.22681845330194572,0.9997173382290264,4,0.6964285714285714,0,0,0,0.09738859402284636
224,0.23069002765774288,0.9997220947560884,4,0.6933333333333334,0,0,0,0.0977099452153996
225,0.23158467642107242,0.9997027575594924,4,0.6946902654867256,0,0,0,0.09768029136663084
226,0.24445564942415549,0.9997129017155957,4,0.6960352422907489,0,0,0,0.09774442867658478
227,0.23075189378597527,0.9997234320405906,4,0.6973684210526315,0,0,0,0.09784236529946487
228,0.2323347299571944,0.9997372184931267,4,0.6986899563318777,0,0,0,0.09742506400678586
229,0.23135452709690502,0.9997359636442916,4,0.7,0,0,0,0.09668525632882702
230,0.23814720001127837,0.9997294951624235,4,0.7012987012987013,0,0,0,0.09744353001449274
231,0.22755320079306612,0.9997166025222533,4,0.7025862068965517,0,0,0,0.09734678463343002
232,0.23624791411847332,0.9997164174269719,4,0.703862660944206,0,0,0,0.0976715424860139
233,0.22757924434521454,0.9997304815236062,4,0.7051282051282052,0,0,0,0.09771426776194089
234,0.23069195769971662,0.999749976518213,4,0.7063829787234043,0,0,0,0.09816613701750461
235,0.24000247471864622,0.9997886502467319,4,0.7076271186440678,0,0,0,0.09778053713551131
236,0.2256364488155283,0.9998017151628891,4,0.7088607594936709,0,0,0,0.09720549250129987
237,0.21804527894459727,0.999800267613917,4,0.7100840336134454,0,0,0,0.09854206367874224
238,0.22954333772463498,0.9997913725615152,4,0.7112970711297071,0,0,0,0.09729808753353347
239,0.21554259539686524,0.9997913912846824,4,0.7125,0,0,0,0.09737177621880899
240,0.22916026170679904,0.9997905840130635,4,0.7136929460580913,0,0,0,0.09777413557555138
241,0.2379399523811328,0.9997812211855533,4,0.7148760330578512,0,0,0,0.09780933291941833
242,0.24332904884071122,0.9997847713796886,4,0.7160493827160493,1,0,0,0.09724899617024213
243,0.21903120852839614,0.9998107866951635,4,0.7172131147540983,1,0,0,0.09724771896324576
244,0.2301980541809922,0.9998128074273946,4,0.7183673469387755,1,0,0,0.09751806300994598
245,0.22490232939932586,0.9998318307369713,4,0.7195121951219512,1,0,0,0.09778568053068909
246,0.2157071820754387,0.9998402122148038,4,0.7206477732793523,1,0,0,0.09700483727311293
247,0.23394727909711055,0.9998402770177206,4,0.7217741935483871,1,0,0,0.09825415005716837
248,0.2343500396708232,0.9998209679116449,4,0.7228915662650602,1,0,0,0.09699864489435525
249,0.2453320899182017,0.9998243416542278,4,0.724,1,0,0,0.09766629894858886
250,0.211823192271392,0.9998142740729665,4,0.7250996015936255,1,0,0,0.09765921683002624
251,0.21608609445191318,0.9998389727753678,4,0.7261904761904762,1,0,0,0.09684704316217427
252,0.22171772513999308,0.9998372709014228,4,0.7272727272727273,1,0,0,0.09728171931537063
253,0.21952620139282547,0.9997988633539762,4,0.7283464566929134,1,0,0,0.09698388265817252
254,0.22676649526157316,0.999812293794855,4,0.7294117647058823,1,0,0,0.09741429800317376
255,0.23230740021303983,0.9997945118450016,4,0.73046875,1,0,0,0.09681082105191653
256,0.21916871565577728,0.9997987379094874,4,0.7315175097276264,1,0,0,0.09772746633260823
257,0.22646071731348227,0.9997870982436872,4,0.7325581395348837,1,0,0,0.09714487208231709
258,0.22518571074926652,0.9997884648633764,4,0.7335907335907336,1,0,0,0.09734179011092071
259,0.22959144822112748,0.9997897513226491,4,0.7346153846153847,1,0,0,0.0965183809786715
260,0.22244872728679888,0.9997872740803113,4,0.735632183908046,1,0,0,0.09733327478582977
261,0.22622063229277217,0.9997988612764042,4,0.7366412213740458,1,0,0,0.0977680293314202
262,0.22700533770528877,0.9997840607014328,4,0.7376425855513308,1,0,0,0.09749232141453966
263,0.22667726310286712,0.999793434406752,4,0.7386363636363636,1,0,0,0.09783040709018309
264,0.2269540866905377,0.9997906593241621,4,0.7396226415094339,1,0,0,0.09738423165384362
265,0.22993778364117728,0.9997909938124514,4,0.7406015037593985,1,0,0,0.09759359750086836
266,0.23360052216126742,0.9997909568490286,4,0.7415730337078652,1,0,0,0.09769128203216232
267,0.2262750647424917,0.9997879704145841,4,0.7425373134328358,1,0,0,0.09754811720109578
268,0.2362178761790003,0.9997897272664178,4,0.7434944237918215,1,0,0,0.09798416054926988
269,0.22530239789451234,0.9997866359999507,4,0.7444444444444445,1,0,0,0.09724724888374718
270,0.2364540704371229,0.9997848402048908,4,0.7453874538745388,1,0,0,0.09728792179834289
271,0.23348181619668854,0.9997863843644721,4,0.7463235294117647,1,0,0,0.09756585803443546
272,0.22391631503564197,0.999791104269291,4,0.7472527472527473,1,0,0,0.0977800834809181
273,0.22736832047084443,0.9998259303112951,4,0.7481751824817519,1,0,0,0.09764975543243451
274,0.21651839586097382,0.9998033664992427,4,0.7490909090909091,1,0,0,0.09756640975212867
275,0.22101787537234596,0.999798793719699,4,0.75,1,0,0,0.09797005200308087
276,0.21103476164713497,0.9997989091015781,4,0.7509025270758123,1,0,0,0.09824165126187835
277,0.2206819392612246,0.9998193495562062,4,0.7517985611510791,1,0,0,0.09814377246683977
278,0.22137016925620112,0.9998279538255791,4,0.7526881720430108,1,0,0,0.09783917132848803
279,0.2169807687724546,0.9998250398043895,4,0.7535714285714286,1,0,0,0.09813243669481882
280,0.23431782212359625,0.9998241545373557,4,0.7544483985765125,1,0,0,0.09749753766923713
281,0.21789935792942383,0.9998177573518591,4,0.7553191489361702,1,0,0,0.09723112079357397
282,0.2179617124217862,0.999826762057235,4,0.7561837455830389,1,0,0,0.09784092307591069
283,0.22882359695812354,0.9998162589250152,4,0.7570422535211268,1,0,0,0.09757109367898581
284,0.2383266989676195,0.9998189879140698,4,0.7578947368421053,1,0,0,0.09743412614592278
285,0.21725720064553455,0.9998200787733981,4,0.7587412587412588,1,0,0,0.09725337011738247
286,0.21965940838244308,0.9998137614129404,4,0.759581881533101,1,0,0,0.0979286292345482
287,0.22197211495976066,0.9997975112381668,4,0.7604166666666666,1,0,0,0.09659934337674622
288,0.21488824378171575,0.9998036089705197,4,0.7612456747404844,1,0,0,0.09805037770256361
289,0.22021273125917945,0.99981183641905,4,0.7620689655172413,1,0,0,0.09719240303336657
290,0.2287084779039343,0.9998272977489944,4,0.7628865979381443,1,0,0,0.097205680973171
291,0.23031473324313834,0.9998308919760761,4,0.7636986301369864,1,0,0,0.09745864437226931
292,0.22423929834327172,0.99982857461966,4,0.764505119453925,1,0,0,0.09766203304090175
293,0.2206824320568088,0.9998243843649981,4,0.7653061224489796,1,0,0,0.0974948687954731
294,0.22119961529706328,0.9998562929494759,4,0.7661016949152543,1,0,0,0.09845002555047883
295,0.22601132340368066,0.999859516769907,4,0.7668918918918919,1,0,0,0.09793493243689216
296,0.22308438533566516,0.9998601558256517,4,0.7676767676767676,1,0,0,0.09656810372580414
297,0.224666640679685,0.999831322061243,4,0.7684563758389261,1,0,0,0.09707925068895362
298,0.22024608562151188,0.9998326259197465,4,0.7692307692307693,1,0,0,0.09792561459084255
299,0.21925049056119497,0.9998242477429419,4,0.77,1,0,0,0.09736109171224157
300,0.22610423394242832,0.9989145062209441,4,0.7674418604651163,1,0,0,0.08572683557246165
301,0.22864153673887075,0.9981749170340947,4,0.7649006622516556,1,0,0,0.08730055013108927
302,0.21099455091289432,0.9972327655532203,4,0.7623762376237624,1,0,0,0.0859592073082423
303,0.21218722906875148,0.9965079719028267,4,0.7598684210526315,1,0,0,0.08699040310409675
304,0.21725345430163734,0.9959240985684322,4,0.7573770491803279,1,0,0,0.0860255430531389
305,0.21966682770746387,0.9956522781198558,4,0.7549019607843137,1,0,0,0.08563306948657706
306,0.21659079894487998,0.9952804152067956,4,0.752442996742671,1,0,0,0.08651229126697546
307,0.21642255337508418,0.9951001068144595,4,0.75,1,0,0,0.08673573854388089
308,0.22123487687003401,0.9948760592932634,4,0.7475728155339806,1,0,0,0.08650242017376236
309,0.22931642468691024,0.9947346951616269,4,0.7451612903225806,1,0,0,0.08715310825229755
310,0.22150122794611815,0.994923132403143,4,0.7427652733118971,1,0,0,0.08609121139207095
311,0.21740392535854067,0.9950961492655492,4,0.7403846153846154,1,0,0,0.08705008809620654
312,0.21901143905851478,0.9953558309483498,4,0.7380191693290735,1,0,0,0.08641023799126513
313,0.21708681223496185,0.9956113033149363,4,0.7356687898089171,1,0,0,0.08562186076759161
314,0.21336477434378903,0.9960460648061861,4,0.7333333333333333,1,0,0,0.0859969474663656
315,0.2167515332691451,0.9966993682143025,4,0.7310126582278481,1,0,0,0.08631004916802494
316,0.20041385941302986,0.9973188538712984,4,0.7287066246056783,1,0,0,0.08596426205886437
317,0.217483631715445,0.9979812653094479,4,0.7264150943396226,1,0,0,0.08603842104106828
318,0.22775402239589504,0.998730386854976,4,0.7241379310344828,1,0,0,0.08562780451916929
319,0.2120343676084569,0.9998287010006147,4,0.721875,1,0,0,0.08581812810430575
320,0.21826427995040046,0.9998196670353681,4,0.719626168224299,1,0,0,0.08688555137771155
321,0.21317214363855147,0.9998122643826145,4,0.717391304347826,1,0,0,0.08698727231643742
322,0.2215134786041082,0.999825096417722,4,0.7151702786377709,1,0,0,0.08671926339274601
323,0.2127793039905877,0.9998386003459663,4,0.7129629629629629,1,0,0,0.08587243886840723
324,0.2147681473063544,0.9998510211085283,4,0.7107692307692308,1,0,0,0.08554263522437977
325,0.21886069878656556,0.9998629315808685,4,0.7116564417177914,1,0,0,0.08681236648867509
326,0.2142204685811844,0.9998554367448922,4,0.7125382262996942,1,0,0,0.08650929431095947
327,0.20871936632441113,0.9998542081845175,4,0.7134146341463414,1,0,0,0.08634548728171071
328,0.20868970500797474,0.9998616297500306,4,0.7142857142857143,1,0,0,0.08613547105557046
329,0.21123419744404687,0.999842671291105,4,0.7151515151515152,1,0,0,0.08611502845106092
330,0.20827797340484505,0.9998138858816051,4,0.716012084592145,1,0,0,0.08567495411780691
331,0.22031116590751815,0.9998171276861735,4,0.7168674698795181,1,0,0,0.08630639511753274
332,0.21149364695689415,0.9998256937302583,4,0.7177177177177178,1,0,0,0.08717776507043666
333,0.20435069507699408,0.9998411625607828,4,0.718562874251497,1,0,0,0.08765800595979613
334,0.2121762231855935,0.999836437991857,4,0.7194029850746269,1,0,0,0.08597505337195993
335,0.20946828366471287,0.9998222708483026,4,0.7202380952380952,1,0,0,0.08614293525441917
336,0.22539817914201757,0.9998372882176888,4,0.7210682492581603,1,0,0,0.0851668611428868
337,0.21240605943813015,0.9998325727498367,4,0.7218934911242604,1,0,0,0.08705178160178184
338,0.20877718350568808,0.9998342190699715,4,0.7227138643067846,1,0,0,0.08654743999325804
339,0.21957876573048898,0.9998380153497927,4,0.7235294117647059,1,0,0,0.0868551471598698
340,0.19987945997887088,0.9998503450522941,4,0.7243401759530792,1,0,0,0.08631089641280087
341,0.2077360703641202,0.9998619850545781,4,0.7251461988304093,1,0,0,0.086409898263547
342,0.2125235679748278,0.999859072671647,4,0.7259475218658892,1,0,0,0.08572976812831552
343,0.21543228008736387,0.9998587135237028,4,0.7267441860465116,1,0,0,0.08691019093869158
344,0.2113164403149969,0.9998563167813007,4,0.7275362318840579,1,0,0,0.08637174617586481
345,0.2087274313971358,0.9998568758595611,4,0.7283236994219653,1,0,0,0.08645123690839546
346,0.2127956813250556,0.9998517755869957,4,0.729106628242075,1,0,0,0.08626270378413035
347,0.21323747118320857,0.9998269476613607,4,0.7298850574712644,1,0,0,0.08739957019611683
348,0.21608043329144067,0.9998247818705783,4,0.7306590257879656,1,0,0,0.08603271618047816
349,0.20995074583239143,0.9998419296161891,4,0.7314285714285714,1,0,0,0.08646222199986771
350,0.2112780819337632,0.9998654662095231,4,0.7321937321937322,1,0,0,0.0872431899698118
351,0.20203766273697624,0.9998674514313377,4,0.7329545454545454,1,0,0,0.08699677688295096
352,0.21137516035670137,0.9998442207001822,4,0.7337110481586402,1,0,0,0.08605093545032451
353,0.2152630397121384,0.9998309424282779,4,0.7344632768361582,1,0,0,0.08652910666859574
354,0.22346677856501362,0.9998255515738128,4,0.7352112676056338,1,0,0,0.08671885750157436
355,0.21101158793884062,0.999844928150569,4,0.7359550561797753,1,0,0,0.08663531161508076
356,0.2115204238756368,0.9998273223063245,4,0.7366946778711485,1,0,0,0.08688380334786494
357,0.2068481310284338,0.9998378173233546,4,0.7374301675977654,1,0,0,0.08582333703171262
358,0.2023242169223756,0.9998281561168246,4,0.7381615598885793,1,0,0,0.0865796424865518
359,0.2199584219775954,0.9998178701779539,4,0.7388888888888889,1,0,0,0.0859011867676852
360,0.2217320961068204,0.9997917074902708,4,0.739612188365651,1,0,0,0.08696817121046348
361,0.20926025049290248,0.9997928987741831,4,0.7403314917127072,1,0,0,0.08689759996211685
362,0.20737134196403456,0.9997843264678974,4,0.7410468319559229,1,0,0,0.08571497581154935
363,0.2171030650123214,0.9997375099996726,4,0.7417582417582418,1,0,0,0.08498929271610424
364,0.19543825779942786,0.999735030734934,4,0.7424657534246575,1,0,0,0.08646640050445173
365,0.21342034855055808,0.9997280360425153,4,0.7431693989071039,1,0,0,0.08617094713180397
366,0.21540296940006354,0.9997222987637707,4,0.7438692098092643,1,0,0,0.0870671578033275
367,0.20936853832350966,0.9997224575235244,4,0.7445652173913043,1,0,0,0.08711160033461007
368,0.20318796275718665,0.9997179665528774,4,0.7452574525745257,1,0,0,0.08585832054126667
369,0.20958103348008023,0.99971457818777,4,0.745945945945946,1,0,0,0.08643292563176148
370,0.2134897457087816,0.9997151095455831,4,0.7466307277628033,1,0,0,0.08658172382574572
371,0.20052285457840346,0.9997141679928377,4,0.7473118279569892,1,0,0,0.08725053497127273
372,0.215704449349009,0.9997257822312374,4,0.7479892761394102,1,0,0,0.08642672988019054
373,0.20064338722612723,0.9997293549454311,4,0.7486631016042781,1,0,0,0.08610429987238566
374,0.2128635210716201,0.999738958369812,4,0.7493333333333333,1,0,0,0.08697044812470922
375,0.21515371235529515,0.9997423302424018,4,0.75,1,0,0,0.08719696958846782
376,0.20904820341176056,0.9997608269640887,4,0.7506631299734748,1,0,0,0.08683437634939394
377,0.2109201841802758,0.9997641296255686,4,0.7513227513227513,1,0,0,0.08625653088614255
378,0.2112272865957689,0.9997697683279156,4,0.7519788918205804,1,0,0,0.08662817245132774
379,0.20600535176054194,0.9997789486545322,4,0.7526315789473684,1,0,0,0.08705741674505682
380,0.2048393245691683,0.9997809631026778,4,0.7532808398950132,1,0,0,0.08675737409229221
381,0.2073411612034285,0.999780685253339,4,0.7539267015706806,1,0,0,0.08665799156970376
382,0.21748840913490836,0.9997993928624584,4,0.7545691906005222,1,0,0,0.08649515572670717
383,0.20942260789318953,0.9998242715407265,4,0.7552083333333334,1,0,0,0.08542459057818917
384,0.218243953384422,0.9998267373303984,4,0.7558441558441559,1,0,0,0.08659021408045105
385,0.20388970657720118,0.9998259098044595,4,0.7564766839378239,1,0,0,0.08555959775248834
386,0.20941830007100234,0.9998402501991459,4,0.7571059431524548,1,0,0,0.0864731034666012
387,0.20838873920158732,0.999859190298088,4,0.7577319587628866,1,0,0,0.08624514965065046
388,0.2026947864502966,0.9998531687406539,4,0.7583547557840618,1,0,0,0.08662696471462279
389,0.2127072488944519,0.9998631308625974,4,0.7589743589743589,1,0,0,0.08594682238481273
390,0.20160199932372952,0.9998675846062742,4,0.7595907928388747,1,0,0,0.08629878869976074
391,0.1992519803997711,0.9998601323818147,4,0.7602040816326531,1,0,0,0.08567050294925949
392,0.19583949180760019,0.999858335417769,4,0.7608142493638677,1,0,0,0.08604841317733951
393,0.22185551151149968,0.9998302387148634,4,0.7614213197969543,1,0,0,0.08697619667968061
394,0.21159855844050934,0.9998260334466326,4,0.7620253164556962,1,0,0,0.08568756542048774
395,0.20303923283793401,0.9998210814638133,4,0.7626262626262627,1,0,0,0.08578442512899437
396,0.20323632695747634,0.999817468893402,4,0.7632241813602015,1,0,0,0.08576971588361848
397,0.20681834561331008,0.9998129155736856,4,0.7638190954773869,1,0,0,0.08652830669684933
398,0.20876204449284508,0.9998025084723272,4,0.7644110275689223,1,0,0,0.08625341096747016
399,0.21364088871580067,0.9997883947543202,4,0.765,1,0,0,0.08637179859667597
400,0.20706500396882538,0.998857378267113,4,0.7630922693266833,1,0,0,0.09777898680734215
401,0.19935195587679944,0.9981227779068864,4,0.7611940298507462,1,0,0,0.09769948699349328
402,0.20419726045600095,0.997337057694353,4,0.7593052109181141,1,0,0,0.09815848640436958
403,0.2079913512655358,0.9968302762268684,4,0.7574257425742574,1,0,0,0.09786024020776747
404,0.21099238332783377,0.9961202334102206,4,0.7555555555555555,1,0,0,0.09698298043472747
405,0.200877281275297,0.9958104411553623,4,0.7536945812807881,1,0,0,0.09737852575643961
406,0.21158633548717948,0.9952835429170553,4,0.7518427518427518,1,0,0,0.09700939631326515
407,0.21609312958167548,0.9951273001736377,4,0.75,1,0,0,0.09817622641540467
408,0.21499607452429928,0.9949738615413759,4,0.7481662591687042,1,0,0,0.0976777687664398
409,0.21013093769988386,0.9949188762247786,4,0.7463414634146341,1,0,0,0.09756620822635106
410,0.20974084171764157,0.9948569773814362,4,0.7445255474452555,1,0,0,0.09771435853445364
411,0.209239987979369,0.9951163403907265,4,0.7427184466019418,1,0,0,0.0972327985695938
412,0.2138201482944288,0.9953634250657702,4,0.7409200968523002,1,0,0,0.0971195607730258
413,0.20526382515006303,0.9957197315239521,4,0.7391304347826086,1,0,0,0.09696130497756972
414,0.2064408678950011,0.9961653012861739,4,0.7373493975903614,1,0,0,0.0977833795374308
415,0.19926608482821906,0.9968223121185015,4,0.7355769230769231,1,0,0,0.09816374253586782
416,0.20417477141463816,0.9975036100432356,4,0.7338129496402878,1,0,0,0.0968294493175394
417,0.19911895912185118,0.9980988776728278,4,0.7320574162679426,1,0,0,0.09769843631340226
418,0.19750117984485205,0.9990978385459303,4,0.7303102625298329,1,0,0,0.0976761560918535
419,0.20657146512802985,0.999804988110844,4,0.7285714285714285,1,0,0,0.09743545646278662
420,0.20749927199817195,0.9998035392126305,4,0.7268408551068883,1,0,0,0.0981720104472559
421,0.20781500338867484,0.9998153874389294,4,0.7251184834123223,1,0,0,0.09777313854398882
422,0.21844681664571575,0.9997969110443808,4,0.723404255319149,1,0,0,0.09768165435486617
423,0.1938405024879712,0.9997976406589248,4,0.7216981132075472,1,0,0,0.0971109672312818
424,0.20972714045789412,0.999769918834187,4,0.7223529411764706,1,0,0,0.0972825656554523
425,0.2036592727018182,0.9997676217099827,4,0.7230046948356808,1,0,0,0.09727769838910388
426,0.21483606710026693,0.9997734868005691,4,0.7236533957845434,1,0,0,0.09680984973645697
427,0.2091489783726435,0.9997747055733712,4,0.7242990654205608,1,0,0,0.09701046791838475
428,0.21197924966879667,0.9997790733016788,4,0.7249417249417249,1,0,0,0.09727897043839079
429,0.20202295987414937,0.9997707906796891,4,0.7255813953488373,1,0,0,0.09753927823800461
430,0.20018611287074262,0.999782527425111,4,0.7262180974477959,1,0,0,0.097466648122216
431,0.21524612571113083,0.9997388453335692,4,0.7268518518518519,1,0,0,0.0978238839313672
432,0.2153021670707671,0.9997492517559372,4,0.7274826789838337,1,0,0,0.0976362979189142
433,0.20618794855293196,0.9997631420632722,4,0.728110599078341,1,0,0,0.09792242920147382
434,0.19792066768666344,0.9997680656161897,4,0.728735632183908,1,0,0,0.09767455597301522
435,0.20759388002270296,0.9997707137072314,4,0.7293577981651376,1,0,0,0.09702242875899132
436,0.20275324878673562,0.9997587464467534,4,0.7299771167048055,1,0,0,0.09759348417346184
437,0.20922062916856513,0.9997570301159747,4,0.730593607305936,1,0,0,0.0978636206238662
438,0.2047828418814704,0.9997531470537383,4,0.7312072892938497,1,0,0,0.09808204852849078
439,0.20270588472953488,0.9997569470469793,4,0.7318181818181818,1,0,0,0.09723036547437736
440,0.2049561919667378,0.9997520379517836,4,0.7324263038548753,1,0,0,0.0977262692279871
441,0.20346241504289111,0.9997483456909528,4,0.7330316742081447,1,0,0,0.0972555135882652
442,0.21197334215513197,0.9997521341985348,4,0.7336343115124153,1,0,0,0.0972448387142851
443,0.19489327314525523,0.9997469866080622,4,0.7342342342342343,1,0,0,0.09723565838700886
444,0.20701912864668404,0.9997785200966125,4,0.7348314606741573,1,0,0,0.09778548534050126
445,0.21091643950510183,0.9997766683200289,4,0.7354260089686099,1,0,0,0.09794097490178133
446,0.20320369146304942,0.9997570207143899,4,0.7360178970917226,1,0,0,0.09749072045569887
447,0.1915557237568828,0.9997608334749493,4,0.7366071428571429,1,0,0,0.09836232308647025
448,0.19744338513743642,0.9997623498427104,4,0.7371937639198218,1,0,0,0.09796006045961758
449,0.2033274203540805,0.9997607654605535,4,0.7377777777777778,1,0,0,0.09746618640614524
450,0.1941605982095908,0.9997612748143585,4,0.738359201773836,1,0,0,0.09787377687520013
451,0.19960542400109552,0.9998056268429507,4,0.7389380530973452,1,0,0,0.09784535640331748
452,0.1929751307857368,0.9998145606736365,4,0.739514348785872,1,0,0,0.09721296359201094
453,0.21211191872991086,0.9998051540084165,4,0.7400881057268722,1,0,0,0.0975492919644351
454,0.2031449572433012,0.9997951357919247,4,0.7406593406593407,1,0,0,0.09732012986060992
455,0.1926595497021739,0.999788392693837,4,0.7412280701754386,1,0,0,0.0971910862509258
456,0.21799316969365368,0.9997988375275212,4,0.7417943107221007,1,0,0,0.09643298232283526
457,0.20307669045325444,0.9997661148982875,4,0.74235807860262,1,0,0,0.09737471536002101
458,0.20207852169606816,0.9997755166882485,4,0.7429193899782135,1,0,0,0.09753766926353545
459,0.19624159562703353,0.999765378415656,4,0.7434782608695653,1,0,0,0.09805656010079677
460,0.20175721120951562,0.9997713096120969,4,0.7440347071583514,1,0,0,0.09675964046193522
461,0.195682150455336,0.9997506872281094,4,0.7445887445887446,1,0,0,0.09725463237649923
462,0.19527465560020377,0.9997583855532585,4,0.7451403887688985,1,0,0,0.09783436259945143
463,0.20430383237460947,0.9997644389014342,4,0.7456896551724138,1,0,0,0.09736373144315694
464,0.21203966756435816,0.9997623141436209,4,0.7462365591397849,1,0,0,0.09794700487460495
465,0.19789133032926276,0.9997676068468474,4,0.7467811158798283,1,0,0,0.09762627382849745
466,0.1992997926758659,0.9997952392013195,4,0.7473233404710921,1,0,0,0.0972093409291637
467,0.21099921393403515,0.9997786897844922,4,0.7478632478632479,1,0,0,0.09767908747817924
468,0.20150579686161937,0.9997537183721787,4,0.7484008528784648,1,0,0,0.09742530487128179
469,0.1971163982891272,0.9997657834677413,4,0.7489361702127659,1,0,0,0.09741629803641237
470,0.20416790440282195,0.9997529689280488,4,0.7494692144373672,1,0,0,0.09758384678538073
471,0.19906282948476856,0.9997451383133062,4,0.75,1,0,0,0.09715809982021523
472,0.19505123417100653,0.9997284312279482,4,0.7505285412262156,1,0,0,0.09748284351870913
473,0.18645178856551234,0.9997270851313537,4,0.7510548523206751,1,0,0,0.09783314393698321
474,0.20133303190777024,0.9997328890792953,4,0.751578947368421,1,0,0,0.09654270828804648
475,0.19548586472341023,0.9997435037007419,4,0.7521008403361344,1,0,0,0.09731043001905836
476,0.1987344644015419,0.9997296396909874,4,0.7526205450733753,1,0,0,0.09760296974150186
477,0.19833314973760485,0.9997665172120641,4,0.7531380753138075,1,0,0,0.09747162363935408
478,0.20338403678927808,0.9997586641896944,4,0.7536534446764092,1,0,0,0.09714581390075724
479,0.18472525197493533,0.9997665112652129,4,0.7541666666666667,1,0,0,0.09778070151348665
480,0.20237542038839074,0.9997742043822692,4,0.7546777546777547,1,0,0,0.09729788404910089
481,0.19707238021165174,0.9997999033534434,4,0.7551867219917012,1,0,0,0.09789778038485288
482,0.209597990645244,0.9998048130959905,4,0.7556935817805382,1,0,0,0.09736399034948731
483,0.19938304473518728,0.999805406178122,4,0.756198347107438,1,0,0,0.09795418178361899
484,0.20458251844039294,0.9998025653568536,4,0.756701030927835,1,0,0,0.09754124959751392
485,0.18802751211415578,0.9998175252550533,4,0.757201646090535,1,0,0,0.09722156918444291
486,0.18970254382925011,0.9997906929023103,4,0.757700205338809,1,0,0,0.09650682867630588
487,0.2024179932927314,0.9998054497555334,4,0.7581967213114754,1,0,0,0.09738880009502346
488,0.18975137700436984,0.9998137877353327,4,0.7586912065439673,1,0,0,0.0976308571551737
489,0.19368593438882611,0.9998120465010145,4,0.7591836734693878,1,0,0,0.09807723032822083
490,0.19498682188682762,0.9998136623775382,4,0.7596741344195519,1,0,0,0.09777284124546111
491,0.19227809368254,0.9998051261450259,4,0.7601626016260162,1,0,0,0.09738259941383551
492,0.200086202755677,0.9998130401066224,4,0.7606490872210954,1,0,0,0.09736205074316917
493,0.1862327902727321,0.9998048171467264,4,0.7611336032388664,1,0,0,0.09738227673389543
494,0.20682364590989213,0.9998026450918966,4,0.7616161616161616,1,0,0,0.09722984231104814
495,0.1991604381673755,0.9998029007580229,4,0.7620967741935484,1,0,0,0.09683825758195051
496,0.20261451507381012,0.9998166271184427,4,0.7625754527162978,1,0,0,0.09796410551974818
497,0.1991629257345918,0.9998149829739867,4,0.7630522088353414,1,0,0,0.09774139578187255
498,0.1949555021563534,0.9998232020284383,4,0.7635270541082164,1,0,0,0.09745192041962211
499,0.1969182923152101,0.9998235862906752,4,0.764,1,0,0,0.09701948923655249
500,0.20024048556577217,0.9988509526255636,4,0.7624750499001997,1,0,0,0.08728508583056732
501,0.18982984128885025,0.9980379717352349,4,0.7609561752988048,1,0,0,0.08589222345514075
502,0.1930005741859187,0.9972799641585817,4,0.7594433399602386,1,0,0,0.0871822009530965
503,0.2010487520895201,0.9964451723369553,4,0.7579365079365079,1,0,0,0.08557645404020553
504,0.19830722212439417,0.9959773296142925,4,0.7564356435643564,1,0,0,0.0870136172979164
505,0.19873634943175192,0.9957215994230879,4,0.7549407114624506,1,0,0,0.08575459820780412
506,0.1956355903098555,0.9955648668277625,4,0.7534516765285996,1,0,0,0.08677253246657803
507,0.1905680175833145,0.9953383462404157,4,0.7519685039370079,1,0,0,0.08639829151843344
508,0.18861098082189603,0.9953102146539099,4,0.75049115913556,1,0,0,0.08725326836347058
509,0.19015630815974952,0.9952504128750633,4,0.7490196078431373,1,0,0,0.08622655010366831
510,0.18812500185930098,0.9952257149560482,4,0.7475538160469667,1,0,0,0.08670976749167908
511,0.19151326794953039,0.9956363931628672,4,0.74609375,1,0,0,0.08692927108739563
512,0.2013885070600161,0.9958548755052916,4,0.7446393762183235,1,0,0,0.08719555465538703
513,0.19015496619710204,0.9962898757741862,4,0.7431906614785992,1,0,0,0.08557375349101652
514,0.19964730655982874,0.9965984406835371,4,0.7417475728155339,1,0,0,0.08600016051599335
515,0.19471535868379178,0.9970724053579221,4,0.7403100775193798,1,0,0,0.08631355188594732
516,0.19042493836725657,0.9976920809037871,4,0.7388781431334622,1,0,0,0.0866367688217452
517,0.19162605025475826,0.9983592862945563,4,0.7374517374517374,1,0,0,0.08568433772708473
518,0.18617496169085848,0.9989773785359884,4,0.7360308285163777,1,0,0,0.08445063264113728
519,0.19184297901445552,0.9997532324141896,4,0.7346153846153847,1,0,0,0.08722516351861469
520,0.19000224383364422,0.9997549270658213,4,0.7332053742802304,1,0,0,0.08659646920043157
521,0.2006895349327659,0.9997414927355578,4,0.7318007662835249,1,0,0,0.0863564553210236
522,0.18345728307255432,0.999748774407585,4,0.7304015296367112,1,0,0,0.08652207672142136
523,0.1888994973083781,0.9997833573471229,4,0.7309160305343512,1,0,0,0.08741414672968029
524,0.19192974852843048,0.9997881628098342,4,0.7314285714285714,1,0,0,0.08638991869626882
525,0.19740830066576107,0.9997882323740346,4,0.7319391634980988,1,0,0,0.08678595443489945
526,0.198842035656681,0.9997906851409261,4,0.7324478178368121,1,0,0,0.08699486670002898
527,0.1927525575217127,0.9998020731299102,4,0.7329545454545454,1,0,0,0.08667936301954524
528,0.19202587588818937,0.9997933773158467,4,0.7334593572778828,1,0,0,0.08607482312983224
529,0.19909933055707885,0.9997816757934924,4,0.7339622641509433,1,0,0,0.08619022081057325
530,0.18820589456925782,0.9997806469933649,4,0.7344632768361582,1,0,0,0.08599739353468308
531,0.19668295791945056,0.9997971924251847,4,0.7349624060150376,1,0,0,0.08669841065761068
532,0.1933416312567623,0.9998145026231374,4,0.7354596622889306,1,0,0,0.08638150333932215
533,0.1943120278493069,0.9998251844099271,4,0.7359550561797753,1,0,0,0.0872907947621937
534,0.18141803937145862,0.9998161690540321,4,0.7364485981308411,1,0,0,0.08610890897343351
535,0.20273688601003334,0.9998129995401278,4,0.7369402985074627,1,0,0,0.08582168718166598
536,0.1866861290805459,0.9998203202237714,4,0.7374301675977654,1,0,0,0.08605223406191662
537,0.19766669651691224,0.9998188914436709,4,0.7379182156133829,1,0,0,0.08662818174878537
538,0.1885796127959549,0.9998529870814279,4,0.738404452690167,1,0,0,0.086271762671822
539,0.19541986372900094,0.9998466044928647,4,0.7388888888888889,1,0,0,0.0863230408397979
540,0.19359816906375477,0.9998421129124451,4,0.7393715341959335,1,0,0,0.08724355857530619
541,0.19835109532317785,0.9998484841706357,4,0.7398523985239852,1,0,0,0.08660509416784191
542,0.18804848860217266,0.999854596904102,4,0.7403314917127072,1,0,0,0.08699885114346305
543,0.18674656970776324,0.9998484344881108,4,0.7408088235294118,1,0,0,0.08631485095563265
544,0.19638540509647995,0.999833581207242,4,0.7412844036697248,1,0,0,0.0857937134233286
545,0.17566549098138456,0.9998347546703601,4,0.7417582417582418,1,0,0,0.08746483312762664
546,0.19214646719462236,0.999824845329835,4,0.7422303473491774,1,0,0,0.08583200925280421
547,0.1964864854026131,0.9998317323711925,4,0.7427007299270073,1,0,0,0.08628017107043025
548,0.20513795428068737,0.9998426313489283,4,0.7431693989071039,1,0,0,0.08645296647098018
549,0.1895560452373489,0.9998385479813152,4,0.7436363636363637,1,0,0,0.08701862696436713
550,0.2081932003156905,0.9998430356674218,4,0.7441016333938294,1,0,0,0.0857063406437651
551,0.19393584574115924,0.9998509218349599,4,0.7445652173913043,1,0,0,0.08689117503901131
552,0.1835313333529702,0.9998382072446841,4,0.7450271247739603,1,0,0,0.08651882603521505
553,0.1905458631379653,0.9998348211870276,4,0.7454873646209387,1,0,0,0.08647646679606932
554,0.18345551385175551,0.9998411387685439,4,0.745945945945946,1,0,0,0.08668093707764467
555,0.18062466596690363,0.9998223246219646,4,0.7464028776978417,1,0,0,0.08675269939765642
556,0.18040176483174908,0.9998190813935703,4,0.7468581687612208,1,0,0,0.08696108624710755
557,0.18389473041529092,0.9998270263378153,4,0.7473118279569892,1,0,0,0.08701818520950584
558,0.18805259871956048,0.9998293833724606,4,0.7477638640429338,1,0,0,0.0860798412200363
559,0.19114721215256306,0.9998400241010513,4,0.7482142857142857,1,0,0,0.08520604536204247
560,0.19518939693377294,0.9998322364889339,4,0.7486631016042781,1,0,0,0.08620382388345346
561,0.1929150363589502,0.9998433774691781,4,0.7491103202846975,1,0,0,0.08626221340349492
562,0.18663514645865611,0.9998252800229518,4,0.7495559502664298,1,0,0,0.0861946579783627
563,0.1760044806816881,0.9998352661290023,4,0.75,1,0,0,0.08724372064504617
564,0.1882240122495148,0.9998347273043494,4,0.7504424778761062,1,0,0,0.08700360186793979
565,0.18177290818638497,0.9998313516316899,4,0.7508833922261484,1,0,0,0.08737257856145819
566,0.19868765087202894,0.999775971607333,4,0.7513227513227513,1,0,0,0.08522512096704606
567,0.18227833048183525,0.9997792737752014,4,0.7517605633802817,1,0,0,0.08698366110315076
568,0.18558538936648034,0.9997629999452363,4,0.7521968365553603,1,0,0,0.0870217198328846
569,0.18943759661728185,0.999772627470623,4,0.7526315789473684,1,0,0,0.08530135439450774
570,0.18993845733991452,0.9997739688420437,4,0.7530647985989493,1,0,0,0.0866693433090746
571,0.18801177203008274,0.9997559434853954,4,0.7534965034965035,1,0,0,0.08617225964073522
572,0.18642201483069637,0.9997687863037504,4,0.7539267015706806,1,0,0,0.08623238603553413
573,0.2034581639848759,0.9997625406180265,4,0.7543554006968641,1,0,0,0.08619539201910678
574,0.1828486344527297,0.9997682081191066,4,0.7547826086956522,1,0,0,0.08630780382599781
575,0.1902492434229564,0.9997715923186379,4,0.7552083333333334,1,0,0,0.0861078404393692
576,0.1894147427414688,0.9997613700286019,4,0.755632582322357,1,0,0,0.08707383648853868
577,0.18600233869139335,0.9997607275475784,4,0.7560553633217993,1,0,0,0.08673188967892081
578,0.18226374883568802,0.9997529347860568,4,0.7564766839378239,1,0,0,0.0868752687028374
579,0.20182471616236314,0.9997433960760206,4,0.756896551724138,1,0,0,0.08683291692137451
580,0.18442937567482848,0.999761306317461,4,0.7573149741824441,1,0,0,0.08644621113502521
581,0.1824769518581525,0.9997576415982486,4,0.7577319587628866,1,0,0,0.08616104496025204
582,0.19026355103874176,0.9997612096348858,4,0.758147512864494,1,0,0,0.08622852297362531
583,0.18169091312528413,0.9997679113231485,4,0.7585616438356164,1,0,0,0.086404927812533
584,0.18761223416205633,0.99975314104251,4,0.7589743589743589,1,0,0,0.08623802609715847
585,0.18292510877647145,0.9997489973740487,4,0.7593856655290102,1,0,0,0.08690377577350372
586,0.17974599428246243,0.9998105018530307,4,0.7597955706984668,0,0,0,0.08683625545222505
587,0.1975579283598109,0.9997760580087437,4,0.7602040816326531,0,0,0,0.08566404599414894
588,0.18173844041403459,0.9997876112415817,4,0.7606112054329371,0,0,0,0.08617499093394235
589,0.18421312521341443,0.9997862496363404,4,0.7610169491525424,0,0,0,0.0850853056272281
590,0.17662677131112012,0.9997853189470451,4,0.7614213197969543,0,0,0,0.08593254204794334
591,0.18259381441826633,0.9997766886153857,4,0.7618243243243243,0,0,0,0.08643047790965852
592,0.1826400776715238,0.9997674367950029,4,0.7622259696458684,0,0,0,0.08680018044637895
593,0.18742012218556695,0.9997717777700859,4,0.7626262626262627,0,0,0,0.08582008099211996
594,0.19281794874092992,0.9997754210988153,4,0.7630252100840336,0,0,0,0.08623622526615113
595,0.18468920629375474,0.9997725293026968,4,0.7634228187919463,0,0,0,0.08654589875912776
596,0.1800997037803084,0.9997727642164566,4,0.7638190954773869,0,0,0,0.08682410569827761
597,0.16547375545749834,0.9997724295951719,4,0.7642140468227425,0,0,0,0.08614736920382592
598,0.17799596070854679,0.9997674873758065,4,0.7646076794657763,0,0,0,0.08576013630033735
599,0.19650276659753638,0.9997687228570715,4,0.765,0,0,0,0.08621362207788966
600,0.18972199922932897,0.9989980400781325,4,0.7637271214642263,0,0,0,0.09838790643659281
601,0.18045882241260877,0.9984108176061196,4,0.7624584717607974,0,0,0,0.09704856983608018
602,0.18801672528416025,0.9976472962166859,4,0.7611940298507462,0,0,0,0.09759617033297192
603,0.18898401348285487,0.9970616295399031,4,0.7599337748344371,0,0,0,0.09757183986468404
604,0.18458226808198602,0.9965264777381914,4,0.7586776859504132,0,0,0,0.09811378955457745
605,0.1885226988493373,0.9961293343955729,4,0.7574257425742574,0,0,0,0.0976934533828615
606,0.18153862398237075,0.9957050065646633,4,0.7561779242174629,0,0,0,0.09708075455353159
607,0.1892074748858692,0.995566026209476,4,0.7549342105263158,0,0,0,0.09688053932598127
608,0.17359153094303528,0.9956160212531542,4,0.7536945812807881,0,0,0,0.09787318438479449
609,0.17406660753359468,0.995698790976104,4,0.7524590163934426,0,0,0,0.09734512908973077
610,0.18853227710408543,0.9957676086329186,4,0.7512274959083469,0,0,0,0.0972609985365034
611,0.18837459425395908,0.9957115598055026,4,0.75,0,0,0,0.09710386956741239
612,0.1836666484860855,0.9959273877336883,4,0.7487765089722676,0,0,0,0.09747660277513079
613,0.18142114188767922,0.996259976987742,4,0.747557003257329,0,0,0,0.09703713007561275
614,0.1808961803773816,0.9965650952652131,4,0.7463414634146341,0,0,0,0.09737381742176127
615,0.18447750145785421,0.9969299572178576,4,0.7451298701298701,0,0,0,0.09782891088291479
616,0.1833610956280204,0.9975737282125083,4,0.7439222042139384,0,0,0,0.09770320666527002
617,0.19449498282378996,0.9981829237143267,4,0.7427184466019418,0,0,0,0.09752671279422838
618,0.19063838790511528,0.9989189570269702,4,0.7415185783521809,0,0,0,0.09775062913965839
619,0.18396273548043013,0.9998504554109516,4,0.7403225806451613,0,0,0,0.09767357050351919
620,0.18185813553916905,0.9998178055554247,4,0.7391304347826086,0,0,0,0.09730993263644128
621,0.18024712333454337,0.999813931107108,4,0.7379421221864951,0,0,0,0.0978229423462729
622,0.17482495565928363,0.9997906639761917,4,0.7383627608346709,0,0,0,0.0972091028784901
623,0.17783808928233896,0.9997753505051052,4,0.7387820512820513,0,0,0,0.09720615997276308
624,0.19283424419479706,0.9997807982771844,4,0.7392,0,0,0,0.09805245430617562
625,0.18299335371839667,0.9997683751314836,4,0.7396166134185304,0,0,0,0.09773721097309823
626,0.17962174739633355,0.9997657102908305,4,0.7400318979266348,0,0,0,0.09748793597574652
627,0.18027503387501345,0.9997608684600529,4,0.7404458598726115,0,0,0,0.09725895764433917
628,0.19171349082921874,0.9997575722367383,4,0.7408585055643879,0,0,0,0.0968805206289403
629,0.17797667555140018,0.9997642923190235,4,0.7412698412698413,0,0,0,0.09766244010798338
630,0.18304415853543285,0.999765618325249,4,0.7416798732171157,0,0,0,0.09812037910936723
631,0.18519719197744017,0.9997514934025848,4,0.7420886075949367,0,0,0,0.09752593148394229
632,0.17092671226063233,0.9997326863238839,4,0.7424960505529226,0,0,0,0.09725747731674282
633,0.18102243909079085,0.9997240902553298,4,0.7429022082018928,0,0,0,0.09714302333870226
634,0.17746504737549965,0.9997339082698348,4,0.7433070866141732,0,0,0,0.09740529298637386
635,0.18342431156007766,0.9997351928134874,4,0.7437106918238994,0,0,0,0.09755366420846985
636,0.17394556127358693,0.9997163289743215,4,0.7441130298273155,0,0,0,0.09719084690581999
637,0.1777581506201582,0.9997171351127166,4,0.7445141065830722,0,0,0,0.09790520758750867
638,0.16877375966848937,0.9997114507979384,4,0.7449139280125195,0,0,0,0.09780879346586575
639,0.17300458507954208,0.9997056172023856,4,0.7453125,0,0,0,0.09773950049235752
640,0.1853381608405165,0.999745093722524,4,0.7457098283931357,0,0,0,0.09795964816104251
641,0.1791515519611287,0.9997524368644218,4,0.7461059190031153,0,0,0,0.09727598588867797
642,0.18096757654064066,0.9997748618405514,4,0.7465007776049767,0,0,0,0.09806105351554269
643,0.17832140863857143,0.9997844535921133,4,0.7468944099378882,0,0,0,0.09729908312151665
644,0.1845758605130614,0.9997733746045379,4,0.7472868217054264,0,0,0,0.09698188203606203
645,0.1832717242938357,0.999782260409362,4,0.7476780185758514,0,0,0,0.09776093917181676
646,0.17671614199631974,0.9997818171052478,4,0.7480680061823802,0,0,0,0.09781892674207052
647,0.19613871453093606,0.9997798766111035,4,0.7484567901234568,0,0,0,0.09796991345065577
648,0.17824259894831762,0.9997793774289008,4,0.74884437596302,0,0,0,0.09702396272070606
649,0.17388609345984396,0.9997755259367093,4,0.7492307692307693,0,0,0,0.09687854275397564
650,0.1827557912077874,0.9997681856524889,4,0.7496159754224271,0,0,0,0.09703451026980464
651,0.1715840923387139,0.9997830283231532,4,0.75,0,0,0,0.09800419620743564
652,0.17663904415678794,0.9997870284414303,4,0.7503828483920367,0,0,0,0.09803821463084969
653,0.17397405425089268,0.9998159866890468,4,0.7507645259938838,0,0,0,0.0980783009962497
654,0.19119479345381749,0.9997986593542896,4,0.751145038167939,0,0,0,0.09692515208751776
655,0.18223340431369278,0.9997919034169709,4,0.7515243902439024,0,0,0,0.09753655372124714
656,0.1826769292423852,0.9998144803899759,4,0.7519025875190258,0,0,0,0.09732279469487382
657,0.1733864227420491,0.9998043648833868,4,0.7522796352583586,0,0,0,0.09800291505975321
658,0.19132362764613556,0.9997915456261793,4,0.7526555386949925,0,0,0,0.09731164983858442
659,0.1870530590656561,0.9997859392972277,4,0.753030303030303,0,0,0,0.09630546463466252
660,0.1740918740401129,0.999787769644214,4,0.7534039334341907,0,0,0,0.09779094806169655
661,0.1850982422362075,0.9997834074063916,4,0.7537764350453172,0,0,0,0.09808101464206455
662,0.17719365096929499,0.9997776627202475,4,0.7541478129713424,0,0,0,0.09749935969347215
663,0.17610268942802693,0.9997791471859727,4,0.7545180722891566,0,0,0,0.09784852577214714
664,0.1845808314944775,0.9997839274485629,4,0.7548872180451128,0,0,0,0.09766490278315434
665,0.17613876762620478,0.9997926612551696,4,0.7552552552552553,0,0,0,0.09797194314575923
666,0.18211083383973337,0.99979883869384,4,0.7556221889055472,0,0,0,0.0974482568342972
667,0.18432942473928324,0.9998075452723916,4,0.7559880239520959,0,0,0,0.09745618319649452
668,0.16979203906048135,0.9997853196395851,4,0.7563527653213752,0,0,0,0.0973003116902466
669,0.177046695892206,0.9997914901850338,4,0.7567164179104477,0,0,0,0.09714166948083088
670,0.16740663562910474,0.9997965278598251,4,0.7570789865871833,0,0,0,0.09705859531489765
671,0.17951266930127405,0.999792788781149,4,0.7574404761904762,0,0,0,0.09800601050964595
672,0.17505744242111468,0.9998018985440706,4,0.7578008915304606,0,0,0,0.09815919222469319
673,0.17391357783423317,0.9998046031912753,4,0.7581602373887241,0,0,0,0.0978410391695165
674,0.17697988458470865,0.9998263030318713,4,0.7585185185185185,0,0,0,0.097433598335233
675,0.18508073321468085,0.9998255819639715,4,0.7588757396449705,0,0,0,0.0973080645448878
676,0.17443371387603437,0.9998470922198525,4,0.7592319054652881,0,0,0,0.09703649379199884
677,0.170461690199343,0.9998638493107511,4,0.7595870206489675,0,0,0,0.09822923220172358
678,0.17689813442948116,0.9998767256558339,4,0.759941089837997,0,0,0,0.09721247244965384
679,0.17845204053305166,0.9998655019220432,4,0.7602941176470588,0,0,0,0.09737811482746982
680,0.1742115158508139,0.9998663972713363,4,0.7606461086637298,0,0,0,0.09810464116384465
681,0.1732017410137948,0.9998591992058061,4,0.7609970674486803,0,0,0,0.0976144192529786
682,0.17943428125593633,0.9998560975050718,4,0.7613469985358712,0,0,0,0.0975957117234329
683,0.18295768882381594,0.9998449145574392,4,0.7616959064327485,0,0,0,0.09716324878084986
684,0.18365962572186464,0.999840129971665,4,0.762043795620438,0,0,0,0.09815555845031179
685,0.1716239484647193,0.9998388902274439,4,0.7623906705539358,0,0,0,0.09743538992835499
686,0.17364663576883266,0.9998376098156673,4,0.7627365356622998,0,0,0,0.09826222066735912
687,0.17389989050513296,0.9998364929602063,4,0.7630813953488372,0,0,0,0.09737274780010528
688,0.18166093806702754,0.9998518054507576,4,0.7634252539912917,0,0,0,0.09633972424980163
689,0.18054160820752393,0.9998603169118221,4,0.763768115942029,0,0,0,0.09784923589042299
690,0.17620364486544807,0.9998635363695362,4,0.76410998552822,0,0,0,0.09744871511179282
691,0.17131963162607994,0.9998627962764979,4,0.7644508670520231,0,0,0,0.09772227548886328
692,0.17349978109186162,0.999861495124499,4,0.7647907647907648,0,0,0,0.0981600147829738
693,0.17161475496382775,0.9998597390056386,4,0.7651296829971181,0,0,0,0.09783112876167827
694,0.16956605526514623,0.9998513463048643,4,0.7654676258992805,0,0,0,0.09791662559542642
695,0.15833201692771073,0.9998411583378303,4,0.7658045977011494,0,0,0,0.09818616823889023
696,0.17242333185883363,0.9998411989505699,4,0.7661406025824964,0,0,0,0.0975017450544329
697,0.16580037721166793,0.9998466590178761,4,0.7664756446991404,0,0,0,0.09829458934467507
698,0.16169151873860804,0.9998414411770878,4,0.7668097281831188,0,0,0,0.09764423789498859
699,0.15907956183910682,0.9998523161010083,4,0.7671428571428571,0,0,0,0.09765667246441943
700,0.1775906286945301,0.9990459901845531,4,0.7660485021398002,0,0,0,0.08756521554963377
701,0.1716711491050252,0.9984446538774879,4,0.7649572649572649,0,0,0,0.08594227522657255
702,0.16836756082428134,0.997879883568067,4,0.7638691322901849,0,0,0,0.08671329997354571
703,0.1760814574788206,0.9972130416930796,4,0.7627840909090909,0,0,0,0.08547758521803504
704,0.17150836164297767,0.9966001972248864,4,0.7617021276595745,0,0,0,0.08630478954061141
705,0.17865982223895965,0.9961385774715955,4,0.7606232294617564,0,0,0,0.08621546016413267
706,0.1724672984052521,0.9957398919396302,4,0.7595473833097596,0,0,0,0.08644522288626405
707,0.16081223449809018,0.9953974309776781,4,0.7584745762711864,0,0,0,0.08626586444955642
708,0.161650122347891,0.9953923832889968,4,0.7574047954866009,0,0,0,0.08611718641052563
709,0.1745236021702129,0.9952439795604591,4,0.7563380281690141,0,0,0,0.08640440208455998
710,0.1732180484568595,0.9952329987909083,4,0.7552742616033755,0,0,0,0.087020223858156
711,0.1762902654476069,0.9952892225491035,4,0.7542134831460674,0,0,0,0.08623775434421893
712,0.16778323145955215,0.9955339166841505,4,0.7531556802244039,0,0,0,0.08679442846668745
713,0.1794063814532103,0.9958651356435637,4,0.7521008403361344,0,0,0,0.08690584095641532
714,0.17297404283589907,0.9962826487187837,4,0.7510489510489511,0,0,0,0.08659587335555813
715,0.17226701628959,0.9967723671498006,4,0.75,0,0,0,0.08717629462020106
716,0.16639533445929314,0.9974434054173423,4,0.7489539748953975,0,0,0,0.08775662685502388
717,0.1774511468195359,0.9980725823859343,4,0.7479108635097493,0,0,0,0.08587252668579856
718,0.17655315571861152,0.9988512290689294,4,0.7468706536856745,0,0,0,0.08753140166905077
719,0.16860943948239082,0.999735396909426,4,0.7458333333333333,0,0,0,0.08701737723671042
720,0.1638488584465697,0.9997301923077019,4,0.7447988904299584,0,0,0,0.08711625134117269
721,0.17001163806303035,0.9997336727606931,4,0.7451523545706371,0,0,0,0.08571538071045977
722,0.16396731049430024,0.9997485324687486,4,0.7455048409405256,0,0,0,0.08695463256545621
723,0.17885088034273006,0.9997528447982675,4,0.7458563535911602,0,0,0,0.08663214257863881
724,0.17204404056822,0.9997560699987333,4,0.7462068965517241,0,0,0,0.08671788999128105
725,0.1645165382503196,0.9998068159171823,4,0.7465564738292011,0,0,0,0.08633693864225883
726,0.17401665077262038,0.9998002947170294,4,0.7469050894085282,0,0,0,0.08638247646029622
727,0.17486597500204554,0.9997686105761585,4,0.7472527472527473,0,0,0,0.08544071501415886
728,0.1621168207861634,0.9997619138340421,4,0.747599451303155,0,0,0,0.08559421369190463
729,0.179348294007115,0.9997623345939182,4,0.7479452054794521,0,0,0,0.0873803595211159
730,0.17124719541656466,0.999750630912722,4,0.7482900136798906,0,0,0,0.08787386575855168
731,0.17036938266270152,0.9997567052644725,4,0.7486338797814208,0,0,0,0.08641043698141768
732,0.1782653257251686,0.9997589650518395,4,0.7489768076398363,0,0,0,0.0864077016470467
733,0.1805004051936962,0.999756118743003,4,0.7493188010899182,0,0,0,0.08597992272403893
734,0.18185114016753534,0.9997652597608766,4,0.7496598639455783,0,0,0,0.08705982304774837
735,0.16625178000152377,0.999771953991064,4,0.75,0,0,0,0.08635422438602314
736,0.16971029524254766,0.9997786852680265,4,0.7503392130257802,0,0,0,0.08640219671990326
737,0.16562030306012848,0.9998144283780326,4,0.7506775067750677,0,0,0,0.08706661504091306
738,0.1701437023344669,0.9998144725058118,4,0.7510148849797023,0,0,0,0.08603387068331839
739,0.15595729002356284,0.9998186071507171,4,0.7513513513513513,0,0,0,0.08786431986763704
740,0.17309771934782364,0.9998172886257481,4,0.7516869095816464,0,0,0,0.08636681446026857
741,0.16123425765309873,0.9998248599007391,4,0.7520215633423181,0,0,0,0.08591595262642453
742,0.16046568806970207,0.9998232256032493,4,0.7523553162853297,0,0,0,0.08583745012664823
743,0.16285835485893552,0.9998355660752936,4,0.7526881720430108,0,0,0,0.08593488362212559
744,0.17839196793871265,0.999795949701228,4,0.7530201342281879,0,0,0,0.08541086716989826
745,0.17234257401336112,0.9998053361377239,4,0.7533512064343163,0,0,0,0.08687241041179478
746,0.16107837471965913,0.9998170524920134,4,0.7536813922356091,0,0,0,0.08557424352367136
747,0.16449051632032763,0.9998442399855492,4,0.7540106951871658,0,0,0,0.08649953861763558
748,0.16503425085855888,0.9998607177274256,4,0.7543391188251002,0,0,0,0.08628378805307045
749,0.1761606489948947,0.9998622469599712,4,0.7546666666666667,0,0,0,0.08733617749408977
750,0.16943994539628593,0.9998717301923425,4,0.7549933422103862,0,0,0,0.0863581381605171
751,0.17274930840957103,0.9998648951359848,4,0.7553191489361702,0,0,0,0.08699443325089551
752,0.15714508879373118,0.9998614611183697,4,0.7556440903054449,0,0,0,0.08708736717047588
753,0.16510469387653726,0.9998629834509272,4,0.7559681697612732,0,0,0,0.08676538918724194
754,0.17314217795846443,0.9998528164341358,4,0.7562913907284768,0,0,0,0.08685828678526658
755,0.1849874377452971,0.9998613597987435,4,0.7566137566137566,0,0,0,0.08635441895913358
756,0.1578073731784056,0.9998617055703101,4,0.7569352708058125,0,0,0,0.08652345550289538
757,0.16508724181677795,0.9998483912213513,4,0.7572559366754618,0,0,0,0.08605800471682763
758,0.15536908228118274,0.9998173057482838,4,0.7575757575757576,0,0,0,0.08564444836082453
759,0.16966675747000326,0.9998124214661135,4,0.7578947368421053,0,0,0,0.08731883580700846
760,0.16091924005985747,0.9998095732442274,4,0.7582128777923784,0,0,0,0.08677335539178792
761,0.1624632652809969,0.9998058883537582,4,0.7585301837270341,0,0,0,0.08524561750009879
762,0.17288378380807778,0.9998107178962704,4,0.7588466579292268,0,0,0,0.08641109075094489
763,0.16278297773328865,0.9998129249474772,4,0.7591623036649214,0,0,0,0.08586166486986542
764,0.16815683343259008,0.9998412789192883,4,0.7594771241830065,0,0,0,0.08747811758909468
765,0.17384952372095186,0.9998345278994254,4,0.7597911227154047,0,0,0,0.08677291771773235
766,0.1651939596664309,0.9998371738381703,4,0.7601043024771839,0,0,0,0.08704570712028481
767,0.16949576880365708,0.9998339550110787,4,0.7604166666666666,0,0,0,0.08660561343858773
768,0.17225056750583512,0.9998400039154418,4,0.7607282184655396,0,0,0,0.0870479746849756
769,0.16245838297727763,0.9998396041364177,4,0.7610389610389611,0,0,0,0.08639212605717173
770,0.16319347667377634,0.9998316953151595,4,0.7613488975356679,0,0,0,0.08590560499640706
771,0.1632622372401967,0.9998397102031593,4,0.7616580310880829,0,0,0,0.08639812491556696
772,0.16533721048485647,0.9998273795834716,4,0.7619663648124192,0,0,0,0.08583762213054742
773,0.16711102594344324,0.9998266760986191,4,0.7622739018087855,0,0,0,0.08641232627984122
774,0.16758134141492403,0.999840323510043,4,0.7625806451612903,0,0,0,0.08687348646732165
775,0.15548794920373316,0.9998320953368819,4,0.7628865979381443,0,0,0,0.08626569591535843
776,0.16315886457776074,0.9998120757245718,4,0.7631917631917632,0,0,0,0.08604472590302024
777,0.17609746022835954,0.9998213824437304,4,0.7634961439588689,0,0,0,0.08709294042466198
778,0.15900050449363046,0.9998622177250251,4,0.7637997432605905,0,0,0,0.08599231736189546
779,0.15849518218311703,0.9998620803918382,4,0.764102564102564,0,0,0,0.08625523932233722
780,0.17611795282817924,0.9998666076901233,4,0.764404609475032,0,0,0,0.08592098148211495
781,0.15892502269384307,0.999864491217241,4,0.7647058823529411,0,0,0,0.08708912427040094
782,0.16811761622564497,0.9998595839833391,4,0.7650063856960408,0,0,0,0.08656651426249812
783,0.16859469108242087,0.9998514698387174,4,0.7653061224489796,0,0,0,0.08715658300260427
784,0.16351569795478735,0.9998498755009042,4,0.7656050955414013,0,0,0,0.0861639588339508
785,0.16339429928437593,0.9998270532549725,4,0.7659033078880407,0,0,0,0.0872583797973363
786,0.1583897090060083,0.9998026064610712,4,0.7662007623888183,0,0,0,0.0860749894989833
787,0.15770761498257482,0.999808155117512,4,0.766497461928934,0,0,0,0.08646311433422083
788,0.1683533311851756,0.9998107005066965,4,0.7667934093789607,0,0,0,0.08676070432880735
789,0.1692571870618541,0.9997978130585949,4,0.7670886075949367,0,0,0,0.08569343182691357
790,0.1597517766146637,0.9998036788989761,4,0.7673830594184576,0,0,0,0.08574060447708476
791,0.166632057460903,0.9998088144194944,4,0.7676767676767676,0,0,0,0.08729162178737343
792,0.1556585304562357,0.9998087357289754,4,0.7679697351828499,0,0,0,0.08585915948510586
793,0.16004156457202953,0.9998058340619184,4,0.7682619647355163,0,0,0,0.08682164635496888
794,0.1554390461307203,0.999800670313886,4,0.7685534591194969,0,0,0,0.08692175208319053
795,0.16334305392996362,0.9997920850098034,4,0.7688442211055276,0,0,0,0.08657578477817825
796,0.17285568268498613,0.9998106915262314,4,0.7691342534504392,0,0,0,0.08631329958215928
797,0.1660684328024825,0.9998141667189531,4,0.7694235588972431,0,0,0,0.08630797075453414
798,0.16884838803274443,0.9998086402076599,4,0.769712140175219,0,0,0,0.08642708302487495
799,0.17078005498634322,0.9998075628855483,4,0.77,0,0,0,0.08642880425425095
800,0.16694717246335278,0.9989727303969652,4,0.7690387016229713,0,0,0,0.09780381626419783
801,0.16460305047250018,0.9980779693806144,4,0.7680798004987531,0,0,0,0.09716043639414312
802,0.16690478142031634,0.9974162461403474,4,0.7671232876712328,0,0,0,0.09696133188094677
803,0.16194381395723068,0.9968796645527689,4,0.7661691542288557,0,0,0,0.09701755893296334
804,0.15798836603798552,0.9962834787923752,4,0.7652173913043478,0,0,0,0.0984385280383466
805,0.17054571861081363,0.9959489864259502,4,0.7642679900744417,0,0,0,0.09766713535161298
806,0.1665719663122066,0.9956886167565274,4,0.7633209417596035,0,0,0,0.09843079944914061
807,0.16149822847834996,0.9953279357037295,4,0.7623762376237624,0,0,0,0.09687169728394657
808,0.1729048334918855,0.9952157986328205,4,0.761433868974042,0,0,0,0.09789923946974435
809,0.16024617067779728,0.9952821492585054,4,0.7604938271604939,0,0,0,0.09673075169438206
810,0.16337754702696491,0.9953255811812273,4,0.7595561035758323,0,0,0,0.09712198071878515
811,0.15343951294210867,0.9954630143066394,4,0.7586206896551724,0,0,0,0.09743249161842454
812,0.1718955505455192,0.9958048262729114,4,0.7576875768757687,0,0,0,0.09760860558079974
813,0.17656084330066443,0.9962941069920087,4,0.7567567567567568,0,0,0,0.09751522545232158
814,0.16049696398269342,0.9966985798070136,4,0.7558282208588957,0,0,0,0.09701253795367269
815,0.16504951465359108,0.9971515979848643,4,0.7549019607843137,0,0,0,0.09827307707638103
816,0.15685430234257786,0.9976800738671227,4,0.7539779681762546,0,0,0,0.09676190236355056
817,0.16041920863256337,0.9982723314881496,4,0.7530562347188264,0,0,0,0.09784138254291247
818,0.16364716712035327,0.9990413384715372,4,0.7521367521367521,0,0,0,0.09723495846764646
819,0.16783584890709238,0.9998039335982324,4,0.751219512195122,0,0,0,0.09790964660975565
820,0.16170467522036086,0.9998042513770704,4,0.7515225334957369,0,0,0,0.09785819929987244
821,0.17000536220555465,0.9998122433178913,4,0.7518248175182481,0,0,0,0.09782548646354142
822,0.16853418199690692,0.9997912083013056,4,0.7521263669501823,0,0,0,0.09771125907466438
823,0.16064814515544382,0.9997905129822352,4,0.7524271844660194,0,0,0,0.09781818353466698
824,0.16401748205328318,0.9997945328490874,4,0.7527272727272727,0,0,0,0.09745044906056238
825,0.15928889059366258,0.9997794331779664,4,0.7530266343825666,0,0,0,0.09793085432924652
826,0.16712394102748618,0.9997792827293086,4,0.7533252720677146,0,0,0,0.09742098362171803
827,0.16793504451720442,0.9997887470962192,4,0.7536231884057971,0,0,0,0.09760685289864247
828,0.1618858314079972,0.9997891699200885,4,0.7539203860072377,0,0,0,0.09659983416226446
829,0.15361105363462124,0.9997831802719455,4,0.7542168674698795,0,0,0,0.09809417547965975
830,0.16099176305512775,0.9997828109766779,4,0.7545126353790613,0,0,0,0.0978504117890633
831,0.16261497050820212,0.9997849430419442,4,0.7548076923076923,0,0,0,0.09821939974624834
832,0.16369353576789264,0.9997940660392084,4,0.7551020408163265,0,0,0,0.09750909824357447
833,0.1597881568367185,0.9998182309208248,4,0.7553956834532374,0,0,0,0.09709442386228521
834,0.16914227485374694,0.9998096950661217,4,0.755688622754491,0,0,0,0.0976754824783352
835,0.1611695108382826,0.9998123158757977,4,0.7559808612440191,0,0,0,0.09788526756766949
836,0.16441201857622897,0.999836731886834,4,0.7562724014336918,0,0,0,0.09727533772236369
837,0.14836501659418228,0.9998346193093306,4,0.7565632458233891,0,0,0,0.09746745377481883
838,0.16175373682716543,0.9998407572320966,4,0.7568533969010727,0,0,0,0.09701467817599703
839,0.16086764852786228,0.9998325287062693,4,0.7571428571428571,0,0,0,0.09688675653008412
840,0.1629095861474652,0.9998235583378581,4,0.7574316290130797,0,0,0,0.09723965513780852
841,0.1699221115972988,0.9998236991748026,4,0.7577197149643705,0,0,0,0.09747216272545824
842,0.1501851294361139,0.9998353145222727,4,0.7580071174377224,0,0,0,0.09718600936839124
843,0.15806119720115858,0.9998274250439186,4,0.7582938388625592,0,0,0,0.09718407006627791
844,0.16747502220510072,0.999828389617749,4,0.7585798816568048,0,0,0,0.09762434605464404
845,0.145070323012335,0.9998404140759586,4,0.7588652482269503,0,0,0,0.0967774920082534
846,0.16574639818069276,0.9998303985827053,4,0.7591499409681228,0,0,0,0.09744041142796782
847,0.1570477039123951,0.9998278201474093,4,0.7594339622641509,0,0,0,0.09737841105960005
848,0.15280005547601228,0.9998132689104477,4,0.7597173144876325,0,0,0,0.09667503284064244
849,0.159683478394952,0.9998128106283378,4,0.76,0,0,0,0.09775879374760382
850,0.1660372323106461,0.9998049501738399,4,0.7602820211515864,0,0,0,0.09739443614021796
851,0.148784143704241,0.9997940865718886,4,0.7605633802816901,0,0,0,0.09789310220105643
852,0.15825974596561182,0.9997695525792754,4,0.7608440797186401,0,0,0,0.09652829752531311
853,0.15780234056320203,0.999762911936742,4,0.7611241217798594,0,0,0,0.09797232870735723
854,0.14557664758275377,0.9997794988739761,4,0.7614035087719299,0,0,0,0.09754445731788247
855,0.162331138529671,0.9997792583875679,4,0.7616822429906542,0,0,0,0.09766898502435153
856,0.16199246904432557,0.9997782769550804,4,0.7619603267211202,0,0,0,0.09764742736540893
857,0.1631226870975775,0.9997662060994086,4,0.7622377622377622,0,0,0,0.09761576501145028
858,0.1699344884211842,0.9997680989357947,4,0.7625145518044237,0,0,0,0.09762219761207135
859,0.16042764030960613,0.999774624021952,4,0.7627906976744186,0,0,0,0.09768105421868692
860,0.15344974262488942,0.999758109187165,4,0.7630662020905923,0,0,0,0.09726969337399781
861,0.1553405343294556,0.9997518747349446,4,0.7633410672853829,0,0,0,0.09777921030146652
862,0.16280682770661248,0.9997604033725344,4,0.7636152954808807,0,0,0,0.09738137778044875
863,0.15453338942219205,0.9997595002498266,4,0.7638888888888888,0,0,0,0.09783221045463585
864,0.1607499689099845,0.9997556261693414,4,0.7641618497109827,0,0,0,0.09728086526093344
865,0.15645814097803204,0.9997510400467207,4,0.7644341801385681,0,0,0,0.09779509526741968
866,0.16341495971149428,0.9997388011241403,4,0.7647058823529411,0,0,0,0.0969456620326455
867,0.1598665657837936,0.9997453046911391,4,0.7649769585253456,0,0,0,0.09721654657898995
868,0.1579423292616154,0.9997637613758004,4,0.7652474108170311,0,0,0,0.09792102280187731
869,0.1658001020453348,0.9997622094141866,4,0.7655172413793103,0,0,0,0.0980604970858225
870,0.15695983614187659,0.9997760377268351,4,0.7657864523536165,1,0,0,0.09775206235426546
871,0.15797709572158491,0.9997880300361474,4,0.7660550458715596,1,0,0,0.09755240877895133
872,0.1662404873795062,0.9997915909615547,4,0.7663230240549829,1,0,0,0.09793066270103717
873,0.1550652252711135,0.999793212624436,4,0.7665903890160183,1,0,0,0.0969512414950827
874,0.1530626301670188,0.9998069272259231,4,0.7668571428571429,1,0,0,0.09736320329344533
875,0.15548345251706552,0.9998022431376049,4,0.7671232876712328,1,0,0,0.09709887666941026
876,0.1681453126288015,0.9997808108725929,4,0.7673888255416191,1,0,0,0.09781990874933683
877,0.16287705467257266,0.9997888778930484,4,0.7676537585421412,1,0,0,0.09751263801680561
878,0.15428070197610416,0.9997847165870443,4,0.7679180887372014,1,0,0,0.09804298997520225
879,0.15759556107486944,0.999772118257708,4,0.7681818181818182,1,0,0,0.09785594651908025
880,0.1558666854954538,0.9997906143774218,4,0.7684449489216799,1,0,0,0.09742293599061078
881,0.1538028081202661,0.9998020413310316,4,0.7687074829931972,1,0,0,0.0973019895332588
882,0.16023137120397682,0.9997999319443887,4,0.768969422423556,1,0,0,0.09783280123020549
883,0.15218910827213958,0.9998006556774266,4,0.7692307692307693,1,0,0,0.09728259603346141
884,0.15944267471771922,0.9998006667726893,4,0.7694915254237288,1,0,0,0.09784826176355738
885,0.15072938812986497,0.9998149508687827,4,0.7697516930022573,1,0,0,0.09739603852204892
886,0.1544613953278258,0.999835727159359,4,0.770011273957159,1,0,0,0.09788690606504184
887,0.1613006004115869,0.9998367589678145,4,0.7702702702702703,1,0,0,0.09759804007650734
888,0.16157537395093122,0.999836475054861,4,0.7705286839145107,1,0,0,0.09737762311101741
889,0.17051542026753172,0.9998397728854167,4,0.7707865168539326,1,0,0,0.0977529776489188
890,0.15018227057949188,0.9998414328200383,4,0.7710437710437711,1,0,0,0.09735291182281654
891,0.1485346931476062,0.9998268393813315,4,0.7713004484304933,1,0,0,0.09753003445776535
892,0.15498160523193058,0.9998229615661025,4,0.7715565509518477,1,0,0,0.09718870245247109
893,0.1529497166596821,0.9998185338087884,4,0.7718120805369127,1,0,0,0.09760542978848853
894,0.15294631434444309,0.9998155863066666,4,0.7720670391061453,1,0,0,0.09807903797623627
895,0.15108325057949445,0.99982337113754,4,0.7723214285714286,1,0,0,0.09704890727125962
896,0.1383745725350049,0.9998398903836077,4,0.7725752508361204,1,0,0,0.09780688799023123
897,0.1559520552174945,0.999850581788289,4,0.7728285077951003,1,0,0,0.09696743493823029
898,0.1455809755272065,0.9998540794899151,4,0.7730812013348165,1,0,0,0.09725020470577841
899,0.14665927232086218,0.9998688476808741,4,0.7733333333333333,1,0,0,0.09761243198569379
900,0.14496198779517921,0.9990954232669437,4,0.7724750277469479,1,0,0,0.08627377357536971
901,0.15692757073862176,0.9984060708936535,4,0.7716186252771619,1,0,0,0.08685151512371136
902,0.1428154425935959,0.9976285452960817,4,0.770764119601329,1,0,0,0.08587744916793577
903,0.1609493513104658,0.9969333062542048,4,0.7699115044247787,1,0,0,0.08596528167766584
904,0.1494871877173608,0.9963583727527136,4,0.7690607734806629,1,0,0,0.08637530065734744
905,0.14755498698343783,0.9957339382859752,4,0.7682119205298014,1,0,0,0.08594242895190511
906,0.14426538309769682,0.9951510012315423,4,0.7673649393605292,1,0,0,0.0854672305507651
907,0.15378572461883067,0.9950041994205263,4,0.7665198237885462,1,0,0,0.08628265912649771
908,0.15308211680119055,0.994918058279205,4,0.7656765676567657,1,0,0,0.08611276725435926
909,0.15181602280653372,0.9950289284336142,4,0.7648351648351648,1,0,0,0.08628997724959217
910,0.15798066630017008,0.9950376844394591,4,0.7639956092206367,1,0,0,0.0862399036570901
911,0.16390671735260104,0.9950422989836963,4,0.7631578947368421,1,0,0,0.0851432363965919
912,0.15542033458411986,0.9953747718760154,4,0.7623220153340635,1,0,0,0.0865719681917852
913,0.15163072612670173,0.9957979740517323,4,0.7614879649890591,1,0,0,0.08628342612533135
914,0.15100941943082946,0.9961847956151407,4,0.760655737704918,1,0,0,0.0865943686955208
915,0.15613300775665886,0.9967240018345662,4,0.759825327510917,1,0,0,0.08655746019617042
916,0.1541259142003411,0.9973153035758103,4,0.7589967284623773,1,0,0,0.08649423109759878
917,0.15231682562115842,0.9979205274289769,4,0.7581699346405228,1,0,0,0.08670921818122068
918,0.1428106073904805,0.9988382309431904,4,0.7573449401523396,1,0,0,0.08647160708356123
919,0.15420123963587967,0.9998085048579946,4,0.7565217391304347,1,0,0,0.0866140757771745
920,0.1521185920913854,0.9998103290277455,4,0.756786102062975,1,0,0,0.08694679598630167
921,0.15107140232714728,0.9998180623580684,4,0.7570498915401301,1,0,0,0.08706834703959142
922,0.14233464966195636,0.9998182115639451,4,0.7573131094257854,1,0,0,0.08710837225226543
923,0.14939508733313422,0.9998177859039175,4,0.7575757575757576,1,0,0,0.08635311122987684
924,0.14456410254437047,0.9997872884078425,4,0.7578378378378379,1,0,0,0.08595285689860638
925,0.14929574530299033,0.9998017495402959,4,0.7580993520518359,1,0,0,0.08691988708693137
926,0.15999586077870848,0.9998374138981984,4,0.7583603020496225,1,0,0,0.08629700320836842
927,0.15495856382805714,0.9998326961979571,4,0.7586206896551724,1,0,0,0.08738247187535451
928,0.14214042889676906,0.9998335310707996,4,0.7588805166846071,1,0,0,0.08700439066521602
929,0.15452474493577392,0.9998306592739855,4,0.7591397849462366,1,0,0,0.08632670960578218
930,0.13748893135472975,0.9998318975142574,4,0.7593984962406015,1,0,0,0.08603191520839673
931,0.14420877012652983,0.9998409760412594,4,0.759656652360515,1,0,0,0.08679193520367046
932,0.15009698487193765,0.9998286366493834,4,0.759914255091104,1,0,0,0.08698057694105515
933,0.1616731792405416,0.9998376750366679,4,0.7601713062098501,1,0,0,0.0861408898477972
934,0.1499800891607111,0.9998353608179603,4,0.760427807486631,1,0,0,0.08601932792791778
935,0.15083470056639459,0.9998486215521796,4,0.7606837606837606,1,0,0,0.08625560461786871
936,0.14498124669067114,0.9998375599504922,4,0.7609391675560299,1,0,0,0.08789176780053554
937,0.1381403741809245,0.9998364950528615,4,0.7611940298507462,1,0,0,0.08638303060544891
938,0.14636342742253208,0.9998409399072682,4,0.7614483493077743,1,0,0,0.08643887877879465
939,0.15533816141955747,0.999841326393323,4,0.7617021276595745,1,0,0,0.08661666854207431
940,0.1467467935842232,0.9998433281535755,4,0.7619553666312433,1,0,0,0.08668920032927452
941,0.15313352144440728,0.99984078498694,4,0.7622080679405521,1,0,0,0.08636265322387389
942,0.15715212387702088,0.9998409799966995,4,0.7624602332979852,1,0,0,0.0858562943270827
943,0.15061883656593927,0.999808587871485,4,0.7627118644067796,1,0,0,0.08615116388466769
944,0.15133288501517916,0.9998467563230219,4,0.762962962962963,1,0,0,0.08579992832691936
945,0.1445235398243171,0.9998468474365273,4,0.7632135306553911,1,0,0,0.08552540436807148
946,0.15598044898896524,0.9998378737617155,4,0.7634635691657867,1,0,0,0.08718278169900377
947,0.15369099099235387,0.9998453963281593,4,0.7637130801687764,1,0,0,0.08639193506863214
948,0.1479114242073582,0.9998302589408835,4,0.7639620653319283,1,0,0,0.08575155101842731
949,0.14761162985933307,0.9998306549746239,4,0.7642105263157895,1,0,0,0.08656825211534368
950,0.1465448789752785,0.9998270826865859,4,0.7644584647739222,1,0,0,0.08632083475484857
951,0.15185745148182925,0.9998286186246833,4,0.7647058823529411,1,0,0,0.08586438631405552
952,0.15731562459224113,0.9998428759767285,4,0.7649527806925498,1,0,0,0.08577812264417604
953,0.14614103993820368,0.9998544285321219,4,0.7651991614255765,1,0,0,0.08500866669596496
954,0.15785873544402104,0.9998612016957702,4,0.7654450261780105,1,0,0,0.0864371387896727
955,0.15604524329575978,0.9998462075665915,4,0.7656903765690377,1,0,0,0.08667207168622448
956,0.1441708676669901,0.9998567715880179,4,0.7659352142110762,1,0,0,0.08601550208377388
957,0.15083773464007966,0.9998589786536771,4,0.7661795407098121,1,0,0,0.08632656056788782
958,0.15291350770894438,0.9998490785308864,4,0.7664233576642335,1,0,0,0.08627942204610638
959,0.14793215431431458,0.9998245289132289,4,0.7666666666666667,1,0,0,0.08694417409335536
960,0.14147347716147043,0.9998202154455885,4,0.7669094693028096,1,0,0,0.08680945890703365
961,0.1505548725519012,0.9998237330700716,4,0.7671517671517671,1,0,0,0.08610569948620567
962,0.15451222426176742,0.9998296383105763,4,0.7673935617860852,1,0,0,0.08683307161675391
963,0.14969705111999806,0.9998514467892283,4,0.7676348547717843,1,0,0,0.08722616485653008
964,0.14890685334916864,0.999849265451167,4,0.7678756476683938,1,0,0,0.08669470238860189
965,0.1381236536112853,0.9998415455740479,4,0.7681159420289855,1,0,0,0.08672671714389855
966,0.13640593582933697,0.9998373216631351,4,0.7683557394002068,1,0,0,0.08644245533960858
967,0.15617366293788695,0.9998363240025195,4,0.768595041322314,1,0,0,0.08634062888471547
968,0.14429566444053135,0.999841560005585,4,0.7688338493292054,1,0,0,0.08621350610007875
969,0.15586060250263323,0.999839021309124,4,0.7690721649484537,1,0,0,0.08664643565121757
970,0.1364286541946222,0.9998421824642182,4,0.7693099897013388,1,0,0,0.08647651033712539
971,0.1535207628593389,0.9998360539238959,4,0.7695473251028807,1,0,0,0.08721475884137107
972,0.15827444893542303,0.9998320631923862,4,0.7697841726618705,1,0,0,0.08685083179556125
973,0.1538677107046783,0.999823856742067,4,0.7700205338809035,1,0,0,0.08633405897651533
974,0.14519574067928695,0.9998118011994216,4,0.7702564102564102,1,0,0,0.08691541041598183
975,0.1581043593206943,0.9998137520614323,4,0.7704918032786885,1,0,0,0.08652493618114798
976,0.1438373897321205,0.999806249196438,4,0.7707267144319345,1,0,0,0.08633209977008797
977,0.14505099251901188,0.9998044193926886,4,0.7709611451942741,1,0,0,0.08685872288447873
978,0.14784085843704914,0.9998135172166452,4,0.7711950970377937,1,0,0,0.0864930660594046
979,0.15220552141153598,0.9998279845742433,4,0.7714285714285715,1,0,0,0.08694335765726989
980,0.13784615685437196,0.9998314019544048,4,0.7716615698267074,1,0,0,0.08652830583714918
981,0.14450745912024648,0.999832241974163,4,0.7718940936863544,1,0,0,0.0863175619570065
982,0.14419417614204474,0.999822167389519,4,0.7721261444557477,1,0,0,0.08578134365554144
983,0.15584362495511528,0.9998178998743705,4,0.7723577235772358,1,0,0,0.08681461364662386
984,0.1462030667634978,0.9998223775836623,4,0.7725888324873097,1,0,0,0.08634464995718918
985,0.13780938337433496,0.9998284952798704,4,0.7728194726166329,1,0,0,0.08630505534221405
986,0.14390292187489812,0.9998465029665918,4,0.7730496453900709,1,0,0,0.08612981775589766
987,0.14762879852471894,0.9998356161915953,4,0.7732793522267206,1,0,0,0.08665397872365654
988,0.14040747731560355,0.9998417086904431,4,0.7735085945399394,1,0,0,0.08685712239164751
989,0.13308405021445677,0.9998455143502708,4,0.7737373737373737,1,0,0,0.08715941924191671
990,0.1479262377718103,0.9998512406173359,4,0.7739656912209889,1,0,0,0.08749390826517822
991,0.14573286112465478,0.9998575993424572,4,0.7741935483870968,1,0,0,0.08775434690509011
992,0.146433904808011,0.9998592416142625,4,0.7744209466263847,1,0,0,0.08808490563954803
993,0.142662471095094,0.9998546595101325,4,0.7746478873239436,1,0,0,0.08691625420862957
994,0.1524595897710041,0.999870113460695,4,0.7748743718592965,1,0,0,0.08650611497283894
995,0.14825627754641182,0.9998695214082062,4,0.7751004016064257,1,0,0,0.08606781031397702
996,0.14061759080782033,0.9998460900300923,4,0.7753259779338014,1,0,0,0.0847770368960859
997,0.1435955177902553,0.9998470419385808,4,0.7755511022044088,1,0,0,0.08685644657532292
998,0.13554026033381644,0.999838550432825,4,0.7757757757757757,1,0,0,0.0859656063764991
999,0.14518587388330764,0.9998370211437613,4,0.776,1,0,0,0.08646405193945159
1000,0.14361820716292029,0.9987216895833545,4,0.7752247752247752,1,2,0.0,0.09678749975297313
1001,0.1513822548131853,0.9978261575175357,4,0.7744510978043913,1,2,0.0,0.09755542606205098
1002,0.14922042173268546,0.9972352257321017,4,0.773678963110668,1,2,0.0,0.09732833008719503
1003,0.14775664789576692,0.9966432910623977,4,0.7729083665338645,1,2,0.0,0.09716152980194961
1004,0.15735184040834715,0.995959568822234,4,0.7721393034825871,1,2,0.0,0.0973767232417343
1005,0.15051473480144512,0.9955895605017995,4,0.7713717693836978,1,2,0.0,0.09759769231982067
1006,0.1429603424116735,0.995293400190547,4,0.7706057596822244,1,2,0.0,0.09753218707596475
1007,0.1452545843679149,0.9952049106289812,4,0.7698412698412699,1,2,0.0,0.09805616345430182
1008,0.14962436535204987,0.9950606301454245,4,0.7690782953419227,1,2,0.0,0.09708076278945404
1009,0.14716507466379444,0.995005445299393,4,0.7683168316831683,1,2,0.0,0.09695050515568952
1010,0.14846760218183291,0.9951503505548573,4,0.7675568743818002,1,2,0.0,0.09754235810721748
1011,0.14225828487217854,0.9953224785584502,4,0.766798418972332,1,2,0.0,0.09732437248262583
1012,0.14555244066759115,0.9954901502138618,4,0.7660414610069102,1,2,0.0,0.0968773530134123
1013,0.15102927794636672,0.9959362308928987,4,0.7652859960552268,1,2,0.0,0.0968005114229892
1014,0.13952918103924983,0.9963595083315729,4,0.7645320197044335,1,2,0.0,0.09760456757653782
1015,0.13861765441471405,0.9968336798883363,4,0.7637795275590551,1,2,0.0,0.09854957309749462
1016,0.1372174963252967,0.9977078554769329,4,0.7630285152409046,1,2,0.0,0.09739409096892959
1017,0.15766851350545025,0.9983728041614148,4,0.762278978388998,1,2,0.0,0.0974433707911545
1018,0.14826259134869174,0.9990376337431014,4,0.76153091265947,1,2,0.0,0.09723799911835221
1019,0.14928515748736707,0.999791838185127,4,0.7617647058823529,1,2,0.9952539744859423,0.09806625961120735
1020,0.14160791657959682,0.9998002111397618,4,0.761998041136141,1,2,0.9959698140415505,0.097645616112315
1021,0.13688038031328376,0.9997923855623615,4,0.7622309197651663,1,2,0.9959818975229197,0.09758699085181838
1022,0.13717967135187417,0.9997854397513323,4,0.7624633431085044,1,2,0.9959178935068969,0.09757082719518323
1023,0.1421476757554167,0.9997843077574164,4,0.7626953125,1,2,0.9958133991630314,0.09704204676522829
1024,0.1485408359650408,0.9998013810625042,4,0.7629268292682927,1,2,0.9959373879669959,0.09825598374576006
1025,0.144584237826498,0.9998086551753631,4,0.7631578947368421,1,2,0.995758873480916,0.09762046023650835
1026,0.14382506956416524,0.9997953318535528,4,0.7633885102239533,1,2,0.9955839498095354,0.09695521361163985
1027,0.1427850126588316,0.9998139195091578,4,0.7636186770428015,1,2,0.9956509822959281,0.09743566397283582
1028,0.14952834191286718,0.9998187316347239,4,0.7638483965014577,1,2,0.9954914079255193,0.09750848062960189
1029,0.1445535033997124,0.9998174517038704,4,0.7640776699029126,1,2,0.9954770964730337,0.0971173189264416
1030,0.13642992287282754,0.9998324413648464,4,0.7643064985451018,1,2,0.9951782765487677,0.09842874930048194
1031,0.14658391700514065,0.9998338067876967,4,0.7645348837209303,1,2,0.995519345589559,0.09723290249467544
1032,0.1437942137189258,0.9998339719242044,4,0.7647628267182962,1,2,0.9959427472041459,0.0972957228929961
1033,0.13410543833454414,0.9998185993958004,4,0.7649903288201161,1,2,0.9959458321689864,0.09744220993229677
1034,0.14561001275352392,0.9998189219117681,4,0.7652173913043478,1,2,0.9959403750404043,0.09753941002828104
1035,0.1459202637809164,0.9997981915064236,4,0.7654440154440154,1,2,0.9959318800108545,0.09737078202750313
1036,0.14013395670030257,0.999791296997994,4,0.7656702025072324,1,2,0.995516783774381,0.09738711225533736
1037,0.14790784378337535,0.9997891171781332,4,0.7658959537572254,1,2,0.9956395855295594,0.0977824404125922
1038,0.14162633608206182,0.9997772495181715,4,0.766121270452358,1,2,0.9953770622000169,0.09738828838017294
1039,0.14850371763662326,0.9997798102084922,4,0.7663461538461539,1,2,0.9953484351685358,0.09797098603496684
1040,0.1435811992166714,0.999797235173567,4,0.7665706051873199,1,2,0.9953575679069668,0.09743756686957485
1041,0.1274338540152672,0.9998102747228462,4,0.7667946257197696,1,2,0.99532686895517,0.0978442506010962
1042,0.14362908842732663,0.9998147761941419,4,0.7670182166826462,1,2,0.9953410855937155,0.09739647361680973
1043,0.1446028984442661,0.9997987028481907,4,0.7672413793103449,1,2,0.9952856463442186,0.09707172746490428
1044,0.1480855676434853,0.9997956805786666,4,0.7674641148325358,1,2,0.9952922602822447,0.097788586153985
1045,0.14886963808617723,0.9997856670071699,4,0.7676864244741873,1,2,0.9953380205590507,0.09741935650574696
1046,0.13779163005332482,0.9998061406031881,4,0.7679083094555874,1,2,0.9955294137351207,0.09751275459626699
1047,0.1384543300831655,0.9998008966809571,4,0.7681297709923665,1,2,0.9951614428817837,0.09680980293735207
1048,0.13840860449009562,0.9998048673349377,4,0.7683508102955195,1,2,0.9951987767915641,0.09798452003219968
1049,0.1411018640008003,0.9998129026080178,4,0.7685714285714286,1,2,0.9951248755423574,0.0976467455389178
1050,0.13894175526594593,0.9998083107513804,4,0.768791627021884,1,2,0.9953274309403105,0.09767544190879485
1051,0.14986497346472194,0.9998180753706872,4,0.7690114068441065,1,2,0.9951304065274031,0.0977047751477693
1052,0.14699752290779328,0.9998158075393186,4,0.7692307692307693,1,2,0.9945052940999535,0.09862562831518479
1053,0.14342239598548073,0.9998266332055192,4,0.7694497153700189,1,2,0.9943629856530818,0.09716727178291629
1054,0.14142624561724498,0.9998211774986613,4,0.7696682464454976,1,2,0.9943433649448641,0.09700641241021633
1055,0.15312142899839537,0.9998348291429519,4,0.7698863636363636,1,2,0.9940072510438618,0.09808481808904673
1056,0.14382198320036893,0.9998552188982563,4,0.7701040681173131,1,2,0.9944136536892042,0.09746589791351032
1057,0.1408452937343575,0.9998515336796909,4,0.7703213610586012,1,2,0.9943751580563989,0.09754071003962289
1058,0.1476228937782092,0.9998559659119122,4,0.7705382436260623,1,2,0.9945797726154715,0.09728086173583511
1059,0.13440143743697086,0.9998535209797084,4,0.7707547169811321,1,2,0.9944934129195745,0.09773360681401021
1060,0.14607128281387916,0.9998348524880138,4,0.7709707822808671,1,2,0.9942004753852712,0.09733250687755185
1061,0.16457929824342718,0.9998282115809751,4,0.7711864406779662,1,2,0.9942144786500924,0.09765830179154637
1062,0.13533752342866345,0.9998245758518971,4,0.7714016933207902,1,2,0.9942068655763308,0.09832758154761366
1063,0.14216596852552899,0.9998376233687558,4,0.7716165413533834,1,2,0.9941739410820887,0.09833438264219169
1064,0.14899049550670931,0.9998310231816703,4,0.7718309859154929,1,2,0.9940982609134599,0.09757505964234493
1065,0.14625492966337092,0.9998420057804797,4,0.7720450281425891,1,2,0.9941286571611624,0.09762809751767491
1066,0.14966437521887394,0.999828604056592,4,0.7722586691658857,1,2,0.9940722803801574,0.09751447221312425
1067,0.14142948668563574,0.9998320710826101,4,0.7724719101123596,1,2,0.9942941291960514,0.09753575438230144
1068,0.1381827993882859,0.9998330370223265,4,0.7726847521047708,1,2,0.9945004358781304,0.09798922948202347
1069,0.13473108036545778,0.999824595733779,4,0.7728971962616823,1,2,0.9945176559920194,0.09762341475632687
1070,0.14061111058325432,0.999824853229154,4,0.773109243697479,1,2,0.9938984465821444,0.09710216041355918
1071,0.1434372056528546,0.9998183346884003,4,0.773320895522388,1,2,0.9940543144789309,0.09696791587110432
1072,0.14019914930614547,0.9998157772639212,4,0.7735321528424977,1,2,0.9947373599503837,0.09726217301567276
1073,0.13969877159499922,0.9998127576748154,4,0.7737430167597765,1,2,0.9947130575092935,0.09714058658031449
1074,0.13162129817462306,0.9998156053072912,4,0.773953488372093,1,2,0.9947625403191105,0.09826428492416603
1075,0.14000898675358575,0.9998171970970776,4,0.7741635687732342,1,2,0.9950390768471833,0.09769312258628202
1076,0.15255252372614653,0.9998181548471086,4,0.7743732590529248,1,2,0.9950538378291343,0.09749922252499171
1077,0.1384162977086652,0.9998198256399311,4,0.774582560296846,1,2,0.9948685488915722,0.09673411790837894
1078,0.14048902377319744,0.9998030064995863,4,0.7747914735866543,1,2,0.9946137835410453,0.09751363999573034
1079,0.14629588333607368,0.9997973600482595,4,0.775,1,2,0.9946451822855236,0.09736070142287534
1080,0.13618198526413694,0.9998042431452671,4,0.7752081406105458,1,2,0.9948775292138876,0.09760939451020495
1081,0.14758775050408296,0.9998087478852591,4,0.7754158964879853,1,2,0.9949057897974662,0.09738488853363775
1082,0.13796451671990212,0.9998102916465428,4,0.775623268698061,1,2,0.9949433139289143,0.0979999229167498
1083,0.13852646174500488,0.9998031471093509,4,0.775830258302583,1,2,0.994972091805348,0.09775600245170286
1084,0.14756986028040855,0.9997946582547786,4,0.776036866359447,1,2,0.994800135510618,0.09697615419882563
1085,0.13883099332549523,0.9997927754310527,4,0.7762430939226519,1,2,0.9947824876762938,0.09745595330060652
1086,0.12830874773477977,0.9998118633762476,4,0.7764489420423183,1,2,0.9942625443448512,0.09819085864115676
1087,0.14042950023638656,0.9998098285852373,4,0.7766544117647058,1,2,0.9944706456535709,0.09748268304874819
1088,0.12830904112294977,0.9997998109964987,4,0.7768595041322314,1,2,0.9943148343353261,0.09640485771923128
1089,0.1387061642230093,0.9998068206826768,4,0.7770642201834862,1,2,0.994172761053532,0.09820154995945443
1090,0.13956308109597687,0.9998097620253242,4,0.7772685609532539,1,2,0.9946683938201355,0.09744416212180229
1091,0.13112162791128834,0.9998094617154276,4,0.7774725274725275,1,2,0.9946564011161068,0.09814271470946213
1092,0.13454962872437648,0.9998047051832364,4,0.777676120768527,1,2,0.9947109147515576,0.09792045780727826
1093,0.13074788505225668,0.999801344459756,4,0.7778793418647166,1,2,0.9948731023689148,0.09744190513914835
1094,0.14001485536350036,0.9998031930478957,4,0.7780821917808219,1,2,0.9948931576311655,0.09767682286928536
1095,0.14358167786359588,0.9997918454957953,4,0.7782846715328468,1,2,0.9949399752924519,0.0970783375436272
1096,0.14194115397459128,0.9997862572277492,4,0.7784867821330902,1,2,0.9947541747562478,0.09730249043731884
1097,0.13620228488791042,0.9997943843069323,4,0.7786885245901639,1,2,0.9944991266890442,0.09771665546880445
1098,0.13949425693492334,0.9998153962487757,4,0.7788898999090081,1,2,0.9948371706988887,0.09761588031095092
1099,0.1396642881336239,0.9998241018394937,4,0.7790909090909091,1,2,0.9948202064748477,0.09777256290962619
1100,0.13049668607814355,0.9989535020027567,4,0.7783832879200726,1,2,0.0,0.08707535979577923
1101,0.1351126496052837,0.9983538145214906,4,0.7776769509981851,1,2,0.0,0.0858451163449635
1102,0.14113935747819706,0.9976152450611316,4,0.7769718948322756,1,2,0.0,0.0865855589497959
1103,0.13622774190929376,0.9970480319376898,4,0.7762681159420289,1,2,0.0,0.08687826111752424
1104,0.143214072722066,0.9967334167795554,4,0.7755656108597285,1,2,0.0,0.08652185042810769
1105,0.1436117902832308,0.99636031356579,4,0.7748643761301989,1,2,0.0,0.08668762693890235
1106,0.13830962170772276,0.9960222754530276,4,0.7741644083107497,1,2,0.0,0.08658643093025843
1107,0.13170480886384764,0.9956488576098143,4,0.7734657039711191,1,2,0.0,0.0866981453157156
1108,0.14457976146620943,0.9955317862988589,4,0.7727682596934174,1,2,0.0,0.08685516012147786
1109,0.13969885003643584,0.9954267319544767,4,0.7720720720720721,1,2,0.0,0.08568413391030621
1110,0.14217443184634238,0.9954019526873406,4,0.7713771377137714,1,2,0.0,0.0859697191543849
1111,0.14044978313246964,0.9954937718297427,4,0.77068345323741,1,2,0.0,0.08605082463448101
1112,0.14106282296074463,0.9955908293546859,4,0.7699910152740341,1,2,0.0,0.08658680944694003
1113,0.14679587760978124,0.9957708889299342,4,0.7692998204667864,1,2,0.0,0.08570326998721073
1114,0.13152914739021135,0.9962164154829747,4,0.768609865470852,1,2,0.0,0.08690427122051184
1115,0.1318753940169029,0.9968492171937634,4,0.767921146953405,1,2,0.0,0.08741561256350845
1116,0.1270285643440261,0.9975302737969833,4,0.7672336615935542,1,2,0.0,0.08640132867701844
1117,0.13674259473636083,0.9981999881776684,4,0.7665474060822898,1,2,0.0,0.08629428194334694
1118,0.1354441826430488,0.9988344253069494,4,0.7667560321715817,1,2,0.0,0.08575621926057767
1119,0.14031552044602708,0.9998037012895855,4,0.7669642857142858,1,2,0.9959674698517631,0.0870322674297851
1120,0.125548127146613,0.9998026077242276,4,0.7671721677074042,1,2,0.9959766762617093,0.08701381801804976
1121,0.13031789655437764,0.9997954923784801,4,0.767379679144385,1,2,0.9960823605613934,0.08586928646381072
1122,0.13498768851198623,0.9997874711869746,4,0.767586821015138,1,2,0.9960015203730874,0.08671252638293522
1123,0.13016118384098802,0.9997862369048337,4,0.7677935943060499,1,2,0.9962029004588369,0.08609822211083304
1124,0.14076722619235393,0.9998039614162104,4,0.768,1,2,0.9961394410481337,0.08687237763928804
1125,0.13133391875220718,0.9998109272169595,4,0.7682060390763765,1,2,0.9961117283326713,0.08623479326212624
1126,0.13645069173636148,0.9997952031329704,4,0.7684117125110914,1,2,0.9957990356293753,0.08588108892864593
1127,0.1320083400350875,0.9998132976016536,4,0.7686170212765957,1,2,0.9957923316274737,0.08671484721570796
1128,0.1340033475815337,0.9998175619480019,4,0.7688219663418955,1,2,0.9956339685229045,0.0865602931257845
1129,0.13738845513727121,0.9998173427992639,4,0.7690265486725664,1,2,0.9956021989655987,0.08581902554157547
1130,0.12707238038871088,0.9998320606186019,4,0.7692307692307693,1,2,0.9950682743552746,0.0871224789872753
1131,0.13572394051711054,0.9998326836264583,4,0.769434628975265,1,2,0.9947367347803602,0.08781367192870923
1132,0.13942762397804248,0.9998327189040007,4,0.7696381288614298,1,2,0.9947347354368212,0.08542072289299608
1133,0.1314050286988155,0.9998205739632734,4,0.7698412698412699,1,2,0.9947681347424027,0.08650270931579626
1134,0.13424631150734265,0.9998202174159684,4,0.7700440528634361,1,2,0.9948075689787084,0.08676426991409923
1135,0.14290599339714888,0.9998014363723978,4,0.7702464788732394,1,2,0.9947454959028346,0.08695995628941355
1136,0.1349121022725239,0.9997941332499918,4,0.7704485488126649,1,2,0.994841001535387,0.08663855306223818
1137,0.1390819994381603,0.9997907019426517,4,0.7706502636203867,1,2,0.994954253094409,0.08664454260566841
1138,0.12980248345010134,0.9997808210120857,4,0.7708516242317822,1,2,0.994984506666889,0.08718861029821313
1139,0.14139984404358596,0.9997853132134508,4,0.7710526315789473,1,2,0.9949580433884784,0.08665091021210934
1140,0.13523598460297537,0.9998045107649566,4,0.7712532865907099,1,2,0.9947252805138731,0.0876432204145347
1141,0.12246991722375625,0.9998167934582785,4,0.7714535901926445,1,2,0.9948599712174429,0.08635770017582395
1142,0.13472673555198222,0.9998219518383197,4,0.7716535433070866,1,2,0.9948572303591351,0.08595318681735926
1143,0.1384640975079453,0.9998081085969536,4,0.7718531468531469,1,2,0.994169303035969,0.08522113674539565
1144,0.13760721701835138,0.9998059369250782,4,0.7720524017467248,1,2,0.9941798779737656,0.08654598444169798
1145,0.1354982356765112,0.9997947700521137,4,0.7722513089005235,1,2,0.9941228387057751,0.08698172697521322
1146,0.12542287500733357,0.9998179162722874,4,0.7724498692240628,1,2,0.9945465085967213,0.08670339383815631
1147,0.13360735373546345,0.9998129630083933,4,0.7726480836236934,1,2,0.9940631554161072,0.08572725921003536
1148,0.1315067937260676,0.999816661931173,4,0.7728459530026109,1,2,0.9941006560340133,0.08701622977030771
1149,0.12869639717993386,0.9998225284337645,4,0.7730434782608696,1,2,0.9939554506193373,0.08691588506337362
1150,0.13502982817591722,0.9998174662514515,4,0.7732406602953953,1,2,0.994210305079626,0.0861287618494258
1151,0.13762350257616743,0.9998277336909839,4,0.7734375,1,2,0.9942674941894849,0.08678187055333261
1152,0.138295801940587,0.9998256270394931,4,0.7736339982653946,1,2,0.994074598916016,0.08677400876962023
1153,0.13634023185116062,0.9998336324569822,4,0.7738301559792028,1,2,0.9939646414663097,0.08588467006755857
1154,0.13044452172252227,0.9998281945162044,4,0.7740259740259741,1,2,0.9939855429766753,0.08642112052986095
1155,0.14497362475679273,0.9998404909892102,4,0.7742214532871973,1,2,0.9940573121624038,0.08632065265739632
1156,0.12715330935398642,0.9998592046146231,4,0.7744165946413137,1,2,0.993945666946319,0.08591312172674566
1157,0.13028059527983438,0.9998563694051252,4,0.7746113989637305,1,2,0.9939472092252721,0.08661471179833827
1158,0.13109585053605433,0.9998596811719896,4,0.7748058671268335,1,2,0.9937977377711436,0.08560634377224433
1159,0.12135196342616313,0.9998569599349749,4,0.775,1,2,0.9938099201245991,0.08664421540402319
1160,0.13730464510849838,0.9998356661425845,4,0.7751937984496124,1,2,0.9940096579204376,0.08718017631246389
1161,0.14521031903361503,0.9998293844957002,4,0.7753872633390706,1,2,0.9940200368399512,0.08585858477024683
1162,0.12837471875803025,0.9998260573037808,4,0.7755803955288049,1,2,0.9939307414423904,0.08717767734732834
1163,0.13972090064507597,0.9998361838064764,4,0.7757731958762887,1,2,0.994369595613337,0.08654239347710044
1164,0.13382463012809565,0.9998289054303512,4,0.7759656652360515,1,2,0.9943363729466408,0.08588834161717857
1165,0.14136058255096665,0.9998408940942309,4,0.7761578044596913,1,2,0.9944108223631689,0.08603581458755537
1166,0.13313053896004529,0.9998289795662061,4,0.7763496143958869,1,2,0.9944018807823005,0.08621726510471212
1167,0.13002000709277614,0.9998325003424137,4,0.776541095890411,1,2,0.9948358768844382,0.0866261162514235
1168,0.1284099894721818,0.9998338263092027,4,0.776732249786142,1,2,0.9948442207240717,0.08666297644219982
1169,0.1224670956696326,0.9998275129450012,4,0.7769230769230769,1,2,0.9950910377921871,0.08658691617344089
1170,0.12591354346387496,0.9998282006021431,4,0.7771135781383433,1,2,0.9948901800490313,0.08650234449697887
1171,0.13430841019155162,0.9998221358409206,4,0.7773037542662116,1,2,0.9950576121274886,0.08595071150462044
1172,0.13129293160083047,0.9998203844365087,4,0.7774936061381074,1,2,0.9957627693324197,0.08597832361839636
1173,0.13057777288856426,0.9998176249428522,4,0.7776831345826235,1,2,0.995774442032872,0.0857949557203377
1174,0.1194874278213345,0.999820347124696,4,0.7778723404255319,1,2,0.9958397835405461,0.08665088494097972
1175,0.13025505020507255,0.9998206970212632,4,0.7780612244897959,1,2,0.9958398086990342,0.08645437560554495
1176,0.13734260379699564,0.9998224257141721,4,0.7782497875955819,1,2,0.9959876718736711,0.08625164238787611
1177,0.12899654567268765,0.9998250860089591,4,0.7784380305602716,1,2,0.9956714023178066,0.0852920948721455
1178,0.13433369299351444,0.9998102341359845,4,0.7786259541984732,1,2,0.9957016473821838,0.08652276180094481
1179,0.1282277396601051,0.9998059147479572,4,0.7788135593220339,1,2,0.9956842712107772,0.0858256544182914
1180,0.1327565541359487,0.9998171613229007,4,0.7790008467400508,1,2,0.995873883965714,0.0862110067707989
1181,0.13908882837128378,0.9998214516369126,4,0.7791878172588832,1,2,0.9957717637530704,0.08598651087927932
1182,0.13010461479649535,0.9998225823748464,4,0.779374471682164,1,2,0.9960632468581794,0.08657315247081854
1183,0.13254736942390982,0.9998162620641965,4,0.7795608108108109,1,2,0.9966440218676829,0.08588100245170287
1184,0.13705536587411757,0.9998081552508548,4,0.779746835443038,1,2,0.9956370197305489,0.08581887425659997
1185,0.13371407353512904,0.9998063940516674,4,0.7799325463743676,1,2,0.9955947176870179,0.08634936065150046
1186,0.11943212472451425,0.999824409163264,4,0.7801179443976411,1,2,0.9948259240380958,0.08746340023504957
1187,0.1315423183137856,0.9998220465598646,4,0.7803030303030303,1,2,0.9948975540743705,0.0859871920334337
1188,0.1266853199347889,0.9998123565485859,4,0.7804878048780488,1,2,0.9946454823874733,0.08520606694721204
1189,0.12678544603188,0.9998176460239763,4,0.780672268907563,1,2,0.9944507765627556,0.08643668267422396
1190,0.12705018718989963,0.9998222306575412,4,0.7808564231738035,1,2,0.9944024041980405,0.08698244505885531
1191,0.11987433609488718,0.9998212107104821,4,0.7810402684563759,1,2,0.9944102170995235,0.08685930022058924
1192,0.12457909644442072,0.9998162961767573,4,0.7812238055322716,1,2,0.9944233161889566,0.08649074776935564
1193,0.1225653262385407,0.9998116145549295,4,0.7814070351758794,1,2,0.9944390547754114,0.0861044838323365
1194,0.13279500112286738,0.9998127072617388,4,0.7815899581589958,1,2,0.9943804204614637,0.08699513685502475
1195,0.13426633436302327,0.9997994413888179,4,0.7817725752508361,1,2,0.9942797304692864,0.0856313179063129
1196,0.12945288571839245,0.9997944303557365,4,0.7819548872180451,1,2,0.9942646818957599,0.08678219225100775
1197,0.12712327042496055,0.9998022661446201,4,0.7821368948247078,1,2,0.9944285044282091,0.08654125303065746
1198,0.12080274885535185,0.9998218504638707,4,0.7823185988323603,1,2,0.994509536673488,0.08655221020561764
1199,0.13052192821077435,0.9998298750981296,4,0.7825,1,2,0.9945351144671944,0.0863882014534691
1200,0.13208530749839217,0.9989665696572161,4,0.7818484596169858,1,2,0.0,0.09708723255326436
1201,0.1262249620105334,0.9980572274325819,4,0.781198003327787,1,2,0.0,0.09787732365754781
1202,0.13326367410060974,0.9973404212765112,4,0.7805486284289277,1,2,0.0,0.09727132520458831
1203,0.12726423259965353,0.9968535847954075,4,0.7799003322259136,1,2,0.0,0.09753517704635901
1204,0.1352830217424406,0.9961618819536229,4,0.779253112033195,1,2,0.0,0.09743103131649188
1205,0.1336124737974279,0.9958346382030265,4,0.7786069651741293,1,2,0.0,0.09759391901445613
1206,0.13926298548973023,0.9953789247494396,4,0.7779618889809445,1,2,0.0,0.0969978138955308
1207,0.11941295829153478,0.9952066517009409,4,0.777317880794702,1,2,0.0,0.09731432585814581
1208,0.13200385277996712,0.9951551825870928,4,0.7766749379652605,1,2,0.0,0.09721506335318642
1209,0.13209463811312838,0.9950469976106128,4,0.7760330578512397,1,2,0.0,0.097061781386548
1210,0.12455405268495112,0.9951537145162334,4,0.7753922378199835,1,2,0.0,0.0968141299646176
1211,0.12913586489392645,0.9952735122404617,4,0.7747524752475248,1,2,0.0,0.09742403481404177
1212,0.12977948498801412,0.9955009774390646,4,0.7741137675185491,1,2,0.0,0.09695934073446734
1213,0.13854198326134745,0.9959103180492722,4,0.7734761120263591,1,2,0.0,0.0971385218008795
1214,0.13082331251201462,0.9963099577930151,4,0.7728395061728395,1,2,0.0,0.09790344509942195
1215,0.12082326843689904,0.9967087484385619,4,0.772203947368421,0,2,0.0,0.0976125738568897
1216,0.12519578078027502,0.9972363459899346,4,0.7715694330320461,0,2,0.0,0.0977483416160167
1217,0.1422225904965946,0.9979609004127511,4,0.770935960591133,0,2,0.0,0.09687842118128433
1218,0.13400192418066315,0.9989180018792487,4,0.771123872026251,0,2,0.0,0.09697376408726871
1219,0.1325735096778463,0.9997236887864249,4,0.771311475409836,0,2,0.9935425912585354,0.09658238803496526
1220,0.13156850284417151,0.9997144293012507,4,0.7714987714987716,0,2,0.9937234651535225,0.09676840889935108
1221,0.12669400965416627,0.9997123102506191,4,0.7716857610474632,0,2,0.994140348775506,0.09745706002729278
1222,0.12813836734893247,0.9996970076293633,4,0.7718724448078496,0,2,0.9939316871687178,0.09653973792803466
1223,0.12617763862426304,0.9996954544691009,4,0.7720588235294118,0,2,0.9942146902451343,0.09769100148704385
1224,0.12922169023937324,0.999702276282648,4,0.7722448979591837,0,2,0.99420094118772,0.09716020683852294
1225,0.13771844028690355,0.9997079636018595,4,0.7724306688417618,0,2,0.9942717695205415,0.09690072989064641
1226,0.13194994605597057,0.9997250863714541,4,0.7726161369193154,0,2,0.9939531809032904,0.09804592539883507
1227,0.12907239069945387,0.9997116615736942,4,0.7728013029315961,0,2,0.9940116908622496,0.0976776777165058
1228,0.13463269855999582,0.9997284174878386,4,0.772986167615948,0,2,0.9937420781229097,0.09718941706029405
1229,0.12960923040662034,0.9997383810271415,4,0.7731707317073171,0,2,0.9935865735274113,0.09765814753304485
1230,0.1336263946460089,0.9997530832545947,4,0.7733549959382616,0,2,0.9933812817988794,0.09808538521926709
1231,0.13371309800107062,0.9997540518824567,4,0.773538961038961,0,2,0.9929907011624541,0.09657572918574947
1232,0.13818651055259235,0.9997805350790969,4,0.7737226277372263,0,2,0.9929996374191032,0.09686684809679919
1233,0.1448743490399271,0.9998090821989591,4,0.7739059967585089,0,2,0.9929579402861424,0.09832790884350945
1234,0.12251601111169808,0.9997919882094072,4,0.7740890688259109,0,2,0.992877488247855,0.09700690286428121
1235,0.1264088130624066,0.9997774340789037,4,0.7742718446601942,0,2,0.9929872506271908,0.0966593056892208
1236,0.1237365470593122,0.9997778651657364,4,0.7744543249797898,0,2,0.9933198329899331,0.0975371659749897
1237,0.13170945192453565,0.9997780179278974,4,0.7746365105008077,0,2,0.9933105922141712,0.09688044425073854
1238,0.13345485447668928,0.999779206581334,4,0.774818401937046,0,2,0.9930811971563699,0.09715198518349921
1239,0.13101227641567081,0.9997953700592829,4,0.775,0,2,0.9930820725679022,0.09743687400320189
1240,0.12629561666843614,0.9998134454590483,4,0.7751813053988719,0,2,0.9930555557540957,0.09718218842387434
1241,0.13306202280410492,0.9998183257772992,4,0.7753623188405797,0,2,0.9930361918314703,0.09730927594999865
1242,0.1239595392493654,0.9998242029411752,4,0.7755430410297667,0,2,0.9930485906465759,0.09806009934953445
1243,0.1279725565756932,0.9998104772537926,4,0.7757234726688103,0,2,0.9931037310772018,0.09723577742094554
1244,0.12935173116672138,0.9998064384820998,4,0.7759036144578313,0,2,0.9929425074617335,0.09772245165084274
1245,0.12391169157589171,0.9998054534017387,4,0.776083467094703,0,2,0.9929288870415571,0.09814997713711854
1246,0.12878287764671065,0.9998024645691033,4,0.7762630312750601,0,2,0.9931137884894854,0.09781892944998705
1247,0.13425292802917227,0.9998086983715954,4,0.7764423076923077,0,2,0.9930680761854844,0.097670621334551
1248,0.13182239336090484,0.9998133969368846,4,0.77662129703763,0,2,0.9937666998265932,0.09769285276471196
1249,0.11948424172694151,0.999810110228627,4,0.7768,0,2,0.9938067513575648,0.09762415287665849
1250,0.12960927808183095,0.9998016515858456,4,0.7769784172661871,0,2,0.9940271511992363,0.09731508576067263
1251,0.12738975902156305,0.9998213308726555,4,0.7771565495207667,0,2,0.9947703363153066,0.0976191861228412
1252,0.12808355978744723,0.9998256902120823,4,0.7773343974461293,0,2,0.9948406876355604,0.09736195853723247
1253,0.1251756948643747,0.9998258137188948,4,0.777511961722488,0,2,0.9948002901964994,0.09827970883532675
1254,0.1200044968725256,0.9998347591017964,4,0.7776892430278884,0,2,0.99551291495211,0.09744619203609022
1255,0.12274703389588625,0.9998382606971815,4,0.7778662420382165,0,2,0.9960900321381927,0.09737591989847895
1256,0.12017617009523533,0.9998346879499319,4,0.7780429594272077,0,2,0.9960192462684694,0.09839047414704277
1257,0.12913358593943958,0.999832515907179,4,0.7782193958664547,0,2,0.9960999232216499,0.0971348263980255
1258,0.14082404714881822,0.9998213896927911,4,0.778395552025417,0,2,0.9962310344788097,0.09750293710548658
1259,0.12598089830361242,0.9998245426876973,4,0.7785714285714286,0,2,0.9961699333683456,0.0977241688486203
1260,0.11640243152642862,0.9998285657119425,4,0.7787470261697066,0,2,0.9962523247639201,0.09749996694330713
1261,0.1269078007924135,0.999824783273532,4,0.7789223454833597,0,2,0.9961717373364279,0.0975291845245761
1262,0.12440099258724127,0.9998214524111781,4,0.7790973871733967,0,2,0.9962056362858588,0.09759322619526535
1263,0.13476498475528448,0.9998400827660363,4,0.7792721518987342,0,2,0.9960676866701899,0.09725747747957375
1264,0.11728962442913926,0.999845524473496,4,0.7794466403162056,0,2,0.9962098782956539,0.09722105700882497
1265,0.12299538354071468,0.999834059753641,4,0.7796208530805687,0,2,0.9962029408812049,0.09750960477368958
1266,0.13621248603897443,0.9998414251489985,4,0.7797947908445146,0,2,0.9963983016414564,0.09738215190007585
1267,0.13406852185700485,0.9998444403064817,4,0.7799684542586751,0,2,0.9964165888091987,0.09752211950658651
1268,0.13131157569023186,0.9998445732237039,4,0.7801418439716312,0,2,0.9962771462684907,0.09757854896666655
1269,0.12472017050961728,0.9998457150948762,4,0.7803149606299212,0,2,0.9960640563130403,0.09751562325953232
1270,0.12811462587452083,0.9998549446794609,4,0.7804878048780488,0,2,0.9960705176962802,0.09693337205127428
1271,0.12354414221584163,0.9998344916318318,4,0.7806603773584906,0,2,0.9957716560882134,0.09703004311300066
1272,0.1226490672225023,0.9998455370595463,4,0.7808326787117046,0,2,0.9957340620328499,0.09716811449605278
1273,0.12070503156157225,0.9998303346424434,4,0.7810047095761381,0,2,0.9955997747135448,0.09773045968809352
1274,0.12260868703451763,0.9998148394992381,4,0.7811764705882352,0,2,0.9952891500900957,0.09763607896048136
1275,0.1293159050054185,0.9998239144004682,4,0.7813479623824452,0,2,0.9951079122576348,0.09809953817798882
1276,0.1261071868782721,0.9998082700040811,4,0.7815191855912295,0,2,0.9949195064112893,0.09676351160819126
1277,0.11869027365347086,0.9997997703733896,4,0.7816901408450704,0,2,0.9950070872685388,0.09763877364818205
1278,0.12004516615649292,0.9998119435901972,4,0.7818608287724785,0,2,0.9949524037775657,0.09759347235723431
1279,0.1171749381209056,0.9998097616715266,4,0.78203125,0,2,0.9948677884056254,0.09771830174783445
1280,0.12410311270325669,0.9997995020622557,4,0.7822014051522248,0,2,0.9949374079196307,0.09739280347059844
1281,0.12645984495032814,0.9998053246400559,4,0.782371294851794,0,2,0.9948350586357029,0.09835170329356606
1282,0.12464962248540046,0.9998156520216888,4,0.7825409197194076,0,2,0.9944388179179251,0.09840766381940674
1283,0.13011339666710314,0.9997673790857161,4,0.7827102803738317,0,2,0.9940892170194982,0.097147638877322
1284,0.1283823955364772,0.9997500462452096,4,0.7828793774319066,0,2,0.9937344599780957,0.0969893071612626
1285,0.12162509616322324,0.9997640667036382,4,0.7830482115085536,0,2,0.9936629989726264,0.09766283185033746
1286,0.12968257698943292,0.9997630330186119,4,0.7832167832167832,0,2,0.993385052978741,0.09734473923277338
1287,0.12752536080284624,0.9997632876384777,4,0.7833850931677019,0,2,0.993393112120269,0.0977486079381669
1288,0.12002490976103637,0.9997664294821588,4,0.7835531419705197,0,2,0.993343118198089,0.09716188260317543
1289,0.12888291891260967,0.9997576590084531,4,0.7837209302325582,0,2,0.9932232336197806,0.0969293236443632
1290,0.12955857441678245,0.9997470747212124,4,0.7838884585592564,0,2,0.9929414945252253,0.09737496732039069
1291,0.12619824162966506,0.9997843675644975,4,0.7840557275541795,0,2,0.9930315283731321,0.09727036831360054
1292,0.11352117396369142,0.9997893339063487,4,0.7842227378190255,0,2,0.9928899797805553,0.09732892729620088
1293,0.12845314480036735,0.9998085406012577,4,0.7843894899536321,0,2,0.9930520691550313,0.09762477673637905
1294,0.12805581373986794,0.9998167468740631,4,0.7845559845559845,0,2,0.9927175876503072,0.09772233466202775
1295,0.12158863740548984,0.9998142572588691,4,0.7847222222222222,0,2,0.9923588265875156,0.09843248055555173
1296,0.11925695419374979,0.9998176748336596,4,0.7848882035466461,0,2,0.992330621596655,0.09684934159872947
1297,0.12812646301190017,0.9998232765057707,4,0.7850539291217258,0,2,0.9923785007924312,0.09754027105509983
1298,0.11464925467975942,0.9998219390292188,4,0.7852193995381063,0,2,0.9924681301425899,0.09683551036747502
1299,0.12505539991645326,0.9998077746096801,4,0.7853846153846153,0,2,0.9927033095170568,0.09675949041995054
1300,0.12580331327021899,0.9989498663571864,4,0.7847809377401999,0,2,0.0,0.08626918296788669
1301,0.12138774942370804,0.9982295829022985,4,0.7841781874039938,0,2,0.0,0.08690058532656966
1302,0.12532635411157678,0.9975232306550182,4,0.7835763622409824,0,2,0.0,0.08626824427268136
1303,0.1187260478364065,0.9968715606878797,4,0.7829754601226994,0,2,0.0,0.08577891888125563
1304,0.1289156634897693,0.9965911386993848,4,0.782375478927203,0,2,0.0,0.08665676756340067
1305,0.12704893121128777,0.996115531691465,4,0.7817764165390505,0,2,0.0,0.08659726813223753
1306,0.1263732905634904,0.9958970347850947,4,0.7811782708492732,0,2,0.0,0.08629167220684976
1307,0.11309839829547522,0.9956263071797745,4,0.7805810397553516,0,2,0.0,0.0872454994752907
1308,0.12366448733745326,0.9953756930901124,4,0.7799847211611918,0,2,0.0,0.0857276864368472
1309,0.12472717608356539,0.9953844757893583,4,0.7793893129770992,0,2,0.0,0.08583675819038043
1310,0.11476362109656812,0.9952181252024331,4,0.778794813119756,0,2,0.0,0.08493912996461761
1311,0.12060473383011483,0.9953327313425608,4,0.7782012195121951,0,2,0.0,0.08561979936705288
1312,0.11708707279963484,0.9956260566975023,4,0.7776085300837776,0,2,0.0,0.0859085760199099
1313,0.12919526882547358,0.9959096481236204,4,0.7770167427701674,0,2,0.0,0.08613916455298129
1314,0.1267672630578272,0.9962029376449344,4,0.776425855513308,0,2,0.0,0.08691868558659191
1315,0.11872148201263158,0.9966819143385212,4,0.7758358662613982,0,2,0.0,0.08606109911870674
1316,0.1168735523827227,0.9974007622766329,4,0.7752467729688687,0,2,0.0,0.08636754537850906
1317,0.13074845791117234,0.9981603638625867,4,0.7754172989377845,0,2,0.0,0.08571335871917332
1318,0.12546321741764488,0.9990037061875509,4,0.775587566338135,0,2,0.0,0.08604941258145293
1319,0.12599133897537915,0.9997385960168731,4,0.7757575757575758,0,2,0.9935357751380619,0.08596701144763937
1320,0.1166245026867733,0.9997190357449365,4,0.7759273277819834,0,2,0.9936225715024931,0.08579633177114653
1321,0.11066959343750532,0.9997165256827909,4,0.7760968229954615,0,2,0.9943076148136503,0.0855820600272928
1322,0.11743485157226577,0.9997041710601335,4,0.7762660619803476,0,2,0.9940047479924458,0.0855892962536507
1323,0.12489379437839294,0.9997032979904378,4,0.7764350453172205,0,2,0.9936656317981318,0.08746842450296599
1324,0.12206856587545974,0.9997108466293841,4,0.7766037735849056,0,2,0.9937252319172041,0.08596749720246788
1325,0.1333015391568383,0.9997161722242608,4,0.7767722473604827,0,2,0.9938759315739689,0.08583030311538542
1326,0.13343572433280138,0.9997355517849494,4,0.7769404672192917,0,2,0.9938454558019412,0.08617194255429778
1327,0.12082891117912663,0.9997208729253008,4,0.7771084337349398,0,2,0.9938408191953901,0.08766811504998052
1328,0.12486791322574187,0.9997342214732212,4,0.7772761474793077,0,2,0.9931408448669473,0.08562037537016358
1329,0.11829822771922109,0.9997457079119738,4,0.7774436090225564,0,2,0.9929835803356626,0.08641515248246014
1330,0.12712029121434545,0.9997614596374211,4,0.777610818933133,0,2,0.9935481409755293,0.08643884109288352
1331,0.11843485352976009,0.999763211579247,4,0.7777777777777778,0,2,0.9934574520439456,0.08634893939109381
1332,0.13056809920331403,0.999788923440917,4,0.7779444861215303,0,2,0.9934595146777376,0.08548023452771199
1333,0.13172035238608187,0.999816799849031,4,0.7781109445277361,0,2,0.9931341936187281,0.08692995359567894
1334,0.11714411946756143,0.9997989776849249,4,0.7782771535580524,0,2,0.9932059149777037,0.08642747327513399
1335,0.11807174348891539,0.9997829457478491,4,0.7784431137724551,0,2,0.9931067188455368,0.08671949039067758
1336,0.12086970687908448,0.999783338940592,4,0.7786088257292446,0,2,0.993230458720556,0.08657505049782982
1337,0.11710980989563172,0.9997836078975519,4,0.7787742899850523,0,2,0.9932882703136638,0.08562463421835259
1338,0.12105834572433566,0.9997843690707866,4,0.7789395070948469,0,2,0.9931961248056445,0.08589850249431784
1339,0.11977436521455713,0.9998011102489585,4,0.7791044776119403,0,2,0.9931524127080102,0.08637078516728833
1340,0.11383406625192814,0.9998171845477164,4,0.779269202087994,0,2,0.9929929391971787,0.08565125342901565
1341,0.1232298835355633,0.999821822550299,4,0.7794336810730254,0,2,0.9930740479376559,0.08633322468266316
1342,0.11438519672093966,0.9998259432662068,4,0.7795979151154132,0,2,0.9931822263655125,0.0866838844568474
1343,0.12176921409556311,0.999814666358902,4,0.7797619047619048,0,2,0.9933685261296399,0.08616666435567155
1344,0.11831458160840111,0.9998124834778763,4,0.7799256505576209,0,2,0.9933601549789877,0.08591008131192891
1345,0.11788826745717781,0.999811900611704,4,0.7800891530460624,0,2,0.9934034743319943,0.08655055184127647
1346,0.11968338974193496,0.9998090712396183,4,0.7802524127691166,0,2,0.9934192619191478,0.0868626252017137
1347,0.12399571887713141,0.9998166798800159,4,0.7804154302670623,0,2,0.9933683842309735,0.08632921107415761
1348,0.1214176352676394,0.9998204378654533,4,0.7805782060785768,0,2,0.9946630351107697,0.08686423956274027
1349,0.11119798801363137,0.999817198223127,4,0.7807407407407407,0,2,0.9946649022247747,0.08620941394993081
1350,0.12133137576988727,0.9998078606336288,4,0.7809030347890451,0,2,0.9945577331096244,0.08659995687247668
1351,0.12280825774413459,0.9998238841361454,4,0.7810650887573964,0,2,0.9946530160412472,0.08695512664622318
1352,0.11380892451493047,0.9998293572729535,4,0.7812269031781227,0,2,0.9947008562366434,0.08564925791051263
1353,0.11506312675863906,0.9998294302504528,4,0.7813884785819794,0,2,0.9946268833915518,0.0872880655645048
1354,0.11449758468158602,0.999839016508919,4,0.7815498154981549,0,2,0.9942836516266367,0.08828075310531189
1355,0.11631744929044206,0.9998428748076724,4,0.7817109144542773,0,2,0.9944278230438542,0.08637236199440011
1356,0.11400050789059905,0.9998386933280872,4,0.7818717759764185,0,2,0.9941630883971262,0.08729336803184871
1357,0.11559439530231863,0.9998364198713063,4,0.7820324005891016,0,2,0.9945114531342567,0.08631367109547
1358,0.12431672662110294,0.9998249766132847,4,0.7821927888153054,0,2,0.9944558743680956,0.08613507680157971
1359,0.10962508240236159,0.9998278942133457,4,0.7823529411764706,0,2,0.994406949943468,0.08650368883933067
1360,0.10487443986807093,0.9998318084114873,4,0.7825128581925055,0,2,0.9949430482703527,0.08613405492896412
1361,0.11985331536524742,0.9998286585869554,4,0.7826725403817915,0,2,0.9948580169034605,0.08673408842323277
1362,0.11709881526099902,0.9998258951717647,4,0.7828319882611886,0,2,0.9947868944351723,0.08616892297890125
1363,0.11940545733671315,0.9998425450378098,4,0.782991202346041,0,2,0.9948231742754485,0.08697919683979749
1364,0.11105979285360074,0.9998476547342204,4,0.7831501831501831,0,2,0.9948749705786775,0.08579703356007534
1365,0.11445128654593767,0.9998380942653375,4,0.7833089311859444,0,2,0.9948174391362501,0.08607249894570893
1366,0.12133961524515983,0.9998448183873906,4,0.783467446964155,0,2,0.9948585374461092,0.08617747258403041
1367,0.1263404769702142,0.9998496265387239,4,0.783625730994152,0,2,0.9948571717299437,0.08641464768628836
1368,0.12237892016802907,0.9998505000092309,4,0.7837837837837838,0,2,0.994824237972318,0.08617439940724765
1369,0.11250414366207266,0.999852226361895,4,0.7839416058394161,0,2,0.994885346516724,0.08632637644435011
1370,0.1203247616241522,0.9998628049993143,4,0.7840991976659373,0,2,0.9949430311356048,0.08608242243880507
1371,0.11918384325539244,0.9998423562987073,4,0.7842565597667639,0,2,0.9948247525228471,0.08604125157677472
1372,0.11396067724448285,0.999851833567034,4,0.7844136926438456,0,2,0.9948698960564512,0.08636376338734078
1373,0.11320568339601274,0.9998348916386093,4,0.784570596797671,0,2,0.99502224513456,0.0860970387325577
1374,0.11100631144880183,0.9998241881821667,4,0.7847272727272727,0,2,0.9955891017991126,0.08641223909878563
1375,0.11741123410363183,0.9998332904456392,4,0.7848837209302325,0,2,0.9953876580590593,0.0869026546229067
1376,0.11948858685549268,0.99982089372879,4,0.785039941902687,0,2,0.9950879187542472,0.08501005474925712
1377,0.10524022564129461,0.9998136623486321,4,0.7851959361393324,0,2,0.9951204352569182,0.08576377364818205
1378,0.11897197185303043,0.9998258631080804,4,0.78535170413343,0,2,0.9951287057669987,0.0858404033685881
1379,0.11024055977121167,0.9998229325175235,4,0.7855072463768116,0,2,0.9952061876721947,0.08603776333715274
1380,0.11592184694912332,0.9998129599191511,4,0.7856625633598842,0,2,0.9950758090720295,0.08697062898588666
1381,0.11399159908576739,0.9998180530030646,4,0.7858176555716353,0,2,0.9951154194453036,0.08681626820322262
1382,0.11395767906045606,0.9998277219835165,4,0.7859725234996384,0,2,0.9945490458198551,0.08679779107302274
1383,0.12531647349982228,0.9997779985108611,4,0.7861271676300579,0,2,0.994350776044985,0.0866458519855524
1384,0.11890453054961772,0.9997599192155162,4,0.7862815884476534,0,2,0.9941982352505039,0.08674726431406077
1385,0.1123288078123463,0.9997710910283223,4,0.7864357864357865,0,2,0.9937428314764624,0.08730002535239087
1386,0.12432473069424144,0.9997704901040562,4,0.786589762076424,0,2,0.9936955612723029,0.08702877249943711
1387,0.11426379416892521,0.9997705530472227,4,0.7867435158501441,0,2,0.9937074682983369,0.08635136057831971
1388,0.11078471074420129,0.9997737861700093,4,0.7868970482361412,0,2,0.9936240146985786,0.08617773984336727
1389,0.12490894038700058,0.9997662277381866,4,0.7870503597122303,0,2,0.9932487439890242,0.08597532050736252
1390,0.1237347453161073,0.9997535445806348,4,0.7872034507548527,0,2,0.9930385093950626,0.08668881709101539
1391,0.11764228851181753,0.9997896704523962,4,0.7873563218390804,0,2,0.9931012526050154,0.08638924948333054
1392,0.1043278451763201,0.999794205608284,4,0.7875089734386217,0,2,0.992896335837596,0.08615894047226598
1393,0.11533333777324184,0.9998146575815833,4,0.787661406025825,0,2,0.9929112723397471,0.08608916650388726
1394,0.11828326659262307,0.9998204754444018,4,0.7878136200716845,0,2,0.9927424281666327,0.08632050191688273
1395,0.11404389209021609,0.9998182103294285,4,0.7879656160458453,0,2,0.9926284265667664,0.08711107485271118
1396,0.1075816210026629,0.9998184887568191,4,0.788117394416607,0,2,0.9929999491641932,0.08555611320599338
1397,0.11655409984190297,0.9998230248167683,4,0.7882689556509299,0,2,0.9930743495592014,0.08599236242730411
1398,0.10468550465386603,0.9998218668852407,4,0.7884203002144389,0,2,0.993089739151963,0.08573045587968825
1399,0.11866482029764555,0.9998102372641162,4,0.7885714285714286,0,2,0.9931117246076604,0.08596694774591135
1400,0.12003796413036907,0.998925089793333,4,0.7880085653104925,0,2,0.0,0.09767269828382287
1401,0.1126387968215927,0.9980889826054612,4,0.7874465049928673,0,2,0.0,0.09787732365754781
1402,0.11932184684292277,0.9974237690143446,4,0.7868852459016393,0,2,0.0,0.09727132520458831
1403,0.11369688042634742,0.9969420039638053,4,0.7863247863247863,0,2,0.0,0.09753517704635901
1404,0.12123044685845061,0.9962142477708849,4,0.7857651245551601,0,2,0.0,0.09743103131649188
1405,0.11959760793643254,0.9958617551533527,4,0.7852062588904695,0,2,0.0,0.09759391901445613
1406,0.12516461748868063,0.9954222333775282,4,0.7846481876332623,0,2,0.0,0.0969978138955308
1407,0.10632620173115817,0.9952429076619973,4,0.7840909090909091,0,2,0.0,0.09731432585814581
1408,0.118221749354223,0.9951886878987202,4,0.7835344215755855,0,2,0.0,0.09721506335318642
1409,0.11823913517345473,0.995079041440729,4,0.7829787234042553,0,2,0.0,0.097061781386548
1410,0.11125022588628891,0.9953415894432477,4,0.7824238128986535,0,2,0.0,0.0968141299646176
1411,0.11550348382061304,0.9954404551646618,4,0.7818696883852692,0,2,0.0,0.09742403481404177
1412,0.1162495903442396,0.995514582681209,4,0.7813163481953291,0,2,0.0,0.09695934073446734
1413,0.12439096912577349,0.9958502804271395,4,0.7807637906647807,0,2,0.0,0.0971385218008795
1414,0.1169871360787158,0.9963905671836173,4,0.7802120141342757,0,2,0.0,0.09790344509942195
1415,0.10753339255390744,0.9969006046379043,4,0.7796610169491526,0,2,0.0,0.0976125738568897
1416,0.111830925742652,0.997381187271714,4,0.7798165137614679,0,2,0.0,0.0977483416160167
1417,0.12787347997845422,0.9979969877515779,4,0.7799717912552891,0,2,0.0,0.09687842118128433
1418,0.12009547341104304,0.9987060096763689,4,0.7801268498942917,0,2,0.0,0.09697376408726871
1419,0.1187299852592367,0.999734568116237,4,0.780281690140845,0,2,0.9935049846781523,0.09658238803496526
1420,0.11801491508283252,0.9997144293022574,4,0.7804363124560169,0,2,0.9937554363624502,0.09676840889935108
1421,0.11349398733141917,0.9997123102515827,4,0.7805907172995781,0,2,0.9941453432920289,0.09745706002729278
1422,0.1146719889634192,0.9996970076302828,4,0.780744905130007,0,2,0.9939348194171223,0.09653973792803466
1423,0.11256960812815825,0.9996954544701491,4,0.7808988764044944,0,2,0.994212413274081,0.09769100148704385
1424,0.11558856324713282,0.9997022762836272,4,0.7810526315789473,0,2,0.9941938861969447,0.09716020683852294
1425,0.12347212135316103,0.9997079636028154,4,0.7812061711079944,0,2,0.9942616836496719,0.09690072989064641
1426,0.11793878235950102,0.9997250863721562,4,0.7813594954449895,0,2,0.9939490228090249,0.09804592539883507
1427,0.11549923271043125,0.999711661574566,4,0.7815126050420168,0,2,0.9940059321810468,0.0976776777165058
1428,0.12073549172536255,0.9997284174886957,4,0.781665500349895,0,2,0.9937138296740085,0.09718941706029405
1429,0.11609866886912545,0.9997383810280868,4,0.7818181818181819,0,2,0.9935596824645362,0.09765814753304485
1430,0.11973096213035314,0.9997530832554999,4,0.7819706498951782,0,2,0.993359892356193,0.09808538521926709
1431,0.12006132604288017,0.9997540518833006,4,0.7821229050279329,0,2,0.9929645533410199,0.09657572918574947
1432,0.12407228654200578,0.9997805350797179,4,0.782274947662247,0,2,0.9929727093002045,0.09686684809679919
1433,0.13053227654125665,0.9998090821993092,4,0.7824267782426778,0,2,0.9929350518372375,0.09832790884350945
1434,0.10932506627755655,0.9997919882098013,4,0.7825783972125435,0,2,0.99284621747155,0.09700690286428121
1435,0.11303578057218705,0.9997774340792899,4,0.7827298050139275,0,2,0.9929635964416368,0.0966593056892208
1436,0.11035947300307852,0.9997778651661231,4,0.7828810020876826,0,2,0.9933064799998546,0.0975371659749897
1437,0.11822256838153691,0.9997780179283211,4,0.7830319888734353,0,2,0.9932945081553406,0.09688044425073854
1438,0.11976328004526565,0.9997792065818181,4,0.78318276580959,0,2,0.9930720644997559,0.09715198518349921
1439,0.11746250795101648,0.9997953700596519,4,0.7833333333333333,0,2,0.9930693415476427,0.09743687400320189
1440,0.11308167336371269,0.999813445459443,4,0.7834836918806385,0,2,0.9930462593809736,0.09718218842387434
1441,0.11938426310315964,0.9998183257777081,4,0.7836338418862691,0,2,0.9930284451472324,0.09730927594999865
1442,0.11082532836100648,0.9998242029416774,4,0.7837837837837838,0,2,0.9930317309114698,0.09806009934953445
1443,0.11451378244595918,0.9998104772541935,4,0.7839335180055401,0,2,0.9930855686663554,0.09723577742094554
1444,0.11588959824324481,0.999806438482369,4,0.784083044982699,0,2,0.9929193409019844,0.09772245165084274
1445,0.11063279652008026,0.9998054534020054,4,0.7842323651452282,0,2,0.9929048078551028,0.09814997713711854
1446,0.11532277394981491,0.9998024645693775,4,0.7843814789219073,0,2,0.9930938649117269,0.09781892944998705
1447,0.12051139487980919,0.9998086983717288,4,0.7845303867403315,0,2,0.9930502153445459,0.097670621334551
1448,0.1182232273865015,0.9998133969371128,4,0.7846790890269151,0,2,0.9937669213121496,0.09769285276471196
1449,0.10661117451285773,0.9998101102288092,4,0.7848275862068965,0,2,0.9938082968156092,0.09762415287665849
1450,0.11609488240717858,0.9998016515861822,4,0.7849758787043418,0,2,0.9940266425424228,0.09731508576067263
1451,0.11386354412098826,0.9998213308731075,4,0.7851239669421488,0,2,0.9947783755936659,0.0976191861228412
1452,0.1148851536518895,0.9998256902126096,4,0.7852718513420509,0,2,0.9948470197071709,0.09736195853723247
1453,0.1119975484683959,0.9998258137194381,4,0.7854195323246217,0,2,0.9948083999518551,0.09827970883532675
1454,0.10701332064490167,0.9998347591023536,4,0.7855670103092783,0,2,0.9955203180386942,0.09744619203609022
1455,0.10960341683882674,0.9998382606979638,4,0.7857142857142857,0,2,0.9960879239723388,0.09737591989847895
1456,0.10723231039686942,0.9998346879507696,4,0.7858613589567605,0,2,0.9960153604663641,0.09839047414704277
1457,0.1158052658134322,0.9998325159079585,4,0.7860082304526749,0,2,0.9960966758417498,0.0971348263980255
1458,0.12687892351093366,0.999821389693651,4,0.7861549006168609,0,2,0.996219081957624,0.09750293710548658
1459,0.11300708053889987,0.9998245426885777,4,0.7863013698630137,0,2,0.9961715538597631,0.0977241688486203
1460,0.10386105565791184,0.9998285657127739,4,0.7864476386036962,0,2,0.9962388548095078,0.09749996694330713
1461,0.11355777771182712,0.9998247832743323,4,0.786593707250342,0,2,0.9961651607782492,0.0975291845245761
1462,0.11125615741542123,0.9998214524118598,4,0.7867395762132604,0,2,0.9962166252955056,0.09759322619526535
1463,0.12119503762402783,0.9998400827668124,4,0.7868852459016393,0,2,0.9960827505836976,0.09725747747957375
1464,0.10451308390890209,0.9998455244743121,4,0.7870307167235495,0,2,0.9962413853082144,0.09722105700882497
1465,0.10993602372161054,0.9998340597544227,4,0.7871759890859482,0,2,0.9962341501807515,0.09750960477368958
1466,0.12253196230106474,0.999841425149813,4,0.787321063394683,0,2,0.9964204629940304,0.09738215190007585
1467,0.12033306571624286,0.9998444403072406,4,0.7874659400544959,0,2,0.9964403485028408,0.09752211950658651
1468,0.11774817538566301,0.9998445732244521,4,0.7876106194690266,0,2,0.9963002823957114,0.09757854896666655
1469,0.11171580662979053,0.99984571509561,4,0.7877551020408163,0,2,0.9960916428755182,0.09751562325953232
1470,0.11481922020181268,0.9998549446798858,4,0.787899388171312,0,2,0.9960984146114349,0.09693337205127428
1471,0.11035416168429193,0.9998344916322236,4,0.7880434782608695,0,2,0.9957905553326456,0.09703004311300066
1472,0.10965611455329968,0.9998455370598831,4,0.7881873727087576,0,2,0.9957526395035876,0.09716811449605278
1473,0.10780791159873676,0.9998303346428615,4,0.7883310719131614,0,2,0.9956053291714995,0.09773045968809352
1474,0.10968514103333517,0.9998148394994921,4,0.7884745762711864,0,2,0.9952986732607293,0.09763607896048136
1475,0.11602065821460739,0.9998239144006669,4,0.7886178861788617,0,2,0.9951114217587189,0.09809953817798882
1476,0.11284518268320719,0.9998082700041447,4,0.7887610020311442,0,2,0.9949206154931074,0.09676351160819126
1477,0.10616368943117174,0.9997997703734295,4,0.7889039242219216,0,2,0.9950074277464793,0.09763877364818205
1478,0.10699974074054486,0.999811943590104,4,0.7890466531440162,0,2,0.9949432753638978,0.09759347235723431
1479,0.1045378644098432,0.9998097616713708,4,0.7891891891891892,0,2,0.994840652156649,0.09771830174783445
1480,0.11103732307065055,0.9997995020622296,4,0.7893315327481432,0,2,0.9949079180174525,0.09739280347059844
1481,0.1133847507262005,0.9998053246400341,4,0.7894736842105263,0,2,0.9948076497640701,0.09835170329356606
1482,0.11162659100147809,0.9998156520217631,4,0.7896156439649359,0,2,0.9944231947660396,0.09840766381940674
1483,0.11662508667669555,0.9997673790860541,4,0.7897574123989218,0,2,0.9940667549221689,0.097147638877322
1484,0.1151048803216394,0.9997500462455484,4,0.7898989898989899,0,2,0.9937029063433795,0.0969893071612626
1485,0.10875322601024777,0.9997640667040179,4,0.7900403768506057,0,2,0.9936315164154124,0.09766283185033746
1486,0.1162005794664979,0.9997630330189298,4,0.7901815736381977,0,2,0.993347170705644,0.09734473923277338
1487,0.11442085035163274,0.9997632876388184,4,0.7903225806451613,0,2,0.9933558198034009,0.0977486079381669
1488,0.10725532810386507,0.9997664294824532,4,0.7904633982538617,0,2,0.9933026487567982,0.09716188260317543
1489,0.11543564954903457,0.9997576590087655,4,0.7906040268456376,0,2,0.993181136681436,0.0969293236443632
1490,0.11608054289505454,0.9997470747218037,4,0.7907444668008048,0,2,0.9929019429973334,0.09737496732039069
1491,0.11304982622045895,0.9997843675651272,4,0.7908847184986595,0,2,0.9929988221408808,0.09727036831360054
1492,0.1011960599185281,0.9997893339069776,4,0.7910247823174816,0,2,0.9928506087222891,0.09732892729620088
1493,0.11529772626686435,0.9998085406017448,4,0.7911646586345381,0,2,0.9930189554544903,0.09762477673637905
1494,0.11481319416483436,0.9998167468745662,4,0.7913043478260869,0,2,0.9926744497411824,0.09772233466202775
1495,0.10870351539452175,0.9998142572593668,4,0.7914438502673797,0,2,0.992333641098367,0.09843248055555173
1496,0.10667245498157087,0.9998176748341782,4,0.7915831663326653,0,2,0.9923003632343087,0.09684934159872947
1497,0.11499080473048562,0.9998232765063615,4,0.7917222963951935,0,2,0.9923503332419876,0.09754027105509983
1498,0.10230273560342351,0.9998219390298171,4,0.7918612408272181,0,2,0.9924492567521928,0.09683551036747502
1499,0.11201300249184101,0.9998077746102639,4,0.792,1,2,0.9926852046286376,0.09675949041995054
1500,0.11266187994800386,0.9989498663613099,4,0.7914723517654897,1,2,0.0,0.08626918296788669
1501,0.1086066307382646,0.9982295829093721,4,0.7909454061251664,1,2,0.0,0.08690058532656966
1502,0.11219637503882568,0.9975232306661047,4,0.7904191616766467,1,2,0.0,0.08626824427268136
1503,0.10596297292197909,0.9968715607012688,4,0.7898936170212766,1,2,0.0,0.08577891888125563
1504,0.1156768701688879,0.9965911387131051,4,0.7893687707641196,1,2,0.0,0.08665676756340067
1505,0.11384587061273703,0.9961155317077125,4,0.7888446215139442,1,2,0.0,0.08659726813223753
1506,0.11308945514804658,0.9958970348011894,4,0.7883211678832117,1,2,0.0,0.08629167220684976
1507,0.10080560039782648,0.9956263071974008,4,0.7877984084880637,1,2,0.0,0.0872454994752907
1508,0.11068831806417986,0.9953756931084778,4,0.7872763419483101,1,2,0.0,0.0857276864368472
1509,0.11168114898070394,0.9953844758084411,4,0.7867549668874172,1,2,0.0,0.08583675819038043
1510,0.10225739359739289,0.9952181252234856,4,0.786234281932495,1,2,0.0,0.08493912996461761
1511,0.10777856261266344,0.9953327313633937,4,0.7857142857142857,1,2,0.0,0.08561979936705288
1512,0.10436180386045382,0.9956260567171247,4,0.7851949768671513,1,2,0.0,0.0859085760199099
1513,0.11585812456666235,0.9959096481419212,4,0.7846763540290621,1,2,0.0,0.08613916455298129
1514,0.1137393417807956,0.9962029376618465,4,0.7841584158415842,1,2,0.0,0.08691868558659191
1515,0.10622871124425592,0.9966819143529005,4,0.783641160949868,1,2,0.0,0.08606109911870674
1516,0.10430679952881727,0.9974007622883699,4,0.7837837837837838,1,2,0.0,0.08636754537850906
1517,0.11721758970751933,0.9981603638706464,4,0.7839262187088274,1,2,0.0,0.08571335871917332
1518,0.11236525748602333,0.9990037061919306,4,0.7840684660961159,1,2,0.0,0.08604941258145293
1519,0.11295497927540803,0.9997385960177687,4,0.7842105263157895,1,2,0.9935609891912479,0.08596701144763937
1520,0.10387162304997652,0.9997190357459641,4,0.7843523997370151,1,2,0.993656710701943,0.08579633177114653
1521,0.09826514221168364,0.9997165256837688,4,0.7844940867279895,1,2,0.994309588952027,0.0855820600272928
1522,0.10476948452983506,0.9997041710610574,4,0.7846355876559422,1,2,0.9940032730663102,0.0855892962536507
1523,0.11208680098442372,0.9997032979914964,4,0.7847769028871391,1,2,0.9936687062955312,0.08746842450296599
1524,0.1092379982820386,0.9997108466303753,4,0.7849180327868852,1,2,0.9937243061400177,0.08596749720246788
1525,0.11986911382328726,0.9997161722252277,4,0.7850589777195282,1,2,0.9938783474890462,0.08583030311538542
1526,0.12023313190749547,0.9997355517856402,4,0.785199738048461,1,2,0.9938453332439572,0.08617194255429778
1527,0.10805711953762476,0.999720872926182,4,0.7853403141361257,1,2,0.9938466491178395,0.08766811504998052
1528,0.111779402571383,0.9997342214740956,4,0.7854807063440157,1,2,0.9931316543614704,0.08562037537016358
1529,0.10558708822348985,0.999745707912951,4,0.7856209150326797,1,2,0.99297903024857,0.08641515248246014
1530,0.11403133839665078,0.9997614596383615,4,0.7857609405617244,1,2,0.9935482608876294,0.08643884109288352
1531,0.10558749732911343,0.999763211580129,4,0.7859007832898173,1,2,0.9934548549718938,0.08634893939109381
1532,0.1172659914402412,0.9997889234415669,4,0.7860404435746902,1,2,0.9934569257993934,0.08548023452771199
1533,0.11819436452089348,0.9998167998494033,4,0.7861799217731421,1,2,0.9931334548091458,0.08692995359567894
1534,0.104744157763286,0.9997989776853418,4,0.7863192182410423,1,2,0.9931946015515389,0.08642747327513399
1535,0.10549518937526736,0.999782945748254,4,0.7864583333333334,1,2,0.9930956558472999,0.08671949039067758
1536,0.1082882004520683,0.9997833389409972,4,0.7865972674040338,1,2,0.9932281080725389,0.08657505049782982
1537,0.10442193119527257,0.9997836078979947,4,0.7867360208062418,1,2,0.9932803586159458,0.08562463421835259
1538,0.10816929000960099,0.9997843690712924,4,0.7868745938921378,1,2,0.9931951079990212,0.08589850249431784
1539,0.10702377787795123,0.9998011102493499,4,0.787012987012987,1,2,0.9931491337290907,0.08637078516728833
1540,0.10141182139936081,0.999817184548132,4,0.7871512005191434,1,2,0.9929980562615721,0.08565125342901565
1541,0.11035373138401405,0.9998218225507378,4,0.7872892347600519,1,2,0.993077956933551,0.08633322468266316
1542,0.10204160815618435,0.9998259432667431,4,0.7874270900842515,1,2,0.9931800166984945,0.0866838844568474
1543,0.1091061187944375,0.9998146663593334,4,0.7875647668393783,1,2,0.9933647863147599,0.08616666435567155
1544,0.10564845736313833,0.9998124834781503,4,0.7877022653721683,1,2,0.9933523093232238,0.08591008131192891
1545,0.10540112348058132,0.9998119006119723,4,0.7878395860284605,1,2,0.9933908600020624,0.08655055184127647
1546,0.10702000192271133,0.9998090712398929,4,0.7879767291531997,1,2,0.9934070794077008,0.0868626252017137
1547,0.11105569535312228,0.9998166798801348,4,0.7881136950904393,1,2,0.9933522465241158,0.08632921107415761
1548,0.10861660943976523,0.9998204378656765,4,0.7882504841833441,1,2,0.9946639777428914,0.08686423956274027
1549,0.09910937093529408,0.9998171982232992,4,0.7883870967741935,1,2,0.9946596745146785,0.08620941394993081
1550,0.1086130702763212,0.9998078606339676,4,0.7885235332043843,1,2,0.9945528679692498,0.08659995687247668
1551,0.11007884971341333,0.999823884136598,4,0.788659793814433,1,2,0.9946601016602966,0.08695512664622318
1552,0.10139982844923191,0.9998293572734918,4,0.7887958789439794,1,2,0.9947039073123892,0.08564925791051263
1553,0.10267476939509022,0.9998294302510031,4,0.788931788931789,1,2,0.9946357782494918,0.0872880655645048
1554,0.10229190836545213,0.9998390165094856,4,0.7890675241157556,1,2,0.9943105548437144,0.08828075310531189
1555,0.10396257204968418,0.9998428748084768,4,0.7892030848329049,1,2,0.9944600591707502,0.08637236199440011
1556,0.10184079244526736,0.9998386933289509,4,0.7893384714193963,1,2,0.9941975004784498,0.08729336803184871
1557,0.10305791181353577,0.9998364198721083,4,0.7894736842105263,1,2,0.9945447756751418,0.08631367109547
1558,0.11117687287274595,0.999824976614167,4,0.7896087235407312,1,2,0.9944944894543086,0.08613507680157971
1559,0.09743627705410521,0.9998278942142481,4,0.7897435897435897,1,2,0.9944536003524433,0.08650368883933067
1560,0.09310856190916714,0.999831808412336,4,0.7898782831518257,1,2,0.9949703594056378,0.08613405492896412
1561,0.10729408161468401,0.9998286585877747,4,0.7900128040973111,1,2,0.9948780467866511,0.08673408842323277
1562,0.10474013306971981,0.9998258951724636,4,0.7901471529110684,1,2,0.9948185218365357,0.08616892297890125
1563,0.10663206824788722,0.999842545038615,4,0.7902813299232737,1,2,0.9948543396461442,0.08697919683979749
1564,0.09906266157559879,0.9998476547350706,4,0.7904153354632588,1,2,0.9949082726962993,0.08579703356007534
1565,0.10217608841010618,0.9998380942661551,4,0.7905491698595147,1,2,0.994854599891928,0.08607249894570893
1566,0.10845754787907412,0.999844818388246,4,0.7906828334396937,1,2,0.9948920833672015,0.08617747258403041
1567,0.11340411200522557,0.9998496265395251,4,0.7908163265306123,1,2,0.9948918092094774,0.08641464768628836
1568,0.1096099932420653,0.9998505000100139,4,0.7909496494582536,1,2,0.9948580623722343,0.08617439940724765
1569,0.10028436294430118,0.9998522263626719,4,0.7910828025477707,1,2,0.9949243218601541,0.08632637644435011
1570,0.1078184869745551,0.9998628049997671,4,0.7912157861234882,1,2,0.9949838161487776,0.08608242243880507
1571,0.10677962375350208,0.9998423562991066,4,0.7913486005089059,1,2,0.9948540506398297,0.08604125157677472
1572,0.10175029783255322,0.9998518335673832,4,0.7914812460267006,1,2,0.9948956002212284,0.08636376338734078
1573,0.10109004616046056,0.9998348916390412,4,0.7916137229987293,1,2,0.9950396176115763,0.0860970387325577
1574,0.09886593442425276,0.9998241881824157,4,0.7917460317460318,1,2,0.9955885320431908,0.08641223909878563
1575,0.10490493246795532,0.9998332904458327,4,0.7918781725888325,1,2,0.9953799945854558,0.0869026546229067
1576,0.10701557571069112,0.9998208937288326,4,0.7920101458465441,1,2,0.995072605385656,0.08501005474925712
1577,0.09348595848478167,0.9998136623486537,4,0.7921419518377694,1,2,0.995112641621131,0.08576377364818205
1578,0.10670884188694696,0.9998258631079642,4,0.792273590880304,1,2,0.9951181709483512,0.0858404033685881
1579,0.0983783242542034,0.9998229325173361,4,0.7924050632911392,1,2,0.9951761850226974,0.08603776333715274
1580,0.10363957641592537,0.9998129599190926,4,0.7925363693864642,1,2,0.9950423000868199,0.08697062898588666
1581,0.10170047960142198,0.9998180530030069,4,0.7926675094816688,1,2,0.9950941130232156,0.08681626820322262
1582,0.10171707583723125,0.9998277219835546,4,0.7927984838913456,1,2,0.9945475249499485,0.08679779107302274
1583,0.11261943994897805,0.9997779985111547,4,0.7929292929292929,1,2,0.994343001358312,0.0866458519855524
1584,0.10641461901823736,0.9997599192157983,4,0.7930599369085174,1,2,0.9941872191801376,0.08674726431406077
1585,0.10023573108588123,0.9997710910286454,4,0.7931904161412359,1,2,0.9937315058352012,0.08730002535239087
1586,0.11163377693945242,0.999770490104322,4,0.7933207309388783,1,2,0.9936816846471832,0.08702877249943711
1587,0.10194342671454709,0.9997705530475083,4,0.7934508816120907,1,2,0.9936933104828607,0.08635136057831971
1588,0.09879093498587138,0.9997737861702397,4,0.7935808684707363,1,2,0.9936101171252167,0.08617773984336727
1589,0.1122500222641184,0.9997662277384343,4,0.7937106918238994,1,2,0.9932400607279507,0.08597532050736252
1590,0.11104770315893633,0.9997535445811867,4,0.7938403519798869,1,2,0.9930304436489796,0.08668881709101539
1591,0.10527711494819553,0.9997896704530123,4,0.7939698492462312,1,2,0.9930994111697605,0.08638924948333054
1592,0.09276935138318632,0.9997942056089002,4,0.7940991839296924,1,2,0.9928931126410975,0.08615894047226598
1593,0.10296188743734755,0.9998146575820529,4,0.794228356336261,1,2,0.9929108098105772,0.08608916650388726
1594,0.10582499989822852,0.9998204754448856,4,0.7943573667711599,1,2,0.9927334242030524,0.08632050191688273
1595,0.10193646089434771,0.9998182103299084,4,0.7944862155388471,1,2,0.9926292682157911,0.08711107485271118
1596,0.0957688322439879,0.9998184887573159,4,0.7946149029430182,1,2,0.9929970066232453,0.08555611320599338
1597,0.10419997018934762,0.9998230248173428,4,0.7947434292866082,1,2,0.9930716713313338,0.08599236242730411
1598,0.09310552707069081,0.9998218668858242,4,0.7948717948717948,1,2,0.9930838009401576,0.08573045587968825
1599,0.10635375709363112,0.9998102372646741,4,0.795,1,2,0.993105848818676,0.08596694774591135
1600,0.10775643238175613,0.9989250897984018,4,0.7945034353529045,1,2,0.0,0.09767269828382287
1601,0.10685028182306847,0.998304278792243,4,0.7940074906367042,1,2,0.0,0.09762142640467222
1602,0.1102675091284249,0.9978113772987827,4,0.793512164691204,1,2,0.0,0.09708189208213995
1603,0.09812957327274506,0.9972006931258361,4,0.7930174563591023,1,2,0.0,0.09792218666358046
1604,0.11022322066607734,0.9965700070417896,4,0.7925233644859813,1,2,0.0,0.09798785185664527
1605,0.10613194567416522,0.9959801449746202,4,0.7920298879202988,1,2,0.0,0.09715345793172547
1606,0.11035716865595385,0.9957252450446886,4,0.791537025513379,1,2,0.0,0.09729295574873086
1607,0.09629429940952841,0.9953776027415923,4,0.7910447761194029,1,2,0.0,0.09691164233234327
1608,0.10432737036345271,0.995383827476025,4,0.7905531385954009,1,2,0.0,0.09741287914257096
1609,0.10375227378316082,0.9955040588879516,4,0.7900621118012422,1,2,0.0,0.09752000976445961
1610,0.10176219741529331,0.9955734509360151,4,0.7895716945996276,1,2,0.0,0.09636556897490295
1611,0.10592968121660025,0.9956763842052502,4,0.7890818858560794,1,2,0.0,0.09705810565380467
1612,0.10079196592689388,0.9958226564062221,4,0.7885926844389337,1,2,0.0,0.09767225325792289
1613,0.10788170529457318,0.9962254318489452,4,0.7881040892193308,1,2,0.0,0.09772614083496092
1614,0.11166850908772029,0.9967316245248387,4,0.788235294117647,1,2,0.0,0.09722208070569624
1615,0.09613483017185881,0.9971343663881642,4,0.7883663366336634,1,2,0.0,0.0967216483791019
1616,0.10009794842083224,0.9975799853125069,4,0.7884972170686456,1,2,0.0,0.09766675077849851
1617,0.11443942942917104,0.9981394029749088,4,0.788627935723115,1,2,0.0,0.0969715589016948
1618,0.10439435186847396,0.9987976391756467,4,0.78875849289685,1,2,0.0,0.09744542453017649
1619,0.10808784396812986,0.999727460444273,4,0.7888888888888889,1,2,0.9933821455679837,0.09687641709727846
1620,0.10775616819131739,0.9997219226182285,4,0.7890191239975324,1,2,0.9932156551778909,0.09722102315200093
1621,0.0990795686252981,0.9997043129181589,4,0.7891491985203453,1,2,0.993396070681537,0.09674858084367564
1622,0.10562070504656526,0.9997051572084533,4,0.789279112754159,1,2,0.9934001594912623,0.09722230996182792
1623,0.10587662549817536,0.9997043204767428,4,0.7894088669950738,1,2,0.9935979293463224,0.09755771447344995
1624,0.10495400977251645,0.9997096808603063,4,0.7895384615384615,1,2,0.9935357804626604,0.09703990135660234
1625,0.11158168598495191,0.9997183544772709,4,0.7896678966789668,1,2,0.993582330786147,0.09728351675445307
1626,0.10371079376814832,0.9997224222736919,4,0.7897971727105101,1,2,0.99356220837081,0.09714728158807817
1627,0.10357056050104718,0.9997264205505305,4,0.7899262899262899,1,2,0.9934889801666023,0.097786522403661
1628,0.11039125497898382,0.9997211111923638,4,0.7900552486187845,1,2,0.9934617210623315,0.09642813900567877
1629,0.10645163127305216,0.9997405806462414,4,0.7901840490797546,1,2,0.9932936359333433,0.0974620192268752
1630,0.1066025312037124,0.9997365848987251,4,0.7903126916002452,1,2,0.9932289634827349,0.09810152485867214
1631,0.10215564429837388,0.9997375626628098,4,0.7904411764705882,1,2,0.9925866293116206,0.09667984403523923
1632,0.11106628220993123,0.9996974674165081,4,0.7905695039804042,1,2,0.9925608122401013,0.09729629892038372
1633,0.11942994841695281,0.9996849573784444,4,0.7906976744186046,1,2,0.9924837952655874,0.0979080015107884
1634,0.10305769342193632,0.9996779104987988,4,0.7908256880733945,1,2,0.9924618608467173,0.09712375106975396
1635,0.09983933001490142,0.9996815450435845,4,0.7909535452322738,1,2,0.9927547419879889,0.09730962931656673
1636,0.1054961477132204,0.9996790868728517,4,0.7910812461820403,1,2,0.9932423566414592,0.09800918711558496
1637,0.10724570888030024,0.9996476216544774,4,0.7912087912087912,1,2,0.9932566645263912,0.0966523239154835
1638,0.10247602260010825,0.9996486945432402,4,0.7913361805979255,1,2,0.993183079676272,0.0973363479892182
1639,0.11027618367861786,0.9996910204450031,4,0.7914634146341464,1,2,0.9932283867003298,0.09820150862962672
1640,0.09977477157170066,0.9997100538301797,4,0.7915904936014625,1,2,0.9936326912350728,0.09720971158646985
1641,0.11005844937815781,0.9997186414848066,4,0.7917174177831913,1,2,0.9936579503617007,0.09761279000144907
1642,0.09951076000614055,0.9997208191337986,4,0.7918441874619598,1,2,0.9935782352029685,0.09843044586709486
1643,0.09865028834044073,0.9997168550610073,4,0.791970802919708,1,2,0.9935148989273409,0.0976158309160197
1644,0.10257257353741962,0.9997160802251179,4,0.79209726443769,1,2,0.9935253839057581,0.09830369904750103
1645,0.09930725117009669,0.99972020576349,4,0.7922235722964763,1,2,0.993479688741,0.09683876794587452
1646,0.10737142045142081,0.9997030846814774,4,0.7923497267759563,1,2,0.9935422375845413,0.0972370351819662
1647,0.10820451309537464,0.999707670864481,4,0.7924757281553398,1,2,0.9934832396021374,0.09776527552468756
1648,0.10767512703139098,0.9997139401894395,4,0.7926015767131595,1,2,0.9940709019466383,0.09837423373752811
1649,0.09435979068380984,0.9997173327604075,4,0.7927272727272727,1,2,0.9941163675890579,0.09764859420791523
1650,0.10597619343551223,0.99972231929191,4,0.7928528164748637,1,2,0.9941796640773278,0.097789081107089
1651,0.10468684044147097,0.9997317015200233,4,0.7929782082324455,1,2,0.9955368369502943,0.09677801234882522
1652,0.09787913462330544,0.9997632113939086,4,0.7931034482758621,1,2,0.9958537944595849,0.09712215305645783
1653,0.09784774235947222,0.9997684102047181,4,0.7932285368802902,1,2,0.9957001264850045,0.09759373944834862
1654,0.09769327349641575,0.9997642244675552,4,0.7933534743202417,1,2,0.9960996387747738,0.0977384364025214
1655,0.10080354320125084,0.9997701336486073,4,0.7934782608695652,1,2,0.9960533876363591,0.09747385089375485
1656,0.09711262196080728,0.9997817580044378,4,0.7936028968014484,1,2,0.995908907929198,0.09779022523310775
1657,0.10318183120454526,0.9997963402146547,4,0.7937273823884198,1,2,0.9959542070936213,0.09718957947369514
1658,0.11018669997429004,0.9998142021699136,4,0.7938517179023508,1,2,0.995938405497689,0.09748878396990632
1659,0.09491140381162305,0.9998171823850177,4,0.7939759036144578,1,2,0.9959336129692911,0.0974609963357085
1660,0.09496015445804751,0.9998120553756685,4,0.794099939795304,1,2,0.9959841389438908,0.0975618651594446
1661,0.10799888455593237,0.9998224478320606,4,0.7942238267148014,1,2,0.9960983139607681,0.09796108384633936
1662,0.10362159561219826,0.99981979614132,4,0.7943475646422129,1,2,0.9960204452724255,0.09717534821650516
1663,0.10719929456341899,0.999817899552039,4,0.7944711538461539,1,2,0.9959787611428618,0.0976201109432466
1664,0.09729915349700169,0.9998095362925721,4,0.7945945945945946,1,2,0.9960037331451919,0.0971666389094962
1665,0.09561987537784838,0.9997999444325318,4,0.7947178871548619,1,2,0.9959569808872986,0.09790584295664495
1666,0.1122062822019614,0.9998258329688227,4,0.7948410317936413,1,2,0.9961975100108242,0.09759024200111137
1667,0.10894094898557971,0.9998240089501809,4,0.7949640287769785,1,2,0.9961768154149273,0.09732120362511833
1668,0.10118180639344862,0.9998192135127941,4,0.7950868783702816,1,2,0.9961125606806354,0.09813071699029957
1669,0.10430500209901786,0.9998058904781142,4,0.7952095808383234,1,2,0.9959159209680098,0.09770752722798522
1670,0.10619163733104811,0.9997975497947242,4,0.7953321364452424,1,2,0.9959209920933203,0.09758498821041257
1671,0.10506219341386258,0.9997904455495399,4,0.7954545454545454,1,2,0.9958314212800714,0.09725968371721588
1672,0.09902355443942257,0.9997907557878972,4,0.7955768081291094,1,2,0.9958728878285923,0.0983847538002041
1673,0.09905647285555191,0.9997906698883626,4,0.7956989247311828,1,2,0.9957543748545976,0.09811530354179687
1674,0.09765078168214275,0.9997847342081423,4,0.7958208955223881,1,2,0.995279563128975,0.09743351656815455
1675,0.10319726200324963,0.999798526583402,4,0.7959427207637232,1,2,0.9951921989701606,0.09866482426031295
1676,0.10279872074807592,0.9997908435236628,4,0.7960644007155635,1,2,0.9946584207071443,0.09686175204282146
1677,0.09316896220550527,0.9998163080165843,4,0.7961859356376639,1,2,0.9946224775149656,0.09763804667476723
1678,0.09795515768963398,0.9998194555922536,4,0.7963073257891602,1,2,0.9945255652949756,0.09707559641951591
1679,0.09706387638821051,0.9998192425851534,4,0.7964285714285714,1,2,0.9944773390202706,0.09768989234344393
1680,0.10167496428976162,0.9998026425851783,4,0.7965496728138013,1,2,0.9946227269457831,0.09765229876507285
1681,0.09933553180821654,0.9998037326320979,4,0.7966706302021404,1,2,0.994550416103749,0.09831421913424562
1682,0.10153844936321466,0.9997909530296901,4,0.7967914438502673,1,2,0.9942251752864011,0.0981689001775835
1683,0.1054398021027732,0.9997867066386877,4,0.7969121140142518,1,2,0.9942293944903586,0.09730641118597771
1684,0.10221891003323709,0.9997931481331827,4,0.797032640949555,1,2,0.9938455388254902,0.09672250317255923
1685,0.09717611369264789,0.9998015570466118,4,0.797153024911032,1,2,0.9936884176967086,0.09805417421370054
1686,0.1059742061305037,0.9998103931436129,4,0.7972732661529343,1,2,0.993564766533416,0.09712303888665921
1687,0.10060899600155399,0.9998223081705861,4,0.79739336492891,1,2,0.9936368422821076,0.09748411451126493
1688,0.0952249728175119,0.9998164964824998,4,0.7975133214920072,1,2,0.993554244295278,0.09716599962132386
1689,0.10290754212228491,0.9998293457120202,4,0.7976331360946746,1,2,0.9934981720290075,0.09662158365269008
1690,0.10843333770708208,0.9998356842769665,4,0.797752808988764,1,2,0.9933499401190218,0.09678386993263664
1691,0.09991181539917902,0.9998473013817523,4,0.7978723404255319,1,2,0.9932528756987455,0.09738775521887172
1692,0.09248162844503001,0.9998479419545794,4,0.7979917306556409,1,2,0.9930525273858282,0.09672829196385757
1693,0.09929969679559926,0.9998477723079429,4,0.7981109799291618,1,2,0.9932931164958897,0.0978298886480068
1694,0.10127529188441475,0.9998628005936071,4,0.7982300884955752,1,2,0.9928083590690686,0.09831954262294543
1695,0.10087978404261363,0.9998673142742629,4,0.7983490566037735,1,2,0.9927105123599189,0.0982138466664448
1696,0.09714447825076056,0.999843616448287,4,0.7984678845020624,1,2,0.9927331617410984,0.09687984071391462
1697,0.10206310978223221,0.9998552387421497,4,0.7985865724381626,1,2,0.9926941507178427,0.09817056674885427
1698,0.09694680160650183,0.9998536050859734,4,0.7987051206592113,1,2,0.9927811977725427,0.09726538368965391
1699,0.09887120902357507,0.9998539240263168,4,0.7988235294117647,1,2,0.9928208238742569,0.0978368545226796
1700,0.10165580368103053,0.9989837767205791,4,0.7983539094650206,1,2,0.0,0.08577654194512684
1701,0.09384940020548682,0.9980873608814493,4,0.7978848413631022,1,2,0.0,0.08641217097614867
1702,0.10114618944099352,0.9972576009270563,4,0.7974163241338814,1,2,0.0,0.08549881794434122
1703,0.09271254833956717,0.9966907713882128,4,0.7969483568075117,1,2,0.0,0.08604718666358047
1704,0.1027435706804028,0.996288298209805,4,0.7964809384164223,1,2,0.0,0.0873278182872823
1705,0.09992488645091019,0.9959957386512434,4,0.7960140679953107,1,2,0.0,0.08638611493123238
1706,0.09464912320342522,0.9956350103522436,4,0.7955477445811365,1,2,0.0,0.08613459943281082
1707,0.09387707874817432,0.9954639991501799,4,0.7950819672131147,1,2,0.0,0.08600139455142612
1708,0.09708857035021806,0.9952869302561527,4,0.7946167349327092,1,2,0.0,0.08555673264116079
1709,0.09840886228734733,0.9950846933119367,4,0.7941520467836257,1,2,0.0,0.08598636495811604
1710,0.09082215897789198,0.9951385520575724,4,0.7936879018118059,1,2,0.0,0.0846208919632852
1711,0.09369727341037226,0.995316010360398,4,0.7932242990654206,1,2,0.0,0.0870265173417304
1712,0.09386044113411743,0.9956442807929603,4,0.7927612375948628,1,2,0.0,0.08698694475024703
1713,0.10635881230122123,0.996047324723998,4,0.7922987164527421,1,2,0.0,0.08627624203596414
1714,0.10475892969300257,0.9964511938062887,4,0.7924198250728863,1,2,0.0,0.0861795848902194
1715,0.09129403820566565,0.9969884318665295,4,0.7925407925407926,1,2,0.0,0.08553638255355372
1716,0.09584673349941417,0.9973977784271824,4,0.7926616191030867,1,2,0.0,0.08690587881195677
1717,0.10851604753030891,0.9980498258554711,4,0.7927823050058207,1,2,0.0,0.08629728269421211
1718,0.09986624324686393,0.9988033964816253,4,0.7929028504944735,1,2,0.0,0.08591747669099457
1719,0.09856128170638379,0.9997451528777177,4,0.7930232558139535,1,2,0.9941192350536946,0.08500974753808238
1720,0.0942682077910266,0.9997303314016436,4,0.7931435212085997,1,2,0.9941220826344938,0.08557102397430355
1721,0.087543577783753,0.999711706873111,4,0.7932636469221835,1,2,0.9943167882537541,0.0851599407885976
1722,0.09597333625535516,0.9997127941347443,4,0.7933836331979106,1,2,0.9942588568925108,0.0861194982000388
1723,0.0990459834678438,0.9997118173466475,4,0.7935034802784223,1,2,0.9941801045575387,0.08666903268873312
1724,0.10440679747283485,0.9997175001018048,4,0.7936231884057972,1,2,0.9944324256021689,0.08619551483873264
1725,0.10253006431895409,0.999726115112902,4,0.7937427578215527,1,2,0.9944129702801848,0.08558718915883244
1726,0.10534917783541012,0.9997295725238681,4,0.7938621887666474,1,2,0.9943760306900977,0.08540685548020288
1727,0.09473499301474178,0.9997302880964608,4,0.7939814814814815,1,2,0.9939691385776357,0.08731416951650581
1728,0.1022332273453427,0.9997229310198662,4,0.7941006362058993,1,2,0.9937066672477298,0.08544877436736487
1729,0.09738592272280408,0.9997442154966464,4,0.7942196531791907,1,2,0.9934783427588447,0.08631944922942944
1730,0.10091645217706353,0.99973855071953,4,0.7943385326400925,1,2,0.9937335743544129,0.08674571321402835
1731,0.09432320704120521,0.9997390316874708,4,0.7944572748267898,1,2,0.9936673403867466,0.0867416525591785
1732,0.10161496567916893,0.9997046139259033,4,0.7945758799769186,1,2,0.9937381753746707,0.08614278465050501
1733,0.10256794746179035,0.9996909463900948,4,0.7946943483275664,1,2,0.9934453161798926,0.08715293445596001
1734,0.09211966594135021,0.9996833206347806,4,0.7948126801152737,1,2,0.9934597352485683,0.08599616893495372
1735,0.09505570330602553,0.9996853744892521,4,0.7949308755760369,1,2,0.993578094150623,0.08613592994961115
1736,0.09895629750257451,0.999682598181705,4,0.795048934945308,1,2,0.9938871455818457,0.08654014518068052
1737,0.09164626950705627,0.9996525410462294,4,0.7951668584579977,1,2,0.9939513958914604,0.08571114859371362
1738,0.09839145211992525,0.9996509189825392,4,0.7952846463484762,1,2,0.9938945474188331,0.08620723011492473
1739,0.09549310582613699,0.9996916298981746,4,0.7954022988505747,1,2,0.9940121326884072,0.08671568447548153
1740,0.09255663347822413,0.9997124852907937,4,0.7955198161975876,1,2,0.9940641405131385,0.0860992495248652
1741,0.0988534508199338,0.9997212721715092,4,0.7956371986222732,1,2,0.9941601407375483,0.08666084035982825
1742,0.09137802238228718,0.9997233138289567,4,0.795754446356856,1,2,0.9938184078990737,0.08679905606615762
1743,0.09833779159908193,0.9997204763864134,4,0.7958715596330275,1,2,0.9938287578964514,0.0857408309160197
1744,0.09346695375428511,0.9997202562712753,4,0.7959885386819484,1,2,0.993807691415882,0.0870461323152574
1745,0.0926855087522914,0.9997240636543204,4,0.7961053837342497,1,2,0.9940481240654331,0.08581595411087617
1746,0.09217282809697697,0.9997078878102961,4,0.7962220950200344,1,2,0.9942377633949052,0.0864979531071407
1747,0.09488941231287346,0.9997147483330386,4,0.7963386727688787,1,2,0.9943555123931773,0.08679979965046102
1748,0.10138777112720251,0.9997256076478697,4,0.7964551172098342,1,2,0.994988496012317,0.08707622158332261
1749,0.08648259294655397,0.9997280690272758,4,0.7965714285714286,1,2,0.9950389286133596,0.08618164112393699
1750,0.0958291199527459,0.9997339870415173,4,0.7966876070816676,1,2,0.9950507888024451,0.08676416522120706
1751,0.09780222039128404,0.9997428417146965,4,0.7968036529680366,1,2,0.9952698723407609,0.086516427787711
1752,0.09189072985853315,0.9997727695158286,4,0.7969195664575014,1,2,0.995257632412959,0.08569791192010044
1753,0.09153704402019928,0.9997800028553614,4,0.7970353477765109,1,2,0.9951104072563737,0.08690475355057406
1754,0.09435612851406662,0.9997776677825101,4,0.7971509971509971,1,2,0.994994188731785,0.08725674200946494
1755,0.09036948341289675,0.9997824300603995,4,0.7972665148063781,1,2,0.9950698241082493,0.08679007794126187
1756,0.09037583274344764,0.9997941478657162,4,0.7973819009675583,1,2,0.9948189875365285,0.08696315044463881
1757,0.09387325436910529,0.9998035136673294,4,0.7974971558589306,1,2,0.9949179024686223,0.08677623294593684
1758,0.10467751259024691,0.9998226006406428,4,0.7976122797043775,1,2,0.9947853797112287,0.08627782558805161
1759,0.08887934570538697,0.9998252007296968,4,0.7977272727272727,1,2,0.994814244854072,0.0866805377885034
1760,0.08671020388912465,0.9998203691918456,4,0.7978421351504826,1,2,0.9951871451827764,0.08625663845279904
1761,0.09391771891907824,0.9998314681665235,4,0.7979568671963677,1,2,0.9952104594980108,0.08660709504538304
1762,0.0952745231589262,0.9998290132002382,4,0.7980714690867838,1,2,0.9952960141605596,0.08613931338292763
1763,0.09545921097184008,0.99982741901901,4,0.7981859410430839,1,2,0.9954624282944164,0.08682816609266766
1764,0.09122472283835124,0.9998170973833674,4,0.798300283286119,1,2,0.9953814333108053,0.08580491071820012
1765,0.08807602825352585,0.9998090693352137,4,0.79841449603624,1,2,0.9954144731517969,0.08635537538460264
1766,0.09610426409190771,0.9998328361022508,4,0.7985285795132994,1,2,0.995439977921475,0.08720803827227024
1767,0.10617025237675619,0.9998313328585106,4,0.7986425339366516,1,2,0.9954478709245802,0.08610008698059123
1768,0.09547640915805372,0.9998242586410244,4,0.7987563595251554,1,2,0.9954105036003771,0.08642414723604791
1769,0.0890452982709446,0.9998108165384694,4,0.7988700564971751,1,2,0.9953428878302362,0.0863314089516331
1770,0.09028207964349652,0.9998025984470907,4,0.7989836250705816,1,2,0.995344053071092,0.08676841477248202
1771,0.10199871913023911,0.999796773363123,4,0.7990970654627539,1,2,0.9953272180395851,0.08633081521226842
1772,0.09439017105935843,0.9997966020723785,4,0.7992103778905809,1,2,0.9955888883397259,0.08711293413810627
1773,0.09342794245953323,0.9997960780862593,4,0.7993235625704622,1,2,0.9955993485415855,0.08681567235448126
1774,0.09098096262866381,0.9997876977667542,4,0.7994366197183098,1,2,0.996000651588024,0.08660431514655657
1775,0.0935132112397545,0.999801109919903,4,0.7995495495495496,1,2,0.9956071455743267,0.08732729269642925
1776,0.0952920868632357,0.9997936978829903,4,0.7996623522791221,1,2,0.9954041605636069,0.085560628498877
1777,0.08557351773702895,0.9998207748263747,4,0.7997750281214848,1,2,0.9951279503684194,0.08613963723339152
1778,0.09799883392440753,0.9998239211071691,4,0.7998875772906127,1,2,0.9951468633993004,0.08596396552317673
1779,0.08816633404820207,0.9998242540553959,4,0.8,1,2,0.9951048751112388,0.08590904491849018
1780,0.09676986487259714,0.9998069604785657,4,0.8001122964626615,1,2,0.9949790900340717,0.08718001713133999
1781,0.09222965829222504,0.9998077663278264,4,0.8002244668911336,1,2,0.9948849791055248,0.08692029878796846
1782,0.09175584776627314,0.9997954274087713,4,0.8003365114974762,1,2,0.9944147831721528,0.08745222309984024
1783,0.0987816248435757,0.9997895131582988,4,0.8004484304932735,1,2,0.9941761905420707,0.08567134389870733
1784,0.09572801122749924,0.9997969513080384,4,0.8005602240896359,1,2,0.9938940776594696,0.08763916323578794
1785,0.09042122754419019,0.9998039435028623,4,0.8006718924972005,1,2,0.9936663425034151,0.0869166864305492
1786,0.09822048148615496,0.999812833832288,4,0.8007834359261332,1,2,0.9936528177766288,0.0861618374983425
1787,0.09416592635156043,0.9998219092253121,4,0.8008948545861297,1,2,0.9936712689481234,0.08623086896428907
1788,0.09114716585576853,0.999815270257888,4,0.801006148686417,1,2,0.9934069685995792,0.08557009689670535
1789,0.10046230022672775,0.9998272901830824,4,0.8011173184357542,1,2,0.9930596226481299,0.08551633015535286
1790,0.10035792868206957,0.9998320766875552,4,0.8012283640424344,1,2,0.992657432604297,0.0851683081775973
1791,0.08766872392484343,0.9998421702092987,4,0.8013392857142857,1,2,0.9925784789223228,0.08551275521887172
1792,0.08779860735979769,0.9998429467744315,4,0.8014500836586727,1,2,0.9922549385300565,0.08538095129510609
1793,0.09284127615441062,0.9998426633205083,4,0.8015607580824972,1,2,0.9924655984825971,0.08653265084650519
1794,0.09363646224567274,0.9998589314112036,4,0.8016713091922005,1,2,0.9922221012762087,0.08677787538708544
1795,0.0904350741492786,0.9998635324977128,4,0.8017817371937639,1,2,0.9921203584267473,0.08712152206931921
1796,0.08450913374902458,0.9998415273859973,4,0.80189204229271,1,2,0.992144302411673,0.08592698365066335
1797,0.09257405000923588,0.9998538217805988,4,0.8020022246941045,1,2,0.9922516623601453,0.08645639466151316
1798,0.08917916935998817,0.9998533069175617,4,0.802112284602557,1,2,0.992214164094746,0.08601956381314384
1799,0.09556638345951361,0.9998533858437383,4,0.8022222222222222,1,2,0.9922130995702159,0.08616588172384067
1800,0.09860045178132959,0.999014520521888,4,0.8017767906718489,1,2,0.0,0.09741643817252171
1801,0.09621519561588812,0.9983481101989244,4,0.8013318534961155,1,2,0.0,0.09762142640467222
1802,0.09931921505724667,0.9978106562564876,4,0.8008874098724348,1,2,0.0,0.09708189208213995
1803,0.08782596661124273,0.9972031403833883,4,0.8004434589800443,1,2,0.0,0.09792218666358046
1804,0.09926877846840457,0.9965946430408805,4,0.8,1,2,0.0,0.09798785185664527
1805,0.09535216174066088,0.9960443361403863,4,0.7995570321151716,1,2,0.0,0.09715345793172547
1806,0.09965340281852926,0.9957466384411651,4,0.7991145545102379,1,2,0.0,0.09729295574873086
1807,0.08604275549589897,0.9954258662208476,4,0.7986725663716814,1,2,0.0,0.09691164233234327
1808,0.09373426167652968,0.9953260610854567,4,0.7982310668877833,1,2,0.0,0.09741287914257096
1809,0.09308698411234315,0.9954102115143802,4,0.7977900552486188,1,2,0.0,0.09752000976445961
1810,0.09145779564734177,0.99545980560346,4,0.7973495306460519,1,2,0.0,0.09636556897490295
1811,0.09538754703773686,0.9955451062058436,4,0.7969094922737306,1,2,0.0,0.09705810565380467
1812,0.09039924882757615,0.9956531449508584,4,0.7964699393270822,1,2,0.0,0.09767225325792289
1813,0.09688100662594347,0.995895136289879,4,0.7965821389195149,1,2,0.0,0.09772614083496092
1814,0.10060668353756963,0.9963133263338405,4,0.7966942148760331,1,2,0.0,0.09722208070569624
1815,0.08598287348476195,0.9967252631974696,4,0.7968061674008811,1,2,0.0,0.0967216483791019
1816,0.08967391915608003,0.9975415669288326,4,0.7969179966978536,1,2,0.0,0.09766675077849851
1817,0.1031715315642282,0.9982334770130367,4,0.7970297029702971,1,2,0.0,0.0969715589016948
1818,0.09371531828341643,0.9990145062513799,4,0.7971412864211105,1,2,0.0,0.09744542453017649
1819,0.09734039193918458,0.9997352047391358,4,0.7972527472527473,1,2,0.9932044877519357,0.09687641709727846
1820,0.09712592700614936,0.9997219226190562,4,0.7973640856672158,1,2,0.9932412842324458,0.09722102315200093
1821,0.08899839862459358,0.9997043129191857,4,0.7974753018660812,1,2,0.9934104247722355,0.09674858084367564
1822,0.09504266819719984,0.9997051572093901,4,0.7975863960504662,1,2,0.993420026733479,0.09722230996182792
1823,0.09521054483145724,0.9997043204777185,4,0.7976973684210527,1,2,0.9936093091361151,0.09755771447344995
1824,0.09415284548528033,0.9997096808611537,4,0.7978082191780822,1,2,0.9935396000929506,0.09703990135660234
1825,0.10060120743891168,0.9997183544781046,4,0.7979189485213581,1,2,0.9935873461637743,0.09728351675445307
1826,0.09296366214487384,0.999722422274575,4,0.7980295566502463,1,2,0.9935697252713702,0.09714728158807817
1827,0.09309534790343646,0.9997264205515433,4,0.7981400437636762,1,2,0.993497123242433,0.097786522403661
1828,0.09949616088632954,0.9997211111935344,4,0.7982504100601422,1,2,0.9934569012047658,0.09642813900567877
1829,0.09582308904569589,0.9997405806471276,4,0.7983606557377049,1,2,0.9932907831852997,0.0974620192268752
1830,0.09586261584629668,0.999736584899789,4,0.7984707809939924,1,2,0.9932233509301924,0.09810152485867214
1831,0.0917507380880159,0.9997375626638648,4,0.7985807860262009,1,2,0.9925709391378057,0.09667984403523923
1832,0.10014689056612325,0.9996974674176978,4,0.7986906710310966,1,2,0.9925445532646956,0.09729629892038372
1833,0.10830628853067344,0.9996849573797827,4,0.7988004362050164,1,2,0.9924703113783262,0.0979080015107884
1834,0.09273168894135941,0.999677910500121,4,0.7989100817438692,1,2,0.9924485341507246,0.09712375106975396
1835,0.08952372921828641,0.9996815450449851,4,0.7990196078431373,1,2,0.9927472203210186,0.09730962931656673
1836,0.09484849278010751,0.9996790868742299,4,0.799129014697877,1,2,0.9932317894355416,0.09800918711558496
1837,0.09681018666497845,0.9996476216558758,4,0.7992383025027203,1,2,0.9932488780125811,0.0966523239154835
1838,0.09195178552932545,0.9996486945448763,4,0.799347471451876,1,2,0.9931811697654762,0.0973363479892182
1839,0.09962342780269873,0.9996910204466387,4,0.7994565217391304,1,2,0.9932214609087447,0.09820150862962672
1840,0.08953611284520785,0.999710053831523,4,0.799565453557849,1,2,0.9936267604430795,0.09720971158646985
1841,0.09933580267682476,0.999718641485888,4,0.7996742671009772,1,2,0.9936522937374931,0.09761279000144907
1842,0.08934365576899364,0.9997208191349318,4,0.7997829625610418,1,2,0.9935679482291611,0.09843044586709486
1843,0.0883155666961534,0.9997168550620936,4,0.7998915401301518,0,2,0.9935037982038674,0.0976158309160197
1844,0.09220976457645477,0.999716080226217,4,0.8,0,2,0.9935164702707848,0.09830369904750103
1845,0.08907134994012156,0.9997202057646156,4,0.8001083423618635,0,2,0.9934682911301889,0.09683876794587452
1846,0.0969234518668494,0.9997030846825428,4,0.8002165674066053,0,2,0.9935332988534378,0.0972370351819662
1847,0.09767845516033083,0.9997076708654808,4,0.8003246753246753,0,2,0.9934752745831784,0.09776527552468756
1848,0.09693369003093208,0.9997139401902709,4,0.8004326663061114,0,2,0.9940712726868391,0.09837423373752811
1849,0.08452080096003398,0.9997173327612109,4,0.8005405405405406,0,2,0.9941175577802348,0.09764859420791523
1850,0.09545226788527475,0.9997223192926135,4,0.8006482982171799,0,2,0.9941815687616806,0.097789081107089
1851,0.09414460492796539,0.9997317015207742,4,0.800755939524838,0,2,0.9955556500347553,0.09677801234882522
1852,0.0877586236748844,0.9997632113943282,4,0.8008634646519158,0,2,0.995866960982889,0.09712215305645783
1853,0.08773995736923232,0.9997684102049982,4,0.8009708737864077,0,2,0.9957228050488764,0.09759373944834862
1854,0.0875066186122547,0.9997642244678278,4,0.801078167115903,0,2,0.9961205747138007,0.0977384364025214
1855,0.09063243251708963,0.999770133648892,4,0.8011853448275862,0,2,0.996077608016829,0.09747385089375485
1856,0.08709905104669813,0.9997817580046926,4,0.8012924071082391,0,2,0.9959372074979932,0.09779022523310775
1857,0.09284329503509692,0.9997963402150526,4,0.8013993541442411,0,2,0.9959810200767678,0.09718957947369514
1858,0.09930046902382204,0.9998142021699165,4,0.8015061861215708,0,2,0.9959650228798465,0.09748878396990632
1859,0.08499923138153975,0.9998171823850187,4,0.8016129032258065,0,2,0.9959558719126622,0.0974609963357085
1860,0.08511658722230872,0.9998120553756572,4,0.8017195056421279,0,2,0.9959916812901108,0.0975618651594446
1861,0.0975040658727801,0.9998224478321025,4,0.8018259935553169,0,2,0.9961078040413396,0.09796108384633936
1862,0.0932667862265946,0.9998197961413721,4,0.8019323671497585,0,2,0.9960372541210686,0.09717534821650516
1863,0.0967099824728587,0.9998178995520872,4,0.802038626609442,0,2,0.9960002253876132,0.0976201109432466
1864,0.0872243925913717,0.9998095362927356,4,0.8021447721179624,0,2,0.996033752016078,0.0971666389094962
1865,0.08568837345282213,0.9997999444326213,4,0.8022508038585209,0,2,0.99598411663609,0.09790584295664495
1866,0.10152562822772052,0.9998258329689514,4,0.802356722013926,0,2,0.9962215309513984,0.09759024200111137
1867,0.09808348258489044,0.9998240089504199,4,0.8024625267665952,0,2,0.9962064577341816,0.09732120362511833
1868,0.0908608594917081,0.9998192135131989,4,0.8025682182985554,0,2,0.9961415327008776,0.09813071699029957
1869,0.09412624405320187,0.9998058904786024,4,0.8026737967914439,0,2,0.9959384412596336,0.09770752722798522
1870,0.09595334923858498,0.9997975497951882,4,0.8027792624265099,0,2,0.9959410829221871,0.09758498821041257
1871,0.09449709540767207,0.9997904455500031,4,0.8028846153846154,0,2,0.9958531850563639,0.09725968371721588
1872,0.0888500920628193,0.9997907557883714,4,0.802989855846236,0,2,0.9959002558148795,0.0983847538002041
1873,0.08894164463358417,0.9997906698888608,4,0.8030949839914621,0,2,0.9957605268923824,0.09811530354179687
1874,0.0876058828237864,0.9997847342085301,4,0.8032,0,2,0.9952814752252844,0.09743351656815455
1875,0.09292542472346577,0.9997985265838379,4,0.8033049040511727,0,2,0.9951893974178313,0.09866482426031295
1876,0.09246405783976305,0.9997908435241365,4,0.8034096963239211,0,2,0.9946523796442572,0.09686175204282146
1877,0.08348114487553798,0.9998163080168885,4,0.8035143769968051,0,2,0.9946199481154234,0.09763804667476723
1878,0.0876842478959241,0.9998194555926945,4,0.8036189462480042,0,2,0.9945157447331312,0.09707559641951591
1879,0.0872108219496353,0.9998192425856107,4,0.8037234042553192,0,2,0.9944702991462905,0.09768989234344393
1880,0.0913561772075932,0.9998026425860133,4,0.8038277511961722,0,2,0.9946120435316743,0.09765229876507285
1881,0.08922959199214159,0.9998037326329203,4,0.803931987247609,0,2,0.9945471924544285,0.09831421913424562
1882,0.09140264877090647,0.9997909530305723,4,0.8040361125862985,0,2,0.9942304916260313,0.0981689001775835
1883,0.09496742351950854,0.9997867066395973,4,0.804140127388535,0,2,0.9942335215088499,0.09730641118597771
1884,0.09191927463454272,0.9997931481340271,4,0.8042440318302387,0,2,0.9938360506388926,0.09672250317255923
1885,0.08718920888583985,0.9998015570475041,4,0.8043478260869565,0,2,0.9936733146810606,0.09805417421370054
1886,0.09550075235095808,0.9998103931444815,4,0.8044515103338633,0,2,0.9935522213136987,0.09712303888665921
1887,0.09041145798240456,0.9998223081714451,4,0.8045550847457628,0,2,0.9936224306318757,0.09748411451126493
1888,0.08529958483528458,0.9998164964835066,4,0.8046585494970884,0,2,0.993541925917621,0.09716599962132386
1889,0.0924676423945473,0.999829345712977,4,0.8047619047619048,0,2,0.9934902018000178,0.09662158365269008
1890,0.0978015848491802,0.9998356842781302,4,0.804865150713908,0,2,0.9933461172836502,0.09678386993263664
1891,0.0899631604886148,0.999847301382918,4,0.804968287526427,0,2,0.9932485382109123,0.09738775521887172
1892,0.08274927173937136,0.9998479419557511,4,0.8050713153724247,0,2,0.9930430714754732,0.09672829196385757
1893,0.08920215411686605,0.999847772309129,4,0.8051742344244984,0,2,0.9932888033652961,0.0978298886480068
1894,0.09108291510491887,0.9998628005948802,4,0.8052770448548813,0,2,0.9927980728122723,0.09831954262294543
1895,0.0908068142185019,0.9998673142754728,4,0.805379746835443,0,2,0.9927007323645614,0.0982138466664448
1896,0.08738240883250924,0.9998436164494398,4,0.8054823405376911,0,2,0.9927251021815103,0.09687984071391462
1897,0.0919107077048856,0.9998552387432214,4,0.8055848261327714,0,2,0.9926859139873085,0.09817056674885427
1898,0.08707516870806128,0.9998536050869316,4,0.8056872037914692,0,2,0.9927784886306904,0.09726538368965391
1899,0.08883511890442285,0.9998539240273493,4,0.8057894736842105,0,2,0.9928225450385166,0.0978368545226796
1900,0.09141432615485948,0.9989837767247834,4,0.805365597054182,0,2,0.0,0.08577654194512684
1901,0.08357945984412155,0.9981803770017591,4,0.8049421661409043,0,2,0.0,0.08617981170292821
1902,0.0894528476869967,0.9975925994927701,4,0.8045191802417236,0,2,0.0,0.08678827041512593
1903,0.08506687060135325,0.9970615024108656,4,0.8040966386554622,0,2,0.0,0.08564981519002676
1904,0.08793744685312514,0.9963505826831616,4,0.8036745406824147,0,2,0.0,0.08521127287420213
1905,0.08841791793743689,0.9959961672434696,4,0.8032528856243442,0,2,0.0,0.08679608863362515
1906,0.09147197081405847,0.9957616078898847,4,0.8028316727844782,0,2,0.0,0.08585576027120723
1907,0.08460767882572277,0.9955542080089551,4,0.8024109014675053,0,2,0.0,0.08727021792401735
1908,0.08824011255385719,0.9955769027379306,4,0.8019905709795705,0,2,0.0,0.08648373430286356
1909,0.09088712765359518,0.9954940077356648,4,0.8015706806282723,0,2,0.0,0.0863329688592187
1910,0.08879559102754414,0.9955253365728347,4,0.8011512297226583,0,2,0.0,0.0870549876602228
1911,0.08380221541911456,0.9955798602423817,4,0.8007322175732218,0,2,0.0,0.08638498090953298
1912,0.08583441887524153,0.9958937159518818,4,0.8003136434918976,0,2,0.0,0.08612577805627238
1913,0.0917028724379161,0.9962664949714263,4,0.800417972831766,0,2,0.0,0.08595665147429152
1914,0.09198556429845607,0.9966666296606504,4,0.8005221932114882,0,2,0.0,0.08540132673333024
1915,0.08973541803677297,0.9971644891287198,4,0.8006263048016702,0,2,0.0,0.08608058691500829
1916,0.07925470422083228,0.9975771724839626,4,0.8007303077725613,0,2,0.0,0.08716497350471358
1917,0.09187520467593097,0.9981742736912881,4,0.8008342022940563,0,2,0.0,0.08638525436350242
1918,0.09075050505205462,0.9988671984500229,4,0.8009379885356956,0,2,0.0,0.0868608888340269
1919,0.0948436288257716,0.9997708591362507,4,0.8010416666666667,0,2,0.9944288001163145,0.08555274617975649
1920,0.08515291514407927,0.9997722743232466,4,0.8011452368558043,0,2,0.9943386836531072,0.08634648240746104
1921,0.08221058269701924,0.9997789655385033,4,0.8012486992715921,0,2,0.9939069161392498,0.08646869596844071
1922,0.08937608971717417,0.9997602983336903,4,0.8013520540821633,0,2,0.9933468346375112,0.08498119550867776
1923,0.09010252437302521,0.9997451112122887,4,0.8014553014553014,0,2,0.9932705613986171,0.086784341120796
1924,0.08937841312436673,0.9997700532037979,4,0.8015584415584416,0,2,0.9933392437275905,0.08631010119853595
1925,0.09619348474492287,0.9997659657697445,4,0.8016614745586709,0,2,0.9934935417672814,0.08624105897288017
1926,0.08434119192371672,0.9997666659102865,4,0.8017644006227296,0,2,0.9934966127352041,0.08660929737298985
1927,0.08858943158446639,0.999762761107444,4,0.8018672199170125,0,2,0.9934835130244619,0.08692283140633011
1928,0.08798746840562875,0.9997531616784031,4,0.8019699326075687,0,2,0.9935634590621671,0.08615655474487426
1929,0.08754414513914689,0.9997534029007906,4,0.8020725388601037,0,2,0.9934760066736508,0.08653198922594366
1930,0.08300202232869314,0.9997510378804522,4,0.8021750388399793,0,2,0.9937926768054077,0.08701956431081392
1931,0.08854650856039402,0.9997515573173544,4,0.8022774327122153,0,2,0.9938884198290544,0.08545247243908526
1932,0.10019047890685658,0.999771223187071,4,0.8023797206414899,0,2,0.9938410898988197,0.08659457993781397
1933,0.09192647532002175,0.9997698178553329,4,0.8024819027921406,0,2,0.9936913414832016,0.08693753298658852
1934,0.08512169319529561,0.9997507952640097,4,0.8025839793281654,0,2,0.9937802471396098,0.08672744077508322
1935,0.08573403079463426,0.9997644423694154,4,0.8026859504132231,0,2,0.9939595589289385,0.0868858274410765
1936,0.0851497741926992,0.9997777923954352,4,0.802787816210635,0,2,0.9938720203621688,0.08648917323840913
1937,0.09146912853549999,0.9998092837544034,4,0.8028895768833849,0,2,0.9935817245320004,0.08579089058775957
1938,0.08896556726955882,0.9998157597311544,4,0.8029912325941206,0,2,0.9936066883368293,0.0863940110201545
1939,0.08070872586594402,0.999842239805665,4,0.8030927835051547,0,2,0.9941324339538683,0.0865867823423545
1940,0.08509259288721947,0.9998425055122417,4,0.8031942297784647,0,2,0.994053751003457,0.08640654564208916
1941,0.08522188836198616,0.9998231184383557,4,0.8032955715756952,0,2,0.9944599307053003,0.08582230501003074
1942,0.08126157311235074,0.9998222526402738,4,0.8033968090581575,0,2,0.9948250586987215,0.08684318698949862
1943,0.08640926882783692,0.9998092804720407,4,0.8034979423868313,0,2,0.9949176522535063,0.08621293454252454
1944,0.08992562633832836,0.99980559834899,4,0.803598971722365,0,2,0.9949857926316532,0.08648922089589432
1945,0.07704085631869373,0.9998082723255745,4,0.8036998972250771,0,2,0.9948313957212165,0.08638158165886023
1946,0.08262148012346818,0.9998126897930391,4,0.8038007190549563,0,2,0.9948005811038128,0.08597006022596465
1947,0.09353067596824088,0.9997987115693308,4,0.8039014373716632,0,2,0.9947512170577886,0.08707828655980483
1948,0.0853401828757244,0.9998077382173454,4,0.8040020523345305,0,2,0.9947523329040647,0.0870867158184392
1949,0.08320475551273654,0.9998145618331928,4,0.8041025641025641,0,2,0.9949056222662053,0.08643974213533623
1950,0.0903304162049125,0.999817703045153,4,0.8042029728344439,0,2,0.9944412242745269,0.08678603965142542
1951,0.08287928503240802,0.9998140291824411,4,0.8043032786885246,0,2,0.9944636580059178,0.08598465671268377
1952,0.07845274184230158,0.9998148378730294,4,0.8044034818228366,0,2,0.9941239904497909,0.08542003001826884
1953,0.08343109466711068,0.999812389600976,4,0.804503582395087,0,2,0.9940668387354766,0.08686133891224848
1954,0.07921078409203836,0.9998302916607519,4,0.8046035805626598,0,2,0.9940847220502947,0.08691732025103864
1955,0.08743452816656012,0.9998299453067213,4,0.8047034764826176,0,2,0.9941861576901878,0.08604822006486564
1956,0.07823165533122886,0.9998247734613713,4,0.8048032703117016,0,2,0.9942680290000627,0.08566049435253997
1957,0.08864037746256667,0.9997888451130648,4,0.804902962206333,0,2,0.9945532559923724,0.08688858992182008
1958,0.08201603490405916,0.999795448502998,4,0.8050025523226135,0,2,0.9946046747205797,0.08652784357375459
1959,0.0876437514205152,0.9997850302384247,4,0.8051020408163265,0,2,0.9945101423456986,0.08591850251911981
1960,0.08361796055997858,0.9997855389378862,4,0.8052014278429372,0,2,0.9948817844117437,0.08719602870431549
1961,0.08948488904015742,0.9997970037880348,4,0.8053007135575942,0,2,0.9948191667769422,0.08530158318600928
1962,0.08670050407583019,0.9998028699896216,4,0.8053998981151299,0,2,0.9951689244556635,0.08633812645630032
1963,0.08767109585069766,0.9998161867302174,4,0.8054989816700611,0,2,0.9951670731036237,0.08611925010419408
1964,0.08592007611210092,0.9998135688655516,4,0.8055979643765904,0,2,0.9951008523900557,0.08640044999855744
1965,0.09151375797425626,0.9997958606858568,4,0.8056968463886063,0,2,0.9952660285001562,0.08588061921774803
1966,0.07845404454536198,0.9997909805026619,4,0.8057956278596848,0,2,0.9949725443187933,0.0869099192968128
1967,0.09388917074929046,0.999805043196277,4,0.8058943089430894,0,2,0.9949708249336731,0.08656929462064207
1968,0.08253367263249836,0.9998062152977293,4,0.8059928897917725,0,2,0.9945876864294183,0.0868751719761146
1969,0.08596278301883437,0.9997907502631167,4,0.8060913705583757,0,2,0.9945505859774666,0.08606098891198882
1970,0.07849722084718219,0.9997929624968228,4,0.8061897513952309,0,2,0.9950447218233253,0.0858284479742302
1971,0.0894560753647056,0.9998074067602375,4,0.8062880324543611,0,2,0.9950310099500759,0.08660794614073297
1972,0.0783690141293859,0.9997914064574236,4,0.806386213887481,0,2,0.995489736485357,0.08663722504917307
1973,0.09019154081685977,0.999793912798023,4,0.806484295845998,0,2,0.9954895811710276,0.08567695869229057
1974,0.08775153103950334,0.9997903882441924,4,0.8065822784810126,0,2,0.9954459864965155,0.08635604208498876
1975,0.0926410098945977,0.9998021099627784,4,0.8066801619433198,0,2,0.9954061851510405,0.0859712573996132
1976,0.08518712537177726,0.9998044740457105,4,0.8067779463834092,0,2,0.9955234290625328,0.08658930507894909
1977,0.08694223502034235,0.999833162178414,4,0.8068756319514662,0,2,0.9956885881442105,0.08567163905126296
1978,0.08063070530059906,0.9998138763623309,4,0.8069732187973724,0,2,0.9954915036571068,0.0871458741760885
1979,0.08394337069221733,0.9998310361926805,4,0.807070707070707,0,2,0.9955824236774384,0.08630424596231111
1980,0.0900139390352423,0.9998353381754089,4,0.8071680969207471,0,2,0.9955724573445305,0.08633507702878043
1981,0.0820927194779817,0.999843320675887,4,0.8072653884964682,0,2,0.9956799152494245,0.08689784099002028
1982,0.0865293224003843,0.9998439703037251,4,0.8073625819465456,0,2,0.9943915710620567,0.08547378254635211
1983,0.08310856750566796,0.9998271694447742,4,0.8074596774193549,0,2,0.9941396131406479,0.08575113464671182
1984,0.08702712910795585,0.9998314477239721,4,0.8075566750629722,0,2,0.9941607546701678,0.0866231717333969
1985,0.07720861215584857,0.9998159584738893,4,0.8076535750251762,0,2,0.994101821356997,0.08662844646213474
1986,0.09042816304698283,0.9998179306588103,4,0.8077503774534474,0,2,0.9936875545668402,0.08703322250430995
1987,0.08172048338426277,0.9998131084635699,4,0.8078470824949698,0,2,0.9937251594299922,0.08667008482451471
1988,0.0878632804344722,0.9998083429279474,4,0.8079436902966315,0,2,0.9941138362248398,0.08662071897065064
1989,0.08427450035896994,0.9998138388144274,4,0.8080402010050252,0,2,0.9940911156206229,0.08650429693383382
1990,0.08395382625908891,0.9997993215938281,4,0.808136614766449,0,2,0.9939648899608833,0.0868691825289774
1991,0.08034604538477617,0.999790705062397,4,0.8082329317269076,0,2,0.9939753600567073,0.08660699104838201
1992,0.07887366712687868,0.9998013527786415,4,0.8083291520321124,0,2,0.9938306753447813,0.08669012961733501
1993,0.08310421402849474,0.9998013959798551,4,0.8084252758274825,0,2,0.9936638619912165,0.08718259718564736
1994,0.08304267861353348,0.9998061818874607,4,0.8085213032581454,0,2,0.9937307309283623,0.08649581391277553
1995,0.08521324646817091,0.9998094033091867,4,0.8086172344689379,0,2,0.9937499329739039,0.08716839838103276
1996,0.07571729240932595,0.9997960079427304,4,0.8087130696044066,0,2,0.9937328218168722,0.08591653092338251
1997,0.07422064844088704,0.999809359691963,4,0.8088088088088088,0,2,0.9938077346749938,0.08592534001894168
1998,0.08206603895800746,0.999834589397674,4,0.8089044522261131,0,2,0.9936944974990877,0.08706832914865495
1999,0.08451208436430904,0.9998053205868226,4,0.809,0,2,0.9937663175047444,0.08702260200222206
2000,0.08410666387405463,0.9990824234858815,4,0.8085957021489255,0,2,0.0,0.0969317896783434
2001,0.08153407439418607,0.998284269344138,4,0.8081918081918081,0,2,0.0,0.09738862035835831
2002,0.08938655991091257,0.9974994159112917,4,0.8077883175237144,0,2,0.0,0.09733639967624894
2003,0.08140507649084491,0.9968896348885395,4,0.8073852295409182,0,2,0.0,0.09716839132234587
2004,0.08918272088379835,0.9965099005910029,4,0.8069825436408977,0,2,0.0,0.09708627287420213
2005,0.08780854151269143,0.996079171099301,4,0.806580259222333,0,2,0.0,0.09794810282376536
2006,0.09101427865238285,0.9956973604366747,4,0.8061783756851021,0,2,0.0,0.09687504031429059
2007,0.08089350522280639,0.9953418949014741,4,0.8057768924302788,0,2,0.0,0.0974418118155509
2008,0.09069372769386665,0.9950839758493643,4,0.8053758088601294,0,2,0.0,0.0976865736242794
2009,0.08821322476246561,0.9950498499681395,4,0.8049751243781095,0,2,0.0,0.09808321705634104
2010,0.08944240011188664,0.9950004272151757,4,0.8050721034311288,0,2,0.0,0.09690256950381619
2011,0.08172175959864969,0.995267871377716,4,0.8046719681908548,0,2,0.0,0.09761673395738385
2012,0.07757154474497491,0.9955114177139495,4,0.8047690014903129,0,2,0.0,0.09692349255387803
2013,0.08865491622503954,0.9959048034393592,4,0.8048659384309831,0,2,0.0,0.09738020606268089
2014,0.0943056781111914,0.9963061978219392,4,0.8049627791563275,0,2,0.0,0.0963918971321921
2015,0.09243539611731404,0.9968372962538974,4,0.8050595238095238,0,2,0.0,0.09687471832685522
2016,0.07966051567120261,0.997522677455865,4,0.8051561725334655,0,2,0.0,0.09816949987558204
2017,0.09324061692008043,0.9982358312404119,4,0.8052527254707631,0,2,0.0,0.09670672481953226
2018,0.09153199854543856,0.9989632707671835,4,0.8053491827637445,0,2,0.0,0.0971233899535012
2019,0.08833959897811569,0.9997402866955944,4,0.8054455445544555,0,2,0.9922054272376801,0.09661503474035457
2020,0.07810321768011552,0.9997600004056401,4,0.805541810984661,0,2,0.9924435187578207,0.09684611762797685
2021,0.08070521971283096,0.9997665133762006,4,0.8056379821958457,0,2,0.9924430613109323,0.09774991519929088
2022,0.08995131519679428,0.9997442086573962,4,0.8057340583292141,0,2,0.9923686684910213,0.09681810899929541
2023,0.08267368649663952,0.9997267392007014,4,0.8058300395256917,0,2,0.9922875111501772,0.09752880567769306
2024,0.09413326456636863,0.9997521324526081,4,0.8059259259259259,0,2,0.992640748939511,0.0975547126877542
2025,0.09121017974019514,0.9997477610915417,4,0.8060217176702863,0,2,0.9927016419041059,0.09768750005985849
2026,0.09016070335745777,0.9997484453839821,4,0.8061174148988653,0,2,0.9927303050526446,0.09791143369889002
2027,0.08259334875170005,0.9997434756422847,4,0.8062130177514792,0,2,0.992704062263907,0.09781286700681194
2028,0.08245468878022763,0.999731659295011,4,0.8063085263676688,0,2,0.992894572451519,0.09741734469743867
2029,0.08250094384466114,0.999732294700218,4,0.8064039408866995,0,2,0.992553383779313,0.09783897741828632
2030,0.08188042672468923,0.9997297501419925,4,0.8064992614475628,0,2,0.9926706775073515,0.0979874329925277
2031,0.08440605390282167,0.9997290315180078,4,0.8065944881889764,0,2,0.9926569441655353,0.0970263423704369
2032,0.09843041175284681,0.9997496279141288,4,0.8066896212493851,0,2,0.9926077849452327,0.09830260721171917
2033,0.0932077665205105,0.9997484066672554,4,0.8067846607669616,0,2,0.9925516069394259,0.09741235845721402
2034,0.08576329415916317,0.9997286234677614,4,0.8068796068796069,0,2,0.9924994661428935,0.09711891834964494
2035,0.08489829139718132,0.9997437076140211,4,0.8069744597249509,0,2,0.9925882134679009,0.09736200041047904
2036,0.08209462700993884,0.999755877386108,4,0.8070692194403535,0,2,0.9919638429791389,0.09813214479249
2037,0.08687310301089403,0.9997934199172235,4,0.8071638861629048,0,2,0.9918646518243355,0.09766589058775958
2038,0.08041844102913125,0.9998016665434253,4,0.8072584600294261,0,2,0.9920836016165806,0.09765152075356993
2039,0.07792238842519449,0.9998301997325958,4,0.8073529411764706,0,2,0.9929028535258336,0.09759911656397227
2040,0.07524007205166033,0.999831370118642,4,0.8074473297403234,0,2,0.9928059067926037,0.09666035440987067
2041,0.08020758903924904,0.9998103129171453,4,0.807541625857003,0,2,0.9930708064270948,0.09769730501003072
2042,0.08310213042791934,0.9998103916388161,4,0.8076358296622613,0,2,0.9928368199684289,0.09663986972630609
2043,0.08496648604160745,0.9997952060723031,4,0.8077299412915852,0,2,0.9928670846691963,0.09723895999363753
2044,0.08267649949357078,0.999791786030554,4,0.8078239608801956,0,2,0.9929783006195164,0.09770799475658787
2045,0.08004074489592242,0.9997962733779109,4,0.8079178885630498,0,2,0.9926299113047183,0.09765542610362682
2046,0.0795896725003944,0.9998013838535722,4,0.8080117244748413,0,2,0.9927063036175756,0.0976645687617145
2047,0.09383713051366797,0.9997830931903446,4,0.80810546875,0,2,0.9927225716321966,0.09818161685816756
2048,0.08660854966344744,0.9997931371032901,4,0.808199121522694,0,2,0.9927164199372188,0.09797869322052413
2049,0.08697745112754696,0.9998007626291335,4,0.8082926829268293,0,2,0.9930344483379598,0.09748689840483807
2050,0.08612635066535033,0.9998053214541606,4,0.8083861530960507,0,2,0.9925915291001552,0.09797457037422344
2051,0.08219986510352104,0.9998014015261055,4,0.8084795321637427,0,2,0.9927978037340046,0.09750301999923018
2052,0.07837341378025228,0.9998035268223435,4,0.8085728202630297,0,2,0.9928478975762538,0.0967008965004279
2053,0.08075723250851904,0.9998011258911068,4,0.808666017526777,0,2,0.9930082928873079,0.09757062932792149
2054,0.08120290563454183,0.9998202008543121,4,0.8087591240875912,0,2,0.9931290137086966,0.09766323680777003
2055,0.08649594648383788,0.9998193118950001,4,0.808852140077821,0,2,0.9932416802272601,0.09730167931135103
2056,0.07713901943342194,0.9998133641200638,4,0.8089450656295576,0,2,0.9939834878811178,0.09732716689048998
2057,0.08571532219182833,0.9997792079566884,4,0.8090379008746356,0,2,0.9940938922910949,0.09686766270762938
2058,0.08119261702855121,0.9997863636043995,4,0.8091306459446334,0,2,0.9942280681790778,0.09792444583777754
2059,0.07815089096011403,0.9997768001492402,4,0.8092233009708738,0,2,0.994314106144994,0.09720452445097723
2060,0.08293499348393839,0.9997769081502288,4,0.8093158660844251,0,2,0.9947226495190143,0.09769595344316917
2061,0.08662135927011055,0.9997893811066665,4,0.8094083414161009,0,2,0.9946615246400532,0.09716510962429213
2062,0.08162984829732657,0.9997940688089999,4,0.8095007270964615,0,2,0.995128117969835,0.09760989051564782
2063,0.0849185527318547,0.9998103465421498,4,0.809593023255814,0,2,0.9950556443304356,0.09746832552983814
2064,0.08495919923412212,0.9998074706426467,4,0.8096852300242131,0,2,0.994822807547795,0.09694638310715853
2065,0.08361951025489447,0.9997885759905737,4,0.8097773475314618,0,2,0.995428386248377,0.09753145821974328
2066,0.07951555139676961,0.9997843111185454,4,0.8098693759071117,0,2,0.9950160864071669,0.09854801581153932
2067,0.08988692356149741,0.9998019008674469,4,0.8099613152804642,0,2,0.9950303944268509,0.09675908749546068
2068,0.08535679575048367,0.9998031702071912,4,0.8100531657805703,0,2,0.99464063554846,0.09754833713455484
2069,0.0847404606811156,0.9997880022072176,4,0.8101449275362319,0,2,0.9944517370479637,0.09751167901701346
2070,0.08533149814745689,0.9997900738039464,4,0.8102366006760019,0,2,0.9949180451940192,0.09715474886852427
2071,0.08237282422126228,0.9998057368222302,4,0.8103281853281853,0,2,0.9948826479452761,0.09762863061875947
2072,0.07495607771075333,0.9997894885079983,4,0.8104196816208393,0,2,0.9950675088995812,0.09748392622607421
2073,0.08523552627715175,0.9997919316221323,4,0.8105110896817743,0,2,0.9950631328012571,0.0972999932999204
2074,0.08087533256906522,0.999788826844123,4,0.8106024096385542,0,2,0.9943805903979843,0.0980364302060811
2075,0.08878006661313889,0.9997985148051172,4,0.8106936416184971,0,2,0.994471758772054,0.09752300379783611
2076,0.08539738640102477,0.9998014112588263,4,0.810784785748676,0,2,0.9944454383493209,0.09761125997505458
2077,0.0891526899864308,0.9998270673489967,4,0.8108758421559191,0,2,0.9947829166661639,0.09651675129680458
2078,0.08118796987153597,0.9998085921436555,4,0.810966810966811,0,2,0.994524331258142,0.09695606082610266
2079,0.07892345161644454,0.9998251950402743,4,0.8110576923076923,0,2,0.9943899453056391,0.09699855261379935
2080,0.08969039139581864,0.9998303629647669,4,0.8111484863046612,0,2,0.9943306407842357,0.09728016353303666
2081,0.08605831120275276,0.9998383491736225,4,0.8112391930835735,0,2,0.9943335869897569,0.0979527636616202
2082,0.08062763483576597,0.9998393881227631,4,0.8113298127700432,0,2,0.9938361041721241,0.0965770555706786
2083,0.08080605515053946,0.9998183601544026,4,0.8114203454894434,0,2,0.9937798904737186,0.09735355537972301
2084,0.07922315311423417,0.9998235678711436,4,0.8115107913669065,0,2,0.9939776886923051,0.09746541079147776
2085,0.07680631672652137,0.9998061117660054,4,0.8116011505273251,0,2,0.9939580205746941,0.09799373156558383
2086,0.08244746066655409,0.9998078102246046,4,0.8116914230953521,0,2,0.993716024345808,0.09783179959147345
2087,0.08166098433622261,0.9998026150514654,4,0.8117816091954023,0,2,0.9936877013446834,0.09790629973731331
2088,0.09260089055586249,0.9997996210079895,4,0.8118717089516515,0,2,0.9939340396544005,0.09766507386805998
2089,0.08175451742233719,0.999804808034908,4,0.8119617224880383,0,2,0.9941513805278132,0.09802877938935407
2090,0.08363848971322944,0.9997885953991956,4,0.812051649928264,0,2,0.9941617075594412,0.09705298443717757
2091,0.07808774682473367,0.9997810576167775,4,0.8121414913957935,0,2,0.9941986262974967,0.0975683612613772
2092,0.07927705926072814,0.9997922683129637,4,0.8122312470138557,0,2,0.9941780005823311,0.09777432054065849
2093,0.08304005879750684,0.9997924807514172,4,0.8123209169054442,0,2,0.9941158064689053,0.09812529345667013
2094,0.07863753279242172,0.9997966407056692,4,0.8124105011933174,0,2,0.9946710823142408,0.09744941001124897
2095,0.07782605669115294,0.9998003141737425,4,0.8125,0,2,0.9946463665791825,0.09819408631234768
2096,0.07067022076158351,0.999784579234167,4,0.8125894134477826,0,2,0.9946367305993699,0.09755540411239509
2097,0.08112135332853157,0.9998004866802751,4,0.8126787416587226,0,2,0.9944461111476496,0.09780034001894167
2098,0.07480284452977554,0.9998244249105405,4,0.8127679847546451,0,2,0.9945897230232255,0.09768352448371459
2099,0.07605878137811492,0.9997916255283955,4,0.8128571428571428,0,2,0.9948256869062073,0.09785574040993306
2100,0.07211520772704348,0.998760670708737,4,0.8124702522608281,0,2,0.0,0.08602594573073807
2101,0.07504088198315448,0.9979866868281699,4,0.8120837297811608,0,2,0.0,0.08617981170292821
2102,0.08047794708129782,0.9973872329793722,4,0.81169757489301,0,2,0.0,0.08678827041512593
2103,0.07647529625060362,0.9968663103233371,4,0.8113117870722434,0,2,0.0,0.08564981519002676
2104,0.0790313702024151,0.9962077480287053,4,0.8109263657957244,0,2,0.0,0.08521127287420213
2105,0.07953831377398529,0.9958641413361646,4,0.8105413105413105,0,2,0.0,0.08679608863362515
2106,0.08240127046233012,0.9956030348195484,4,0.81015662078785,0,2,0.0,0.08585576027120723
2107,0.07609101425341591,0.995507803917744,4,0.8097722960151803,0,2,0.0,0.08727021792401735
2108,0.07928502712191496,0.9955019917329643,4,0.8093883357041252,0,2,0.0,0.08648373430286356
2109,0.0819142745823591,0.9954282477595735,4,0.8090047393364929,0,2,0.0,0.0863329688592187
2110,0.07990650874543803,0.9955849302966668,4,0.8086215063950735,0,2,0.0,0.0870549876602228
2111,0.07526599878303575,0.9955890383854796,4,0.8087121212121212,0,2,0.0,0.08638498090953298
2112,0.07736494763526505,0.9957615189523391,4,0.8088026502602934,0,2,0.0,0.08612577805627238
2113,0.08269520004526212,0.9960090264747501,4,0.8088930936613056,0,2,0.0,0.08595665147429152
2114,0.08281878667982877,0.9964230896618238,4,0.808983451536643,0,2,0.0,0.08540132673333024
2115,0.08070351066381595,0.9968668448533368,4,0.8090737240075614,0,2,0.0,0.08608058691500829
2116,0.07097305797504143,0.9973808561569476,4,0.8091639111950873,0,2,0.0,0.08716497350471358
2117,0.0827664608269823,0.9979833545076615,4,0.8092540132200189,0,2,0.0,0.08638525436350242
2118,0.0816625297683989,0.9987507379056184,4,0.8093440302029259,0,2,0.0,0.0868608888340269
2119,0.08580454620506905,0.9997522268712997,4,0.809433962264151,0,2,0.9941163096712755,0.08555274617975649
2120,0.07670957265853585,0.9997722743232336,4,0.8095238095238095,0,2,0.9943482361198044,0.08634648240746104
2121,0.07379776889667541,0.9997789655384427,4,0.8096135721017907,0,2,0.9939220594992909,0.08646869596844071
2122,0.08043077847610638,0.9997602983335974,4,0.8097032501177579,0,2,0.9933618146865058,0.08498119550867776
2123,0.08135198933640711,0.9997451112121848,4,0.8097928436911488,0,2,0.993284623970061,0.086784341120796
2124,0.08030830844533145,0.9997700532036434,4,0.8098823529411765,0,2,0.993352206373076,0.08631010119853595
2125,0.08698808238185145,0.9997659657695437,4,0.8099717779868297,0,2,0.9935046782894295,0.08624105897288017
2126,0.07563101318187818,0.9997666659100876,4,0.8100611189468735,0,2,0.9935075649078793,0.08660929737298985
2127,0.07989321516184825,0.999762761107166,4,0.8101503759398496,1,2,0.9934938606677001,0.08692283140633011
2128,0.0793086497345279,0.9997531616780826,4,0.810239549084077,1,2,0.9935701201579473,0.08615655474487426
2129,0.0788784287576282,0.9997534029005479,4,0.8103286384976526,1,2,0.9934838064689133,0.08653198922594366
2130,0.07451618577916863,0.9997510378802471,4,0.8104176442984514,1,2,0.993798399352543,0.08701956431081392
2131,0.07982012140453179,0.9997515573170126,4,0.8105065666041276,1,2,0.9938962528858208,0.08545247243908526
2132,0.09066316063069803,0.9997712231866714,4,0.8105954055321144,1,2,0.9938491862306715,0.08659457993781397
2133,0.08283899545132435,0.9997698178549722,4,0.8106841611996252,1,2,0.9937013636369572,0.08693753298658852
2134,0.07648867285787324,0.9997507952635593,4,0.8107728337236534,1,2,0.9937902485868993,0.08672744077508322
2135,0.07713069110110314,0.9997644423691779,4,0.8108614232209738,1,2,0.9939698175896098,0.0868858274410765
2136,0.07660049010387973,0.9997777923951885,4,0.8109499298081423,1,2,0.9938807513309946,0.08648917323840913
2137,0.08262517924398866,0.9998092837544362,4,0.8110383536014967,1,2,0.993589201132612,0.08579089058775957
2138,0.08036905684442801,0.999815759731205,4,0.8111266947171576,1,2,0.9936112636948057,0.0863940110201545
2139,0.0724589623756752,0.9998422398057499,4,0.811214953271028,1,2,0.9941386288657184,0.0865867823423545
2140,0.07680008010371028,0.9998425055123858,4,0.811303129378795,1,2,0.9940663466790151,0.08640654564208916
2141,0.07677998162540867,0.9998231184385468,4,0.811391223155929,1,2,0.994460465640738,0.08582230501003074
2142,0.07285790722561306,0.9998222526404725,4,0.8114792347176855,1,2,0.9948306403756746,0.08684318698949862
2143,0.07778709324462867,0.9998092804722624,4,0.8115671641791045,1,2,0.9949232370892152,0.08621293454252454
2144,0.08121381697367208,0.9998055983492167,4,0.8116550116550116,1,2,0.9949909556226972,0.08648922089589432
2145,0.0688508451321505,0.9998082723258118,4,0.8117427772600186,1,2,0.9948343053823343,0.08638158165886023
2146,0.07424778030939572,0.9998126897932647,4,0.8118304611085235,1,2,0.994803874555551,0.08597006022596465
2147,0.08440802387380135,0.9997987115693779,4,0.8119180633147114,1,2,0.9947616006992877,0.08707828655980483
2148,0.07667794175033887,0.999807738217461,4,0.8120055839925546,1,2,0.9947614219850572,0.0870867158184392
2149,0.07463717168699312,0.9998145618333046,4,0.812093023255814,1,2,0.9949086941505167,0.08643974213533623
2150,0.08154951031435312,0.9998177030452685,4,0.8121803812180381,1,2,0.9944511871244892,0.08678603965142542
2151,0.07445518567595716,0.9998140291824912,4,0.8122676579925651,1,2,0.9944738446625081,0.08598465671268377
2152,0.0703065694705838,0.9998148378731311,4,0.812354853692522,1,2,0.9941356835988328,0.08542003001826884
2153,0.07500480900394019,0.9998123896010546,4,0.8124419684308264,1,2,0.9940774157613991,0.08686133891224848
2154,0.07092056850118737,0.9998302916608812,4,0.8125290023201857,1,2,0.9940924072687031,0.08691732025103864
2155,0.07871400472724766,0.9998299453068936,4,0.8126159554730983,1,2,0.994192959024315,0.08604822006486564
2156,0.07014154111625288,0.9998247734615107,4,0.8127028280018544,1,2,0.9942715008065315,0.08566049435253997
2157,0.0799223021892218,0.9997888451132687,4,0.8127896200185357,1,2,0.9945551651306165,0.08688858992182008
2158,0.07366619902327681,0.9997954485032509,4,0.8128763316350162,1,2,0.9946066983766513,0.08652784357375459
2159,0.07922165827933376,0.9997850302387004,4,0.812962962962963,1,2,0.9945210980032995,0.08591850251911981
2160,0.07514219282695941,0.9997855389381233,4,0.8130495141138362,1,2,0.994886491931835,0.08719602870431549
2161,0.0807676940900939,0.9997970037882979,4,0.81313598519889,1,2,0.9948264185513702,0.08530158318600928
2162,0.0781753798363211,0.9998028699898475,4,0.8132223763291725,1,2,0.9951774711287118,0.08633812645630032
2163,0.07904267187549338,0.9998161867303329,4,0.8133086876155268,1,2,0.995176649638302,0.08611925010419408
2164,0.0772877501208869,0.9998135688656631,4,0.8133949191685912,1,2,0.9951096992156321,0.08640044999855744
2165,0.08281271784681316,0.999795860686062,4,0.8134810710987996,1,2,0.9952798805089693,0.08588061921774803
2166,0.07028978601421271,0.9997909805029268,4,0.813567143516382,1,2,0.9949934939614247,0.0869099192968128
2167,0.08492110890710364,0.9998050431964882,4,0.8136531365313653,1,2,0.9949902953734306,0.08656929462064207
2168,0.07406350200372758,0.9998062152979398,4,0.8137390502535731,1,2,0.9946000063846678,0.0868751719761146
2169,0.07739597219886352,0.9997907502633234,4,0.8138248847926267,1,2,0.9945636401346789,0.08606098891198882
2170,0.070160274311616,0.9997929624970051,4,0.8139106402579457,1,2,0.9950498896494644,0.0858284479742302
2171,0.08086339626350675,0.9998074067604615,4,0.8139963167587477,1,2,0.9950350494942262,0.08660794614073297
2172,0.07038292039069684,0.9997914064577302,4,0.8140819144040498,1,2,0.995485820518079,0.08663722504917307
2173,0.08151635250617233,0.9997939127982991,4,0.8141674333026679,1,2,0.9954889954381555,0.08567695869229057
2174,0.07924120978935235,0.9997903882444921,4,0.8142528735632184,1,2,0.995449825998728,0.08635604208498876
2175,0.08379026728045885,0.9998021099629006,4,0.8143382352941176,1,2,0.9954082325914082,0.0859712573996132
2176,0.07663514015905026,0.9998044740458751,4,0.8144235186035829,1,2,0.9955253848522964,0.08658930507894909
2177,0.07824193100475921,0.9998331621783652,4,0.8145087235996327,1,2,0.9956961251488496,0.08567163905126296
2178,0.07237554326642019,0.9998138763623534,4,0.8145938503900872,1,2,0.9954994976652792,0.0871458741760885
2179,0.07565307557514059,0.999831036192676,4,0.8146788990825689,1,2,0.9955859338403548,0.08630424596231111
2180,0.0811687128050261,0.9998353381754929,4,0.8147638697845025,1,2,0.9955764136293255,0.08633507702878043
2181,0.0736267844194802,0.9998433206759254,4,0.8148487626031164,1,2,0.9956847288473731,0.08689784099002028
2182,0.07810624379879381,0.9998439703037572,4,0.814933577645442,1,2,0.9944129492821938,0.08547378254635211
2183,0.07477219140758001,0.9998271694448222,4,0.815018315018315,1,2,0.9941573870534363,0.08575113464671182
2184,0.07864945269037953,0.9998314477240543,4,0.8151029748283752,1,2,0.9941796910174502,0.0866231717333969
2185,0.0691985465453192,0.9998159584739076,4,0.8151875571820677,1,2,0.99411995314723,0.08662844646213474
2186,0.08182186818875953,0.9998179306588212,4,0.8152720621856424,1,2,0.9936904245123955,0.08703322250430995
2187,0.07341766475875901,0.9998131084637373,4,0.8153564899451554,1,2,0.993730620428479,0.08667008482451471
2188,0.07904509502762701,0.9998083429282665,4,0.8154408405664687,1,2,0.9941255850072036,0.08662071897065064
2189,0.07592096940908077,0.9998138388148279,4,0.8155251141552512,1,2,0.9940972497906766,0.08650429693383382
2190,0.07550304641163687,0.9997993215942499,4,0.8156093108169785,1,2,0.99396983282114,0.0868691825289774
2191,0.07222917117020639,0.9997907050628239,4,0.8156934306569343,1,2,0.9939833594875158,0.08660699104838201
2192,0.07073161434956912,0.999801352779044,4,0.8157774737802097,1,2,0.9938349182136527,0.08669012961733501
2193,0.07474505556221167,0.9998013959802731,4,0.8158614402917046,1,2,0.9936659783656243,0.08718259718564736
2194,0.07477682053695106,0.9998061818878513,4,0.8159453302961276,1,2,0.9937313562862402,0.08649581391277553
2195,0.07691707690995694,0.9998094033096157,4,0.8160291438979964,1,2,0.9937520069939889,0.08716839838103276
2196,0.06800628000742807,0.9997960079431298,4,0.8161128812016386,1,2,0.9937345921849058,0.08591653092338251
2197,0.06624763082975442,0.999809359692436,4,0.816196542311192,1,2,0.9938108853104729,0.08592534001894168
2198,0.07398565949050767,0.999834589398068,4,0.8162801273306048,1,2,0.9936979025739547,0.08706832914865495
2199,0.0763352529538545,0.9998053205871184,4,0.8163636363636364,1,2,0.9937665189834425,0.08702260200222206
2200,0.07610264408745263,0.9990824234893574,4,0.8159927305770105,1,2,0.0,0.0969317896783434
2201,0.07349852375366898,0.9982842693505419,4,0.815622161671208,1,2,0.0,0.09738862035835831
2202,0.08093221322391826,0.9974994159209439,4,0.8152519291874716,1,2,0.0,0.09733639967624894
2203,0.07331741438089256,0.9968896349002202,4,0.8148820326678766,1,2,0.0,0.09716839132234587
2204,0.08079633382461078,0.9965099006046205,4,0.8145124716553288,1,2,0.0,0.09708627287420213
2205,0.07944441793210863,0.9960791711149851,4,0.814143245693563,1,2,0.0,0.09794810282376536
2206,0.0824672299855243,0.9956973604540222,4,0.813774354327141,1,2,0.0,0.09687504031429059
2207,0.07287626956906065,0.9953418949218767,4,0.8134057971014492,1,2,0.0,0.0974418118155509
2208,0.08225629999890507,0.995083975871652,4,0.813037573562698,1,2,0.0,0.0976865736242794
2209,0.07976024279950368,0.9950498499903786,4,0.8126696832579186,1,2,0.0,0.09808321705634104
2210,0.08106769799557394,0.9950004272369588,4,0.8127544097693351,1,2,0.0,0.09690256950381619
2211,0.07368780657980684,0.9952678713980511,4,0.8128390596745028,1,2,0.0,0.09761673395738385
2212,0.06959790184367948,0.9955114177332772,4,0.8129236330772707,1,2,0.0,0.09692349255387803
2213,0.08016791676686752,0.9959048034573927,4,0.8130081300813008,1,2,0.0,0.09738020606268089
2214,0.08566434050981932,0.9963061978377267,4,0.8130925507900677,1,2,0.0,0.0963918971321921
2215,0.08392263358239173,0.9968372962667369,4,0.8131768953068592,1,2,0.0,0.09687471832685522
2216,0.07186505763333838,0.9975226774662412,4,0.8132611637347767,1,2,0.0,0.09816949987558204
2217,0.08465462503847856,0.9982358312473628,4,0.8133453561767358,1,2,0.0,0.09670672481953226
2218,0.08296708055377958,0.9989632707712297,4,0.8134294727354664,1,2,0.0,0.0971233899535012
2219,0.07982009710144353,0.9997402866957009,4,0.8135135135135135,1,2,0.9922147864215661,0.09661503474035457
2220,0.070154005006249,0.9997600004056407,4,0.8135974786132373,1,2,0.992452943980261,0.09684611762797685
2221,0.0727864224333135,0.9997665133761577,4,0.8136813681368137,1,2,0.9924567957768502,0.09774991519929088
2222,0.08152353577117849,0.9997442086573134,4,0.8137651821862348,1,2,0.9923809335950304,0.09681810899929541
2223,0.07443086795580414,0.9997267392006095,4,0.8138489208633094,1,2,0.9922977004685867,0.09752880567769306
2224,0.08558341773635905,0.9997521324524539,4,0.813932584269663,1,2,0.9926526066465999,0.0975547126877542
2225,0.08253176118860026,0.9997477610913534,4,0.8140161725067385,1,2,0.9927114876634314,0.09768750005985849
2226,0.08195389915857454,0.9997484453837944,4,0.814099685675797,1,2,0.9927418547965167,0.09791143369889002
2227,0.07440056571417969,0.999743475642019,4,0.8141831238779175,1,2,0.9927128857131122,0.09781286700681194
2228,0.0742789509908051,0.9997316592947109,4,0.8142664872139973,1,2,0.9928957328778178,0.09741734469743867
2229,0.07433876974009629,0.9997322946999911,4,0.8143497757847533,1,2,0.9925586830144046,0.09783897741828632
2230,0.07388974185771177,0.9997297501418042,4,0.8144329896907216,1,2,0.992677620163379,0.0979874329925277
2231,0.0761852577179415,0.9997290315176925,4,0.8145161290322581,1,2,0.9926703651052596,0.0970263423704369
2232,0.08944264338652669,0.9997496279137482,4,0.8145991939095387,1,2,0.9926224662123595,0.09830260721171917
2233,0.08464026446742379,0.9997484066669128,4,0.8146821844225605,1,2,0.9925649122016036,0.09741235845721402
2234,0.07762908478087284,0.9997286234673394,4,0.8147651006711409,1,2,0.9925132865640239,0.09711891834964494
2235,0.07679241045414376,0.9997437076137916,4,0.8148479427549195,1,2,0.9926044237331708,0.09736200041047904
2236,0.07404137052147189,0.9997558773858612,4,0.8149307107733572,1,2,0.9919811315033282,0.09813214479249
2237,0.07853877117504551,0.9997934199172502,4,0.8150134048257373,1,2,0.9918832828007722,0.09766589058775958
2238,0.07232170034943541,0.9998016665434714,4,0.8150960250111657,1,2,0.9920953987512556,0.09765152075356993
2239,0.07015549201440222,0.9998301997326783,4,0.8151785714285714,1,2,0.992918975940059,0.09759911656397227
2240,0.06743184919919244,0.9998313701187934,4,0.8152610441767069,1,2,0.992829247821003,0.09666035440987067
2241,0.07225621590654238,0.9998103129173436,4,0.8153434433541481,1,2,0.9930891011844374,0.09769730501003072
2242,0.07518500871312718,0.9998103916390346,4,0.8154257690592955,1,2,0.9928549628751082,0.09663986972630609
2243,0.07684046157080757,0.9997952060725461,4,0.8155080213903744,1,2,0.9928843360357333,0.09723895999363753
2244,0.07446709350460785,0.9997917860308015,4,0.8155902004454343,1,2,0.992995121297867,0.09770799475658787
2245,0.07232886848304429,0.999796273378158,4,0.8156723063223509,1,2,0.9926450032048939,0.09765542610362682
2246,0.07170261667164668,0.99980138385381,4,0.8157543391188251,1,2,0.9927204122305042,0.0976645687617145
2247,0.085231843500776,0.9997830931904114,4,0.8158362989323843,1,2,0.9927368514887744,0.09818161685816756
2248,0.07844510596414156,0.9997931371034157,4,0.8159181858603823,1,2,0.9927310728619771,0.09797869322052413
2249,0.0789037812052506,0.9998007626292562,4,0.816,1,2,0.9930438116321262,0.09748689840483807
2250,0.0778478797728954,0.9998053214542855,4,0.8160817414482452,1,2,0.9926057965067112,0.09797457037422344
2251,0.07426245835187306,0.9998014015261643,4,0.8161634103019538,1,2,0.9928092292813165,0.09750301999923018
2252,0.0707027843404877,0.9998035268224529,4,0.8162450066577897,1,2,0.9928599759768196,0.0967008965004279
2253,0.07281830900834019,0.9998011258911882,4,0.8163265306122449,1,2,0.9930196093470078,0.09757062932792149
2254,0.07339248511982724,0.9998202008544402,4,0.8164079822616408,1,2,0.9931389102387835,0.09766323680777003
2255,0.07827504369935989,0.999819311895176,4,0.8164893617021277,1,2,0.9932495470896954,0.09730167931135103
2256,0.0695200109818761,0.9998133641202165,4,0.8165706690296854,1,2,0.9939881567490934,0.09732716689048998
2257,0.07749506839472342,0.9997792079568749,4,0.816651904340124,1,2,0.9940964150328808,0.09686766270762938
2258,0.07332635685164812,0.9997863636046268,4,0.8167330677290837,1,2,0.9942334889278919,0.09792444583777754
2259,0.07021590839034149,0.9997768001494863,4,0.8168141592920354,1,2,0.9943257862772779,0.09720452445097723
2260,0.07494760633696332,0.9997769081504307,4,0.8168951791242813,1,2,0.9947285049694361,0.09769595344316917
2261,0.07840398215961314,0.9997893811068967,4,0.8169761273209549,1,2,0.9946672667037723,0.09716510962429213
2262,0.07359497723427667,0.9997940688091757,4,0.8170570039770216,1,2,0.9951365825412708,0.09760989051564782
2263,0.07678464035734084,0.9998103465422143,4,0.8171378091872792,1,2,0.9950660769440105,0.09746832552983814
2264,0.07682079878743861,0.9998074706427053,4,0.8172185430463577,1,2,0.9948376488424966,0.09694638310715853
2265,0.07541413128382352,0.9997885759907198,4,0.8172992056487202,1,2,0.995448714682156,0.09753145821974328
2266,0.07182349568511184,0.9997843111187469,4,0.8173797970886635,1,2,0.9950430881152217,0.09854801581153932
2267,0.08142574071027742,0.9998019008675973,4,0.8174603174603174,1,2,0.9950554874028066,0.09675908749546068
2268,0.07737258817851601,0.9998031702073391,4,0.8175407668576465,1,2,0.9946609906768631,0.09754833713455484
2269,0.07666247321311002,0.999788002207362,4,0.8176211453744493,1,2,0.9944725357598836,0.09751167901701346
2270,0.07747292116121449,0.9997900738040705,4,0.8177014531043593,1,2,0.994932061384178,0.09715474886852427
2271,0.07427131893842034,0.9998057368223953,4,0.8177816901408451,1,2,0.9948927142369982,0.09762863061875947
2272,0.06743256201193171,0.9997894885082467,4,0.8178618565772108,1,2,0.9950737774845552,0.09748392622607421
2273,0.07705442776948168,0.9997919316223635,4,0.8179419525065963,1,2,0.9950711898646277,0.0972999932999204
2274,0.07285165287323656,0.999788826844374,4,0.8180219780219781,1,2,0.9943932056876801,0.0980364302060811
2275,0.08043000606008231,0.9997985148051979,4,0.8181019332161688,1,2,0.9944825332834072,0.09752300379783611
2276,0.07733381469383986,0.999801411258947,4,0.8181818181818182,1,2,0.9944565071572447,0.09761125997505458
2277,0.08094612932525443,0.9998270673489373,4,0.8182616330114135,1,2,0.9947973668193961,0.09651675129680458
2278,0.07340469579286632,0.9998085921436709,4,0.8183413777972796,1,2,0.9945326596854576,0.09695606082610266
2279,0.07110914255296422,0.9998251950402578,4,0.8184210526315789,1,2,0.9944022437943174,0.09699855261379935
2280,0.08134383151220236,0.9998303629648343,4,0.8185006576063131,1,2,0.99433797544512,0.09728016353303666
2281,0.07807591608814343,0.9998383491736441,4,0.8185801928133216,1,2,0.9943412931119242,0.0979527636616202
2282,0.07268666145678834,0.9998393881227886,4,0.8186596583442839,1,2,0.9938530142799012,0.0965770555706786
2283,0.0729480020549317,0.9998183601544436,4,0.818739054290718,1,2,0.9937950011071063,0.09735355537972301
2284,0.07132420211882223,0.9998235678712211,4,0.8188183807439825,1,2,0.9939860896221884,0.09746541079147776
2285,0.06925970855812585,0.999806111766027,4,0.8188976377952756,1,2,0.9939666105132516,0.09799373156558383
2286,0.07433010204845536,0.9998078102246203,4,0.8189768255356362,1,2,0.9937141151591897,0.09783179959147345
2287,0.07383147379194874,0.9998026150516348,4,0.8190559440559441,1,2,0.9936910353235489,0.09790629973731331
2288,0.08427747657187085,0.9997996210082936,4,0.8191349934469201,1,2,0.9939394567867663,0.09766507386805998
2289,0.0738779945680262,0.9998048080352867,4,0.8192139737991266,1,2,0.9941520237697186,0.09802877938935407
2290,0.07566776198628339,0.9997885953995973,4,0.8192928852029682,1,2,0.9941639357381964,0.09705298443717757
2291,0.0704377845386498,0.9997810576171865,4,0.819371727748691,1,2,0.9942042978499988,0.0975683612613772
2292,0.0716031200101827,0.9997922683133489,4,0.8194505015263847,1,2,0.9941829280490955,0.09777432054065849
2293,0.07515730697741835,0.9997924807518128,4,0.8195292066259808,1,2,0.9941194491240115,0.09812529345667013
2294,0.07084392176704196,0.9997966407060397,4,0.8196078431372549,1,2,0.9946685481635359,0.09744941001124897
2295,0.07000383135313062,0.9998003141741567,4,0.8196864111498258,1,2,0.994643501689463,0.09819408631234768
2296,0.06340757539415127,0.99978457923456,4,0.8197649107531563,1,2,0.9946311128032914,0.09755540411239509
2297,0.07360621465496783,0.9998004866807491,4,0.8198433420365535,1,2,0.994445502746542,0.09780034001894167
2298,0.06718552168894007,0.9998244249109287,4,0.8199217050891692,1,2,0.9945953476705486,0.09768352448371459
2299,0.06844540027293561,0.9997916255287087,4,0.82,1,2,0.9948230530874309,0.09785574040993306
2300,0.06466744833169155,0.9987606707140497,4,0.8196436332029552,1,2,0.0,0.08602594573073807
2301,0.0702518263671079,0.9981841807947478,4,0.8192875760208514,1,2,0.0,0.0861963142562408
2302,0.07300761761792127,0.9975315619655597,4,0.8189318280503691,1,2,0.0,0.08644540098729861
2303,0.06788708163482607,0.9968700620994815,4,0.8185763888888888,1,2,0.0,0.08705487308570642
2304,0.07179390659754703,0.996335285871552,4,0.8182212581344902,1,2,0.0,0.08621350646154423
2305,0.07394970449384056,0.9958503738927355,4,0.8178664353859497,1,2,0.0,0.08608793577206558
2306,0.06983542816111261,0.995544086134716,4,0.8175119202427394,1,2,0.0,0.08611622114802206
2307,0.06611093256186766,0.995365747232773,4,0.817157712305026,1,2,0.0,0.0862325018158693
2308,0.06871037654067766,0.9953148887646942,4,0.8168038111736683,1,2,0.0,0.08541542740025768
2309,0.0687319703886956,0.9953188009369948,4,0.8164502164502164,1,2,0.0,0.08737589242478026
2310,0.07161706779545328,0.9954328335070153,4,0.8165296408481177,1,2,0.0,0.08644148439204236
2311,0.07330711681003324,0.9955393863042593,4,0.8166089965397924,1,2,0.0,0.08686321982944464
2312,0.07200471613485807,0.9956904520825994,4,0.8166882836143536,1,2,0.0,0.08700311423502832
2313,0.08140116518518997,0.9959458967133891,4,0.8167675021607606,1,2,0.0,0.0858447660729454
2314,0.06628287797730198,0.9963904339306143,4,0.8168466522678186,1,2,0.0,0.08658316081582046
2315,0.07142232371879326,0.9968495473110491,4,0.8169257340241797,1,2,0.0,0.0867663375995735
2316,0.06729637645778425,0.9973775563359396,4,0.8170047475183427,1,2,0.0,0.08646085422726202
2317,0.06892462186931823,0.9980293432840799,4,0.817083692838654,1,2,0.0,0.0865196370945505
2318,0.06950513213480407,0.998840960061662,4,0.8171625700733075,1,2,0.0,0.08643652312455141
2319,0.07566402886524634,0.9998692701772454,4,0.8172413793103448,1,2,0.99499382194694,0.08693067900275869
2320,0.0686215476746643,0.9998878083692765,4,0.8173201206376561,1,2,0.9956361046308975,0.08604155144039882
2321,0.07025985381270368,0.9998952609736671,4,0.8173987941429802,1,2,0.9949931645583391,0.08743217058291147
2322,0.07062893657357935,0.9999049177795815,4,0.8174773999139044,1,2,0.9949944450989231,0.08698673931256243
2323,0.06734205191114502,0.9999048759338411,4,0.8175559380378657,1,2,0.995032670257981,0.0869207595705091
2324,0.07237670133930525,0.9998957148950713,4,0.8176344086021505,1,2,0.9950104232235893,0.0862031582692232
2325,0.06983998973782168,0.9999074469595767,4,0.8177128116938951,1,2,0.995037245284965,0.086641104998037
2326,0.0674766086878058,0.999895063890452,4,0.817791147400086,1,2,0.9949783082878734,0.08763562981236461
2327,0.0708190681360848,0.9998834746373768,4,0.8178694158075601,1,2,0.9949672548944057,0.0864261393913526
2328,0.07419990321690002,0.9998737324797167,4,0.8179476170030056,1,2,0.9949536636072295,0.08616946113513707
2329,0.06609268166007434,0.9998646983824729,4,0.8180257510729614,1,2,0.9950141009874118,0.08658732714983453
2330,0.07426312158593318,0.9998586075938061,4,0.8181038181038182,1,2,0.9950270506205976,0.0859534324793718
2331,0.0692154437614306,0.9998203807529993,4,0.8181818181818182,1,2,0.9951443682086184,0.08672354928865418
2332,0.0730760824124092,0.999805757728329,4,0.8182597513930562,1,2,0.9951481238819821,0.08710416730648209
2333,0.06651303081316656,0.9998137758267808,4,0.818337617823479,1,2,0.9951437310557778,0.08608533573628402
2334,0.0705276382280783,0.9998044841409414,4,0.8184154175588865,1,2,0.9952538599546179,0.08633118148201596
2335,0.07332058314668871,0.9997948508488173,4,0.8184931506849316,1,2,0.9947685014874985,0.08778890155192126
2336,0.06606581606993711,0.9998025563642478,4,0.8185708172871202,1,2,0.9947876077219079,0.0865092667277445
2337,0.0659457424937594,0.9997883980206912,4,0.8186484174508126,1,2,0.9947825611164882,0.08639293547469923
2338,0.07338986870928789,0.9997887728526359,4,0.8187259512612227,1,2,0.9948153422991823,0.08607269117614037
2339,0.06559300558283473,0.9997725220144984,4,0.8188034188034188,1,2,0.9946363122734254,0.08651115474288672
2340,0.06813067239394756,0.999774700444973,4,0.8188808201623238,1,2,0.9947800098112376,0.08729686143234
2341,0.07029179621736098,0.9997788862231881,4,0.8189581554227157,1,2,0.995101377569539,0.08707589582353291
2342,0.06408682044766015,0.9997750589163455,4,0.8190354246692275,1,2,0.9950840096766498,0.08676827212785226
2343,0.07295384609275637,0.9997791550558958,4,0.8191126279863481,1,2,0.9952094222875877,0.08590089893399433
2344,0.07580410305737417,0.9997973454483412,4,0.8191897654584221,1,2,0.9953055502582571,0.08734598703118696
2345,0.07645359985783465,0.9997947925943618,4,0.8192668371696504,1,2,0.9953331760095672,0.08633959384162894
2346,0.06965512663477806,0.9997892841789828,4,0.8193438432040904,1,2,0.9954342648236671,0.08677414678712235
2347,0.06628808242376732,0.9997923111513906,4,0.8194207836456558,1,2,0.9946674788159144,0.08564750492893783
2348,0.06466593674099655,0.9997855423235714,4,0.8194976585781183,1,2,0.9945194784913354,0.08649599292348838
2349,0.06456210396169268,0.9997954567684729,4,0.8195744680851064,1,2,0.994597903171891,0.08661392937558576
2350,0.07036564593978664,0.9997896599958045,4,0.8196512122501063,1,2,0.9944902897302661,0.0853069295150462
2351,0.0707829017718974,0.9998489035706672,4,0.8197278911564626,1,2,0.9944053678508712,0.08583906940037304
2352,0.06760952488263038,0.9998429739376147,4,0.8198045048873778,1,2,0.9943526287494613,0.08564172527375158
2353,0.07263302040695355,0.9998519531508524,4,0.8198810535259133,1,2,0.9941502204747779,0.08726330788169132
2354,0.07292090188814743,0.9998499490735966,4,0.8199575371549894,1,2,0.9939982215324599,0.08725190647610948
2355,0.07642296261378367,0.9998674900015938,4,0.8200339558573854,1,2,0.9944237526685034,0.08571586229584825
2356,0.07069711585665987,0.9998629847627809,4,0.8201103097157404,1,2,0.9944159058269617,0.08635240413563738
2357,0.06984297880444514,0.9998614997491037,4,0.820186598812553,1,2,0.9943647075031479,0.08611336238499268
2358,0.07265824530067831,0.9998530531721685,4,0.8202628232301823,1,2,0.9943998683006958,0.08618189221079037
2359,0.06995607757131359,0.9998625159917128,4,0.8203389830508474,1,2,0.9945030479542072,0.08571634683006933
2360,0.06611527651829346,0.9998601342923366,4,0.8204150783566285,1,2,0.9945626758120447,0.08639162178478253
2361,0.07283649166656221,0.9998592344331563,4,0.8204911092294666,1,2,0.9941328315255964,0.08773297115911638
2362,0.07331652607866779,0.9998484086466881,4,0.8205670757511637,1,2,0.994165624651917,0.0860473383987635
2363,0.06579435344406986,0.9998445647306081,4,0.8206429780033841,1,2,0.9941573668734303,0.08657107198008773
2364,0.06831020383143925,0.9998410654129761,4,0.8207188160676533,1,2,0.9940971268883058,0.08680145185878399
2365,0.06631997288042976,0.9998410108390517,4,0.8207945900253593,1,2,0.9940346318115194,0.08667652743520138
2366,0.06805595187067924,0.9998309178993039,4,0.8208702999577524,1,2,0.9940117457351951,0.08654477687489025
2367,0.06558105191997221,0.9998353314714842,4,0.8209459459459459,1,2,0.9946745213021303,0.08589673339887029
2368,0.07144078108762993,0.9998474809920842,4,0.821021528070916,1,2,0.995029839533785,0.0864012195477722
2369,0.07072609044586062,0.9998587226275988,4,0.8210970464135021,1,2,0.9949200469209578,0.08573788232341334
2370,0.06958406616184737,0.9998532434161493,4,0.8211725010544074,1,2,0.994918631049043,0.08592696396112204
2371,0.06359758041033266,0.9998517883071637,4,0.821247892074199,1,2,0.9948499941665925,0.08586394901335154
2372,0.07542590567666838,0.9998579231610941,4,0.821323219553308,1,2,0.9948991892270785,0.08602331534994055
2373,0.06741037977273108,0.9998523903680613,4,0.8213984835720304,1,2,0.9949069143882271,0.08725197565997204
2374,0.06911346261528475,0.9998430843745543,4,0.8214736842105264,1,2,0.9950890940827521,0.08649413977041244
2375,0.06933592631064632,0.9998332951427501,4,0.8215488215488216,1,2,0.9951578998723547,0.08629354887947058
2376,0.06625069973106046,0.9998353079756729,4,0.8216238956668069,1,2,0.9951304088136714,0.08648505355725312
2377,0.07085306452365472,0.9998390035185687,4,0.8216989066442388,1,2,0.995149802176559,0.08668191369109801
2378,0.07515628738939979,0.9998188832534195,4,0.8217738545607398,1,2,0.9950346183412616,0.08531876402201742
2379,0.06964716539227644,0.9998044156817795,4,0.8218487394957983,1,2,0.9951887838112592,0.08640956879076346
2380,0.06633072853619687,0.9997857670190894,4,0.8219235615287694,1,2,0.9946733814639988,0.08551219797765658
2381,0.06376030095000547,0.9997804048104455,4,0.8219983207388749,1,2,0.9953816123748528,0.08783158724631396
2382,0.07517941276545718,0.9998068710541915,4,0.8220730172052035,1,2,0.9953665312312576,0.08687268471512062
2383,0.06745284148057173,0.9998061381016491,4,0.8221476510067114,1,2,0.9953558028979577,0.0857349417027089
2384,0.06870295978330161,0.9998054784242871,4,0.8222222222222222,1,2,0.9954085653264229,0.08618698695388198
2385,0.07647223821424912,0.9997990145194352,4,0.8222967309304275,1,2,0.9954619822117066,0.08636999709896682
2386,0.067388442296809,0.9998090715057959,4,0.8223711772098868,1,2,0.99523901907972,0.08710053609980135
2387,0.059252585988619835,0.9998114465383203,4,0.8224455611390284,1,2,0.9948160934190812,0.08659401211652162
2388,0.06947712289041749,0.9997865147844491,4,0.8225198827961491,1,2,0.9947914632445329,0.08638984119266008
2389,0.06309276727856941,0.9997796503354806,4,0.8225941422594142,1,2,0.9946346477559608,0.08691983355675927
2390,0.05928228601732072,0.9997887300009063,4,0.822668339606859,1,2,0.9946745175550373,0.08591718867216937
2391,0.0738181392230138,0.9997648433856188,4,0.822742474916388,1,2,0.9948002052836581,0.0855076957827356
2392,0.0653314922198264,0.9997537540576231,4,0.8228165482657752,1,2,0.9947666523810803,0.08621362884733227
2393,0.07275459532908862,0.9997613535446164,4,0.822890559732665,1,2,0.9948989320546573,0.0868614840934514
2394,0.05869627167174461,0.9997606762473694,4,0.822964509394572,1,2,0.9948627459742923,0.0860817720067782
2395,0.06639956462574617,0.99976877620368,4,0.8230383973288815,1,2,0.9948424482341722,0.08643245239930537
2396,0.07265460316626518,0.999760849597464,4,0.8231122236128494,1,2,0.9946332092039883,0.0871751648512713
2397,0.06626636317071968,0.9997617342330981,4,0.823185988323603,1,2,0.994703099101863,0.08588707696923402
2398,0.06897273339495379,0.9997806650024487,4,0.8232596915381409,1,2,0.9947266505638749,0.08649357980158483
2399,0.0631752693715269,0.999789533806988,4,0.8233333333333334,1,2,0.9947219137247191,0.08671057277550767
2400,0.07350380234261798,0.9988596818227016,4,0.8229904206580592,1,2,0.0,0.09708267501954498
2401,0.06498014265382442,0.9978949589908742,4,0.8226477935054122,1,2,0.0,0.09702221761506635
2402,0.07167508142955424,0.9971795865591473,4,0.8223054515189346,1,2,0.0,0.09775456177098812
2403,0.06773939453883557,0.996675228651461,4,0.8219633943427621,1,2,0.0,0.09773521295734071
2404,0.06657922570359111,0.9962430634927198,4,0.8216216216216217,1,2,0.0,0.09761024085745422
2405,0.07343588434215254,0.9959228801508918,4,0.8212801330008312,1,2,0.0,0.0977209593663802
2406,0.06850967595050761,0.9955978808886263,4,0.8209389281262983,1,2,0.0,0.0971140920847936
2407,0.07773115757394759,0.9954335601158476,4,0.8205980066445183,1,2,0.0,0.09690161112189559
2408,0.0689751356584765,0.9953233512692536,4,0.8202573682025737,1,2,0.0,0.0971772697453143
2409,0.0758537755103358,0.9951624437473968,4,0.8203319502074689,1,2,0.0,0.09777042851026763
2410,0.0732284286888486,0.9951910810080712,4,0.8204064703442555,1,2,0.0,0.09803645759462802
2411,0.06915090730128945,0.9954742462912061,4,0.8204809286898839,1,2,0.0,0.09796853111489039
2412,0.06867610901756221,0.9958108057965626,4,0.8205553253211769,1,2,0.0,0.09787036550673438
2413,0.07521135003353702,0.9961509482616747,4,0.8206296603148302,1,2,0.0,0.09756481342566307
2414,0.0625957864888262,0.9966835314399418,4,0.820703933747412,1,2,0.0,0.09703006819518714
2415,0.07274036670052708,0.9970614066193509,4,0.8207781456953642,1,2,0.0,0.09750585498346792
2416,0.06856593990349515,0.9975540526516435,4,0.8208522962350021,1,2,0.0,0.09754094283153084
2417,0.07077396901477334,0.9982061554122061,4,0.8209263854425145,1,2,0.0,0.09751087735498996
2418,0.07385187557110434,0.9989086720558238,4,0.8210004133939645,1,2,0.0,0.09782959045764739
2419,0.07215159337153591,0.999875255892821,4,0.8210743801652892,1,2,0.9947956155921902,0.0982922456911596
2420,0.06968984924890148,0.999881145084256,4,0.8211482858323007,1,2,0.9951357940133858,0.09776579285067957
2421,0.06530619193987128,0.9998889266793172,4,0.8212221304706854,1,2,0.9950416470951802,0.09772388386857553
2422,0.06722864985503085,0.999899908467006,4,0.821295914156005,1,2,0.9949958983018741,0.09811570738641873
2423,0.07154281249777568,0.9998989799494287,4,0.8213696369636964,1,2,0.9948602071823773,0.09805493126387754
2424,0.07275321214871713,0.9998908339580723,4,0.8214432989690722,1,2,0.9946322983630145,0.09685918240787066
2425,0.06709843761510666,0.999902482482428,4,0.8215169002473207,1,2,0.9948987896846703,0.09768001911054132
2426,0.06595951500044114,0.9998910365025838,4,0.8215904408735064,1,2,0.9946423439667939,0.09739376462900834
2427,0.07260932691311053,0.9998805607380209,4,0.82166392092257,1,2,0.9945732657937496,0.09785454469812767
2428,0.07337581092821374,0.9998689805473121,4,0.8217373404693289,1,2,0.9947201986295515,0.09802352853344164
2429,0.0698849259817263,0.9998590206462873,4,0.8218106995884774,1,2,0.9944291775893053,0.09810732821257206
2430,0.07275011356319658,0.999851273879981,4,0.8218839983545866,1,2,0.9945391681231516,0.09759838980653701
2431,0.07096130392458044,0.9998132905534199,4,0.8219572368421053,1,2,0.9943859492640426,0.09708165337871898
2432,0.07112934940841889,0.9998000927256073,4,0.8220304151253597,1,2,0.9944311258481495,0.09779533644468176
2433,0.06641027997787255,0.9998090408227275,4,0.8221035332785538,1,2,0.9948779404127098,0.09737044215323515
2434,0.07011748217807622,0.9998008154454638,4,0.82217659137577,1,2,0.9951099763520287,0.09773805689282847
2435,0.07636695037943554,0.9997919086273672,4,0.8222495894909688,1,2,0.9948391469205577,0.09739824345730036
2436,0.07254619912268874,0.9998029267757018,4,0.8223225276979893,1,2,0.9949260404674708,0.09728438407839668
2437,0.06548375980167731,0.9997906392468209,4,0.8223954060705496,1,2,0.9948829998499185,0.09772207841394033
2438,0.06634546168316319,0.9997917838621226,4,0.8224682246822468,1,2,0.9948640127235509,0.0973880413695953
2439,0.06704893319489319,0.9997766211348167,4,0.8225409836065574,1,2,0.9946827491958845,0.09760390402465945
2440,0.07195362505040795,0.9997786325663618,4,0.8226136829168373,1,2,0.9947431813459555,0.09833636261901245
2441,0.06926700676057787,0.9997824550119743,4,0.8226863226863227,1,2,0.9944232753013335,0.09845160965200679
2442,0.06215475949870441,0.9997783988357274,4,0.8227589029881294,1,2,0.9945439905203695,0.09764958292176881
2443,0.07441610493110326,0.9997814007448828,4,0.8228314238952537,1,2,0.9945165379468085,0.09762076798730668
2444,0.07469059628649505,0.9997974114807865,4,0.8229038854805726,1,2,0.9946239261976157,0.0980476171128892
2445,0.07051358600232797,0.9997947573135663,4,0.8229762878168438,1,2,0.9946368493722133,0.09778984365391262
2446,0.06716635511625083,0.9997890016229203,4,0.8230486309767062,1,2,0.9949457847324303,0.09743258885959166
2447,0.0672349376348371,0.9997916636635393,4,0.8231209150326797,1,2,0.9943267328999488,0.09646974094763466
2448,0.06652495530681968,0.9997856668171432,4,0.8231931400571662,1,2,0.9942170529768921,0.0976012196672112
2449,0.06513552865446384,0.9997980636373753,4,0.823265306122449,1,2,0.9945551597341954,0.09734983648448703
2450,0.06705629272559302,0.9997909136869496,4,0.8233374133006935,1,2,0.9945603601037977,0.09704655908155622
2451,0.06974466895069517,0.9998484125005958,4,0.8234094616639478,1,2,0.994749040709451,0.09683536031394097
2452,0.0682014235858211,0.9998419367886435,4,0.8234814512841419,1,2,0.9946805747384482,0.09711800147288964
2453,0.07371692414766684,0.9998499682514859,4,0.8235533822330888,1,2,0.9946314498593252,0.09822719200465162
2454,0.06546635723903824,0.9998493530094789,4,0.8236252545824847,1,2,0.9945772768746259,0.09838107554253628
2455,0.07271560352787484,0.9998650997932541,4,0.8236970684039088,1,2,0.9949565788372231,0.09725492027959713
2456,0.06503304307264429,0.9998615582955154,4,0.8237688237688238,1,2,0.9949468792382956,0.0978681886806369
2457,0.06897563304144819,0.9998592763890909,4,0.823840520748576,1,2,0.9949154111426323,0.09712233511915652
2458,0.06902610414984192,0.9998502117726342,4,0.8239121594143961,1,2,0.9950736880774185,0.09757235170684497
2459,0.0666569886917761,0.9998589162530671,4,0.8239837398373984,1,2,0.9952564180023369,0.09702459889316467
2460,0.06524085301005113,0.9998567917104141,4,0.8240552620885819,1,2,0.9950386507558493,0.09749269710775486
2461,0.07039869014269745,0.999856295900793,4,0.8241267262388302,1,2,0.9954582726364117,0.09797128785982784
2462,0.07108344967911365,0.9998422197512129,4,0.8241981323589119,1,2,0.9954160176968128,0.09748944858603276
2463,0.06650863466653384,0.9998389370431549,4,0.8242694805194806,1,2,0.9957665551672424,0.09794415743295629
2464,0.06299599768591986,0.9998352142405621,4,0.824340770791075,1,2,0.9957949936579115,0.09746397598763419
2465,0.06451253295981163,0.9998343800791512,4,0.82441200324412,1,2,0.9957449737450693,0.09781292474860463
2466,0.06464869557107752,0.9998231974223123,4,0.8244831779489258,1,2,0.99543081480385,0.09712421375555244
2467,0.06459792911322298,0.9998281389912723,4,0.8245542949756888,1,2,0.9959002317622526,0.09729456530861
2468,0.06524939340048441,0.9998389372501737,4,0.8246253543944917,1,2,0.9960929454024674,0.09743650891451916
2469,0.06765935006698551,0.9998491567985984,4,0.8246963562753037,1,2,0.9959969877516117,0.0975595038258108
2470,0.06923208382944451,0.9998454603106233,4,0.8247673006879805,1,2,0.9956576977207354,0.09726404734648908
2471,0.06288433569684426,0.9998438192966437,4,0.8248381877022654,0,2,0.9956905801668016,0.09764435008947661
2472,0.07793671812648453,0.9998491058558637,4,0.8249090173877881,0,2,0.995795059994403,0.09717480525908999
2473,0.06403269054977855,0.999843023857208,4,0.8249797898140663,0,2,0.9958700858100273,0.09778507314366017
2474,0.06518505281752209,0.9998328814626314,4,0.825050505050505,0,2,0.9958394720047218,0.0973190981935864
2475,0.06865079375286354,0.9998231970395131,4,0.8251211631663974,0,2,0.9958284162987706,0.09750889303772393
2476,0.07061196364394251,0.9998252097609037,4,0.8251917642309246,0,2,0.9958464178941262,0.09774094215637767
2477,0.07061665286816549,0.9998293406751777,4,0.8252623083131557,0,2,0.995769923946915,0.09838633914928613
2478,0.06704875173908002,0.9998107708006773,4,0.8253327954820492,0,2,0.9955962865790915,0.09715737839351686
2479,0.06915736856811971,0.9997974541660802,4,0.8254032258064516,0,2,0.9956246455679967,0.09711784115820127
2480,0.058609746821768255,0.9997804993121648,4,0.8254735993550988,0,2,0.9951250522787083,0.09681198943650832
2481,0.06332774593494081,0.9997737885398733,4,0.8255439161966156,0,2,0.9951587568966391,0.09761853637102341
2482,0.071859070483239,0.9998041950251934,4,0.8256141763995167,0,2,0.9952135245790409,0.09751521289716142
2483,0.06329291658186535,0.9998032345983799,4,0.8256843800322061,0,2,0.9952333373146413,0.09726187955446931
2484,0.070455850996099,0.9998026403118809,4,0.8257545271629778,0,2,0.9951275164524632,0.09761185514832028
2485,0.07380829360479796,0.9997957186928403,4,0.825824617860016,0,2,0.9951533445618628,0.09722693484643063
2486,0.06734742623438444,0.999807357818221,4,0.8258946521913952,0,2,0.9953579864619649,0.09713728023808679
2487,0.06191390479259761,0.9998093563355824,4,0.8259646302250804,0,2,0.9948853454360003,0.09813754555042707
2488,0.07383685615785075,0.9997810161190789,4,0.8260345520289273,0,2,0.9948745902706062,0.09726738902005136
2489,0.06564943097804574,0.9997736556473583,4,0.8261044176706828,0,2,0.9946519682171613,0.09761010091381268
2490,0.05844997099896659,0.9997819185239448,4,0.8261742272179847,0,2,0.9947644190686563,0.09773664532811938
2491,0.0676764800075963,0.9997568523212165,4,0.8262439807383628,0,2,0.9946776883858791,0.09641207037911727
2492,0.06861802771369452,0.9997472817598332,4,0.8263136782992379,0,2,0.9946690283147283,0.09779414884171969
2493,0.06508849407233443,0.9997554994408905,4,0.826383319967923,0,2,0.9946028297961771,0.09759444209181393
2494,0.06476316874257845,0.9997553634436823,4,0.8264529058116232,0,2,0.9945567746459893,0.0969183224585834
2495,0.06353341237441201,0.9997627343648018,4,0.8265224358974359,0,2,0.9945640259037856,0.09730959896231067
2496,0.06657147240377526,0.9997558490677729,4,0.8265919102923508,0,2,0.994563516796003,0.09803749585334992
2497,0.06211909137998339,0.9997570601312104,4,0.8266613290632506,0,2,0.9946405519153854,0.09770880860761395
2498,0.06030872540875508,0.9997754241392429,4,0.8267306922769108,0,2,0.9946346598879705,0.09779733018054032
2499,0.0598827617026934,0.9997822197916743,4,0.8268,0,2,0.9945131248913748,0.09785750215613656
2500,0.06301804948547908,0.9990290548017746,4,0.826469412235106,0,2,0.0,0.08623343825042445
2501,0.06368592751791746,0.9984420619094546,4,0.8261390887290168,0,2,0.0,0.0861963142562408
2502,0.06614484777393387,0.9977596530902602,4,0.825809029165002,0,2,0.0,0.08644540098729861
2503,0.06127565319688438,0.997071629346982,4,0.825479233226837,0,2,0.0,0.08705487308570642
2504,0.0651296588513658,0.9964961535680594,4,0.8251497005988024,0,2,0.0,0.08621350646154423
2505,0.06699809556707645,0.9959915019941686,4,0.8248204309656824,0,2,0.0,0.08608793577206558
2506,0.06315274701393879,0.9956858520807448,4,0.8244914240127642,0,2,0.0,0.08611622114802206
2507,0.0592919840629753,0.9953963050258086,4,0.8241626794258373,0,2,0.0,0.0862325018158693
2508,0.062122442812981966,0.9952778210359426,4,0.8242327620565962,0,2,0.0,0.08541542740025768
2509,0.06187328199373258,0.9953538188084093,4,0.8243027888446215,0,2,0.0,0.08737589242478026
2510,0.06474022800085182,0.9954235833778975,4,0.8243727598566308,0,2,0.0,0.08644148439204236
2511,0.066493347539699,0.9954646223477094,4,0.8244426751592356,0,2,0.0,0.08686321982944464
2512,0.06529021790069117,0.9956232522997677,4,0.8245125348189415,0,2,0.0,0.08700311423502832
2513,0.07418624164428393,0.9959230829471193,4,0.8245823389021479,0,2,0.0,0.0858447660729454
2514,0.0599287204997502,0.9962339825117745,4,0.8246520874751491,0,2,0.0,0.08658316081582046
2515,0.06461775267964495,0.9968735157514477,4,0.8247217806041336,0,2,0.0,0.0867663375995735
2516,0.06071007788754532,0.9975541959299074,4,0.8247914183551848,0,2,0.0,0.08646085422726202
2517,0.06224145875884763,0.9982531762144344,4,0.8248610007942812,0,2,0.0,0.0865196370945505
2518,0.06270861719365597,0.9991038189271284,4,0.8249305279872965,0,2,0.0,0.08643652312455141
2519,0.0687331622911141,0.9998826711961742,4,0.825,0,2,0.9952555626805007,0.08693067900275869
2520,0.06200261461131317,0.9998878083696635,4,0.8250694168980564,0,2,0.9956490127005775,0.08604155144039882
2521,0.06374765473150243,0.999895260973896,4,0.8251387787470261,0,2,0.9949991967880523,0.08743217058291147
2522,0.06401823274067472,0.9999049177798535,4,0.8252080856123662,0,2,0.995003260168968,0.08698673931256243
2523,0.060695245513703075,0.999904875934144,4,0.8252773375594294,0,2,0.9950423880882546,0.0869207595705091
2524,0.06553218362799511,0.9998957148954148,4,0.8253465346534653,0,2,0.9950222806158091,0.0862031582692232
2525,0.06321341846498818,0.9999074469598919,4,0.8254156769596199,0,2,0.9950501795108995,0.086641104998037
2526,0.06097598326636691,0.999895063890983,4,0.8254847645429363,0,2,0.9949923283476265,0.08763562981236461
2527,0.06403119547558421,0.9998834746379421,4,0.8255537974683544,0,2,0.9949781513442235,0.0864261393913526
2528,0.06725730304650647,0.9998737324803444,4,0.8256227758007118,0,2,0.994966888460842,0.08616946113513707
2529,0.059548515700107406,0.9998646983832207,4,0.8256916996047431,0,2,0.9950268120006036,0.08658732714983453
2530,0.06734366917909423,0.9998586075945003,4,0.825760568945081,0,2,0.9950412953135557,0.0859534324793718
2531,0.06254183466716244,0.9998203807539707,4,0.8258293838862559,0,2,0.9951594038940376,0.08672354928865418
2532,0.066253147675809,0.9998057577295426,4,0.8258981444926964,0,2,0.9951632375117336,0.08710416730648209
2533,0.06008209813633657,0.9998137758279881,4,0.8259668508287292,0,2,0.9951587707833991,0.08608533573628402
2534,0.06379079953088237,0.9998044841420869,4,0.8260355029585799,0,2,0.9952703733544163,0.08633118148201596
2535,0.0663514941032726,0.999794850849978,4,0.8261041009463722,0,2,0.9947878926068079,0.08778890155192126
2536,0.059519422271998905,0.9998025563654185,4,0.8261726448561293,0,2,0.9948056345998433,0.0865092667277445
2537,0.05953395497929673,0.9997883980217622,4,0.8262411347517731,0,2,0.994800731163801,0.08639293547469923
2538,0.06670684591794414,0.9997887728536915,4,0.8263095706971249,0,2,0.9948284129396543,0.08607269117614037
2539,0.05915657068305639,0.9997725220157226,4,0.8263779527559055,0,2,0.9946445920988503,0.08651115474288672
2540,0.06149271533925448,0.9997747004461642,4,0.8264462809917356,0,2,0.994783788505085,0.08729686143234
2541,0.06361251957976213,0.9997788862243632,4,0.8265145554681353,0,2,0.9951150988591259,0.08707589582353291
2542,0.057906572547773025,0.9997750589175267,4,0.8265827762485254,0,2,0.9950962855106139,0.08676827212785226
2543,0.06608029433779682,0.999779155056937,4,0.8266509433962265,0,2,0.9952184405671234,0.08590089893399433
2544,0.06881372030185826,0.9997973454491936,4,0.8267190569744597,0,2,0.9953148811541366,0.08734598703118696
2545,0.06955213168006422,0.9997947925951839,4,0.8267871170463472,0,2,0.9953399348015065,0.08633959384162894
2546,0.06306839847936606,0.9997892841797634,4,0.8268551236749117,0,2,0.9954408263396888,0.08677414678712235
2547,0.0598190186601014,0.9997923111522131,4,0.8269230769230769,0,2,0.9946594785259307,0.08564750492893783
2548,0.05830744120463157,0.9997855423245181,4,0.8269909768536681,0,2,0.9945137147955179,0.08649599292348838
2549,0.05822194929628421,0.9997954567694021,4,0.8270588235294117,0,2,0.9945911493856061,0.08661392937558576
2550,0.06379391898046602,0.9997896599967715,4,0.8271266170129361,0,2,0.9944840364694982,0.0853069295150462
2551,0.06410073633593988,0.9998489035710842,4,0.8271943573667712,0,2,0.9943987253941948,0.08583906940037304
2552,0.06108362458573228,0.9998429739380171,4,0.827262044653349,0,2,0.9943468021527616,0.08564172527375158
2553,0.06577720344651877,0.9998519531512446,4,0.8273296789350039,0,2,0.9941474020521242,0.08726330788169132
2554,0.06633132539118755,0.9998499490740805,4,0.8273972602739726,0,2,0.993996192780555,0.08725190647610948
2555,0.0695038335622338,0.9998674900020154,4,0.8274647887323944,0,2,0.9944182779045377,0.08571586229584825
2556,0.06419646860158706,0.9998629847635109,4,0.8275322643723113,0,2,0.9944128286571098,0.08635240413563738
2557,0.06321615360766158,0.9998614997499515,4,0.8275996872556685,0,2,0.9943670221781176,0.08611336238499268
2558,0.06597064706028154,0.9998530531730291,4,0.8276670574443142,0,2,0.9944052903251029,0.08618189221079037
2559,0.06339088294595535,0.9998625159924424,4,0.827734375,0,2,0.9945070027098539,0.08571634683006933
2560,0.0597871216256218,0.9998601342930835,4,0.827801639984381,0,2,0.9945673555126899,0.08639162178478253
2561,0.06613680050650969,0.9998592344338857,4,0.8278688524590164,0,2,0.9941346925348724,0.08773297115911638
2562,0.06652785079732995,0.9998484086473662,4,0.8279360124853687,0,2,0.994167626787076,0.0860473383987635
2563,0.05945096174137065,0.9998445647314342,4,0.828003120124805,0,2,0.9941620876066902,0.08657107198008773
2564,0.06192816177258972,0.9998410654138237,4,0.8280701754385965,0,2,0.9940988650872741,0.08680145185878399
2565,0.05997864328823806,0.9998410108398953,4,0.8281371784879189,0,2,0.9940346669297269,0.08667652743520138
2566,0.061671422099090475,0.9998309179001065,4,0.8282041293338528,0,2,0.9940125851428712,0.08654477687489025
2567,0.05925705913032345,0.9998353314721716,4,0.8282710280373832,0,2,0.9946900557856359,0.08589673339887029
2568,0.06495670354172897,0.9998474809925578,4,0.8283378746594006,0,2,0.9950454513279452,0.0864012195477722
2569,0.06414621098544876,0.9998587226280592,4,0.8284046692607004,0,2,0.9949332698198876,0.08573788232341334
2570,0.06299638069267677,0.999853243416624,4,0.8284714119019837,0,2,0.9949336163207125,0.08592696396112204
2571,0.05739786204238112,0.9998517883076108,4,0.828538102643857,0,2,0.99486684569663,0.08586394901335154
2572,0.06840040084917282,0.9998579231613762,4,0.8286047415468325,0,2,0.9949147997148449,0.08602331534994055
2573,0.06106141148940155,0.9998523903682908,4,0.8286713286713286,0,2,0.9949162454567274,0.08725197565997204
2574,0.06267744407316973,0.9998430843747695,4,0.8287378640776699,0,2,0.9950987632933115,0.08649413977041244
2575,0.06280141662227909,0.9998332951431808,4,0.8288043478260869,0,2,0.9951691292891935,0.08629354887947058
2576,0.059737635423526655,0.9998353079760178,4,0.8288707799767171,0,2,0.9951348219252127,0.08648505355725312
2577,0.06418993263884143,0.9998390035188273,4,0.8289371605896043,0,2,0.9951521425791262,0.08668191369109801
2578,0.06848066530871671,0.9998188832538094,4,0.8290034897246995,0,2,0.9950377400512832,0.08531876402201742
2579,0.06307865805419416,0.9998044156821598,4,0.8290697674418605,0,2,0.9951960257771957,0.08640956879076346
2580,0.060221505603266424,0.999785767019507,4,0.8291359938008523,0,2,0.9946832867071654,0.08551219797765658
2581,0.05756930126572559,0.999780404810892,4,0.8292021688613478,0,2,0.9953858100940598,0.08783158724631396
2582,0.06832761349240181,0.9998068710546641,4,0.8292682926829268,0,2,0.9953716734773381,0.08687268471512062
2583,0.061132279619090346,0.9998061381020463,4,0.8293343653250774,0,2,0.9953580240873501,0.0857349417027089
2584,0.062120129611790316,0.9998054784246878,4,0.8294003868471953,0,2,0.9954147888560476,0.08618698695388198
2585,0.06956004922952519,0.9997990145198984,4,0.8294663573085846,0,2,0.9954683768078526,0.08636999709896682
2586,0.060939159459086845,0.9998090715062433,4,0.8295322767684576,0,2,0.9952462306558525,0.08710053609980135
2587,0.053237414590879134,0.9998114465387192,4,0.8295981452859351,0,2,0.9948211868611299,0.08659401211652162
2588,0.06279954548200817,0.999786514784829,4,0.8296639629200464,0,2,0.9947970995547648,0.08638984119266008
2589,0.056839093454240534,0.99977965033583,4,0.8297297297297297,0,2,0.9946387358175066,0.08691983355675927
2590,0.0534436314659634,0.9997887300012374,4,0.8297954457738325,0,2,0.9946781854150489,0.08591718867216937
2591,0.06715723086050314,0.9997648433860312,4,0.8298611111111112,0,2,0.9948056693528031,0.0855076957827356
2592,0.058949602325225406,0.9997537540581247,4,0.8299267258002314,0,2,0.9947731004197259,0.08621362884733227
2593,0.06623644422895228,0.9997613535451069,4,0.8299922898997687,0,2,0.9949066920508103,0.0868614840934514
2594,0.052661598358237735,0.9997606762478668,4,0.8300578034682081,0,2,0.9948713374861362,0.0860817720067782
2595,0.06013487584994261,0.9997687762039775,4,0.8301232665639445,0,2,0.9948532352346593,0.08643245239930537
2596,0.06612008662915161,0.9997608495978413,4,0.8301886792452831,0,2,0.9946448605565543,0.0871751648512713
2597,0.060053903859907214,0.9997617342334829,4,0.8302540415704388,0,2,0.9947133646487397,0.08588707696923402
2598,0.0627381165620649,0.9997806650027544,4,0.8303193535975375,0,2,0.9947380357681411,0.08649357980158483
2599,0.05716037940369997,0.9997895338072772,4,0.8303846153846154,0,2,0.9947334340694223,0.08671057277550767
2600,0.06704446272959191,0.9988596818262448,4,0.8300653594771242,0,2,0.0,0.09708267501954498
2601,0.05878035300498019,0.9978949589998961,4,0.8297463489623367,0,2,0.0,0.09702221761506635
2602,0.0651926483541564,0.9971795865715589,4,0.8294275835574337,0,2,0.0,0.09775456177098812
2603,0.06149807413008424,0.9966752286663658,4,0.8291090629800307,0,2,0.0,0.09773521295734071
2604,0.060287362557679,0.9962430635094095,4,0.8287907869481765,0,2,0.0,0.09761024085745422
2605,0.06686867596044244,0.9959228801684898,4,0.828472755180353,0,2,0.0,0.0977209593663802
2606,0.062198928999854845,0.9955978809069966,4,0.8281549673954737,0,2,0.0,0.0971140920847936
2607,0.07128904236378501,0.9954335601346254,4,0.8278374233128835,0,2,0.0,0.09690161112189559
2608,0.06275485200206668,0.9953233512892701,4,0.8275201226523572,0,2,0.0,0.0971772697453143
2609,0.06937257711227751,0.9951624437677861,4,0.8275862068965517,0,2,0.0,0.09777042851026763
2610,0.06673123745890576,0.9951910810280837,4,0.8276522405208733,0,2,0.0,0.09803645759462802
2611,0.06271433061538649,0.9954742463099084,4,0.8277182235834609,0,2,0.0,0.09796853111489039
2612,0.06233359911242517,0.9958108058126495,4,0.8277841561423651,0,2,0.0,0.09787036550673438
2613,0.06839132618684288,0.9961509482767507,4,0.827850038255547,0,2,0.0,0.09756481342566307
2614,0.05659640476598422,0.9966835314530802,4,0.8279158699808795,0,2,0.0,0.09703006819518714
2615,0.06631106251758438,0.9970614066308544,4,0.8279816513761468,0,2,0.0,0.09750585498346792
2616,0.062344075424869375,0.9975540526614521,4,0.8280473824990447,0,2,0.0,0.09754094283153084
2617,0.0644591574667387,0.9982061554191065,4,0.828113063407181,0,2,0.0,0.09751087735498996
2618,0.06742927706670931,0.9989086720591973,4,0.8281786941580757,0,2,0.0,0.09782959045764739
2619,0.06560110714440082,0.9998752558931681,4,0.8282442748091603,0,2,0.9948046573236777,0.0982922456911596
2620,0.063437142688752,0.9998811450846481,4,0.8283098054177794,0,2,0.9951511683587513,0.09776579285067957
2621,0.05915657607626279,0.9998889266795499,4,0.8283752860411899,0,2,0.9950528237351479,0.09772388386857553
2622,0.060984640687343224,0.9998999084672824,4,0.8284407167365612,0,2,0.9950085509698825,0.09811570738641873
2623,0.06526198390303942,0.9998989799497328,4,0.8285060975609756,0,2,0.9948751786071415,0.09805493126387754
2624,0.06628252414897724,0.9998908339584229,4,0.8285714285714286,0,2,0.9946492677774741,0.09685918240787066
2625,0.060838739475033675,0.9999024824827483,4,0.8286367098248286,0,2,0.9949190958233819,0.09768001911054132
2626,0.05982094964184763,0.999891036503105,4,0.8287019413779977,0,2,0.994664702820607,0.09739376462900834
2627,0.06619578510207363,0.9998805607385788,4,0.8287671232876712,0,2,0.9945928637776096,0.09785454469812767
2628,0.06681265855835516,0.9998689805479412,4,0.8288322556104983,0,2,0.9947386596078021,0.09802352853344164
2629,0.06370360673129345,0.9998590206470254,4,0.8288973384030418,0,2,0.9944473806815959,0.09810732821257206
2630,0.06620949229083072,0.999851273880662,4,0.8289623717217788,0,2,0.9945570723977064,0.09759838980653701
2631,0.06465189634774443,0.9998132905543694,4,0.8290273556231003,0,2,0.9944041278448817,0.09708165337871898
2632,0.06468165685315189,0.9998000927267868,4,0.8290922901633118,0,2,0.994449728415915,0.09779533644468176
2633,0.06033575054595122,0.9998090408238979,4,0.8291571753986332,0,2,0.9948940058197859,0.09737044215323515
2634,0.06375217869557664,0.9998008154465685,4,0.8292220113851992,0,2,0.9951282872872056,0.09773805689282847
2635,0.06977537702384085,0.9997919086284919,4,0.8292867981790591,0,2,0.9948544424892771,0.09739824345730036
2636,0.06636031442560258,0.9998029267768327,4,0.8293515358361775,0,2,0.9949386246405706,0.09728438407839668
2637,0.05942930387899438,0.999790639247862,4,0.8294162244124337,0,2,0.9948940147537878,0.09772207841394033
2638,0.06003076558495582,0.9997917838631514,4,0.8294808639636226,0,2,0.9948667083506111,0.0973880413695953
2639,0.060970083891544034,0.9997766211360032,4,0.8295454545454546,0,2,0.9946837150085532,0.09760390402465945
2640,0.0656800001350753,0.9997786325675176,4,0.8296099962135555,0,2,0.994740908467814,0.09833636261901245
2641,0.06295410528957138,0.9997824550131177,4,0.8296744890234671,0,2,0.9944263678009011,0.09845160965200679
2642,0.05631842270283442,0.9997783988368831,4,0.8297389330306469,0,2,0.9945452102878147,0.09764958292176881
2643,0.067916912733575,0.999781400745911,4,0.829803328290469,0,2,0.9945118604895495,0.09762076798730668
2644,0.06807982544998897,0.9997974114816232,4,0.8298676748582231,0,2,0.994617057852061,0.0980476171128892
2645,0.06398892669914101,0.9997947573143796,4,0.8299319727891157,0,2,0.9946294198487606,0.09778984365391262
2646,0.060943118383957856,0.9997890016236982,4,0.8299962221382697,0,2,0.9949364383626924,0.09743258885959166
2647,0.061123258664061056,0.9997916636643566,4,0.8300604229607251,0,2,0.9943077334139699,0.09646974094763466
2648,0.06051905864597269,0.9997856668180631,4,0.8301245753114382,0,2,0.9941973819378251,0.0976012196672112
2649,0.059146918821985126,0.9997980636382866,4,0.8301886792452831,0,2,0.994533983052442,0.09734983648448703
2650,0.06084563099571377,0.9997909136879101,4,0.8302527348170502,0,2,0.9945394192586803,0.09704655908155622
2651,0.06342817367048315,0.999848412501026,4,0.830316742081448,0,2,0.994727333364136,0.09683536031394097
2652,0.06203535842315762,0.9998419367890664,4,0.8303807010931021,0,2,0.9946594368606261,0.09711800147288964
2653,0.06723342379023546,0.9998499682518951,4,0.8304446119065562,0,2,0.9946115607161061,0.09822719200465162
2654,0.05923784325119991,0.9998493530099793,4,0.8305084745762712,0,2,0.9945563280281723,0.09838107554253628
2655,0.06617041300974436,0.9998650997936871,4,0.8305722891566265,0,2,0.9949376683442628,0.09725492027959713
2656,0.05888863486158334,0.9998615582962365,4,0.8306360557019195,0,2,0.9949294304236886,0.0978681886806369
2657,0.06270940786388852,0.9998592763899247,4,0.8306997742663657,0,2,0.9949041300703658,0.09712233511915652
2658,0.06270315139960292,0.9998502117734724,4,0.8307634449040993,0,2,0.9950681996738864,0.09757235170684497
2659,0.060450580861832956,0.9998589162537849,4,0.8308270676691729,0,2,0.9952499868385938,0.09702459889316467
2660,0.059262485595001836,0.9998567917111507,4,0.830890642615558,0,2,0.9950332293028935,0.09749269710775486
2661,0.06406376817077013,0.9998562959015138,4,0.830954169797145,0,2,0.9954495821074192,0.09797128785982784
2662,0.06466371403430926,0.9998422197518747,4,0.8310176492677431,0,2,0.9954076435884445,0.09748944858603276
2663,0.060513377141939426,0.9998389370439528,4,0.831081081081081,0,2,0.9957631981929781,0.09794415743295629
2664,0.05696415242542226,0.9998352142413877,4,0.8311444652908068,0,2,0.9957924724685969,0.09746397598763419
2665,0.0585190511588138,0.9998343800799739,4,0.8312078019504876,0,2,0.9957413375393723,0.09781292474860463
2666,0.05861354167239799,0.9998231974230952,4,0.8312710911136107,0,2,0.9954308251452539,0.09712421375555244
2667,0.05862179595717794,0.9998281389919397,4,0.8313343328335832,0,2,0.9959097168955122,0.09729456530861
2668,0.059119440452798516,0.9998389372506457,4,0.8313975271637317,0,2,0.9961057745061874,0.09743650891451916
2669,0.06143699674932626,0.9998491567990566,4,0.8314606741573034,0,2,0.9960094561326394,0.0975595038258108
2670,0.06300372483485928,0.9998454603110903,4,0.8315237738674653,0,2,0.9956739402566626,0.09726404734648908
2671,0.05702575607114378,0.9998438192970749,4,0.8315868263473054,0,2,0.9957077451730874,0.09764435008947661
2672,0.07128859175994734,0.9998491058561337,4,0.8316498316498316,0,2,0.9958110911673332,0.09717480525908999
2673,0.05803054801266738,0.9998430238574327,4,0.831712789827973,0,2,0.9958814168379682,0.09778507314366017
2674,0.05909982115425392,0.9998328814628458,4,0.8317757009345794,0,2,0.9958510021887342,0.0973190981935864
2675,0.06246959527090674,0.9998231970399357,4,0.8318385650224215,0,2,0.9958416337105727,0.09750889303772393
2676,0.06445225718815431,0.9998252097612431,4,0.8319013821441913,0,2,0.9958524117662513,0.09774094215637767
2677,0.06431449478791096,0.9998293406754324,4,0.8319641523525019,0,2,0.9957777274183695,0.09838633914928613
2678,0.060736072447802006,0.9998107708010651,4,0.832026875699888,0,2,0.9956017194304662,0.09715737839351686
2679,0.06294475719837413,0.9997974541664582,4,0.832089552238806,0,2,0.9956321680687967,0.09711784115820127
2680,0.05283514525634336,0.9997804993125856,4,0.8321521820216338,0,2,0.9951384056202375,0.09681198943650832
2681,0.05747646695993491,0.9997737885403255,4,0.8322147651006712,0,2,0.995171695709717,0.09761853637102341
2682,0.06537599571505212,0.9998041950256725,4,0.8322773015281402,0,2,0.9952263002306125,0.09751521289716142
2683,0.05731809637467809,0.9998032345987873,4,0.8323397913561847,0,2,0.9952446432224789,0.09726187955446931
2684,0.06422897585402015,0.9998026403122938,4,0.8324022346368715,0,2,0.9951422225547355,0.09761185514832028
2685,0.06726684589535487,0.9997957186933047,4,0.8324646314221892,0,2,0.9951674167523257,0.09722693484643063
2686,0.061248145125723505,0.9998073578186708,4,0.8325269817640492,0,2,0.9953700206929947,0.09713728023808679
2687,0.056230089687446534,0.9998093563359917,4,0.8325892857142857,0,2,0.9949010722816589,0.09813754555042707
2688,0.06751792764509007,0.9997810161194698,4,0.832651543324656,0,2,0.9948906550902925,0.09726738902005136
2689,0.059735628862896635,0.9997736556477189,4,0.8327137546468402,0,2,0.9946635243718179,0.09761010091381268
2690,0.052934238046587395,0.9997819185242884,4,0.8327759197324415,0,2,0.9947714153715762,0.09773664532811938
2691,0.061375828944662945,0.9997568523216457,4,0.8328380386329867,0,2,0.9946849475094464,0.09641207037911727
2692,0.0625833406793177,0.9997472817603456,4,0.8329001113999257,0,2,0.9946777211744213,0.09779414884171969
2693,0.058922964083548295,0.999755499441391,4,0.8329621380846325,0,2,0.9946130175170317,0.09759444209181393
2694,0.05906060411590343,0.999755363444185,4,0.8330241187384044,0,2,0.9945669508227862,0.0969183224585834
2695,0.057608371122619746,0.9997627343651133,4,0.8330860534124629,0,2,0.9945748477033551,0.09730959896231067
2696,0.06038909975276029,0.9997558490681583,4,0.8331479421579533,0,2,0.9945760411283965,0.09803749585334992
2697,0.056245135635562105,0.9997570601316051,4,0.8332097850259451,0,2,0.9946513677752225,0.09770880860761395
2698,0.05441337484552,0.9997754241395613,4,0.8332715820674323,0,2,0.9946470736348061,0.09779733018054032
2699,0.05426518790540048,0.9997822197919848,4,0.8333333333333334,0,2,0.994525737339722,0.09785750215613656
2700,0.05701147093352577,0.9990290548065103,4,0.8330248056275453,0,2,0.0,0.08623343825042445
2701,0.05601974495667689,0.99820167219014,4,0.8327165062916358,0,2,0.0,0.0857785054695763
2702,0.06353195565294484,0.9976651097302016,4,0.832408435072142,0,2,0.0,0.08687930998158057
2703,0.05726381994491781,0.9969747696808133,4,0.8321005917159763,0,2,0.0,0.08601526235177198
2704,0.058817819358730136,0.9964386196697151,4,0.8317929759704251,0,2,0.0,0.08662421670226017
2705,0.06391049443336413,0.995982770788276,4,0.8314855875831486,0,2,0.0,0.08686371146403697
2706,0.06063698677994536,0.9956410846858448,4,0.8311784263021795,0,2,0.0,0.08629525506737712
2707,0.05712911580122319,0.9954672425887042,4,0.8312407680945347,0,2,0.0,0.08635379716406362
2708,0.058487235752782384,0.9953150751904458,4,0.8313030638612035,0,2,0.0,0.08670411445505517
2709,0.0606159745376099,0.9953801504444704,4,0.8313653136531365,0,2,0.0,0.08711437841725092
2710,0.05837517581340799,0.9955413749319517,4,0.8314275175212099,0,2,0.0,0.08680185721975674
2711,0.05666113752633694,0.9955629951446876,4,0.8314896755162242,0,2,0.0,0.08581492424267427
2712,0.057026129640154355,0.9956771867260029,4,0.8315517876889053,0,2,0.0,0.0860567877684189
2713,0.061719917373497024,0.9960058334594165,4,0.8316138540899042,0,2,0.0,0.08664514494537102
2714,0.06459883443291982,0.9962051754454333,4,0.8316758747697974,0,2,0.0,0.08571582865242694
2715,0.05943734411990999,0.9967224462940324,4,0.8317378497790869,0,2,0.0,0.08565286068713024
2716,0.055061171725471106,0.9974058183332059,4,0.8317997791682002,0,2,0.0,0.08686394076440503
2717,0.06112982638940067,0.998110239068233,4,0.8318616629874908,0,2,0.0,0.08629510997839694
2718,0.06206059617488337,0.9990048634521077,4,0.8319235012872379,0,2,0.0,0.08660934262164895
2719,0.06578832179329713,0.9997937989613483,4,0.8319852941176471,0,2,0.9940644347307783,0.0850210420501386
2720,0.05688032423220936,0.9997866069038142,4,0.8320470415288497,0,2,0.9941704905759682,0.08594499962226074
2721,0.05243190241765388,0.9997844017597051,4,0.8321087435709037,0,2,0.9939511620823491,0.08694024139605197
2722,0.054183941929322375,0.9997892410447269,4,0.8321704002937936,0,2,0.993929103302318,0.08597568605779954
2723,0.057015348431162766,0.9997885358967835,4,0.8322320117474302,0,2,0.9937766346245622,0.08647767834798141
2724,0.05858641335424481,0.9997852358384721,4,0.8322935779816514,0,2,0.993729039343371,0.08692095173819443
2725,0.062276840618208165,0.9997566440185344,4,0.8323550990462216,0,2,0.9938125195200798,0.08649440858145337
2726,0.06199091523049059,0.9997533068641196,4,0.8324165749908324,0,2,0.9936839328589286,0.08603243834575725
2727,0.057963297508627,0.9997524794369635,4,0.8324780058651027,0,2,0.9936806412413931,0.08578538954650748
2728,0.05829547957531276,0.9997434127533222,4,0.8325393917185783,0,2,0.993705685161203,0.0861217653295529
2729,0.055987300822116934,0.999750616568003,4,0.8326007326007326,0,2,0.993579240821107,0.08684663970161854
2730,0.05964232350219027,0.9997618613591033,4,0.8326620285609667,0,2,0.9936461390062208,0.0865602821976269
2731,0.0552339804493451,0.99974495347595,4,0.832723279648609,0,2,0.993610447687146,0.08537432601155553
2732,0.06809930992647541,0.9997512609497009,4,0.8327844859129162,0,2,0.9936410543854827,0.08646048948122578
2733,0.06364586740561555,0.9997365463346655,4,0.8328456474030724,0,2,0.9935135505684123,0.08708191899552518
2734,0.05250864218832256,0.9997142880185399,4,0.8329067641681901,0,2,0.9936402556589405,0.08659807870664861
2735,0.057583330931314694,0.9997529302010936,4,0.83296783625731,0,2,0.9940097035167577,0.08682154472466724
2736,0.05701736509445052,0.9997554507208108,4,0.8330288637194008,0,2,0.9937873166642205,0.08648066867663423
2737,0.06243576072384189,0.9997557784182455,4,0.8330898466033602,0,2,0.993279414175555,0.08507980690724583
2738,0.05945065663420805,0.9997528786420403,4,0.8331507849580139,0,2,0.993390893459941,0.08570930073033928
2739,0.05248676298754221,0.9997821077572003,4,0.8332116788321168,0,2,0.9942439177478174,0.0863713578391185
2740,0.05279922631775881,0.9997921860089888,4,0.8332725282743524,0,2,0.9940570484507629,0.08589787039181845
2741,0.05439958911649094,0.9997871636775362,4,0.8333333333333334,0,2,0.9943131181928502,0.08633655347251408
2742,0.05839277398390739,0.999802430167205,4,0.8333940940576011,0,2,0.9942404776906197,0.0872202520963824
2743,0.05592272068571026,0.9997804047108501,4,0.8334548104956269,0,2,0.9942315190633275,0.08575479174159581
2744,0.056176530439447536,0.999785181547246,4,0.8335154826958106,0,2,0.9943112415781432,0.08616062636422424
2745,0.05158942374801046,0.9998015653807569,4,0.8335761107064822,0,2,0.9942564488502257,0.08615389518198256
2746,0.055584669273586046,0.9998082112498495,4,0.833636694575901,0,2,0.9944071751138541,0.08636666301347096
2747,0.06313582837927686,0.9998045245225896,4,0.8336972343522562,0,2,0.9943929093749102,0.08670693514808506
2748,0.056958847156324294,0.9998116103511905,4,0.8337577300836668,0,2,0.9944143113644373,0.08654629699241262
2749,0.05629535536110977,0.9998185178182841,4,0.8338181818181818,0,2,0.994632488846181,0.08597668594862448
2750,0.057143797979155954,0.999820801892594,4,0.8338785896037805,0,2,0.9944145735542438,0.08706130606291203
2751,0.05858546499114521,0.9998312232298571,4,0.8339389534883721,0,2,0.9945423410307149,0.08640595850622333
2752,0.05544517984875787,0.9998212617913744,4,0.8339992735197966,0,2,0.994384608419473,0.08581955649415432
2753,0.053756823450160675,0.9998263503781069,4,0.8340595497458243,0,2,0.9943999145852487,0.08680146738288358
2754,0.051923561878817456,0.9998316137438127,4,0.8341197822141561,0,2,0.9944531753194099,0.0859733542332658
2755,0.058811040368511903,0.9998258957303275,4,0.8341799709724238,1,2,0.9945252384956746,0.0862438900354863
2756,0.049085489813679384,0.9998132900787712,4,0.83424011606819,1,2,0.9950893518137927,0.08646302466494046
2757,0.057211227495198996,0.9998074067631797,4,0.8343002175489486,1,2,0.9955832744373494,0.08679171175278504
2758,0.05893707987391807,0.9998100579905228,4,0.834360275462124,1,2,0.995599691056504,0.08646759024617783
2759,0.05805808598452622,0.9998055958467036,4,0.8344202898550724,1,2,0.9955075401837232,0.08579511752366215
2760,0.055612085322394006,0.9997893421092242,4,0.8344802607750815,1,2,0.9959177069491955,0.08631191365099122
2761,0.06031709376631231,0.999778007157102,4,0.83454018826937,1,2,0.995997149615429,0.08587455231281033
2762,0.05733501874726312,0.9997499707424548,4,0.8346000723850887,1,2,0.996153165030369,0.08581081280163172
2763,0.05929894440845884,0.9997755530186487,4,0.8346599131693199,1,2,0.9963098914760224,0.08602834710815782
2764,0.05685046466702537,0.9997745724342503,4,0.8347197106690778,1,2,0.9962912117680292,0.08640348060235821
2765,0.06427573984359844,0.9997707367012633,4,0.8347794649313087,1,2,0.9962457855526378,0.08646758887334727
2766,0.052565794943340044,0.9997701630989942,4,0.8348391760028913,1,2,0.9960202066325731,0.0870333934999151
2767,0.06327492303193769,0.999763140811923,4,0.8348988439306358,1,2,0.9960020718076454,0.08654717857090494
2768,0.0564155797871754,0.9997661786236915,4,0.8349584687612857,1,2,0.9958001413459425,0.08659340734610521
2769,0.05776360364332836,0.9997609187107919,4,0.8350180505415162,1,2,0.9958247005469116,0.08632926225594523
2770,0.0546202546092589,0.9997523235706695,4,0.8350775893179357,1,2,0.995840750391443,0.08639184252536727
2771,0.06058283263713766,0.9997572874788573,4,0.8351370851370852,1,2,0.9958535043609249,0.08610056365322222
2772,0.048444923741672294,0.9997651966389336,4,0.8351965380454381,1,2,0.996111433434389,0.08676440701723487
2773,0.06224675953331268,0.9997618326847941,4,0.8352559480894016,1,2,0.9960778513086961,0.08623787408886856
2774,0.05659336730417677,0.9997651068292976,4,0.8353153153153153,1,2,0.9958978289821494,0.08648372577158452
2775,0.0643913523008753,0.9997749766397872,4,0.8353746397694525,1,2,0.9957681170232467,0.08606230890916518
2776,0.05858878903087614,0.9997805796112103,4,0.8354339214980194,1,2,0.9956610888277264,0.08676465244678966
2777,0.05764748855476198,0.9997917215380638,4,0.8354931605471563,1,2,0.9957901458800293,0.08616376458051403
2778,0.053805188682950346,0.9997843962796199,4,0.8355523569629363,1,2,0.9955798080860243,0.0872741587606018
2779,0.05487176737186941,0.9997992965640841,4,0.8356115107913669,1,2,0.9957368937998106,0.08616502268926476
2780,0.06078213016597894,0.9998163483627578,4,0.835670622078389,1,2,0.9956908408302791,0.08643334200613473
2781,0.052803342645818444,0.999805181467536,4,0.8357296908698778,1,2,0.9957358622120969,0.0857834766619978
2782,0.06135445337027913,0.9998090387625685,4,0.8357887172116422,1,2,0.9944649963737096,0.08514708596444925
2783,0.05245864841754909,0.9997839455338577,4,0.8358477011494253,1,2,0.9940494743871781,0.08525183477367312
2784,0.0580235892066529,0.9997772316811948,4,0.8359066427289048,1,2,0.9940269373143464,0.08655153768687661
2785,0.05105268873693879,0.9997575751124622,4,0.8359655419956927,1,2,0.9940154447710339,0.0868511115411606
2786,0.059371056095350816,0.9997658023910498,4,0.8360243989953355,1,2,0.9937959418367326,0.08636844814826113
2787,0.05576112253774421,0.9997436107485925,4,0.8360832137733142,1,2,0.9938012374967403,0.08662132287464722
2788,0.06012109043664843,0.9997270474951893,4,0.8361419863750448,1,2,0.9939570094256338,0.08587109408758345
2789,0.05519543420102274,0.9997216914414025,4,0.8362007168458782,1,2,0.9939913014633692,0.08601738531635374
2790,0.05453093818025939,0.9997300326250534,4,0.8362594052311,1,2,0.9940676197699072,0.08599768093719834
2791,0.05571307258670972,0.9997312822027334,4,0.8363180515759312,1,2,0.9940604825266948,0.08596336141191603
2792,0.052497380808042705,0.999731160183379,4,0.8363766559255281,1,2,0.9939973120711023,0.08691285458146669
2793,0.054721782867914126,0.9997245707678207,4,0.8364352183249821,1,2,0.9935522604082363,0.08715636661580904
2794,0.05521622267055708,0.9997263944426504,4,0.8364937388193202,1,2,0.9936752142593741,0.08628966491023594
2795,0.054185678092295894,0.9997318239770395,4,0.836552217453505,1,2,0.9937755482570874,0.08625907966856665
2796,0.049666318357138806,0.9997359551537969,4,0.8366106542724348,1,2,0.9937922234366474,0.08563976814560452
2797,0.05157521161480204,0.9997346232654271,4,0.8366690493209435,1,2,0.9938166755405969,0.08650350276148369
2798,0.051132368196745354,0.9997499594004601,4,0.8367274026438014,1,2,0.9938335076141889,0.08670871215071402
2799,0.05407704671536908,0.9997256344236384,4,0.8367857142857142,1,2,0.993807931066924,0.08726486730152404
2800,0.055906052889593126,0.9985620928910017,4,0.8364869689396645,1,2,0.0,0.09636987285456491
2801,0.0543425764188704,0.9979047034426186,4,0.8361884368308351,1,2,0.0,0.09758964694971167
2802,0.06048481391708253,0.9971587224762327,4,0.8358901177310025,1,2,0.0,0.0973423662577765
2803,0.05478198969601875,0.9967173713031505,4,0.8355920114122682,1,2,0.0,0.09737508730881583
2804,0.059798826957623216,0.996346867598545,4,0.8352941176470589,1,2,0.0,0.09808073502648136
2805,0.057204801866999125,0.9959653587356654,4,0.8349964362081255,1,2,0.0,0.09780834648824792
2806,0.06129455298212741,0.9957353338196229,4,0.8350552190951194,1,2,0.0,0.09731784123738353
2807,0.055418476113062255,0.9953957816201555,4,0.8351139601139601,1,2,0.0,0.09756481022399761
2808,0.05867450932966483,0.9953893610726651,4,0.8351726593093628,1,2,0.0,0.09851218090773467
2809,0.0583735997242794,0.9954185853012443,4,0.8352313167259786,1,2,0.0,0.09840429359909716
2810,0.05919462674150054,0.9954056630234144,4,0.8352899324083956,1,2,0.0,0.09732842666973679
2811,0.05331232615034661,0.9955195012255467,4,0.835348506401138,1,2,0.0,0.09726662544238017
2812,0.05465086988402388,0.9957283150127947,4,0.835407038748667,1,2,0.0,0.09653563617238298
2813,0.06580024007465365,0.9959476308750937,4,0.8354655294953802,1,2,0.0,0.09813379388034837
2814,0.06444491943256499,0.9964831278913167,4,0.8355239786856128,1,2,0.0,0.09744868112676676
2815,0.06214515244707689,0.9969914396311097,4,0.8355823863636364,1,2,0.0,0.09690109538737482
2816,0.05544544627446196,0.9976443979990364,4,0.8356407525736599,1,2,0.0,0.09802690316542312
2817,0.06421980474164968,0.9983638613635286,4,0.8356990773598296,1,2,0.0,0.0969655163768993
2818,0.06342553812482069,0.9991482770855208,4,0.8357573607662292,1,2,0.0,0.09666628514114947
2819,0.06265491887422654,0.9997597414012575,4,0.8358156028368794,1,2,0.9933828016069672,0.09684478885796885
2820,0.05219638447207289,0.9997780780339621,4,0.8358738036157392,1,2,0.9938692315930091,0.09713065006990879
2821,0.05808549268405757,0.9997758148840089,4,0.8359319631467045,1,2,0.9941507444921678,0.09776657975828894
2822,0.061465804014144344,0.9997804374048769,4,0.8359900814736096,1,2,0.9941886106346477,0.09737611519278257
2823,0.05634102683756122,0.9997790870918019,4,0.8360481586402266,1,2,0.9941958181004308,0.09719265153619229
2824,0.0662101018585424,0.9997768008878463,4,0.8361061946902655,1,2,0.9941789247104662,0.0977174914346345
2825,0.06084311961423892,0.9997476724134012,4,0.8361641896673744,1,2,0.994142904611993,0.09768060328745237
2826,0.058971980150297434,0.9997436206830262,4,0.8362221436151397,1,2,0.994193631160671,0.09721959524096782
2827,0.05700573379900864,0.9997424957931752,4,0.8362800565770863,1,2,0.9941809507400321,0.09704241615941228
2828,0.055426389367148964,0.9997331817676687,4,0.8363379285966772,1,2,0.9945757408455285,0.0972546603410333
2829,0.05416210770226687,0.9997421976998523,4,0.8363957597173145,1,2,0.9941039646221332,0.09782623562120246
2830,0.054783698697151675,0.9997531679941402,4,0.8364535499823385,1,2,0.9940824018611822,0.09735728530147812
2831,0.061665946920358636,0.9997358397489061,4,0.8365112994350282,1,2,0.9939675527496508,0.09717098171024334
2832,0.06817998304678291,0.9997450289861863,4,0.8365690081186022,1,2,0.9941709949730517,0.09792353664868109
2833,0.06682114567197062,0.9997294706202652,4,0.8366266760762173,1,2,0.9940001074860871,0.09711435752891116
2834,0.06022151340304108,0.9997070028902099,4,0.83668430335097,1,2,0.9939685587657281,0.09681730897702394
2835,0.05571541563866,0.999749314604607,4,0.8367418899858956,1,2,0.9939134987698053,0.09708376874198223
2836,0.05679048928345361,0.9997518496126455,4,0.836799436023969,1,2,0.9933179106171184,0.0979930978299827
2837,0.05895292503350507,0.9997526555717583,4,0.8368569415081043,1,2,0.9932390634123889,0.0969103853413166
2838,0.056297935135712844,0.9997510334223052,4,0.8369144064811553,1,2,0.9934077485151657,0.09734322655543366
2839,0.05967660492925516,0.9997781964379686,4,0.8369718309859155,1,2,0.9936086496318292,0.09781288168409669
2840,0.05244082354766061,0.9997886970953789,4,0.837029215065118,1,2,0.9931894240298564,0.09655105237791338
2841,0.05228253181663254,0.9997839180104248,4,0.8370865587614356,1,2,0.9934904873924582,0.09804715900180944
2842,0.05329070611757797,0.999800004450085,4,0.8371438621174815,1,2,0.9934244917464052,0.096875725869448
2843,0.055741254429345605,0.99977746613714,4,0.8372011251758087,1,2,0.993447796587085,0.09692174207066158
2844,0.05795601396885474,0.9997818149376047,4,0.8372583479789104,1,2,0.9934938081018156,0.09732544647256636
2845,0.05401747461689884,0.9997984995980892,4,0.8373155305692199,1,2,0.9931417868536095,0.0972924557757916
2846,0.05589190342235682,0.9998061347062555,4,0.8373726729891113,1,2,0.9931716265680903,0.09766868523109923
2847,0.06303447677952578,0.9998020963309553,4,0.8374297752808989,1,2,0.9931888318159973,0.09788016201179811
2848,0.061188487859567785,0.9998075019616322,4,0.8374868374868375,1,2,0.993191161141673,0.09747355950176759
2849,0.05801475300232486,0.9998132457448362,4,0.8375438596491228,1,2,0.9936168728400715,0.09725381602702732
2850,0.05590419325099234,0.9998167369715857,4,0.8376008418098913,1,2,0.9935146349926026,0.09854493973829591
2851,0.0539729847651554,0.999825870929397,4,0.8376577840112202,1,2,0.9937367595371105,0.09763752554933568
2852,0.05583114205813604,0.999815243574486,4,0.8377146862951279,1,2,0.9936266712731532,0.09722851380761019
2853,0.05593470500632056,0.9998198621128309,4,0.837771548703574,1,2,0.9936771514267465,0.0980265669761956
2854,0.05535164429556006,0.9998260513620015,4,0.8378283712784589,1,2,0.9937297186381735,0.09717158645618454
2855,0.06156165624073755,0.9998206463380009,4,0.8378851540616247,1,2,0.993976953299818,0.09722266413637343
2856,0.04929695691969971,0.9998072529751771,4,0.8379418970948548,1,2,0.9946588504445144,0.09750684919811088
2857,0.060734626874792565,0.9998000573762204,4,0.8379986004198741,1,2,0.9945602559453104,0.09716503654921776
2858,0.05449477366866341,0.9998011512352991,4,0.8380552640783491,1,2,0.9945477642385476,0.09746835110121664
2859,0.05678000308355349,0.9997962953430484,4,0.8381118881118881,1,2,0.9945355770526947,0.09685917128571749
2860,0.055887691716389104,0.9997814595212555,4,0.8381684725620412,1,2,0.9951523363098964,0.09698359910878443
2861,0.0613422888457817,0.9997691155135502,4,0.8382250174703005,1,2,0.9951184831699477,0.0974323764171008
2862,0.05643773232741438,0.9997408251520841,4,0.8382815228780999,1,2,0.9954433263446907,0.09750463540452023
2863,0.058117625039808475,0.9997664686586156,4,0.8383379888268156,1,2,0.9953413513354453,0.09765429689741395
2864,0.05658177987517471,0.9997652424487586,4,0.8383944153577662,1,2,0.9954633566796534,0.09710501578207169
2865,0.05295177234534967,0.9997613892638829,4,0.8384508025122122,1,2,0.9959100736264497,0.09795903517999065
2866,0.049220985825289235,0.9997606941869566,4,0.8385071503313568,1,2,0.9957346022659781,0.09842266781237685
2867,0.05953442415430546,0.9997568391614189,4,0.8385634588563459,1,2,0.9955553604331259,0.09772678285495705
2868,0.0568209972575353,0.9997599150229742,4,0.8386197281282677,1,2,0.9953699383871207,0.09768805374488956
2869,0.055869895128539376,0.9997555417472787,4,0.8386759581881533,1,2,0.9952496665157056,0.09787666911575306
2870,0.05692968670520007,0.9997464818935345,4,0.8387321490769767,1,2,0.9949944001767238,0.09765027222033987
2871,0.05411700973980561,0.9997506014689277,4,0.8387883008356546,1,2,0.9950425160598022,0.09763777310700326
2872,0.05207657858355378,0.9997588521035468,4,0.838844413505047,1,2,0.9951292036974162,0.09741117153732808
2873,0.055774484640675755,0.9997552026014402,4,0.8389004871259569,1,2,0.9951941058516691,0.09794376465374514
2874,0.058317970815288625,0.9997586765471761,4,0.8389565217391305,1,2,0.9949218577200034,0.0980145858862943
2875,0.060278714196757475,0.9997692543886866,4,0.8390125173852573,1,2,0.994852088607428,0.09759086243812737
2876,0.053968534113555316,0.9997749609735238,4,0.8390684741049704,1,2,0.9948042078520248,0.09813469226855426
2877,0.06150217161729507,0.9997861333580482,4,0.8391243919388465,1,2,0.9951096429655413,0.09721834410486031
2878,0.050887858858268735,0.9997806709004072,4,0.8391802709274053,1,2,0.994932314752647,0.09737057726640874
2879,0.057845403005339115,0.9997965755496271,4,0.8392361111111111,1,2,0.9948787074831011,0.0976351327169702
2880,0.06179124346604285,0.9998101605127198,4,0.8392919125303714,1,2,0.9949734020063798,0.09753890969796856
2881,0.05992509786836379,0.9997986447852713,4,0.8393476752255378,1,2,0.9948602261974758,0.09716315157664902
2882,0.05360299769615477,0.9998031612764353,4,0.839403399236906,1,2,0.9944478370288827,0.09702208596444925
2883,0.05684797096950948,0.9997777081950431,4,0.8394590846047156,1,2,0.9944716208018192,0.09680691469158803
2884,0.05454403802097793,0.9997716878473446,4,0.8395147313691508,1,2,0.9944468161454558,0.09738894027446818
2885,0.05261315404903768,0.9997511349933815,4,0.8395703395703396,1,2,0.9944355110846366,0.09724584502635208
2886,0.05760194469960804,0.9997582120557242,4,0.8396259092483547,1,2,0.994129466064944,0.09775153267161846
2887,0.051960671988424564,0.9997383985989112,4,0.8396814404432132,1,2,0.9942422149328889,0.09721015932889043
2888,0.060993367581707064,0.999721714251261,4,0.8397369331948771,1,2,0.9944034294848978,0.0975570303592707
2889,0.05616563863686028,0.9997156990075498,4,0.8397923875432526,1,2,0.9945515941905649,0.09728311986936367
2890,0.05783244418197338,0.9997246454260322,4,0.8398478035281909,1,2,0.9948137909104449,0.09708288697680167
2891,0.05321939632758988,0.9997264462507689,4,0.8399031811894883,1,2,0.9947818261918135,0.09758345289837694
2892,0.05692275939168953,0.9997262928081805,4,0.8399585205668856,1,2,0.9948315689052393,0.09775113625435096
2893,0.05538654162458838,0.9997198864601068,4,0.8400138217000691,1,2,0.9947540088069017,0.09777084951759941
2894,0.05437195201012386,0.9997212769516958,4,0.8400690846286701,1,2,0.9949278813644193,0.09743086839028717
2895,0.055566382376045984,0.9997274090181566,4,0.8401243093922652,1,2,0.99491180991669,0.09734293253589249
2896,0.049553666655759554,0.9997323613008737,4,0.8401794960303762,1,2,0.9948807838878724,0.09720515807715764
2897,0.05453558011443111,0.9997316008203226,4,0.8402346445824707,1,2,0.9948977946907106,0.09778876653649772
2898,0.05163057789308324,0.9997454189007997,4,0.8402897550879613,1,2,0.995197867561459,0.09807772807430867
2899,0.05047449502808392,0.9997217538259775,4,0.8403448275862069,1,2,0.9954739435594907,0.09805861590683349
2900,0.050657687983880664,0.9991168005707547,4,0.840055153395381,1,2,0.0,0.08537914904779889
2901,0.05100258712139486,0.9982598522198063,4,0.8397656788421778,1,2,0.0,0.0857785054695763
2902,0.05807625438630109,0.9976942510157195,4,0.8394764037202893,1,2,0.0,0.08687930998158057
2903,0.05219595757634625,0.9969859167964576,4,0.8391873278236914,1,2,0.0,0.08601526235177198
2904,0.053541970895432396,0.9963839507334085,4,0.8388984509466437,1,2,0.0,0.08662421670226017
2905,0.058536205215591,0.995971177467251,4,0.8386097728836889,1,2,0.0,0.08686371146403697
2906,0.05526510610283902,0.9955601839928011,4,0.8383212934296526,1,2,0.0,0.08629525506737712
2907,0.05205256219111357,0.9954831249299535,4,0.8383768913342503,1,2,0.0,0.08635379716406362
2908,0.05324388874196276,0.9952666252503886,4,0.8384324510140941,1,2,0.0,0.08670411445505517
2909,0.05531862456978763,0.9951924906146915,4,0.8384879725085911,1,2,0.0,0.08711437841725092
2910,0.053164446786531726,0.995285270103871,4,0.8385434558570938,1,2,0.0,0.08680185721975674
2911,0.0516701426946133,0.9954422340945617,4,0.8385989010989011,1,2,0.0,0.08581492424267427
2912,0.05195397887489289,0.9956805066800309,4,0.8386543082732578,1,2,0.0,0.0860567877684189
2913,0.056156752563417775,0.9961189133275236,4,0.8387096774193549,1,2,0.0,0.08664514494537102
2914,0.05899885251063848,0.9963938721508394,4,0.8387650085763293,1,2,0.0,0.08571582865242694
2915,0.054065744710649434,0.9967481368248086,4,0.8388203017832647,1,2,0.0,0.08565286068713024
2916,0.050087826594851385,0.9972753684005289,4,0.8388755570791909,1,2,0.0,0.08686394076440503
2917,0.05565550525215275,0.9979129816302352,4,0.8389307745030843,1,2,0.0,0.08629510997839694
2918,0.056564219751088524,0.9986664659441461,4,0.8389859540938678,1,2,0.0,0.08660934262164895
2919,0.060243615003515535,0.9997665054214707,4,0.839041095890411,1,2,0.993652818995567,0.0850210420501386
2920,0.051904746990602046,0.9997866069038898,4,0.8390961999315303,1,2,0.9941707762031615,0.08594499962226074
2921,0.04745873149565148,0.9997844017597749,4,0.839151266255989,1,2,0.9939546002939541,0.08694024139605197
2922,0.04904267187824597,0.999789241044799,4,0.8392062949024974,1,2,0.9939333204990691,0.08597568605779954
2923,0.05190588630174751,0.9997885358967689,4,0.8392612859097127,1,2,0.9937802957644506,0.08647767834798141
2924,0.05312861081240882,0.9997852358384847,4,0.8393162393162393,1,2,0.9937310034377067,0.08692095173819443
2925,0.05685948081573157,0.9997566440187323,4,0.8393711551606289,1,2,0.9938152131919549,0.08649440858145337
2926,0.056709794057688834,0.9997533068643246,4,0.8394260334813802,1,2,0.9936890315621131,0.08603243834575725
2927,0.05279092064678921,0.99975247943714,4,0.8394808743169399,1,2,0.9936855562633966,0.08578538954650748
2928,0.053158115468948844,0.9997434127536141,4,0.8395356777057016,1,2,0.9937098062105282,0.0861217653295529
2929,0.05097156535107626,0.9997506165683699,4,0.8395904436860068,1,2,0.9935848124764515,0.08684663970161854
2930,0.05451051807102113,0.9997618613594248,4,0.8396451722961447,1,2,0.9936511199317932,0.0865602821976269
2931,0.05001648976202612,0.9997449534761332,4,0.839699863574352,1,2,0.9936148109698806,0.08537432601155553
2932,0.06230550852495472,0.9997512609499166,4,0.8397545175588135,1,2,0.9936456533511205,0.08646048948122578
2933,0.05803826959402601,0.999736546334781,4,0.8398091342876619,1,2,0.9935171229423859,0.08708191899552518
2934,0.04748778205462749,0.999714288018881,4,0.8398637137989778,1,2,0.9936457776640911,0.08659807870664861
2935,0.05255122978714047,0.9997529302014116,4,0.8399182561307902,1,2,0.9940139580393049,0.08682154472466724
2936,0.051903074795774704,0.9997554507211638,4,0.8399727613210759,1,2,0.9937922218112263,0.08648066867663423
2937,0.057140750104669194,0.9997557784186668,4,0.8400272294077604,1,2,0.9932842581854701,0.08507980690724583
2938,0.054292035613556194,0.9997528786425302,4,0.8400816604287172,1,2,0.993395681299992,0.08570930073033928
2939,0.047453817466138845,0.999782107757655,4,0.8401360544217688,1,2,0.9942526129143048,0.0863713578391185
2940,0.047980462346340284,0.9997921860095995,4,0.8401904114246855,1,2,0.9940648880115144,0.08589787039181845
2941,0.04957340329699621,0.999787163678231,4,0.840244731475187,1,2,0.9943128762087707,0.08633655347251408
2942,0.05337674220170768,0.9998024301678097,4,0.8402990146109413,1,2,0.9942411642013715,0.0872202520963824
2943,0.05090604522333725,0.9997804047115014,4,0.8403532608695652,1,2,0.9942255269549457,0.08575479174159581
2944,0.05104423177265781,0.9997851815479181,4,0.8404074702886248,1,2,0.9943063629940343,0.08616062636422424
2945,0.04674881334449992,0.9998015653813116,4,0.8404616429056347,1,2,0.9942509967758689,0.08615389518198256
2946,0.05056412284941457,0.9998082112504096,4,0.840515778758059,1,2,0.9943990392584136,0.08636666301347096
2947,0.05766154690245305,0.9998045245230529,4,0.8405698778833107,1,2,0.994386171939379,0.08670693514808506
2948,0.05173568900804062,0.9998116103514383,4,0.8406239403187521,1,2,0.9944078491234305,0.08654629699241262
2949,0.051229274438814476,0.9998185178184189,4,0.8406779661016949,1,2,0.9946230535149634,0.08597668594862448
2950,0.052073231824891084,0.999820801892855,4,0.8407319552694003,1,2,0.9944091725242084,0.08706130606291203
2951,0.05354171347357544,0.9998312232301734,4,0.8407859078590786,1,2,0.9945383939509868,0.08640595850622333
2952,0.050483951027658944,0.9998212617917033,4,0.8408398239078902,1,2,0.9943826491715477,0.08581955649415432
2953,0.048779135327496864,0.999826350378443,4,0.8408937034529451,1,2,0.9943987634756954,0.08680146738288358
2954,0.04703547898059416,0.9998316137441597,4,0.8409475465313029,1,2,0.9944515726905773,0.0859733542332658
2955,0.05351918002545135,0.9998258957307645,4,0.8410013531799729,1,2,0.9945244447208572,0.0862438900354863
2956,0.04454638872679531,0.9998132900791717,4,0.8410551234359148,1,2,0.9950853677558249,0.08646302466494046
2957,0.0519949477643296,0.999807406763462,4,0.8411088573360379,1,2,0.9955791870226343,0.08679171175278504
2958,0.05388859719292278,0.9998100579907803,4,0.8411625549172017,1,2,0.9955957909323598,0.08646759024617783
2959,0.0529576616368659,0.9998055958468655,4,0.8412162162162162,1,2,0.995511745369844,0.08579511752366215
2960,0.050618087038254,0.9997893421094447,4,0.8412698412698413,1,2,0.9959220511290855,0.08631191365099122
2961,0.05505328129720738,0.9997780071572839,4,0.8413234301147873,1,2,0.9960036766933451,0.08587455231281033
2962,0.05224431657600806,0.9997499707428268,4,0.8413769827877151,1,2,0.9961598343555236,0.08581081280163172
2963,0.054145628638251765,0.9997755530188919,4,0.8414304993252362,1,2,0.9963268092893547,0.08602834710815782
2964,0.05175471665943043,0.9997745724344818,4,0.8414839797639123,1,2,0.9963095440206922,0.08640348060235821
2965,0.059097589532749295,0.9997707367014158,4,0.8415374241402562,1,2,0.9962678010955969,0.08646758887334727
2966,0.04788505495662732,0.9997701630991094,4,0.8415908324907314,1,2,0.9960427499822445,0.0870333934999151
2967,0.05792296403560566,0.9997631408124036,4,0.8416442048517521,1,2,0.9960243376288536,0.08654717857090494
2968,0.051387648712365806,0.999766178624162,4,0.8416975412596834,1,2,0.9958182579843048,0.08659340734610521
2969,0.052688530057345,0.9997609187112955,4,0.8417508417508418,1,2,0.9958414435375564,0.08632926225594523
2970,0.04962228285595331,0.9997523235711763,4,0.8418041063614945,1,2,0.9958513260219617,0.08639184252536727
2971,0.0554976923231187,0.9997572874793746,4,0.84185733512786,1,2,0.9958640237210747,0.08610056365322222
2972,0.04382483585942233,0.999765196639495,4,0.8419105280861083,1,2,0.9961226597787866,0.08676440701723487
2973,0.057101112147265945,0.9997618326853738,4,0.8419636852723604,1,2,0.9960874089171501,0.08623787408886856
2974,0.05146215140609175,0.9997651068298148,4,0.8420168067226891,1,2,0.9959076564920677,0.08648372577158452
2975,0.05903750868212833,0.9997749766402917,4,0.8420698924731183,1,2,0.9957743235044587,0.08606230890916518
2976,0.053587057911031646,0.9997805796116781,4,0.8421229425596238,1,2,0.9956671937970907,0.08676465244678966
2977,0.0524591357516931,0.9997917215385363,4,0.842175957018133,1,2,0.9957975504161849,0.08616376458051403
2978,0.04905485825594539,0.9997843962801689,4,0.842228935884525,1,2,0.9955869938444895,0.0872741587606018
2979,0.049849476977584004,0.999799296564667,4,0.8422818791946308,1,2,0.9957416512533325,0.08616502268926476
2980,0.05542759219130031,0.999816348363168,4,0.8423347869842335,1,2,0.9956990138097923,0.08643334200613473
2981,0.047804228011359425,0.99980518146783,4,0.8423876592890678,1,2,0.9957444272759952,0.0857834766619978
2982,0.056267766737685965,0.999809038762821,4,0.8424404961448206,1,2,0.9944831180691177,0.08514708596444925
2983,0.047531828647453415,0.9997839455340514,4,0.8424932975871313,1,2,0.9940635845834902,0.08525183477367312
2984,0.05301988476018751,0.9997772316814355,4,0.8425460636515912,1,2,0.9940396406696443,0.08655153768687661
2985,0.046325803715177166,0.9997575751127674,4,0.8425987943737442,1,2,0.9940259293143359,0.0868511115411606
2986,0.05421584459824379,0.9997658023913273,4,0.842651489789086,1,2,0.9938029291021651,0.08636844814826113
2987,0.05090428169916096,0.9997436107489539,4,0.8427041499330656,1,2,0.993808386726738,0.08662132287464722
2988,0.0548406916346717,0.999727047495583,4,0.842756774841084,1,2,0.9939673000934914,0.08587109408758345
2989,0.05025746417009938,0.9997216914417533,4,0.842809364548495,1,2,0.9940002125075911,0.08601738531635374
2990,0.04951530014855613,0.9997300326253945,4,0.8428619190906051,1,2,0.9940778893557696,0.08599768093719834
2991,0.05085478904798211,0.9997312822031478,4,0.8429144385026738,1,2,0.9940724682987092,0.08596336141191603
2992,0.04758485725175582,0.9997311601837915,4,0.8429669228199131,1,2,0.994003756768608,0.08691285458146669
2993,0.04982511099668226,0.9997245707682593,4,0.8430193720774883,1,2,0.9935600465860643,0.08715636661580904
2994,0.05027110693974614,0.9997263944431302,4,0.8430717863105175,1,2,0.9936821943178111,0.08628966491023594
2995,0.049246743191582384,0.9997318239775146,4,0.8431241655540721,1,2,0.9937849889810392,0.08625907966856665
2996,0.045105490460907866,0.9997359551542496,4,0.8431765098431765,1,2,0.9938009706964757,0.08563976814560452
2997,0.046822272598112474,0.9997346232658798,4,0.8432288192128086,1,2,0.9938250563688655,0.08650350276148369
2998,0.04642150762218597,0.9997499594008296,4,0.8432810936978993,1,2,0.993841980856758,0.08670871215071402
2999,0.04934670613303277,0.9997256344240251,4,0.8433333333333334,1,2,0.9938137235283184,0.08726486730152404
3000,0.05112881591337065,0.9985620928960115,4,0.8430523158947018,1,2,0.0,0.09636987285456491
3001,0.052361170423620804,0.9978070486447205,4,0.8427714856762158,1,2,0.0,0.09700353403814796
3002,0.05478780437701326,0.9972234905086012,4,0.8424908424908425,1,2,0.0,0.09848043278937355
3003,0.04394514216490652,0.996709693089917,4,0.8422103861517976,1,2,0.0,0.09772312857646169
3004,0.05041830477085314,0.9963081040356525,4,0.8419301164725458,1,2,0.0,0.09766946290113451
3005,0.053520937797828,0.9960428087746572,4,0.8416500332667998,1,2,0.0,0.09765461952818949
3006,0.05834266454061185,0.9957433452975076,4,0.8417026937146658,1,2,0.0,0.09761068933943039
3007,0.05531959751891225,0.9954580139099837,4,0.8417553191489362,1,2,0.0,0.09794304594866272
3008,0.04800779579481225,0.9953409575170821,4,0.8418079096045198,1,2,0.0,0.09771507338617633
3009,0.05234094076768195,0.995509012698762,4,0.8418604651162791,1,2,0.0,0.09772328881018179
3010,0.053218748216620954,0.9955935366228925,4,0.8419129857190302,1,2,0.0,0.09809294311304687
3011,0.05731148320086529,0.9956609911445948,4,0.8419654714475432,1,2,0.0,0.09794947517473716
3012,0.05210172835314408,0.9958016690976158,4,0.8420179223365416,1,2,0.0,0.097773402116205
3013,0.05574705522718282,0.9960372722044166,4,0.8420703384207033,1,2,0.0,0.09760934386859517
3014,0.048518045879823835,0.9964642441939303,4,0.84212271973466,1,2,0.0,0.09776868990741447
3015,0.0541171054491761,0.9969434880206663,4,0.8421750663129973,1,2,0.0,0.0976298205977336
3016,0.05365207235208807,0.9976096579254822,4,0.8422273781902552,1,2,0.0,0.09737880611263762
3017,0.05020847986688651,0.998347657620361,4,0.8422796554009278,1,2,0.0,0.09659254567264523
3018,0.05340484704910835,0.9991721780280876,4,0.8423318979794634,1,2,0.0,0.09767864385877904
3019,0.05428081584578863,0.9998203607628305,4,0.8423841059602649,1,2,0.9947628443242351,0.09737899632364846
3020,0.05166549659010967,0.9998413092643137,4,0.8424362793776895,1,2,0.9956407268370353,0.09754830769124745
3021,0.050198332666726055,0.999828674171983,4,0.8424884182660489,1,2,0.9951247206129641,0.09757489461899754
3022,0.053842407001070625,0.9998202208538693,4,0.8425405226596097,1,2,0.9941923841568187,0.09720386923858215
3023,0.05640971332303048,0.9998072122718683,4,0.8425925925925926,1,2,0.9945950916068351,0.09695668539521424
3024,0.05518706078221737,0.9998059586736736,4,0.8426446280991735,1,2,0.9945998972517136,0.09754307875415867
3025,0.04878972096535891,0.9998084715515306,4,0.8426966292134831,1,2,0.9942561352290487,0.09768100392842081
3026,0.05500809540346169,0.9997983750320467,4,0.8427485959696068,1,2,0.9943081683178716,0.09766217266104314
3027,0.05313905172612254,0.9997578775485497,4,0.8428005284015853,1,2,0.9942854032139592,0.09732651510643087
3028,0.05373207404756171,0.9997473608458013,4,0.8428524265434136,1,2,0.9939607984767538,0.0981889746077235
3029,0.05083975636622398,0.9997628510458011,4,0.8429042904290429,1,2,0.9941787447982884,0.09758704585213653
3030,0.05084092349341028,0.9997680926116111,4,0.8429561200923787,1,2,0.9940952385535594,0.09750953147266006
3031,0.05952502556949635,0.9997554635139406,4,0.8430079155672823,1,2,0.9939655876067983,0.09756142114757671
3032,0.04801222454276323,0.999751333474972,4,0.8430596768875701,1,2,0.9939684495098486,0.09765905448003347
3033,0.050268857611014794,0.9997541749932548,4,0.8431114040870138,1,2,0.9940199700151962,0.0977546224706044
3034,0.04844776087723719,0.99976279842723,4,0.843163097199341,1,2,0.9934047146106784,0.09831236928981339
3035,0.04875324566285699,0.9997764444809121,4,0.8432147562582345,1,2,0.9935057280734062,0.09805573819375357
3036,0.05412384114379555,0.9997695558649184,4,0.8432663812973329,1,2,0.9933972742764134,0.09717530014936117
3037,0.054566252008577155,0.9997779866501403,4,0.8433179723502304,1,2,0.9934250025540527,0.09756687537629899
3038,0.049833021911078336,0.9997772157670364,4,0.8433695294504772,1,2,0.9930481758336329,0.09691102630972767
3039,0.04924043929658195,0.9997573788232167,4,0.843421052631579,1,2,0.99313283062701,0.09757646131773211
3040,0.051734016691957985,0.9997706076868047,4,0.8434725419269977,1,2,0.9931868429906636,0.09810767937568975
3041,0.0498686227150542,0.9997739064024674,4,0.8435239973701513,1,2,0.993398770629381,0.09729066424777233
3042,0.048247696943143924,0.9997635778559245,4,0.8435754189944135,1,2,0.9940535510623989,0.09753745657817091
3043,0.0482331288892557,0.9997641624130054,4,0.8436268068331143,1,2,0.9940340384199975,0.09750741305711941
3044,0.04767168771586681,0.9997651851934511,4,0.8436781609195402,1,2,0.9941581833979699,0.09742262395337983
3045,0.05806447738408784,0.9997804220957953,4,0.8437294812869337,1,2,0.9941133852200144,0.09775831923440975
3046,0.05364971592922422,0.9997985536599233,4,0.8437807679684936,1,2,0.9939883763905203,0.0974826544360691
3047,0.05108623187805172,0.9998293781222504,4,0.8438320209973753,1,2,0.9939408224109731,0.09691972804118865
3048,0.048394303031190286,0.999848325911845,4,0.8438832404066907,1,2,0.9940548174160136,0.09738442127872746
3049,0.054581592445030906,0.9998385304721298,4,0.8439344262295082,1,2,0.993878825667405,0.09774467453663332
3050,0.04731867404456891,0.9998376659139253,4,0.8439855784988528,1,2,0.993927937543962,0.09816607802886149
3051,0.04856144680682217,0.9998422310127294,4,0.8440366972477065,1,2,0.9939642297815493,0.09794006603877389
3052,0.05109425080934654,0.9998572910588235,4,0.8440877825090075,1,2,0.993854807319244,0.0977589924495164
3053,0.05112960316650786,0.9998583516931975,4,0.8441388343156516,1,2,0.9938548108082967,0.09752961538517631
3054,0.05234715483257591,0.9998475137475502,4,0.844189852700491,1,2,0.9941853996318277,0.09775203141810447
3055,0.056899556015827704,0.9998363407448523,4,0.8442408376963351,1,2,0.9941608282118525,0.09744401248078018
3056,0.04705312196921181,0.9998324821333369,4,0.8442917893359503,1,2,0.9943357811606772,0.09742740319134394
3057,0.054814437594489084,0.9998334701597043,4,0.8443427076520602,1,2,0.9943465186974794,0.09769832862116623
3058,0.04637406233076152,0.9998153047300131,4,0.8443935926773455,1,2,0.9949457735629019,0.09699759179908196
3059,0.04803962506260924,0.999828676933496,4,0.8444444444444444,1,2,0.9949295761743178,0.09738149131325798
3060,0.050900097345759586,0.9998389471215399,4,0.8444952629859523,1,2,0.9947761640733893,0.09722688767821519
3061,0.05885855554486469,0.9998303573843854,4,0.8445460483344219,1,2,0.9947991586098534,0.0971753154283073
3062,0.04967555989887294,0.9998381862559291,4,0.8445968005223637,1,2,0.9949964309546122,0.09776779927315501
3063,0.04740598684875552,0.9998496339170356,4,0.8446475195822454,1,2,0.995012245955821,0.09759526150655912
3064,0.05323398160775496,0.9998474439105095,4,0.8446982055464927,1,2,0.9950132941481589,0.09733700094418768
3065,0.049363737928517365,0.9998373860050952,4,0.8447488584474886,1,2,0.995310038805706,0.09741870616692966
3066,0.04597300648180963,0.9998369696649183,4,0.8447994783175742,1,2,0.995416861225216,0.09724535840256952
3067,0.05091326900763696,0.999833337992316,4,0.8448500651890483,1,2,0.9957514844647222,0.09772621478410033
3068,0.05379827598088898,0.9998181832718569,4,0.8449006190941675,1,2,0.9958014771450323,0.09738902335885186
3069,0.049190314828473955,0.9998269848225876,4,0.8449511400651466,1,2,0.9960662473757832,0.09721238911391723
3070,0.050915041220167635,0.9997839699254255,4,0.8450016281341582,1,2,0.9955488308163265,0.09676999824512494
3071,0.05600749565517324,0.9997814888648003,4,0.8450520833333334,1,2,0.9952735729352435,0.09697349366162177
3072,0.05226136341510602,0.999772566192909,4,0.8451025056947609,1,2,0.9953970647762247,0.09739842915604512
3073,0.051753710068570664,0.999763549482128,4,0.845152895250488,1,2,0.9953583568413944,0.09823363146178545
3074,0.04918903249766529,0.9997717980686458,4,0.8452032520325203,1,2,0.9956610248952982,0.09714108354999598
3075,0.05049676039116631,0.9997781052545243,4,0.8452535760728218,1,2,0.9957217529402085,0.09702873601043856
3076,0.051998989034917835,0.9997857957390152,4,0.8453038674033149,1,2,0.995740011074225,0.09766666859314636
3077,0.04895997328489225,0.9997698808580832,4,0.8453541260558805,1,2,0.9957450445033903,0.09745772471138486
3078,0.045496232445330055,0.9997944680171726,4,0.8454043520623579,1,2,0.9958262333188588,0.09742374352947436
3079,0.050000540877073715,0.9997666385129292,4,0.8454545454545455,1,2,0.9955094662766659,0.09723936560105954
3080,0.04609740096842102,0.99976127945832,4,0.8455047062641999,1,2,0.995382024149629,0.09802537851305396
3081,0.05245979611454367,0.9997593639554734,4,0.845554834523037,1,2,0.9953507708326803,0.0972499778458023
3082,0.049311335599886263,0.9997581497589831,4,0.8456049302627311,1,2,0.99549012405105,0.09801743022881115
3083,0.054841743983367414,0.9997598551074748,4,0.8456549935149157,1,2,0.9952695862610773,0.09778560276514822
3084,0.051043149924260844,0.9997566723474169,4,0.8457050243111831,1,2,0.995271472537427,0.09734143624889005
3085,0.0474005284580786,0.9997424648450244,4,0.8457550226830849,1,2,0.9952778101713673,0.09709438748592661
3086,0.04829304318539228,0.9997422620746325,4,0.8458049886621315,1,2,0.9952614143513001,0.09757102638892887
3087,0.04835641404510468,0.9997378104976974,4,0.8458549222797928,1,2,0.9952670568283144,0.09723399666382172
3088,0.04912651186679533,0.9997466747280214,4,0.8459048235674975,1,2,0.9953534260995103,0.09700799435683635
3089,0.05561160696708493,0.9997450097095415,4,0.8459546925566344,1,2,0.9950903065983085,0.09812768985704279
3090,0.052040999715810485,0.999774296184971,4,0.8460045292785506,1,2,0.9954162782465034,0.09821803262841206
3091,0.04956915162069793,0.9997951484051543,4,0.8460543337645536,1,2,0.9957103730180911,0.09752433199557925
3092,0.05344278583895877,0.9998019748060457,4,0.8461041060459101,1,2,0.9957603869835252,0.09751801966254041
3093,0.04312809436711528,0.9998074661584866,4,0.8461538461538461,1,2,0.9956554192225104,0.09739889018812971
3094,0.049717277417768685,0.999792400208914,4,0.8462035541195476,1,2,0.9956714523937059,0.09755229940903154
3095,0.058816713281349076,0.9997955859015814,4,0.8462532299741602,1,2,0.9956775693340931,0.0976064143524423
3096,0.049798593083661205,0.9997980237040411,4,0.8463028737487891,1,2,0.9951685170085183,0.09699662140215116
3097,0.044010853838838404,0.9998158862867997,4,0.8463524854744997,1,2,0.9943709260582214,0.09836033681847449
3098,0.05494640882978095,0.9998212434694045,4,0.8464020651823169,1,2,0.9942554933373536,0.09785518530162157
3099,0.05413012935481263,0.9998111934936871,4,0.8464516129032258,1,2,0.9945766791485158,0.09735702777874206
3100,0.050637486587787495,0.9988434238232531,4,0.8461786520477266,0,2,0.0,0.08579677347780022
3101,0.05009010592972382,0.9980649068512578,4,0.845905867182463,0,2,0.0,0.08652356164850604
3102,0.05255996599072185,0.997375851139907,4,0.8456332581372865,0,2,0.0,0.08682108015290536
3103,0.04671566900436814,0.9967688131505824,4,0.845360824742268,0,2,0.0,0.08656517425146744
3104,0.050188376397225884,0.9962410038591512,4,0.8450885668276973,0,2,0.0,0.08602081317998336
3105,0.046837459588386456,0.9956151148218711,4,0.8451384417256922,0,2,0.0,0.08617761854121514
3106,0.05090131766342625,0.9953491149143168,4,0.8451882845188284,0,2,0.0,0.0867765232466739
3107,0.05225014829573931,0.9950861131124418,4,0.8452380952380952,0,2,0.0,0.08673484202657822
3108,0.04986216602828433,0.9950534224207824,4,0.8452878739144419,0,2,0.0,0.08629825730936158
3109,0.04793879015878987,0.9947922819474055,4,0.8453376205787781,0,2,0.0,0.08599750594148517
3110,0.04869170761070519,0.9947923203654455,4,0.8453873352619736,0,2,0.0,0.08676263649046718
3111,0.05508609568597296,0.99495752307663,4,0.8454370179948586,0,2,0.0,0.08653057267206293
3112,0.044114057689836235,0.995263411590409,4,0.8454866688082235,0,2,0.0,0.08633651012648945
3113,0.04991140748074491,0.9955030655961036,4,0.8455362877328195,0,2,0.0,0.08623307941488828
3114,0.046226305641882334,0.996079998114486,4,0.845585874799358,0,2,0.0,0.087071663202098
3115,0.05089651894696681,0.9966859351759241,4,0.8456354300385109,0,2,0.0,0.08801419584088561
3116,0.048357171466908364,0.997430515739814,4,0.8456849534809111,0,2,0.0,0.08663545511084524
3117,0.047597478891940395,0.9981976094977573,4,0.845734445157152,0,2,0.0,0.08519390909048853
3118,0.05033947611161403,0.9989486289194791,4,0.8457839050977878,0,2,0.0,0.08588806088937828
3119,0.0557306309837405,0.9998394526363977,4,0.8458333333333333,0,2,0.9955293730267414,0.08639186354072118
3120,0.043379153202387666,0.9998433257939523,4,0.8458827298942646,0,2,0.9958804971809349,0.0869557236571726
3121,0.044842612909315155,0.999828640414953,4,0.8459320948110186,0,2,0.9958097480872774,0.08705617996248557
3122,0.050926436146061946,0.9998184462582063,4,0.8459814281139929,0,2,0.9952658193962586,0.08659930437859549
3123,0.0437849814392392,0.9998061137483255,4,0.8460307298335468,0,2,0.9955007131363263,0.08574646793043265
3124,0.050406458440363615,0.9998049395634274,4,0.84608,0,2,0.9955315558568252,0.08663846894595549
3125,0.03749232653081671,0.9998070566965196,4,0.846129238643634,0,2,0.9955329447204404,0.08580600392842082
3126,0.049346125908251465,0.9997985981966663,4,0.8461784457946914,0,2,0.9956699500725883,0.08625153982805055
3127,0.05357465330665254,0.9997544082182335,4,0.8462276214833759,0,2,0.9955573796737625,0.08571760628848063
3128,0.04485487491013771,0.9997452576408572,4,0.846276765739853,0,2,0.9952763678010016,0.0863139746077235
3129,0.05160382300611448,0.9997624035192997,4,0.8463258785942492,0,2,0.9952824250358493,0.08679530723082635
3130,0.050436341537094524,0.9997670494130007,4,0.8463749600766528,0,2,0.9953011125124884,0.08614464231374194
3131,0.051028640007345936,0.9997566453712601,4,0.8464240102171137,0,2,0.995004495567843,0.08676956837060085
3132,0.05060671348653879,0.9997515443728759,4,0.8464730290456431,0,2,0.9950047351404196,0.08627891605538082
3133,0.051556381731630685,0.9997538939464372,4,0.8465220165922144,0,2,0.9949820909143858,0.08647308911583795
3134,0.05697310149818111,0.9997630802437856,4,0.8465709728867623,0,2,0.994423748852964,0.08655936522212981
3135,0.045891144731056835,0.999775679938185,4,0.8466198979591837,0,2,0.9945916442273233,0.08644482559853761
3136,0.04635676106069136,0.9997679315740856,4,0.846668791839337,0,2,0.9945264940393801,0.08604876037449762
3137,0.04857867541117197,0.9997777534416955,4,0.8467176545570427,0,2,0.99459286348145,0.08675643395209008
3138,0.043387692872350545,0.9997779444390048,4,0.8467664861420835,0,2,0.9945375412992155,0.08701014684612383
3139,0.04973030765422008,0.9997602681021578,4,0.8468152866242038,0,2,0.9944142888496477,0.08587625679955165
3140,0.04801892384349732,0.9997768445725812,4,0.8468640560331104,0,2,0.9944146117120475,0.08623267937568975
3141,0.04079349450972569,0.9997808484201535,4,0.8469127943984723,0,2,0.9944883712567132,0.08649398138429992
3142,0.04293354308740761,0.9997718937630409,4,0.8469615017499205,0,2,0.9949197141772466,0.08608731954842741
3143,0.04922686188490953,0.9997730945473899,4,0.8470101781170484,0,2,0.9949174350998091,0.08692752244038078
3144,0.044740603004110036,0.9997740458353503,4,0.8470588235294118,0,2,0.9949365723044785,0.08621191427293767
3145,0.05076918171982037,0.9997901807312696,4,0.8471074380165289,0,2,0.9948959500492743,0.08608972759110581
3146,0.046295953276081145,0.9998055351224095,4,0.8471560216078805,0,2,0.9949191617633688,0.08603531508622499
3147,0.04650846009742815,0.9998391635632254,4,0.8472045743329097,0,2,0.9951415268451635,0.0863586737084851
3148,0.04596556694821737,0.9998561667681073,4,0.8472530962210225,0,2,0.9952681804905223,0.08573784060154038
3149,0.04830644098244914,0.9998474097416608,4,0.8473015873015873,0,2,0.9952177224377148,0.086273932364228
3150,0.04608729760694336,0.9998465195743049,4,0.8473500476039353,0,2,0.9952017477421025,0.08674787109556478
3151,0.047240586195304156,0.9998480336875925,4,0.8473984771573604,0,2,0.9954990631810487,0.08611667098361452
3152,0.04543071549953914,0.9998625823211923,4,0.8474468759911196,0,2,0.9953376058759089,0.08634807399451166
3153,0.049636678161463735,0.9998633592425455,4,0.8474952441344324,0,2,0.9952855784209714,0.08686893201019197
3154,0.04438920734917344,0.9998516030981706,4,0.8475435816164818,0,2,0.9956161481396224,0.0868174786614797
3155,0.046979460713668916,0.9998403554833687,4,0.8475918884664132,0,2,0.995661215223841,0.08664337165185099
3156,0.047392818197042996,0.9998394516035708,4,0.8476401647133355,0,2,0.9959017837073045,0.08682069992843801
3157,0.0492215744380567,0.9998402570661373,4,0.8476884103863205,0,2,0.9961419751866597,0.08686199889263686
3158,0.048337383471052146,0.9998218049759667,4,0.8477366255144033,0,2,0.9959940785921546,0.08540456911631389
3159,0.0456552321492222,0.9998331135332578,4,0.8477848101265822,0,2,0.9961638102868002,0.0864837630580814
3160,0.04751633883752176,0.9998433682015095,4,0.8478329642518191,0,2,0.995932800941792,0.08569264818018751
3161,0.04703170094326764,0.9998358801583876,4,0.8478810879190386,0,2,0.9958799745920621,0.08622518296543868
3162,0.04695236885249456,0.9998426359378181,4,0.8479291811571293,0,2,0.9957147234258831,0.08712095427284347
3163,0.047374241811660806,0.9998535571372452,4,0.8479772439949431,0,2,0.9956912500172143,0.08603827040095641
3164,0.04087480393818012,0.9998512438958156,4,0.8480252764612954,0,2,0.9956925330521251,0.0862743186218045
3165,0.04109769395230134,0.9998424618839505,4,0.8480732785849653,0,2,0.9957993391475486,0.08618426042342468
3166,0.044175104978345626,0.9998418069658311,4,0.8481212503946953,0,2,0.9955765065339794,0.08705479591784636
3167,0.04240762583537285,0.9998365128919396,4,0.8481691919191919,0,2,0.9958337670911879,0.08647647820358038
3168,0.04771897053919978,0.9998216944353585,4,0.8482171031871253,0,2,0.9952750257003664,0.08747460994989444
3169,0.045570189941523384,0.9998302963490782,4,0.8482649842271294,0,2,0.9953133181293439,0.08679817959740395
3170,0.0495562506054773,0.9997917433564155,4,0.848312835067802,0,2,0.9943369047648007,0.08502101105822393
3171,0.045585751902242594,0.9997896997966419,4,0.8483606557377049,0,2,0.994285564524208,0.08672134389652102
3172,0.04927910395478366,0.9997825838277634,4,0.848408446265364,0,2,0.9944064920447613,0.08624994782275333
3173,0.04365661088704263,0.9997752588422495,4,0.848456206679269,0,2,0.994369556798057,0.08639236315022264
3174,0.043706851479338886,0.9997846876085279,4,0.848503937007874,0,2,0.9944689820982682,0.08595938654352007
3175,0.048619838069736694,0.9997902214893069,4,0.8485516372795969,0,2,0.9944203895297344,0.0857725122967916
3176,0.050434755112710936,0.9997958286330819,4,0.8485993075228203,0,2,0.9944460094496635,0.08664197259708337
3177,0.04145517248412053,0.9997773350871726,4,0.8486469477658904,0,2,0.9944136355881493,0.08667890527470093
3178,0.04702948682072368,0.9998030717824515,4,0.8486945580371186,0,2,0.9946342553649575,0.08648807475684679
3179,0.04255906959859128,0.9997787099915421,4,0.8487421383647799,0,2,0.9942991018925649,0.08562087929787657
3180,0.044310915252353186,0.9997736986174909,4,0.8487896887771141,0,2,0.9943346252041214,0.08645056792425496
3181,0.05055684570501733,0.9997694041208871,4,0.8488372093023255,0,2,0.9943502659275079,0.08651230611454863
3182,0.04801252738687508,0.9997678164334919,4,0.8488846999685831,0,2,0.9944949015004774,0.08718926857691012
3183,0.04967437113216441,0.9997690163092244,4,0.8489321608040201,0,2,0.9943474044229257,0.08632176125668953
3184,0.045945264548972714,0.999765476282413,4,0.8489795918367347,0,2,0.9942955812450289,0.08677587841007903
3185,0.05020254725101293,0.9997483388428239,4,0.8490269930947897,0,2,0.9941485866540528,0.08550533681925954
3186,0.04428506976851841,0.999748254227931,4,0.8490743646062128,0,2,0.9942028172538612,0.08681559584820868
3187,0.0426137163281176,0.9997453769524309,4,0.8491217063989962,0,2,0.9939650848500106,0.08541042755203106
3188,0.044320870090809705,0.9997535081159887,4,0.8491690185010975,0,2,0.9945638955150236,0.08609500522222259
3189,0.045568664193592096,0.9997511652119161,4,0.8492163009404389,0,2,0.9944481038706564,0.0869186489475049
3190,0.04307022378001345,0.99977719157218,4,0.8492635537449076,0,2,0.9950747114148925,0.08722659971853051
3191,0.048484402704779515,0.9997984797123375,4,0.8493107769423559,0,2,0.9952328773748179,0.08630597708705068
3192,0.04803040249977529,0.9998042668008883,4,0.8493579705606014,0,2,0.9950639775653674,0.0857193994205485
3193,0.045685844317237684,0.999808249352205,4,0.8494051346274264,0,2,0.995017768975792,0.08632626064580362
3194,0.042699038829277176,0.9997944657494398,4,0.849452269170579,0,2,0.9949441326249967,0.08687822285957661
3195,0.05192875314196947,0.9997970750499418,4,0.8494993742177722,0,2,0.9949047239293669,0.08715079192835994
3196,0.04313402533568394,0.9997995872097664,4,0.8495464497966844,0,2,0.9945160856840045,0.08797387372437793
3197,0.047082721382310996,0.9998195333712111,4,0.8495934959349594,0,2,0.9938667033469659,0.08718801339278598
3198,0.04208505551281605,0.9998255239401366,4,0.8496405126602063,0,2,0.993864777422613,0.08652123322095745
3199,0.049831942507498866,0.9998153051492841,4,0.8496875,0,2,0.9942303957050049,0.08643917140128612
3200,0.04863370006282985,0.9990155602735536,4,0.8494220556076226,0,2,0.0,0.09695768680990838
3201,0.04803579424913012,0.9982545446675941,4,0.849156777014366,0,2,0.0,0.09700353403814796
3202,0.050318561831485004,0.9975915967658722,4,0.8488916640649391,0,2,0.0,0.09848043278937355
3203,0.03998969690127083,0.99701677872394,4,0.8486267166042447,0,2,0.0,0.09772312857646169
3204,0.04611322378475172,0.996547866920368,4,0.8486739469578783,0,2,0.0,0.09766946290113451
3205,0.049239959558347285,0.9963737441434791,4,0.8487211478477854,0,2,0.0,0.09765461952818949
3206,0.05378179002450988,0.9959921851660412,4,0.848768319301528,0,2,0.0,0.09761068933943039
3207,0.050839829019913074,0.9957965254868664,4,0.8488154613466334,0,2,0.0,0.09794304594866272
3208,0.04383546551312779,0.9955434979775168,4,0.8488625740105952,0,2,0.0,0.09771507338617633
3209,0.04805356427871849,0.9956835665978444,4,0.8489096573208723,0,2,0.0,0.09772328881018179
3210,0.04890261383373559,0.9957843492436755,4,0.8489567113048895,0,2,0.0,0.09809294311304687
3211,0.05267641209259361,0.9958953362731817,4,0.8490037359900373,0,2,0.0,0.09794947517473716
3212,0.04795608990224202,0.9960453790429945,4,0.8490507314036726,0,2,0.0,0.097773402116205
3213,0.05131988292392267,0.9964423796158717,4,0.8490976975731176,0,2,0.0,0.09760934386859517
3214,0.04442913065003368,0.9966882626392146,4,0.8491446345256609,0,2,0.0,0.09776868990741447
3215,0.04970305005146709,0.9970686431959479,4,0.8491915422885572,0,2,0.0,0.0976298205977336
3216,0.04935200684789364,0.9975144457438295,4,0.849238420889027,0,2,0.0,0.09737880611263762
3217,0.04601076536142239,0.9980991554528813,4,0.8492852703542573,0,2,0.0,0.09659254567264523
3218,0.0490071223641184,0.9989525296411691,4,0.849332090711401,0,2,0.0,0.09767864385877904
3219,0.049720637375831336,0.9998325360627698,4,0.8493788819875776,0,2,0.9955627821751916,0.09737899632364846
3220,0.04754853463995467,0.9998413092647868,4,0.8494256442098728,0,2,0.9956464768750692,0.09754830769124745
3221,0.046073098871234175,0.9998286741726445,4,0.8494723774053383,0,2,0.9951361038592048,0.09757489461899754
3222,0.04946969414387825,0.9998202208547174,4,0.8495190816009929,0,2,0.9942045063936783,0.09720386923858215
3223,0.052160147240036356,0.999807212272707,4,0.8495657568238213,0,2,0.9945981320129436,0.09695668539521424
3224,0.050745678295243964,0.9998059586745285,4,0.8496124031007752,0,2,0.994601168585704,0.09754307875415867
3225,0.045005047078516366,0.9998084715522693,4,0.8496590204587725,0,2,0.9942611265863998,0.09768100392842081
3226,0.05061651615545921,0.9997983750327591,4,0.8497056089246978,0,2,0.9943142082390111,0.09766217266104314
3227,0.04867786731588761,0.9997578775497605,4,0.8497521685254027,0,2,0.9942914004898054,0.09732651510643087
3228,0.049510655244260876,0.9997473608470028,4,0.8497986992877051,0,2,0.9939656998291269,0.0981889746077235
3229,0.04649836109317415,0.9997628510467073,4,0.8498452012383901,0,2,0.9941849362120271,0.09758704585213653
3230,0.0465443952773156,0.9997680926124491,4,0.8498916744042092,0,2,0.9941026818445826,0.09750953147266006
3231,0.05494481668750563,0.999755463514783,4,0.8499381188118812,0,2,0.9939682483699604,0.09756142114757671
3232,0.043837785124848004,0.9997513334757733,4,0.8499845344880915,0,2,0.99397052988431,0.09765905448003347
3233,0.045982046802730006,0.9997541749939699,4,0.8500309214594929,0,2,0.994022514340684,0.0977546224706044
3234,0.04406085641840518,0.9997627984279106,4,0.8500772797527048,0,2,0.99340299921922,0.09831236928981339
3235,0.04468650289300803,0.9997764444816468,4,0.850123609394314,0,2,0.9935042334498784,0.09805573819375357
3236,0.049876286227593374,0.999769555865785,4,0.8501699104108743,0,2,0.9933952730785689,0.09717530014936117
3237,0.050206589110670205,0.9997779866508504,4,0.8502161828289068,0,2,0.9934241741218105,0.09756687537629899
3238,0.045808289054546994,0.9997772157677531,4,0.8502624266748997,0,2,0.9930490833252354,0.09691102630972767
3239,0.04501627601325658,0.999757378824009,4,0.8503086419753086,0,2,0.993135550467536,0.09757646131773211
3240,0.0474845368720162,0.9997706076875456,4,0.8503548287565567,0,2,0.9931886685323296,0.09810767937568975
3241,0.04589560641752182,0.9997739064030675,4,0.850400987045034,0,2,0.993393296919051,0.09729066424777233
3242,0.04430629302901025,0.9997635778565187,4,0.8504471168670984,0,2,0.9940463334244325,0.09753745657817091
3243,0.04406602037121973,0.9997641624136141,4,0.8504932182490752,0,2,0.9940307921084366,0.09750741305711941
3244,0.04366550099859418,0.9997651851940854,4,0.8505392912172574,0,2,0.9941548680353574,0.09742262395337983
3245,0.05356545637287323,0.999780422096388,4,0.8505853357979051,0,2,0.9941026725177422,0.09775831923440975
3246,0.049447758398012194,0.9997985536605725,4,0.8506313520172467,0,2,0.9939795102140772,0.0974826544360691
3247,0.046927801108444474,0.9998293781225779,4,0.8506773399014779,0,2,0.9939333918026982,0.09691972804118865
3248,0.04433838670967924,0.9998483259121874,4,0.8507232994767621,0,2,0.9940508481584334,0.09738442127872746
3249,0.05028742492387675,0.9998385304724655,4,0.8507692307692307,0,2,0.9938739905056899,0.09774467453663332
3250,0.04326687725176166,0.9998376659142909,4,0.8508151338049831,0,2,0.993920452288297,0.09816607802886149
3251,0.04443049277203204,0.9998422310132749,4,0.8508610086100861,0,2,0.9939598263219108,0.09794006603877389
3252,0.04698098777508367,0.9998572910594281,4,0.8509068552105749,0,2,0.9938502956727545,0.0977589924495164
3253,0.04688194092018527,0.99985835169375,4,0.8509526736324524,0,2,0.9938500972520001,0.09752961538517631
3254,0.04822277244793418,0.9998475137482051,4,0.8509984639016898,0,2,0.9941811669366698,0.09775203141810447
3255,0.05256932306164201,0.9998363407455034,4,0.851044226044226,0,2,0.9941546066062207,0.09744401248078018
3256,0.0430276623581988,0.999832482133867,4,0.8510899600859687,0,2,0.9943285578133847,0.09742740319134394
3257,0.050488919604863514,0.999833470160276,4,0.8511356660527931,0,2,0.9943392645843213,0.09769832862116623
3258,0.0423170009338992,0.9998153047306646,4,0.8511813439705431,0,2,0.9949347520964282,0.09699759179908196
3259,0.04402480254177545,0.9998286769341087,4,0.8512269938650306,0,2,0.9949195680835096,0.09738149131325798
3260,0.04671167027483633,0.9998389471221057,4,0.8512726157620362,0,2,0.9947738862125485,0.09722688767821519
3261,0.0544549172962657,0.9998303573850011,4,0.8513182096873084,0,2,0.9948029160936165,0.0971753154283073
3262,0.04553274640153644,0.9998381862565943,4,0.8513637756665645,0,2,0.9950016370954402,0.09776779927315501
3263,0.04333641462256735,0.9998496339176706,4,0.8514093137254902,0,2,0.9950123519266618,0.09759526150655912
3264,0.04920098274568116,0.9998474439111467,4,0.8514548238897397,0,2,0.9950157046223307,0.09733700094418768
3265,0.045477791127857214,0.9998373860057036,4,0.8515003061849357,0,2,0.9953166261661924,0.09741870616692966
3266,0.04207294613242271,0.9998369696655119,4,0.8515457606366698,0,2,0.9954202233660838,0.09724535840256952
3267,0.0468842864634227,0.9998333379928136,4,0.8515911872705019,0,2,0.9957538470140193,0.09772621478410033
3268,0.04952870184553179,0.9998181832724168,4,0.8516365861119608,0,2,0.9958005069786466,0.09738902335885186
3269,0.045130093956768425,0.9998269848232638,4,0.8516819571865444,0,2,0.9960644422165126,0.09721238911391723
3270,0.04666565270841495,0.9997839699260677,4,0.8517273005197188,0,2,0.9955459581177537,0.09676999824512494
3271,0.05174804088761338,0.9997814888654055,4,0.8517726161369193,0,2,0.9952711514828623,0.09697349366162177
3272,0.0480011867505346,0.9997725661934483,4,0.8518179040635503,0,2,0.9953935537001819,0.09739842915604512
3273,0.047684409454011506,0.9997635494826607,4,0.8518631643249848,0,2,0.9953532735715651,0.09823363146178545
3274,0.04520605511927174,0.9997717980691343,4,0.8519083969465648,0,2,0.9956681288703227,0.09714108354999598
3275,0.04630370256274403,0.9997781052549654,4,0.8519536019536019,0,2,0.995729981702777,0.09702873601043856
3276,0.047711184288511094,0.999785795739476,4,0.8519987793713762,0,2,0.9957467537054353,0.09766666859314636
3277,0.045056157981597164,0.9997698808587939,4,0.8520439292251373,0,2,0.9957516138796331,0.09745772471138486
3278,0.041510503013983714,0.999794468017768,4,0.8520890515401037,0,2,0.9958330988325246,0.09742374352947436
3279,0.046037172214757824,0.9997666385135224,4,0.8521341463414634,0,2,0.995513048104913,0.09723936560105954
3280,0.0421725149485002,0.9997612794589158,4,0.8521792136543737,0,2,0.995378646037341,0.09802537851305396
3281,0.048141575826962664,0.9997593639564002,4,0.852224253503961,0,2,0.9953393108638988,0.0972499778458023
3282,0.04519224243173291,0.9997581497598874,4,0.8522692659153214,0,2,0.9954770437406479,0.09801743022881115
3283,0.05049873660838501,0.9997598551083932,4,0.8523142509135201,0,2,0.9952624494702587,0.09778560276514822
3284,0.0469200391673522,0.9997566723484274,4,0.852359208523592,0,2,0.9952627006922391,0.09734143624889005
3285,0.043236040151275926,0.9997424648463127,4,0.8524041387705417,0,2,0.9952702139572656,0.09709438748592661
3286,0.044311192066862876,0.9997422620759429,4,0.8524490416793429,0,2,0.9952540645171417,0.09757102638892887
3287,0.04447806473316347,0.9997378104989557,4,0.8524939172749392,0,2,0.9952585791092727,0.09723399666382172
3288,0.04510651673016307,0.9997466747292867,4,0.8525387655822438,0,2,0.9953418866164492,0.09700799435683635
3289,0.051384829137485426,0.9997450097107046,4,0.8525835866261399,0,2,0.9950795899301272,0.09812768985704279
3290,0.0479901327582715,0.9997742961861349,4,0.8526283804314798,0,2,0.9954056659001569,0.09821803262841206
3291,0.04543629393898536,0.999795148406167,4,0.8526731470230863,0,2,0.9956971708873563,0.09752433199557925
3292,0.049185538300452115,0.9998019748070984,4,0.8527178864257516,0,2,0.9957472137928265,0.09751801966254041
3293,0.039284251736415594,0.9998074661595532,4,0.852762598664238,0,2,0.9956476545027361,0.09739889018812971
3294,0.04575107960885676,0.9997924002099825,4,0.8528072837632777,0,2,0.995663449924808,0.09755229940903154
3295,0.05428958934042627,0.9997955859027343,4,0.8528519417475728,0,2,0.9956682435620869,0.0976064143524423
3296,0.04583978385923223,0.999798023705181,4,0.8528965726417955,0,2,0.9951664934584239,0.09699662140215116
3297,0.040086480208805064,0.9998158862877135,4,0.8529411764705882,0,2,0.9943575846215247,0.09836033681847449
3298,0.05084700565752451,0.9998212434702655,4,0.8529857532585632,0,2,0.9942395169734732,0.09785518530162157
3299,0.049873606337758836,0.9998111934945755,4,0.853030303030303,0,2,0.9945634641817884,0.09735702777874206
3300,0.046579149686333525,0.9988434238292754,4,0.8527718873068767,0,2,0.0,0.08579677347780022
3301,0.04608335863183885,0.9980649068607275,4,0.8525136281041793,0,2,0.0,0.08652356164850604
3302,0.0484113302857797,0.9973758511526979,4,0.8525582803511959,0,2,0.0,0.08682108015290536
3303,0.04307035272102376,0.9967688131670496,4,0.8526029055690073,0,2,0.0,0.08656517425146744
3304,0.04620052875553882,0.9962410038785091,4,0.8526475037821483,0,2,0.0,0.08602081317998336
3305,0.04287282156532952,0.9956151148454618,4,0.852692075015124,0,2,0.0,0.08617761854121514
3306,0.04666375356975613,0.9953491149393955,4,0.8527366192924101,0,2,0.0,0.0867765232466739
3307,0.04809175252837316,0.9950861131390932,4,0.8527811366384522,0,2,0.0,0.08673484202657822
3308,0.0460042577499503,0.9950534224471946,4,0.852825627077667,0,2,0.0,0.08629825730936158
3309,0.04396773688974487,0.9947922819758007,4,0.8528700906344411,0,2,0.0,0.08599750594148517
3310,0.04469300403675748,0.9947923203939244,4,0.852914527333132,0,2,0.0,0.08676263649046718
3311,0.05077428141395817,0.9949575231036693,4,0.8529589371980676,0,2,0.0,0.08653057267206293
3312,0.040283368417663855,0.9952634116155091,4,0.8530033202535466,0,2,0.0,0.08633651012648945
3313,0.045803888833863896,0.9955030656201533,4,0.8530476765238383,0,2,0.0,0.08623307941488828
3314,0.04245029026025156,0.9960799981356743,4,0.8530920060331825,0,2,0.0,0.087071663202098
3315,0.0468023795154104,0.9966859351930155,4,0.8531363088057901,0,2,0.0,0.08801419584088561
3316,0.04437455069719569,0.997430515752818,4,0.8531805848658426,0,2,0.0,0.08663545511084524
3317,0.04371370706062717,0.9981976095066742,4,0.8532248342374925,0,2,0.0,0.08519390909048853
3318,0.046259757432178944,0.9989486289238536,4,0.8532690569448629,0,2,0.0,0.08588806088937828
3319,0.05149160019681185,0.9998394526368236,4,0.8533132530120482,0,2,0.9955358443396934,0.08639186354072118
3320,0.03957537820456439,0.9998433257944098,4,0.8533574224631135,0,2,0.9958861873157814,0.0869557236571726
3321,0.04103027226607579,0.9998286404156242,4,0.8534015653220951,0,2,0.9958133730337396,0.08705617996248557
3322,0.04687108224503257,0.9998184462590833,4,0.8534456816130003,0,2,0.9952696474561279,0.08659930437859549
3323,0.03985039462146725,0.9998061137491822,4,0.8534897713598074,0,2,0.9954943374099705,0.08574646793043265
3324,0.046284340584288555,0.9998049395643008,4,0.8535338345864661,0,2,0.9955228344363051,0.08663846894595549
3325,0.03401338679851337,0.9998070566972711,4,0.8535778713168972,0,2,0.9955216079159934,0.08580600392842082
3326,0.045272710081151836,0.9997985981973999,4,0.8536218815749925,0,2,0.9956621299099493,0.08625153982805055
3327,0.049432717753158835,0.9997544082194808,4,0.8536658653846154,0,2,0.9955487295474015,0.08571760628848063
3328,0.04094720910675506,0.9997452576420978,4,0.8537098227696005,0,2,0.9952672256887471,0.0863139746077235
3329,0.04757883715556504,0.9997624035202268,4,0.8537537537537537,0,2,0.9952741426076515,0.08679530723082635
3330,0.04645502265970076,0.9997670494138592,4,0.8537976583608526,0,2,0.9952921228136723,0.08614464231374194
3331,0.046769449390773876,0.9997566453721346,4,0.8538415366146459,0,2,0.9949889216186036,0.08676956837060085
3332,0.04674454074328499,0.9997515443736902,4,0.8538853885388539,0,2,0.9949890828708943,0.08627891605538082
3333,0.04758405761960237,0.9997538939471619,4,0.8539292141571686,0,2,0.9949678333257627,0.08647308911583795
3334,0.052901840894232624,0.9997630802444771,4,0.8539730134932534,0,2,0.9944087892340744,0.08655936522212981
3335,0.04213423164135832,0.9997756799389341,4,0.8540167865707434,0,2,0.9945768703526057,0.08644482559853761
3336,0.04242372977697918,0.9997679315749801,4,0.8540605334132454,0,2,0.9945108376095042,0.08604876037449762
3337,0.04453587513408189,0.9997777534424253,4,0.8541042540443379,0,2,0.9945804097510356,0.08675643395209008
3338,0.039672975029894725,0.9997779444397431,4,0.8541479484875711,0,2,0.9945261112787994,0.08701014684612383
3339,0.04581836749192428,0.9997602681029727,4,0.854191616766467,0,2,0.9943999089796267,0.08587625679955165
3340,0.04408311964957215,0.9997768445733466,4,0.8542352589045196,0,2,0.9944008013235554,0.08623267937568975
3341,0.03712852032307124,0.9997808484207651,4,0.8542788749251945,0,2,0.9944734665420618,0.08649398138429992
3342,0.03929829464382885,0.999771893763632,4,0.8543224648519294,0,2,0.9949041495627209,0.08608731954842741
3343,0.04537142456418109,0.9997730945480018,4,0.8543660287081339,0,2,0.9949039781511455,0.08692752244038078
3344,0.04104238161682136,0.9997740458359892,4,0.8544095665171898,0,2,0.99492119330239,0.08621191427293767
3345,0.04658883258970295,0.9997901807318743,4,0.8544530783024507,0,2,0.994880137417552,0.08608972759110581
3346,0.04240665086726298,0.999805535123069,4,0.8544965640872423,0,2,0.9949028678728369,0.08603531508622499
3347,0.04266109826193809,0.999839163563545,4,0.8545400238948626,0,2,0.9951259749372852,0.0863586737084851
3348,0.042218505002358034,0.9998561667684445,4,0.8545834577485817,0,2,0.9952529027617478,0.08573784060154038
3349,0.04432545172142209,0.999847409741988,4,0.8546268656716418,0,2,0.9952016290799712,0.086273932364228
3350,0.042343950738307046,0.9998465195746659,4,0.8546702476872575,0,2,0.9951850729844549,0.08674787109556478
3351,0.04341895529347192,0.9998480336881358,4,0.8547136038186157,0,2,0.9954847908448887,0.08611667098361452
3352,0.0416272849401743,0.9998625823218097,4,0.8547569340888757,0,2,0.9953223726250193,0.08634807399451166
3353,0.045701258785038126,0.9998633592431082,4,0.8548002385211687,0,2,0.9952713827645523,0.08686893201019197
3354,0.0405751970830456,0.9998516030988421,4,0.8548435171385991,0,2,0.9956024084821397,0.0868174786614797
3355,0.04296442447085724,0.9998403554840368,4,0.8548867699642432,0,2,0.9956480791304692,0.08664337165185099
3356,0.04367482358728444,0.9998394516041066,4,0.8549299970211498,0,2,0.9958888915253,0.08682069992843801
3357,0.04520997497894216,0.9998402570667159,4,0.8549731983323406,0,2,0.9961290359762682,0.08686199889263686
3358,0.044586515719728284,0.9998218049766175,4,0.8550163739208098,0,2,0.9959804064832113,0.08540456911631389
3359,0.04194796222934708,0.9998331135338634,4,0.8550595238095238,0,2,0.9961556017007798,0.0864837630580814
3360,0.043638843804494745,0.9998433682020639,4,0.8551026480214222,0,2,0.9959336281868042,0.08569264818018751
3361,0.04294426893680699,0.9998358801589877,4,0.855145746579417,0,2,0.9958818124676225,0.08622518296543868
3362,0.043119127719432805,0.9998426359384788,4,0.8551888195063931,0,2,0.9957184005508828,0.08712095427284347
3363,0.043612499144070546,0.9998535571378752,4,0.8552318668252081,0,2,0.9956969141654084,0.08603827040095641
3364,0.03715025630650259,0.9998512438964503,4,0.8552748885586924,0,2,0.9957016258309026,0.0862743186218045
3365,0.03751692238917176,0.9998424618845531,4,0.8553178847296494,0,2,0.9958126510889924,0.08618426042342468
3366,0.0405795815755034,0.9998418069664186,4,0.8553608553608554,0,2,0.9955937434328872,0.08705479591784636
3367,0.03868630393919653,0.9998365128924264,4,0.8554038004750594,0,2,0.9958509159464306,0.08647647820358038
3368,0.04376238732255595,0.9998216944359029,4,0.8554467200949837,0,2,0.9952970654118599,0.08747460994989444
3369,0.04181767089375624,0.9998302963497424,4,0.8554896142433235,0,2,0.9953367184895257,0.08679817959740395
3370,0.04561659553996874,0.9997917433570321,4,0.855532482942747,0,2,0.9943478471255869,0.08502101105822393
3371,0.04163932353882255,0.9997896997972169,4,0.8555753262158956,0,2,0.9942951124824877,0.08672134389652102
3372,0.04532999462710123,0.9997825838282721,4,0.855618144085384,0,2,0.9944154942480462,0.08624994782275333
3373,0.03989447065086163,0.9997752588427526,4,0.8556609365737996,0,2,0.9943777775493079,0.08639236315022264
3374,0.0400292632674223,0.9997846876089832,4,0.8557037037037037,0,2,0.9944893726211046,0.08595938654352007
3375,0.04473681206212407,0.9997902214897164,4,0.8557464454976303,0,2,0.9944413266334153,0.0857725122967916
3376,0.04645862106342583,0.9997958286335193,4,0.8557891619780871,0,2,0.9944664668128336,0.08664197259708337
3377,0.03785563608724279,0.9997773350878786,4,0.8558318531675547,0,2,0.9944339216536356,0.08667890527470093
3378,0.043348812528191796,0.9998030717830622,4,0.8558745190884878,0,2,0.9946560697427482,0.08648807475684679
3379,0.038900167067028465,0.9997787099921566,4,0.8559171597633136,0,2,0.9943160764533396,0.08562087929787657
3380,0.0406889724364292,0.9997736986181063,4,0.8559597752144336,0,2,0.994344283667647,0.08645056792425496
3381,0.04654996500077174,0.9997694041218579,4,0.8560023654642224,0,2,0.9943587772025366,0.08651230611454863
3382,0.04420045970349304,0.9997678164344395,4,0.8560449305350281,0,2,0.9945029872693437,0.08718926857691012
3383,0.04564351201538602,0.9997690163101856,4,0.8560874704491725,0,2,0.9943561089020418,0.08632176125668953
3384,0.042129490515887456,0.9997654762834727,4,0.8561299852289512,1,2,0.9943028290427204,0.08677587841007903
3385,0.046345393470934845,0.9997483388441761,4,0.8561724748966332,1,2,0.994152914212812,0.08550533681925954
3386,0.040607866837986874,0.9997482542293092,4,0.8562149394744611,1,2,0.9942047044285635,0.08681559584820868
3387,0.039036704404458916,0.9997453769537592,4,0.8562573789846517,1,2,0.9939676273740545,0.08541042755203106
3388,0.04060606923992586,0.9997535081173324,4,0.8562997934493951,1,2,0.9945594834277186,0.08609500522222259
3389,0.04165100696605373,0.9997511652131571,4,0.8563421828908555,1,2,0.9944429553248992,0.0869186489475049
3390,0.03932459540593377,0.9997771915734309,4,0.8563845473311708,1,2,0.9950765251848863,0.08722659971853051
3391,0.04465808675360372,0.9997984797134353,4,0.8564268867924528,1,2,0.9952358934474372,0.08630597708705068
3392,0.04408286834452078,0.9998042668020188,4,0.8564692012967875,1,2,0.9950697769431673,0.0857193994205485
3393,0.04214197367539271,0.9998082493533459,4,0.8565114908662346,1,2,0.9950254796206884,0.08632626064580362
3394,0.03903702448353834,0.9997944657505777,4,0.8565537555228276,1,2,0.9949481571774752,0.08687822285957661
3395,0.047716569574132034,0.9997970750511703,4,0.8565959952885748,1,2,0.9949036495464698,0.08715079192835994
3396,0.039478691155481464,0.9997995872109721,4,0.8566382101854577,1,2,0.994513781920531,0.08797387372437793
3397,0.043460029108186374,0.9998195333721768,4,0.8566804002354326,1,2,0.9938554304514863,0.08718801339278598
3398,0.0382918956890128,0.999825523941032,4,0.8567225654604296,1,2,0.9938531168675684,0.08652123322095745
3399,0.045858473548640845,0.9998153051501999,4,0.856764705882353,1,2,0.9942226431271504,0.08643917140128612
3400,0.044778102609081424,0.9990155602772737,4,0.8565127903557778,1,2,0.0,0.09695768680990838
3401,0.04422905660458385,0.9982545446743647,4,0.8565549676660787,1,2,0.0,0.09700353403814796
3402,0.04637649686980289,0.9975915967755054,4,0.856303261827799,1,2,0.0,0.09848043278937355
3403,0.03652943211810737,0.997016778735411,4,0.8560517038777908,1,2,0.0,0.09772312857646169
3404,0.04232497463956303,0.9965478669333254,4,0.856093979441997,1,2,0.0,0.09766946290113451
3405,0.04547481442977164,0.996373744155817,4,0.8561362301820317,1,2,0.0,0.09765461952818949
3406,0.04975345808348706,0.9959921851797975,4,0.8561784561197534,1,2,0.0,0.09761068933943039
3407,0.04688735251364297,0.9957965255012432,4,0.8562206572769953,1,2,0.0,0.09794304594866272
3408,0.04017098954963619,0.9955434979931689,4,0.8562628336755647,1,2,0.0,0.09771507338617633
3409,0.044282122762531725,0.9956835666124558,4,0.8563049853372434,1,2,0.0,0.09772328881018179
3410,0.045103434663428366,0.9957843492579053,4,0.8563471122837878,1,2,0.0,0.09809294311304687
3411,0.04857735782923679,0.9958953362874214,4,0.8563892145369285,1,2,0.0,0.09794947517473716
3412,0.044315990515435,0.9960453790570686,4,0.8564312921183709,1,2,0.0,0.097773402116205
3413,0.04741623871012646,0.9964423796282394,4,0.856473345049795,1,2,0.0,0.09760934386859517
3414,0.04084129456704643,0.9966882626507954,4,0.8565153733528551,1,2,0.0,0.09776868990741447
3415,0.04581089505671425,0.9970686432067752,4,0.8565573770491803,1,2,0.0,0.0976298205977336
3416,0.04556635754717703,0.9975144457531513,4,0.8565993561603746,1,2,0.0,0.09737880611263762
3417,0.042321598668290994,0.9980991554599257,4,0.8566413107080164,1,2,0.0,0.09659254567264523
3418,0.04513027935480321,0.9989525296456363,4,0.856683240713659,1,2,0.0,0.09767864385877904
3419,0.04569074418854332,0.9998325360632022,4,0.8567251461988304,1,2,0.9955668493447789,0.09737899632364846
3420,0.04393476394688423,0.9998413092652598,4,0.8567670271850336,1,2,0.9956524758853328,0.09754830769124745
3421,0.042450134736529255,0.9998286741733061,4,0.8568088836937463,1,2,0.9951471837107374,0.09757489461899754
3422,0.04561447901070003,0.9998202208555655,4,0.8568507157464212,1,2,0.9942165786187583,0.09720386923858215
3423,0.048421223139693756,0.9998072122735456,4,0.856892523364486,1,2,0.9946029306792721,0.09695668539521424
3424,0.046826331830993904,0.9998059586753835,4,0.8569343065693431,1,2,0.9946042782740394,0.09754307875415867
3425,0.04170193986832377,0.9998084715530079,4,0.8569760653823701,1,2,0.9942671007136448,0.09768100392842081
3426,0.04674396338049537,0.9997983750334717,4,0.8570177998249198,1,2,0.9943210893992293,0.09766217266104314
3427,0.044737935644157456,0.9997578775509713,4,0.8570595099183197,1,2,0.9942983197876001,0.09732651510643087
3428,0.04579692676710389,0.9997473608482041,4,0.8571011956838729,1,2,0.9939719732708681,0.0981889746077235
3429,0.0426717097041595,0.9997628510476133,4,0.8571428571428571,1,2,0.9941916984320456,0.09758704585213653
3430,0.042759992653483646,0.9997680926132871,4,0.8571844943165258,1,2,0.9941096708110343,0.09750953147266006
3431,0.05089413838783233,0.9997554635156252,4,0.8572261072261073,1,2,0.9939709553112923,0.09756142114757671
3432,0.04016729399983465,0.9997513334765745,4,0.8572676958928052,1,2,0.993972625182048,0.09765905448003347
3433,0.042205678311648884,0.9997541749946851,4,0.8573092603377985,1,2,0.9940249789249258,0.0977546224706044
3434,0.04019118522400097,0.9997627984285911,4,0.8573508005822417,1,2,0.9934017986903554,0.09831236928981339
3435,0.04111706387685317,0.9997764444823816,4,0.8573923166472642,1,2,0.9935035453906721,0.09805573819375357
3436,0.04613591485728846,0.9997695558666514,4,0.8574338085539714,1,2,0.9933940010083533,0.09717530014936117
3437,0.04636160272414597,0.9997779866515605,4,0.8574752763234439,1,2,0.9934238034818773,0.09756687537629899
3438,0.04227770301820766,0.9997772157684699,4,0.8575167199767374,1,2,0.9930497758133615,0.09691102630972767
3439,0.041299172555054886,0.9997573788248012,4,0.8575581395348837,1,2,0.9931376905493318,0.09757646131773211
3440,0.04374178115013568,0.9997706076882865,4,0.8575995350188899,1,2,0.9931899333197214,0.09810767937568975
3441,0.042413062764305925,0.9997739064036677,4,0.8576409064497386,1,2,0.9933883024053964,0.09729066424777233
3442,0.040853494078297234,0.9997635778571129,4,0.857682253848388,1,2,0.9940396281850654,0.09753745657817091
3443,0.040400638911283204,0.999764162414223,4,0.8577235772357723,1,2,0.994027373027445,0.09750741305711941
3444,0.04015120518672588,0.9997651851947196,4,0.8577648766328012,1,2,0.9941513975657554,0.09742262395337983
3445,0.04958909339250911,0.9997804220969806,4,0.8578061520603598,1,2,0.9940927219701863,0.09775831923440975
3446,0.04574931531750491,0.9997985536612216,4,0.8578474035393095,1,2,0.9939710557612216,0.0974826544360691
3447,0.04327072689364843,0.9998293781229054,4,0.8578886310904872,1,2,0.9939260840164875,0.09691972804118865
3448,0.040776652227615166,0.9998483259125298,4,0.8579298347347057,1,2,0.9940459639832422,0.09738442127872746
3449,0.04650204137561156,0.9998385304728011,4,0.8579710144927536,1,2,0.993868242841419,0.09774467453663332
3450,0.0397090820479521,0.9998376659146565,4,0.8580121703853956,1,2,0.993912569973255,0.09816607802886149
3451,0.04079880156476187,0.9998422310138203,4,0.858053302433372,1,2,0.993954509777394,0.09794006603877389
3452,0.043365377943359894,0.9998572910600328,4,0.8580944106573993,1,2,0.9938450838559099,0.0977589924495164
3453,0.04313921427420764,0.9998583516943026,4,0.8581354950781702,1,2,0.9938446615586661,0.09752961538517631
3454,0.04459521705379473,0.99984751374886,4,0.8581765557163531,1,2,0.9941760179714645,0.09775203141810447
3455,0.04874989521320022,0.9998363407461546,4,0.8582175925925926,1,2,0.9941474676424843,0.09744401248078018
3456,0.039492641108490927,0.9998324821343971,4,0.8582586057275094,1,2,0.9943206980685739,0.09742740319134394
3457,0.04667267206674257,0.9998334701608478,4,0.8582995951417004,1,2,0.9943313322248251,0.09769832862116623
3458,0.03875361923214735,0.999815304731316,4,0.8583405608557386,1,2,0.9949238681237074,0.09699759179908196
3459,0.040499994019425764,0.9998286769347214,4,0.8583815028901735,1,2,0.9949099196670134,0.09738149131325798
3460,0.04302363912449141,0.9998389471226717,4,0.8584224212655301,1,2,0.9947709184863595,0.09722688767821519
3461,0.05056551730361388,0.999830357385617,4,0.8584633160023109,1,2,0.9948050699204175,0.0971753154283073
3462,0.041886781750978284,0.9998381862572593,4,0.8585041871209934,1,2,0.9950050847227964,0.09776779927315501
3463,0.039759608416998424,0.9998496339183055,4,0.8585450346420324,1,2,0.995011365000336,0.09759526150655912
3464,0.04565851937780045,0.9998474439117838,4,0.8585858585858586,1,2,0.9950167358304819,0.09733700094418768
3465,0.04207290041168696,0.9998373860063121,4,0.8586266589728794,1,2,0.9953213061960556,0.09741870616692966
3466,0.038654406377324244,0.9998369696661055,4,0.8586674358234785,1,2,0.9954220875589189,0.09724535840256952
3467,0.0433455546462924,0.9998333379933112,4,0.8587081891580162,1,2,0.9957551082394838,0.09772621478410033
3468,0.045763057579809835,0.9998181832729766,4,0.858748918996829,1,2,0.9957994645562225,0.09738902335885186
3469,0.041560585843294966,0.9998269848239401,4,0.8587896253602305,1,2,0.9960629250124678,0.09721238911391723
3470,0.04291924877195147,0.9997839699267097,4,0.8588303082685105,1,2,0.9955434090579667,0.09676999824512494
3471,0.04799103921346013,0.9997814888660108,4,0.8588709677419355,1,2,0.9952692091933497,0.09697349366162177
3472,0.04424485558025623,0.9997725661939876,4,0.8589116038007486,1,2,0.9953906484053173,0.09739842915604512
3473,0.04410616049635553,0.9997635494831933,4,0.8589522164651698,1,2,0.9953490761635444,0.09823363146178545
3474,0.041708851829839896,0.9997717980696227,4,0.8589928057553957,1,2,0.9956749421593627,0.09714108354999598
3475,0.04260943304644041,0.9997781052554064,4,0.8590333716915995,1,2,0.9957378282724072,0.09702873601043856
3476,0.043928125339155334,0.999785795739937,4,0.8590739142939315,1,2,0.9957533324427892,0.09766666859314636
3477,0.041631585723051166,0.9997698808595047,4,0.8591144335825187,1,2,0.9957580169944836,0.09745772471138486
3478,0.03800985345334428,0.9997944680183634,4,0.8591549295774648,1,2,0.9958395041703747,0.09742374352947436
3479,0.042557369579745666,0.9997666385141157,4,0.8591954022988506,1,2,0.995515727905977,0.09723936560105954
3480,0.03872894911205618,0.9997612794595117,4,0.8592358517667337,1,2,0.9953750643268117,0.09802537851305396
3481,0.0443296755342193,0.9997593639573269,4,0.8592762780011488,1,2,0.9953284209769526,0.0972499778458023
3482,0.04156557057634045,0.9997581497607916,4,0.8593166810221073,1,2,0.9954648941956961,0.09801743022881115
3483,0.04666231482932861,0.9997598551093116,4,0.8593570608495982,1,2,0.9952583518210005,0.09778560276514822
3484,0.043290292861649135,0.9997566723494377,4,0.8593974175035868,1,2,0.9952572488567888,0.09734143624889005
3485,0.03956810622526497,0.999742464847601,4,0.8594377510040161,1,2,0.9952657305620451,0.09709438748592661
3486,0.04081308767882993,0.9997422620772533,4,0.8594780613708058,1,2,0.9952495693724912,0.09757102638892887
3487,0.041077023434533594,0.999737810500214,4,0.8595183486238532,1,2,0.9952532170188255,0.09723399666382172
3488,0.041571776419707246,0.9997466747305519,4,0.8595586127830324,1,2,0.9953337674256312,0.09700799435683635
3489,0.04765731861949268,0.9997450097118675,4,0.8595988538681948,1,2,0.995071537037727,0.09812768985704279
3490,0.04442661449319077,0.9997742961872987,4,0.8596390718991693,1,2,0.9953975870528753,0.09821803262841206
3491,0.04179571277575156,0.9997951484071796,4,0.8596792668957618,1,2,0.9956867817196056,0.09752433199557925
3492,0.04542808839229966,0.999801974808151,4,0.8597194388777555,1,2,0.9957368837312623,0.09751801966254041
3493,0.03591500512481285,0.9998074661606198,4,0.8597595878649112,1,2,0.995641850911237,0.09739889018812971
3494,0.04226638865980327,0.9997924002110509,4,0.8597997138769671,1,2,0.9956572022814889,0.09755229940903154
3495,0.05027857707453053,0.9997955859038873,4,0.8598398169336384,1,2,0.9956610935573204,0.0976064143524423
3496,0.04236137204539768,0.9997980237063209,4,0.8598798970546182,1,2,0.9951657441470821,0.09699662140215116
3497,0.036640475317250544,0.999815886288627,4,0.8599199542595769,1,2,0.9943459858403512,0.09836033681847449
3498,0.047236794364137705,0.9998212434711263,4,0.8599599885681624,1,2,0.9942256301642702,0.09785518530162157
3499,0.04611733582904744,0.9998111934954639,4,0.86,1,2,0.9945524896786793,0.09735702777874206
3500,0.04301287305544315,0.9988434238352976,4,0.8597543558983147,1,2,0.0,0.08579677347780022
3501,0.04383220655378579,0.9981406552388933,4,0.8595088520845231,1,2,0.0,0.08691576104857718
3502,0.04136616569701469,0.9973773980652296,4,0.8595489580359692,1,2,0.0,0.08647951481769241
3503,0.03693331656299141,0.9967261708498893,4,0.8595890410958904,1,2,0.0,0.08674749625693923
3504,0.04824308501828766,0.9962049547730318,4,0.8596291012838801,1,2,0.0,0.08621708597847168
3505,0.04318684377919156,0.9956582964439025,4,0.8596691386195094,1,2,0.0,0.08611783165323315
3506,0.043487618630877356,0.9954970496285803,4,0.8597091531223268,1,2,0.0,0.08588834364353504
3507,0.03921656667573616,0.9951504428052091,4,0.8597491448118586,1,2,0.0,0.08618833140415541
3508,0.04319932577447488,0.9951940333634064,4,0.859789113707609,1,2,0.0,0.08702049633934639
3509,0.04006980615144745,0.9950381575403037,4,0.8598290598290599,1,2,0.0,0.08650947070611655
3510,0.038599070376129065,0.9949049459740015,4,0.8598689831956707,1,2,0.0,0.0855313501678866
3511,0.04184833074178719,0.9949937064589418,4,0.8599088838268792,1,2,0.0,0.08690270544200712
3512,0.03374206037204459,0.9952637120194866,4,0.8599487617421008,1,2,0.0,0.08601031385803676
3513,0.03898087770828306,0.995532287256127,4,0.8599886169607285,1,2,0.0,0.08690479323226376
3514,0.043007068795856765,0.9960277755099862,4,0.8600284495021338,1,2,0.0,0.08688767029636071
3515,0.035810689489871275,0.9965690184243168,4,0.8600682593856656,1,2,0.0,0.08495107850746228
3516,0.041183755992595134,0.9972925622191875,4,0.8601080466306511,1,2,0.0,0.08643667379434372
3517,0.04503496187402937,0.9980881550543657,4,0.8601478112563957,1,2,0.0,0.08608022174644377
3518,0.04503798697152634,0.9988320574138191,4,0.8601875532821824,1,2,0.0,0.08672879327537147
3519,0.043655764672450054,0.9997182578618946,4,0.8602272727272727,1,2,0.9945628794026302,0.08698598156217312
3520,0.03906167999729551,0.9997250813527194,4,0.860266969610906,1,2,0.9947210133874995,0.08735443099528968
3521,0.039431431237219344,0.9997344847187498,4,0.8603066439522998,1,2,0.9946136206388089,0.08618899088197385
3522,0.04407456627379988,0.9997013393687282,4,0.86034629577065,1,2,0.9945779018159095,0.0855604616210664
3523,0.04302671580635585,0.9997048214444281,4,0.8603859250851306,1,2,0.994631461355556,0.0868052733554765
3524,0.03834180195986071,0.9996933038740583,4,0.8604255319148936,1,2,0.9946506638487039,0.08571158748056565
3525,0.041966889735797694,0.9996994452523362,4,0.8604651162790697,1,2,0.9941830136810017,0.0856395715539762
3526,0.039678999598502594,0.9997228119448793,4,0.8605046781967678,1,2,0.9941556307638328,0.08534213012507504
3527,0.040286753440251316,0.9997374432490812,4,0.8605442176870748,1,2,0.9939800023972134,0.087219058777385
3528,0.0411017023225389,0.9997521117639617,4,0.8605837347690564,1,2,0.9939967671176477,0.08611832351954485
3529,0.04311001237531928,0.9997790318680326,4,0.8606232294617564,1,2,0.9938014518603524,0.08643483757580031
3530,0.0443846687298637,0.9997840975790226,4,0.8606627017841971,1,2,0.9940091312401963,0.08629657237549805
3531,0.03879255786105681,0.999771248937771,4,0.8607021517553793,1,2,0.994089418093101,0.08642663620401875
3532,0.04409572875484628,0.9997504440248146,4,0.8607415793942825,1,2,0.9939805290121352,0.08652474480490482
3533,0.042366999847374166,0.999788592957133,4,0.8607809847198642,1,2,0.9940151205725969,0.08601908678577976
3534,0.03923131399748178,0.999804473580122,4,0.8608203677510609,1,2,0.9940176092410553,0.08665392362344651
3535,0.03430545186109865,0.9998032362139034,4,0.8608597285067874,1,2,0.9944187436184659,0.08560220028825705
3536,0.04346091901647042,0.999802700685308,4,0.8608990670059372,1,2,0.9947900083912524,0.08665177009183778
3537,0.04297546926195623,0.9998004661169091,4,0.8609383832673827,1,2,0.9948125598739048,0.08630898282874772
3538,0.04143561532746573,0.9998218460274351,4,0.8609776773099745,1,2,0.9946794694760412,0.08653288192086472
3539,0.044997372057040394,0.9998011168968977,4,0.8610169491525423,1,2,0.9949649046860098,0.0867544285028709
3540,0.03962284576882902,0.9997935100991372,4,0.8610561988138944,1,2,0.9950545319336831,0.08591199144227478
3541,0.0466425345296959,0.9997921140843381,4,0.8610954263128177,1,2,0.9951383539676761,0.08637403788556514
3542,0.0387802924691993,0.9998122617542775,4,0.8611346316680779,1,2,0.9951713709381012,0.08592904362524126
3543,0.037456238532521564,0.9997838205110415,4,0.8611738148984198,1,2,0.994727200550571,0.08506905969931162
3544,0.040158292525272914,0.999789392686324,4,0.861212976022567,1,2,0.99456768948871,0.08661863298918389
3545,0.0347992147592088,0.9997951134416715,4,0.8612521150592216,1,2,0.9946966950085396,0.08700513798859397
3546,0.04173718654370624,0.9997790188687058,4,0.8612912320270651,1,2,0.9946582435229203,0.08553875503467259
3547,0.03982720115532377,0.999775922628159,4,0.8613303269447576,1,2,0.9948301145751338,0.08654630997189622
3548,0.04068539303585452,0.9997944196209196,4,0.8613693998309383,1,2,0.9949545174208805,0.08631712505193274
3549,0.03724521948219806,0.9997860138848986,4,0.8614084507042253,1,2,0.9950608306148343,0.08614401550526747
3550,0.0379416776712764,0.999787330442283,4,0.861447479583216,1,2,0.9950837052701421,0.08659459566214256
3551,0.037721343515359475,0.9997939845205324,4,0.8614864864864865,1,2,0.9946847335352427,0.08667310133263294
3552,0.034705744960940074,0.9997982407291268,4,0.8615254714325922,1,2,0.9947621218198521,0.08695658244393363
3553,0.041866477474438515,0.9997934674110399,4,0.8615644344400676,1,2,0.9946443562608995,0.08668396956723497
3554,0.03775579304806739,0.9997933746164709,4,0.8616033755274262,1,2,0.9942836093699562,0.08734344713562954
3555,0.03892933036995662,0.9997937202633982,4,0.8616422947131609,1,2,0.9942505844111675,0.08650149213177598
3556,0.03781487596125252,0.9997916757394845,4,0.8616811920157436,1,2,0.9942055612810499,0.08673901707647656
3557,0.03968191633774511,0.9998000030626699,4,0.8617200674536256,1,2,0.9940197850975298,0.08687362797986957
3558,0.041389202931033875,0.9997705380648118,4,0.8617589210452374,1,2,0.9940498941685946,0.08583717063295566
3559,0.04099823354720901,0.9997681939678085,4,0.8617977528089887,1,2,0.9940228718404299,0.08586561116568195
3560,0.03988348356515129,0.9997804562409174,4,0.8618365627632687,1,2,0.9940022967229947,0.08558598922871788
3561,0.037801625821321086,0.9997890312288163,4,0.8618753509264458,1,2,0.993981357073868,0.086816701177717
3562,0.0436764429451009,0.999773313149598,4,0.8619141173168678,1,2,0.9933098783403518,0.08559565333183523
3563,0.0361811283395799,0.999795536953931,4,0.8619528619528619,1,2,0.9937747564278154,0.0865089337127392
3564,0.0403296284470452,0.9997920352584397,4,0.861991584852735,1,2,0.9938943746311797,0.08644285363556446
3565,0.03790536953709525,0.9997918603125093,4,0.8620302860347728,1,2,0.9940857151206717,0.0862979821535192
3566,0.03949160679345231,0.9998112470859496,4,0.8620689655172413,1,2,0.9943950143232065,0.08695898542052094
3567,0.042775285680182046,0.99979947768451,4,0.8621076233183856,1,2,0.9940163903948136,0.08558792954822189
3568,0.039770245513717495,0.9997942784374677,4,0.8621462594564304,1,2,0.9939644738734826,0.0867526082688601
3569,0.03962465760949037,0.9998124488663254,4,0.8621848739495799,1,2,0.9940657509676177,0.08754689116406596
3570,0.037713369989122364,0.9997973731779748,4,0.8622234668160179,1,2,0.9936184001745864,0.08572807607772136
3571,0.04141907675490496,0.9998079690694991,4,0.8622620380739082,1,2,0.9937981174010639,0.08705344343324169
3572,0.04257080615707513,0.9998141947398513,4,0.8623005877413937,1,2,0.9938555714912205,0.08634295644562423
3573,0.04228458746346983,0.9998095385663058,4,0.8623391158365976,1,2,0.9939122602951909,0.08618616661489052
3574,0.036407183689400685,0.9998069065416509,4,0.8623776223776224,1,2,0.9942816120075915,0.08595966340486044
3575,0.038487424523231575,0.9998072529989717,4,0.8624161073825504,1,2,0.9940151392230105,0.08679004006674552
3576,0.04475383881050875,0.9997928573090568,4,0.8624545708694437,1,2,0.993673038284764,0.08580422847033824
3577,0.034442182376805776,0.9997824751781474,4,0.8624930128563443,1,2,0.993835578599215,0.08654862868652059
3578,0.038454369566103104,0.9997957307145826,4,0.8625314333612741,1,2,0.9938219961864492,0.08538399702681981
3579,0.038870864880667544,0.9998135349870091,4,0.8625698324022346,1,2,0.9938056095813139,0.08640527075902847
3580,0.042425341589986135,0.9998145714809172,4,0.8626082099972074,1,2,0.9937898265364324,0.08664490968375621
3581,0.034183321796120346,0.9998024271816763,4,0.8626465661641541,1,2,0.9938556608921124,0.0861457012293251
3582,0.04069995083728818,0.9998208700399094,4,0.8626849009210159,1,2,0.9943673854912756,0.08683307505437945
3583,0.040712070749304205,0.9998219327023607,4,0.8627232142857143,1,2,0.9939550940558116,0.08540564647474759
3584,0.04391796732002658,0.9998118939020624,4,0.8627615062761507,1,2,0.993942664293936,0.08674583123783951
3585,0.0402206463787954,0.9998161094900888,4,0.8627997769102064,1,2,0.9936034352297342,0.08685451670166446
3586,0.04551988005469834,0.9998088652371477,4,0.862838026205743,1,2,0.9935091987835984,0.08708390564626554
3587,0.03779302357931075,0.9998124704826481,4,0.862876254180602,1,2,0.9938669484656503,0.08622031393766402
3588,0.03755251455070951,0.9998166832980573,4,0.8629144608526051,1,2,0.9939566333455596,0.08591414924662029
3589,0.04676723125783619,0.9998057951875327,4,0.8629526462395544,1,2,0.9940295149246934,0.08613940761502524
3590,0.045754921762707,0.9998301627370983,4,0.8629908103592314,1,2,0.9944236501345116,0.08668567625212098
3591,0.03697956710558076,0.9998374725599584,4,0.8630289532293987,1,2,0.9944006835310765,0.08590843917522736
3592,0.03631419008704603,0.9998305711009245,4,0.8630670748677985,1,2,0.9943384149931256,0.08599010610604683
3593,0.03979018861671617,0.9998180660093079,4,0.8631051752921536,1,2,0.994290988709216,0.08655528794698707
3594,0.039529442501379006,0.9998248566101217,4,0.8631432545201669,1,2,0.993966279258865,0.08672589466566416
3595,0.039073003840236195,0.9998345759655412,4,0.8631813125695217,1,2,0.994139691082889,0.08673181137935963
3596,0.03537341221974238,0.9998216185736157,4,0.8632193494578816,1,2,0.9943703093489636,0.08700592798690905
3597,0.03833331102248153,0.9998359956096676,4,0.8632573652028905,1,2,0.9945434179820849,0.08604017553432627
3598,0.03848509217685782,0.9998469398748655,4,0.8632953598221729,1,2,0.9944495928755539,0.08593467412057446
3599,0.03721502002934851,0.9998439621775265,4,0.8633333333333333,1,2,0.9944615069074146,0.08614498258138785
3600,0.04203195240793593,0.9990293737730562,4,0.8630935851152458,1,2,0.0,0.09775152534103393
3601,0.04606398994961812,0.9981746286008039,4,0.8631315935591338,1,2,0.0,0.09768551927338522
3602,0.03945780770513359,0.9976051279747853,4,0.8631695809048016,1,2,0.0,0.09806431194369049
3603,0.03810615228001817,0.9970694144357366,4,0.8632075471698113,1,2,0.0,0.09766800973973658
3604,0.04025640197606073,0.9965469402701131,4,0.863245492371706,1,2,0.0,0.09788381994940164
3605,0.041992928476438894,0.99618016675424,4,0.8632834165280089,1,2,0.0,0.09784127207512423
3606,0.04140633599253271,0.9956445025311,4,0.863321319656224,1,2,0.0,0.09728148844166871
3607,0.03936439901930691,0.99543435349683,4,0.863359201773836,1,2,0.0,0.09716092230255058
3608,0.040228713684657455,0.9950863488047543,4,0.8633970628983098,1,2,0.0,0.09724019987771314
3609,0.039759016193164354,0.9950892867449485,4,0.8634349030470914,1,2,0.0,0.09692969133480318
3610,0.03933985410527224,0.9952384277169746,4,0.8634727222376073,1,2,0.0,0.09698630788050949
3611,0.03968699229303272,0.9954396424221273,4,0.8635105204872646,1,2,0.0,0.09818710817312802
3612,0.03751111870407747,0.9957240165495966,4,0.8635482978134514,1,2,0.0,0.09750508756922326
3613,0.04257128071704105,0.9959381576054285,4,0.8635860542335363,1,2,0.0,0.09711045346719067
3614,0.03906662872145792,0.9963470411914216,4,0.8636237897648686,1,2,0.0,0.09747143701355765
3615,0.03710314382242999,0.9969258177779078,4,0.8636615044247787,1,2,0.0,0.09682607850746228
3616,0.045122550659185634,0.9974122651995084,4,0.8636991982305778,1,2,0.0,0.09771001693498176
3617,0.043444337068440406,0.9980680772645887,4,0.8637368711995578,1,2,0.0,0.09745936080684915
3618,0.04488795455368224,0.9988362569396272,4,0.8637745233489914,1,2,0.0,0.09736346448274742
3619,0.044188125857892,0.9997078317923926,4,0.8638121546961326,1,2,0.993121782851913,0.09702689640819867
3620,0.04016767120004226,0.999705055868856,4,0.863849765258216,1,2,0.9934973792882916,0.09790988633818275
3621,0.039824512116277355,0.9997155496662778,4,0.8638873550524572,1,2,0.9934843858401454,0.09715163180754956
3622,0.03911207178584189,0.9996801540397401,4,0.863924924096053,1,2,0.9935895522191789,0.0974354616210664
3623,0.042365096067023225,0.9996841764026992,4,0.8639624724061811,1,2,0.9936231965940784,0.09805665364226149
3624,0.04230372977899599,0.9996730150745164,4,0.864,1,2,0.9939915456111599,0.09751335711042407
3625,0.04195189011848403,0.9996837794588106,4,0.8640375068946498,1,2,0.9938888503599999,0.0972483818900706
3626,0.04399288152159282,0.9997075621828981,4,0.8640749931072512,1,2,0.9937499307196567,0.09651974853905966
3627,0.04286243321627734,0.9997231348117244,4,0.8641124586549063,1,2,0.9937626702840225,0.09832566508061516
3628,0.044227329722318784,0.9997335924461626,4,0.8641499035546982,1,2,0.9938798808705243,0.09710417861630477
3629,0.04484827990214992,0.9997629929129158,4,0.8641873278236915,1,2,0.9938406639020028,0.09797815828952845
3630,0.0458292482581946,0.9997681750574513,4,0.8642247314789314,1,2,0.9938874373313942,0.09761514954908762
3631,0.03840507251066035,0.9997565416569597,4,0.864262114537445,1,2,0.9939682038615913,0.09710370356567324
3632,0.038745154958268205,0.999736315376848,4,0.86429947701624,1,2,0.994019474453266,0.09775220472172992
3633,0.04139823286574382,0.9997784485718897,4,0.864336818932306,1,2,0.9942154211903744,0.09720800417318876
3634,0.038050103913398726,0.9997967239264587,4,0.8643741403026135,1,2,0.9942543957076988,0.09746459666270446
3635,0.04252286455693054,0.9997957042869198,4,0.8644114411441144,1,2,0.9946114860228541,0.09747720028825704
3636,0.043287533183766824,0.999795330211148,4,0.8644487214737421,1,2,0.994995858654,0.09834565941110864
3637,0.0474383001291388,0.9997952024245239,4,0.8644859813084113,1,2,0.9950599772066542,0.09765697145574159
3638,0.04551138336861707,0.9998181916360577,4,0.8645232206650179,1,2,0.9948473241233347,0.09754096981289635
3639,0.04224975974916082,0.9997992055171223,4,0.8645604395604396,1,2,0.9952402951467703,0.09759491817777856
3640,0.04272563185038524,0.9997898928006979,4,0.8645976380115353,1,2,0.9951685902421525,0.09676336328837237
3641,0.03681072800792535,0.999788532000087,4,0.8646348160351455,1,2,0.9951755106770255,0.09773435817438636
3642,0.0379964557025614,0.9998106296747191,4,0.8646719736480922,1,2,0.9950294150225529,0.09762426022155048
3643,0.04083115628198403,0.999784244076719,4,0.8647091108671789,1,2,0.9948286121687481,0.09664888775558503
3644,0.03968514216102212,0.9997898311466051,4,0.8647462277091906,1,2,0.9943304317391175,0.09815022804750334
3645,0.03895661478540033,0.9997941207857126,4,0.8647833241908941,1,2,0.9944338883355046,0.0979823750198427
3646,0.03933503658188511,0.9997811557067563,4,0.8648204003290376,1,2,0.9947196793877295,0.09725327057276384
3647,0.03946503979736356,0.9997776161634462,4,0.8648574561403509,1,2,0.9947594664600239,0.09774451082993046
3648,0.0376720352483977,0.999796803927589,4,0.8648944916415456,1,2,0.9949515873361359,0.09727946640133672
3649,0.03648897075483552,0.9997895981688917,4,0.8649315068493151,1,2,0.9948342836973452,0.09718118949516584
3650,0.04190149926776621,0.9997905512305341,4,0.8649685017803341,1,2,0.9947583812501084,0.09812069726653663
3651,0.042213297300717004,0.9997943767125261,4,0.8650054764512596,1,2,0.9946862315485652,0.09826504079468568
3652,0.045893652724236275,0.9997985235796886,4,0.8650424308787298,1,2,0.9946645824161959,0.09735512357155694
3653,0.04026166323264612,0.999794482546946,4,0.8650793650793651,1,2,0.9945746166695552,0.09755555966649368
3654,0.03969152895442084,0.9997964448749503,4,0.8651162790697674,1,2,0.9946069643320594,0.09828011896906134
3655,0.04372427442490069,0.9997967736814233,4,0.8651531728665208,1,2,0.9945038961985613,0.09746088684820431
3656,0.041383430381799216,0.9997944104069414,4,0.8651900464861909,1,2,0.9944606972207171,0.09796708166118843
3657,0.04318132252059012,0.9998024418157462,4,0.8652268999453253,1,2,0.9944637794645258,0.09772938051165705
3658,0.04422786658340932,0.9997711327001819,4,0.8652637332604537,1,2,0.9944963876779971,0.09739591762407497
3659,0.03778697086373825,0.9997630191370632,4,0.8653005464480874,1,2,0.9945565339950733,0.09726700250608764
3660,0.04137128564991725,0.9997773141520513,4,0.86533733952472,1,2,0.9947473618620675,0.09720897424144975
3661,0.040526912487735614,0.9997863225449013,4,0.8653741125068268,1,2,0.9947392203901472,0.09811452471476456
3662,0.040770006073112625,0.9997708081981492,4,0.8654108654108654,1,2,0.9939627579997335,0.0967381133648554
3663,0.041552329427750584,0.9997897870870476,4,0.8654475982532751,1,2,0.993902703224288,0.09754811620094767
3664,0.036486647780199916,0.999785984879106,4,0.8654843110504775,1,2,0.99430332119883,0.09756334895818763
3665,0.04123398813223689,0.9997862221999999,4,0.8655210038188762,1,2,0.9940306798785572,0.09766289460071814
3666,0.04252488114923147,0.9998022531028654,4,0.8655576765748568,1,2,0.9941719352454473,0.09747199552846869
3667,0.04280874266024948,0.9997919130521346,4,0.8655943293347873,1,2,0.9939220304734293,0.09702693639612092
3668,0.04399585818048055,0.9997869226744462,4,0.8656309621150177,1,2,0.9939424706160078,0.09731629032998411
3669,0.04062958685563227,0.9998048007469709,4,0.8656675749318801,1,2,0.994072511567908,0.09784069755700747
3670,0.04245459935714727,0.9997886661201685,4,0.8657041678016889,1,2,0.9939425881358505,0.09736418589722126
3671,0.044008128235518834,0.9998017875403487,4,0.8657407407407407,1,2,0.9942716165609521,0.09818933935406896
3672,0.041080328063333685,0.9998086654791795,4,0.8657772937653144,1,2,0.9943378237924647,0.09768185030203665
3673,0.04400863951099142,0.9998021179555256,4,0.8658138268916712,1,2,0.9942114242389056,0.09770024062725
3674,0.0372031807947389,0.9997982913506089,4,0.8658503401360544,1,2,0.9942255971332233,0.09703157837338726
3675,0.043516284371684824,0.99979924673812,4,0.8658868335146899,1,2,0.9940020893163781,0.09783807924416602
3676,0.04039315422516356,0.9997869397406728,4,0.8659233070437857,1,2,0.9938089027290413,0.09662997715395288
3677,0.04203195978519776,0.9997763866873417,4,0.8659597607395324,1,2,0.9938537045364817,0.09747884744112749
3678,0.04225974400476171,0.9997916458643795,4,0.8659961946181027,1,2,0.9938561818379947,0.09709105611906754
3679,0.03349501773968,0.9998129235905578,4,0.8660326086956521,1,2,0.993800211830673,0.09749066712663726
3680,0.035281555403440364,0.9998142739685869,4,0.8660690029883183,1,2,0.9937213588490242,0.09771600937942884
3681,0.0374352663048232,0.9998016827141636,4,0.8661053775122216,1,2,0.9937291446244405,0.09749149775270088
3682,0.03912418878072829,0.9998214333709521,4,0.8661417322834646,1,2,0.9941596666727748,0.09798431885418693
3683,0.04455639567387222,0.9998226096561039,4,0.8661780673181325,1,2,0.9942924883574046,0.09714630405894203
3684,0.0425801662196256,0.9998122435638251,4,0.8662143826322931,1,2,0.9942906598578726,0.09768001555739625
3685,0.03917944910587422,0.9998159758038658,4,0.8662506782419968,1,2,0.9937295121849621,0.09854587739600651
3686,0.03751612209096218,0.9998085050887145,4,0.8662869541632764,1,2,0.9936780836958439,0.09822284637243997
3687,0.038447212595558604,0.9998100075516887,4,0.8663232104121475,1,2,0.9939080061999717,0.09692962771600096
3688,0.04412300601721446,0.9998139553716373,4,0.8663594470046083,1,2,0.9938861835450454,0.09747322256311657
3689,0.04558989532096981,0.9998051326148577,4,0.8663956639566396,1,2,0.9938903313044049,0.09759580349359726
3690,0.04234403028771405,0.9998307799236655,4,0.8664318612842048,1,2,0.9942361195600802,0.09768090385914993
3691,0.03806258396010172,0.9998369206072946,4,0.8664680390032503,1,2,0.9942941114851003,0.09761080953959021
3692,0.03460303021559601,0.9998285197090351,4,0.8665041971297048,1,2,0.994273716343842,0.09774507620732172
3693,0.04139966755482128,0.9998139136364147,4,0.8665403356794802,1,2,0.994366191552059,0.0974745830682037
3694,0.03730592688824283,0.9998210432205761,4,0.8665764546684709,1,2,0.9941569147152196,0.09830929785892989
3695,0.04135502725967606,0.9998304414466513,4,0.8666125541125541,1,2,0.9942830607306632,0.09811450008909998
3696,0.03839362293718049,0.9998144902626074,4,0.86664863402759,1,2,0.9938662805536318,0.09747053856972167
3697,0.03835740199461905,0.9998295206669748,4,0.8666846944294213,1,2,0.9941742936903557,0.0973441561828626
3698,0.038840375651351206,0.9998399879969773,4,0.8667207353338741,1,2,0.9940572554488833,0.09770779198829921
3699,0.03677490362524027,0.9998358531025346,4,0.8667567567567568,1,2,0.9941436039217311,0.0977491657715122
3700,0.04477112194266557,0.9989018489137883,4,0.866522561469873,1,2,0.0,0.08661632166006182
3701,0.042434392488552054,0.9979573514329513,4,0.8665586169638033,1,2,0.0,0.08595174885970118
3702,0.041766271292921514,0.9973183054811303,4,0.866594652984067,1,2,0.0,0.08662299995930156
3703,0.03682888479370661,0.996760490630777,4,0.8666306695464363,1,2,0.0,0.08614130707514467
3704,0.03853702779252095,0.9964397756473949,4,0.8666666666666667,1,2,0.0,0.08580817133658336
3705,0.03393664316201267,0.996042041066089,4,0.8667026443604965,1,2,0.0,0.08683471183394707
3706,0.0380979271783145,0.995783190183043,4,0.8667386026436471,1,2,0.0,0.08630993696569009
3707,0.03899448923081847,0.9956333968296296,4,0.8667745415318231,1,2,0.0,0.08622199350699462
3708,0.03846108774501569,0.9956964966800329,4,0.8668104610407118,1,2,0.0,0.08569980916534897
3709,0.038736773315785275,0.9954238297310113,4,0.8668463611859838,1,2,0.0,0.08661585573786798
3710,0.04055190214127731,0.9954498332731125,4,0.8668822419832929,1,2,0.0,0.08569127300472804
3711,0.03342921515395424,0.9955395315706466,4,0.8669181034482759,1,2,0.0,0.0860115878390883
3712,0.03221662563219365,0.9957368085043525,4,0.8669539455965527,1,2,0.0,0.08690726032414231
3713,0.03719011784603615,0.9960596807629731,4,0.8669897684437264,1,2,0.0,0.086617836463635
3714,0.03458547877844759,0.9964196655357123,4,0.8670255720053835,1,2,0.0,0.08564417546038922
3715,0.03633573773173988,0.996838772450664,4,0.8670613562970937,1,2,0.0,0.08534477042863167
3716,0.04300768621746749,0.997544188031853,4,0.8670971213344094,1,2,0.0,0.08696250505089635
3717,0.040166653083570314,0.9982373669020908,4,0.8671328671328671,1,2,0.0,0.0871385261604463
3718,0.03731977046243598,0.9989572507096728,4,0.867168593707986,1,2,0.0,0.0871338032268346
3719,0.03951478721793682,0.9998119545721506,4,0.8672043010752688,1,2,0.9946993779188069,0.08643698272862546
3720,0.035407557935115144,0.9998035899183915,4,0.8672399892502015,1,2,0.9950432220302906,0.08702366765704318
3721,0.03837075961008034,0.9998222504046798,4,0.8672756582482536,1,2,0.9952465770436859,0.08667723531042854
3722,0.04310534616433355,0.9998234874618616,4,0.8673113080848778,1,2,0.995076388322097,0.08663361708988325
3723,0.03554675052129916,0.9998180787128527,4,0.8673469387755102,1,2,0.9950893234156917,0.08584214894962969
3724,0.03689920642666228,0.9998200577171226,4,0.8673825503355704,1,2,0.995130332900406,0.086841363409559
3725,0.037353300924626576,0.9997995889899173,4,0.8674181427804616,1,2,0.9954391331712338,0.08648681448669107
3726,0.033982724301363273,0.9997790838392114,4,0.8674537161255702,1,2,0.9947063877985535,0.08545843697261678
3727,0.038985958183047675,0.9997826439814267,4,0.8674892703862661,1,2,0.9947351707053576,0.08707515792575427
3728,0.03965315243887562,0.9998046252822673,4,0.8675248055779029,0,2,0.994833136343898,0.08698611029926394
3729,0.045774496230162394,0.9998102151658426,4,0.8675603217158177,0,2,0.9945312708583582,0.08768347808950394
3730,0.0337509568883571,0.9998065097396319,4,0.867595818815331,0,2,0.9949604730174479,0.08666618113484689
3731,0.03767560541074266,0.9998035386751231,4,0.867631296891747,0,2,0.9950134119679654,0.0867664350159624
3732,0.03406282573557705,0.999783888710071,4,0.8676667559603536,0,2,0.9945193739188363,0.08536363298071023
3733,0.03552580151091951,0.9997564276531128,4,0.8677021960364221,0,2,0.9939419031215531,0.08552372763889925
3734,0.03779600185024595,0.9997596018245395,4,0.8677376171352075,0,2,0.9938655261979165,0.08559537486028417
3735,0.037068880029492594,0.9997576899899412,4,0.8677730192719486,0,2,0.9938942250826153,0.08586224337905948
3736,0.04416988747053498,0.9997560118113802,4,0.8678084024618679,0,2,0.9939482922558841,0.08617009663796989
3737,0.039151528530805405,0.9997561483941578,4,0.8678437667201712,0,2,0.9940392171568044,0.08629296740944431
3738,0.03860554608051319,0.9997646123220546,4,0.8678791120620487,0,2,0.9941847117770195,0.08684318247982796
3739,0.03717019467667579,0.9997739953029686,4,0.8679144385026738,0,2,0.9939595420556318,0.08603624885303696
3740,0.03925357448764961,0.9997840949802361,4,0.867949746057204,0,2,0.9939639759465644,0.08708354990963126
3741,0.03950870315976428,0.9997507423200174,4,0.8679850347407804,0,2,0.9939377691699526,0.08579159432645916
3742,0.03448137901392711,0.9997485714866672,4,0.868020304568528,0,2,0.994237730079834,0.08636151202105938
3743,0.040239881697255064,0.9997506622416148,4,0.8680555555555556,0,2,0.9942522013649924,0.08611475239635613
3744,0.035226938260444214,0.999760824933511,4,0.8680907877169559,0,2,0.9939932222971689,0.08682759838707887
3745,0.038565404533996865,0.9997772572237915,4,0.8681260010678057,0,2,0.9935156690908126,0.08685580467865034
3746,0.037315496190096595,0.9997894352848704,4,0.8681611956231652,0,2,0.9939420673544247,0.08660271292331212
3747,0.029365572733872865,0.9997734345104178,4,0.8681963713980789,0,2,0.994019130882114,0.085588340567465
3748,0.037330833804984254,0.9997876276307696,4,0.8682315284075753,0,2,0.9942394730268733,0.08674838240480084
3749,0.03544844948519859,0.9997699575147054,4,0.8682666666666666,0,2,0.9947940702804545,0.08608857712726753
3750,0.039416871414918266,0.99977410263721,4,0.8683017861903493,0,2,0.9946231348817751,0.08708294338317109
3751,0.0340777904038287,0.9997737051035339,4,0.8683368869936035,0,2,0.9946214842569168,0.08655059373620491
3752,0.03521446312809651,0.999802092796987,4,0.8683719690913936,0,2,0.9949309516985123,0.08720533538992231
3753,0.03562408195395455,0.9998218078709231,4,0.8684070324986681,0,2,0.9953518691852685,0.0861778610125758
3754,0.040611722448579746,0.9998161651742572,4,0.8684420772303595,0,2,0.995445443139779,0.08626157682619762
3755,0.03617096867404569,0.999814963750002,4,0.8684771033013845,0,2,0.9953165078334429,0.08677663753105604
3756,0.03495412035444491,0.999788583877192,4,0.8685121107266436,0,2,0.9953046808899688,0.08602470962518172
3757,0.04373416078500851,0.9997891529116147,4,0.8685470995210218,0,2,0.9945541363937231,0.08832613018517413
3758,0.03726655039034095,0.9997752804955223,4,0.8685820696993881,0,2,0.9943244406418092,0.08742114023572335
3759,0.03612747011745507,0.9997447709058004,4,0.8686170212765958,0,2,0.9943740271856354,0.0869565479701967
3760,0.03781108469366717,0.9997327394643112,4,0.8686519542674821,0,2,0.9944416548984134,0.08640858344587408
3761,0.03975964159897788,0.9997561600913246,4,0.8686868686868687,0,2,0.9947254398937266,0.08643818306373356
3762,0.037138170881336766,0.9997437630622907,4,0.8687217645495615,0,2,0.9945107179388031,0.08645981752105768
3763,0.0396071004598144,0.9997476097011508,4,0.8687566418703507,0,2,0.994678558105536,0.08694287152369394
3764,0.03502122474654196,0.9997441048247206,4,0.8687915006640107,0,2,0.994689847100254,0.08579378991095715
3765,0.038755210079774505,0.9997474744602753,4,0.8688263409453001,0,2,0.9947731429673629,0.08720105571870504
3766,0.03741872976081473,0.99973314115498,4,0.8688611627289621,0,2,0.9947582481060055,0.08669642866660482
3767,0.03852315663387917,0.999745468965259,4,0.868895966029724,0,2,0.9947242081904581,0.08621840994852913
3768,0.03918317281927195,0.9997498869166621,4,0.8689307508622977,0,2,0.9946904944799233,0.08700778412721948
3769,0.0407384655983163,0.9997805238443375,4,0.8689655172413793,0,2,0.9945789241838772,0.0859447507321552
3770,0.03891180472559798,0.9997736014539734,4,0.8690002651816494,0,2,0.993844617331302,0.08570083748175875
3771,0.03984765698886708,0.9997761321289589,4,0.869034994697773,0,2,0.9938485008799423,0.08571901720937897
3772,0.04071983176581606,0.9997764005531471,4,0.8690697058043997,0,2,0.993843831896325,0.08715911857120179
3773,0.038085291530523965,0.999779570879638,4,0.8691043985161632,0,2,0.9936820106583047,0.08597408222513053
3774,0.03617628986046456,0.9997801180805422,4,0.8691390728476821,0,2,0.9935602173955888,0.0867620171759908
3775,0.042495994888695515,0.999778137596422,4,0.8691737288135594,0,2,0.9935288589394498,0.08705186650498592
3776,0.042090660240104084,0.9998063594525842,4,0.8692083664283823,0,2,0.9934806258518422,0.08566961425841424
3777,0.036659847133475996,0.9997618189861911,4,0.8692429857067231,0,2,0.9938452544653122,0.0864941982824563
3778,0.0382373218428699,0.9997730270113933,4,0.8692775866631384,0,2,0.9940034996674104,0.08671570350859717
3779,0.033254423007877815,0.9997966325381695,4,0.8693121693121693,0,2,0.993767335899719,0.08560481466393675
3780,0.039284487975828564,0.9998130220089937,4,0.8693467336683417,0,2,0.9938022563314368,0.08628189840293822
3781,0.03179512625967573,0.9998183079764515,4,0.8693812797461661,0,2,0.9935840821437001,0.0871408961314329
3782,0.03280107182794562,0.9998111200726906,4,0.8694158075601375,0,2,0.9936725854463644,0.08647119111389584
3783,0.03676959640181983,0.9997961560763198,4,0.8694503171247357,0,2,0.9935509518752752,0.08581730768426604
3784,0.03551463466943196,0.9997961668722625,4,0.8694848084544253,0,2,0.9935382471113323,0.08610743290510373
3785,0.03626747280590786,0.9997963786534275,4,0.8695192815636555,0,2,0.9935560936254693,0.08685519273585346
3786,0.03708857825107076,0.9998109055192145,4,0.8695537364668603,0,2,0.9936156769259676,0.08572314646462827
3787,0.03338300340547302,0.9998163182136327,4,0.8695881731784583,0,2,0.9936454463437359,0.08609717581697379
3788,0.040270395360001335,0.9998041081430264,4,0.8696225917128529,0,2,0.9937193336594291,0.08688503664452625
3789,0.04520828725980296,0.9998114452694031,4,0.8696569920844327,0,2,0.9937094449423218,0.08671914516017676
3790,0.03261041737685631,0.9998101326169594,4,0.8696913743075706,0,2,0.994333748433383,0.08610023724885861
3791,0.03415249492734418,0.9998115931107963,4,0.8697257383966245,0,2,0.9944076168361009,0.0865056502795369
3792,0.033161324161893053,0.9998097279541143,4,0.8697600843659372,0,2,0.9944630030653301,0.08634468693158076
3793,0.036510764270527546,0.9998075405465752,4,0.8697944122298366,0,2,0.9946484433033652,0.08631412296700787
3794,0.035235268498838915,0.9998115880667815,4,0.8698287220026351,0,2,0.9947762699050081,0.08699328321083606
3795,0.03733474693282389,0.9998171873785845,4,0.8698630136986302,0,2,0.9949696673620299,0.0868041215439811
3796,0.03363778070794966,0.9998260740983699,4,0.8698972873321043,0,2,0.9950154697776605,0.08659803362903828
3797,0.03936280160916108,0.9998763011575591,4,0.8699315429173249,0,2,0.9951995873440282,0.08705390242648757
3798,0.03018676277308864,0.9998721085663687,4,0.8699657804685443,0,2,0.99513574362432,0.0861117753657425
3799,0.03449344514784488,0.9998815340234016,4,0.87,0,2,0.9960882067759427,0.08644048551820883
3800,0.03848942426544594,0.9989564842511057,4,0.8700342015259143,0,2,0.0,0.09761217169103772
3801,0.040742014565716744,0.998296550263548,4,0.8698053655970542,0,2,0.0,0.09779164219315184
3802,0.033250093989560636,0.9975127947039125,4,0.8698396003155404,0,2,0.0,0.09776890251097214
3803,0.0357051531161582,0.9968766638771378,4,0.8698738170347003,0,2,0.0,0.09749649648885235
3804,0.04251433210444687,0.9961859948334962,4,0.8699080157687253,0,2,0.0,0.09670277381957192
3805,0.038958285573617114,0.9957289406176553,4,0.869942196531792,0,2,0.0,0.09719796331620595
3806,0.04199147163557263,0.9954089382946607,4,0.8699763593380615,0,2,0.0,0.09699373808457426
3807,0.03693643889803952,0.9951474620260868,4,0.8700105042016807,0,2,0.0,0.09682910373976186
3808,0.044876319459198497,0.9948794909772527,4,0.8700446311367813,0,2,0.0,0.09684284508043667
3809,0.03495212505256045,0.9949025345089468,4,0.8700787401574803,0,2,0.0,0.0979038143438814
3810,0.038478691726459416,0.9949391053040597,4,0.8701128312778799,0,2,0.0,0.09703305993336436
3811,0.040186343185670687,0.9951570310206826,4,0.8701469045120671,0,2,0.0,0.09737785044908183
3812,0.035946626357709344,0.9953721669408596,4,0.8701809598741149,0,2,0.0,0.09756470546582666
3813,0.03735398091592478,0.9957822085380964,4,0.8702149973780807,0,2,0.0,0.09770196915348658
3814,0.03994660241486895,0.9962493385561103,4,0.8702490170380078,0,2,0.0,0.09729440141190435
3815,0.03806291029710891,0.996735665570688,4,0.8702830188679245,0,2,0.0,0.09705297224726
3816,0.03576627109195131,0.9973128602238124,4,0.8703170028818443,0,2,0.0,0.09825597494923256
3817,0.03722792357236289,0.998064507136477,4,0.8703509690937664,0,2,0.0,0.09771031378458958
3818,0.042409175507896954,0.9989059703160358,4,0.8703849175176748,0,2,0.0,0.09796753395042732
3819,0.044780944425696356,0.9998157785612911,4,0.8704188481675392,0,2,0.9952398744522689,0.09764887659589645
3820,0.033951644630900016,0.9998039280476381,4,0.8704527610573148,0,2,0.9952440647703267,0.09773569201459853
3821,0.040363049073029476,0.999821897678681,4,0.8704866562009419,0,2,0.9956650289204236,0.0979976630925722
3822,0.03829079863499371,0.9998243005241924,4,0.8705205336123463,0,2,0.9956642369904143,0.09777475166468863
3823,0.046843918974750404,0.99981825282512,4,0.8705543933054394,0,2,0.9954874016565093,0.09771714894962968
3824,0.03809249723266052,0.9998206408224255,4,0.8705882352941177,0,2,0.9954491249683872,0.09721264884236544
3825,0.03642244883640376,0.9997978769408125,4,0.8706220595922635,0,2,0.9954488791865561,0.09724531799092621
3826,0.03955625969243809,0.9997767753645347,4,0.8706558662137445,0,2,0.9949400138607714,0.09625839669084628
3827,0.04004908741017825,0.9997810869129838,4,0.8706896551724138,0,2,0.9951887414639741,0.0977426379987309
3828,0.0352979164948083,0.9998015085050702,4,0.8707234264821102,0,2,0.9953662611937393,0.09794653068229406
3829,0.03795406575638974,0.9998062660883474,4,0.8707571801566579,0,2,0.9953473260583544,0.09809863407715103
3830,0.043947909788043624,0.9998004737142923,4,0.8707909162098669,0,2,0.9956506858382589,0.0977281400935961
3831,0.04071241721823701,0.9997970927599866,4,0.8708246346555324,0,2,0.9954514472966826,0.09762797716636239
3832,0.036954436226757294,0.9997764276189633,4,0.8708583355074354,0,2,0.9952824710646766,0.09686604287133732
3833,0.04099759363706137,0.9997500396062738,4,0.8708920187793427,0,2,0.9947439723601275,0.0964898165662987
3834,0.03972924440385047,0.9997534944280445,4,0.8709256844850065,0,2,0.9947951982572026,0.09747037486028416
3835,0.04111932204799032,0.9997514318614877,4,0.8709593326381647,0,2,0.9949781799592351,0.09766798650209754
3836,0.03811375868314143,0.9997495564391258,4,0.870992963252541,0,2,0.9948687066261563,0.09752748637777917
3837,0.04272221367546086,0.9997497571057022,4,0.8710265763418447,0,2,0.9946344922040925,0.09745588833408807
3838,0.036451824304655434,0.9997594597155878,4,0.8710601719197708,0,2,0.9946690921537875,0.09787955303379496
3839,0.0376637161483214,0.9997697103740328,4,0.87109375,0,2,0.9946004803052123,0.09738703200971997
3840,0.038219642591424394,0.999780597023491,4,0.8711273105961989,0,2,0.9944633903616706,0.09715219828238222
3841,0.034831411915161606,0.9997462400149435,4,0.8711608537220198,0,2,0.9943417727928358,0.09682340710759485
3842,0.03710859766240763,0.9997448700723249,4,0.8711943793911007,0,2,0.9944280181138734,0.09730817112453011
3843,0.033935470209753044,0.9997484797001337,4,0.8712278876170656,0,2,0.9944765526737334,0.09741179643571556
3844,0.03763653955104372,0.9997584899766558,4,0.871261378413524,0,2,0.9943840077775563,0.09795267492620424
3845,0.034578167489661554,0.9997763122319686,4,0.8712948517940717,0,2,0.9938690878619483,0.09812179749615814
3846,0.04080239928106493,0.9997876819915554,4,0.8713283077722901,0,2,0.9942353502844792,0.0974334495043759
3847,0.03904467289943395,0.9997703662498666,4,0.8713617463617463,0,2,0.9943049176274166,0.09730595261067433
3848,0.036628205287346366,0.9997822916836192,4,0.8713951675759938,0,2,0.9943016195791664,0.09779607328600665
3849,0.034283969834470344,0.9997616868682175,4,0.8714285714285714,0,2,0.9944033923927645,0.09732516718641022
3850,0.03610805228787369,0.9997670101632588,4,0.8714619579330044,0,2,0.9941507204561835,0.0982078648094982
3851,0.03412089093514191,0.9997667471743621,4,0.8714953271028038,0,2,0.9938962045647037,0.09829409581160709
3852,0.03806697622568385,0.9997960293705854,4,0.8715286789514664,0,2,0.9939619422803135,0.0979140567748068
3853,0.038064103051366316,0.9998128621988324,4,0.8715620134924753,0,2,0.9942566517880628,0.09747001914898801
3854,0.04069417698462485,0.9998072669921899,4,0.8715953307392996,0,2,0.9943095437437843,0.09757409535117989
3855,0.038997225939117384,0.9998064854599807,4,0.8716286307053942,0,2,0.9942408895876574,0.09852500850606516
3856,0.03407525455398571,0.9997776723875311,4,0.8716619134042002,0,2,0.9943681382652003,0.09773848578092728
3857,0.03681873409481153,0.999777657014874,4,0.8716951788491446,0,2,0.994382170256572,0.09832483957826507
3858,0.03741113459368253,0.9997601615571192,4,0.8717284270536408,0,2,0.9940949328687696,0.09696331668185593
3859,0.03924320439776375,0.9997308666686231,4,0.8717616580310881,0,2,0.9941089265566598,0.09701068457134429
3860,0.03673973010028977,0.9997202219682583,4,0.8717948717948718,0,2,0.9942862158470476,0.09777107679291643
3861,0.03711221143508494,0.9997452493049287,4,0.8718280683583636,0,2,0.9945334298882771,0.09758350527677094
3862,0.043075760459278856,0.9997310524318996,4,0.871861247734921,0,2,0.9939956268641121,0.09760202239824728
3863,0.03699863908598415,0.9997349628210771,4,0.8718944099378882,0,2,0.9939992672807904,0.09734719797569086
3864,0.03651851906878567,0.9997318572121601,4,0.871927554980595,0,2,0.9939336570677275,0.0970837639942694
3865,0.04114695900308625,0.9997353486785995,4,0.871960682876358,0,2,0.9940965551529928,0.09803990876454816
3866,0.032372844612340135,0.9997190921388606,4,0.8719937936384794,0,2,0.9940758520253947,0.09808904400910502
3867,0.03867034732695917,0.9997320268875467,4,0.8720268872802482,0,2,0.9938683411698874,0.09681316147069068
3868,0.037097021221348045,0.9997368477533058,4,0.8720599638149392,0,2,0.9939379058231853,0.09772085268432835
3869,0.03757646507154717,0.9997684444588404,4,0.872093023255814,0,2,0.9939550161882341,0.09744117520332135
3870,0.033613301979696045,0.9997611465703755,4,0.8721260656161198,0,2,0.9934901594462118,0.09674518780313805
3871,0.036773152616114996,0.999764381204297,4,0.8721590909090909,0,2,0.9939573351048625,0.09721318134500966
3872,0.03324110402726073,0.9997634440244818,4,0.8721920991479474,0,2,0.9939929156296375,0.0976040211129135
3873,0.04054853775616621,0.999766742044321,4,0.8722250903458957,0,2,0.9940127312901812,0.09765325251857143
3874,0.03375219641839062,0.999767015460167,4,0.8722580645161291,0,2,0.9939214352953217,0.09788463779287518
3875,0.038475764767814,0.999765866309479,4,0.8722910216718266,0,2,0.9938661700337363,0.09807342512602199
3876,0.03897227594257827,0.9997977942210551,4,0.8723239618261542,0,2,0.9938597600753729,0.09694289593115149
3877,0.03994181466555315,0.9997566937961148,4,0.872356884992264,0,2,0.9937657935030089,0.09666863910765158
3878,0.03414448962695138,0.9997711871947333,4,0.8723897911832946,0,2,0.9938659313797082,0.09784463709181732
3879,0.035710184687765184,0.9997937358824546,4,0.8724226804123711,0,2,0.993629640961775,0.09682778476912497
3880,0.03859128565790923,0.9998084770613277,4,0.872455552692605,0,2,0.9936634730931431,0.09707667555521249
3881,0.0373754380753407,0.9998136776640962,4,0.8724884080370943,0,2,0.9936942995332411,0.09777604069466278
3882,0.03971772354432787,0.9998079022676183,4,0.8725212464589235,0,2,0.9939685503300572,0.09773356611717074
3883,0.04005174079889928,0.9997910124828856,4,0.8725540679711637,0,2,0.9939053682993763,0.0971177407765675
3884,0.04277534922710939,0.9997903817332274,4,0.8725868725868726,0,2,0.993988062329634,0.09791816252297465
3885,0.037968941656726526,0.9997906021086258,4,0.8726196603190942,0,2,0.9940336698787374,0.09794793678201624
3886,0.04201601015836953,0.9998086902272635,4,0.8726524311808592,0,2,0.9940527834984026,0.09744457986213645
3887,0.03296191910097024,0.9998155820300604,4,0.8726851851851852,0,2,0.9941519632034093,0.09747926090886536
3888,0.03901235659011208,0.999804541089857,4,0.8727179223450758,0,2,0.9941490728780517,0.09750077129104906
3889,0.04684417004971428,0.9998139329396397,4,0.8727506426735219,0,2,0.9941597014149521,0.09705498841765763
3890,0.04092837181897432,0.9998121543361397,4,0.8727833461835004,0,2,0.9946927079973299,0.09765201257539596
3891,0.03763251959013178,0.9998130515023365,4,0.8728160328879754,0,2,0.9946723328228422,0.09748446837491194
3892,0.035952915399900656,0.9998117273836468,4,0.8728487027998972,0,2,0.994665503241764,0.09720368609837796
3893,0.035079771581229144,0.9998092595038209,4,0.8728813559322034,0,2,0.994727767632124,0.09741327049418842
3894,0.033549772019419784,0.9998129375397559,4,0.8729139922978177,0,2,0.9947828206175182,0.09767994391823424
3895,0.037990456837409564,0.9998175846891514,4,0.872946611909651,0,2,0.9948359290516877,0.0980618369874562
3896,0.03282112040051206,0.9998265352563314,4,0.8729792147806005,0,2,0.9949116558591239,0.09741338320998368
3897,0.03499269968279167,0.9998721269387267,4,0.8730118009235506,0,2,0.9955195109108985,0.09783576696275513
3898,0.03797390836798159,0.9998684370522773,4,0.8730443703513722,0,2,0.9954741994627682,0.09775156457405379
3899,0.03430040854360512,0.9998771067879778,4,0.8730769230769231,0,2,0.9960417045427455,0.09752564698823174
3900,0.0401665905482231,0.9990671874401326,4,0.8731094591130479,0,2,0.0,0.08639869934393041
3901,0.03949984359028583,0.998151159511881,4,0.8731419784725781,0,2,0.0,0.08595174885970118
3902,0.039103312373448454,0.9975815953895131,4,0.8731744811683321,0,2,0.0,0.08662299995930156
3903,0.03424551866848358,0.9970535607114724,4,0.8732069672131147,0,2,0.0,0.08614130707514467
3904,0.03566430025966473,0.9966979745333858,4,0.8732394366197183,0,2,0.0,0.08580817133658336
3905,0.03135287947399845,0.9963341464579534,4,0.8732718894009217,0,2,0.0,0.08683471183394707
3906,0.03527619158348748,0.9960289007816603,4,0.8733043255694907,0,2,0.0,0.08630993696569009
3907,0.036302119281939264,0.9958290681587572,4,0.873336745138178,0,2,0.0,0.08622199350699462
3908,0.035556699654583565,0.9957916299558218,4,0.8733691481197237,0,2,0.0,0.08569980916534897
3909,0.03613068638263933,0.995649721921094,4,0.8734015345268542,0,2,0.0,0.08661585573786798
3910,0.03778371242102871,0.9956963404828113,4,0.8734339043722833,0,2,0.0,0.08569127300472804
3911,0.030836611940845977,0.9957539381803615,4,0.8734662576687117,0,2,0.0,0.0860115878390883
3912,0.029798549345388115,0.9959724006927375,4,0.8734985944288269,0,2,0.0,0.08690726032414231
3913,0.03451805008479958,0.9962060098302542,4,0.8735309146653041,0,2,0.0,0.086617836463635
3914,0.03196816622873859,0.9965494594105151,4,0.8735632183908046,0,2,0.0,0.08564417546038922
3915,0.033676577007935735,0.9970635133561413,4,0.8735955056179775,0,2,0.0,0.08534477042863167
3916,0.04027027772593378,0.9976788119265513,4,0.8736277763594588,0,2,0.0,0.08696250505089635
3917,0.037440234257129106,0.9983016775352137,4,0.8736600306278713,0,2,0.0,0.0871385261604463
3918,0.03453722949002252,0.9989995989252864,4,0.8736922684358255,0,2,0.0,0.0871338032268346
3919,0.036603407603364606,0.9998141423650353,4,0.8737244897959183,0,2,0.9950578006692599,0.08643698272862546
3920,0.032942166467384855,0.9998035899187971,4,0.8737566947207345,0,2,0.9950455730095171,0.08702366765704318
3921,0.03564871091878286,0.9998222504051256,4,0.8737888832228455,0,2,0.9952476055849286,0.08667723531042854
3922,0.04023559475891494,0.9998234874622973,4,0.8738210553148101,0,2,0.9950777079525556,0.08663361708988325
3923,0.03268070059790175,0.9998180787133006,4,0.8738532110091743,0,2,0.9950894899932645,0.08584214894962969
3924,0.03423371491180385,0.999820057717661,4,0.8738853503184714,0,2,0.9951324790484088,0.086841363409559
3925,0.03471400225789503,0.9997995889905132,4,0.8739174732552216,0,2,0.9954408497998155,0.08648681448669107
3926,0.031400993584463646,0.999779083840025,4,0.8739495798319328,0,2,0.9947058510178881,0.08545843697261678
3927,0.036275213078612964,0.9997826439820838,4,0.8739816700610998,0,2,0.9947328308691386,0.08707515792575427
3928,0.03697232898914263,0.9998046252826036,4,0.8740137439552049,0,2,0.9948375084220716,0.08698611029926394
3929,0.04283609176022467,0.9998102151661626,4,0.8740458015267175,0,2,0.9945395122533548,0.08768347808950394
3930,0.031053408894109666,0.9998065097399617,4,0.8740778427880946,0,2,0.9949653511841148,0.08666618113484689
3931,0.03489607249990205,0.9998035386755129,4,0.8741098677517802,0,2,0.9950175975390189,0.0867664350159624
3932,0.03151547575761392,0.9997838887106166,4,0.8741418764302059,0,2,0.9945249870135193,0.08536363298071023
3933,0.03284581174579456,0.9997564276540437,4,0.8741738688357905,0,2,0.9939493791240556,0.08552372763889925
3934,0.03507675499922236,0.9997596018255243,4,0.8742058449809402,0,2,0.9938716377692043,0.08559537486028417
3935,0.03427453893897962,0.9997576899908904,4,0.8742378048780488,0,2,0.9938990970152509,0.08586224337905948
3936,0.04133131290240681,0.9997560118123835,4,0.8742697485394971,0,2,0.9939518749597976,0.08617009663796989
3937,0.03627155043973314,0.9997561483951638,4,0.8743016759776536,0,2,0.9940434487601881,0.08629296740944431
3938,0.035916595127889715,0.9997646123230701,4,0.8743335872048743,0,2,0.9941876955238441,0.08684318247982796
3939,0.03452416261680398,0.9997739953040644,4,0.8743654822335025,0,2,0.9939621165878656,0.08603624885303696
3940,0.036496547215896305,0.999784094981359,4,0.8743973610758691,0,2,0.9939682427553961,0.08708354990963126
3941,0.03685596928575713,0.9997507423212612,4,0.8744292237442922,0,2,0.9939402490139426,0.08579159432645916
3942,0.03192741873296027,0.9997485714880177,4,0.8744610702510779,0,2,0.9942402508705817,0.08636151202105938
3943,0.037599352410909295,0.9997506622430264,4,0.8744929006085193,0,2,0.9942537564723597,0.08611475239635613
3944,0.0326451836333695,0.9997608249349468,4,0.8745247148288974,0,2,0.9939903668584325,0.08682759838707887
3945,0.03596434273151344,0.9997772572252153,4,0.8745565129244804,0,2,0.9935169767718517,0.08685580467865034
3946,0.034532830473491954,0.999789435286088,4,0.8745882949075247,0,2,0.9939444192285041,0.08660271292331212
3947,0.026936768508035912,0.9997734345116955,4,0.8746200607902735,0,2,0.9940246843237353,0.085588340567465
3948,0.034683413272491206,0.9997876276319893,4,0.8746518105849582,0,2,0.9942443887008073,0.08674838240480084
3949,0.032950801864906766,0.9997699575157087,4,0.8746835443037975,0,2,0.9947951083935715,0.08608857712726753
3950,0.03674909261646025,0.999774102638231,4,0.8747152619589977,0,2,0.9946228531406163,0.08708294338317109
3951,0.03163395492631213,0.9997737051045612,4,0.874746963562753,0,2,0.9946237696702454,0.08655059373620491
3952,0.032590312171646235,0.999802092797803,4,0.8747786491272451,0,2,0.9949315583948071,0.08720533538992231
3953,0.03299839772414375,0.9998218078711344,4,0.8748103186646434,0,2,0.9953488872039247,0.0861778610125758
3954,0.03774866084048741,0.9998161651744377,4,0.8748419721871049,0,2,0.9954437934827831,0.08626157682619762
3955,0.03349430876454798,0.9998149637502552,4,0.8748736097067745,0,2,0.9953165307133988,0.08677663753105604
3956,0.03255423216796566,0.9997885838774123,4,0.8749052312357847,0,2,0.9953052487592922,0.08602470962518172
3957,0.0408908290333197,0.9997891529118335,4,0.8749368367862557,0,2,0.99455339294047,0.08832613018517413
3958,0.03459188865572097,0.9997752804956879,4,0.8749684263702955,0,2,0.9943238026231606,0.08742114023572335
3959,0.033437595307865726,0.9997447709062465,4,0.875,0,2,0.994373389334896,0.0869565479701967
3960,0.03515501370767486,0.9997327394649934,4,0.8750315576874527,0,2,0.9944393149643352,0.08640858344587408
3961,0.0370546382545608,0.999756160091964,4,0.8750630994447249,0,2,0.9947249452412656,0.08643818306373356
3962,0.034325363055100463,0.999743763062841,4,0.8750946252838758,0,2,0.9945146077196543,0.08645981752105768
3963,0.03688383370986831,0.9997476097016879,4,0.8751261352169526,0,2,0.9946871414301642,0.08694287152369394
3964,0.032475071117176166,0.9997441048252151,4,0.8751576292559899,0,2,0.9946992975671449,0.08579378991095715
3965,0.035936302686019064,0.9997474744607835,4,0.8751891074130106,0,2,0.9947779651355535,0.08720105571870504
3966,0.03491431373067034,0.9997331411554359,4,0.8752205697000252,0,2,0.9947631568220294,0.08669642866660482
3967,0.035798829464234405,0.9997454689656167,4,0.8752520161290323,0,2,0.9947273958510745,0.08621840994852913
3968,0.036477212348551995,0.9997498869170445,4,0.8752834467120182,0,2,0.9946933567046448,0.08700778412721948
3969,0.03796726791718001,0.9997805238446728,4,0.8753148614609572,0,2,0.9945827869123165,0.0859447507321552
3970,0.03634904325999254,0.9997736014542674,4,0.8753462603878116,0,2,0.9938494243481706,0.08570083748175875
3971,0.037145167720336596,0.999776132129181,4,0.8753776435045317,0,2,0.9938517781474535,0.08571901720937897
3972,0.03808687814033696,0.9997764005532976,4,0.8754090108230557,0,2,0.9938482317578095,0.08715911857120179
3973,0.035333445955363474,0.9997795708798679,4,0.8754403623553095,0,2,0.9936827570443041,0.08597408222513053
3974,0.03365538409867455,0.9997801180807886,4,0.8754716981132076,0,2,0.9935620589224046,0.0867620171759908
3975,0.03969306861989702,0.9997781375966659,4,0.8755030181086519,0,2,0.9935277970104285,0.08705186650498592
3976,0.03924441473925633,0.9998063594528621,4,0.8755343223535328,0,2,0.9934767030723668,0.08566961425841424
3977,0.03394933306149256,0.9997618189870396,4,0.8755656108597285,0,2,0.9938425088768974,0.0864941982824563
3978,0.0356471768679621,0.9997730270122482,4,0.8755968836391053,0,2,0.9940006331941496,0.08671570350859717
3979,0.030795055918271138,0.9997966325389188,4,0.8756281407035176,0,2,0.993762959867886,0.08560481466393675
3980,0.03651043867203535,0.9998130220095648,4,0.8756593820648079,0,2,0.9937984415303495,0.08628189840293822
3981,0.02931650961717097,0.9998183079769589,4,0.8756906077348067,0,2,0.9935801896091363,0.0871408961314329
3982,0.03026512196241816,0.9998111200732231,4,0.8757218177253326,0,2,0.9936675182735816,0.08647119111389584
3983,0.0340828102085799,0.9997961560768367,4,0.8757530120481928,0,2,0.993545717592641,0.08581730768426604
3984,0.03274706813993692,0.9997961668728597,4,0.875784190715182,0,2,0.9935341179606311,0.08610743290510373
3985,0.033670650930590185,0.999796378654026,4,0.8758153537380833,0,2,0.9935523452621355,0.08685519273585346
3986,0.03429117447419187,0.9998109055199407,4,0.8758465011286681,0,2,0.9936111371219806,0.08572314646462827
3987,0.0310196947438487,0.9998163182144023,4,0.8758776328986961,0,2,0.9936420514574544,0.08609717581697379
3988,0.03749567331449054,0.9998041081438036,4,0.8759087490599148,0,2,0.9937145306525133,0.08688503664452625
3989,0.042063035360568865,0.9998114452702915,4,0.8759398496240601,0,2,0.9937039210158536,0.08671914516017676
3990,0.030025678569184186,0.9998101326178955,4,0.8759709346028565,0,2,0.9943268910026237,0.08610023724885861
3991,0.03164349629909059,0.9998115931117736,4,0.876002004008016,0,2,0.9943992932399928,0.0865056502795369
3992,0.030683673806138182,0.9998097279550622,4,0.8760330578512396,0,2,0.9944554194376258,0.08634468693158076
3993,0.03393347220633572,0.9998075405474752,4,0.8760640961442163,0,2,0.9946431335200756,0.08631412296700787
3994,0.032747215769443797,0.9998115880677072,4,0.8760951188986232,0,2,0.9947667549634365,0.08699328321083606
3995,0.03469004306596754,0.9998171873794762,4,0.8761261261261262,0,2,0.9949621247580471,0.0868041215439811
3996,0.0312657343427355,0.9998260740992361,4,0.8761571178383788,0,2,0.9950109332836982,0.08659803362903828
3997,0.036747601753380876,0.9998763011577412,4,0.8761880940470235,0,2,0.9951922090790214,0.08705390242648757
3998,0.02777689141731527,0.9998721085666031,4,0.8762190547636909,0,2,0.9951261712717961,0.0861117753657425
3999,0.032067397533737246,0.9998815340234467,4,0.87625,0,2,0.9960763139689461,0.08644048551820883
4000,0.03574760499310478,0.9989564842558559,4,0.8762809297675581,0,2,0.0,0.09761217169103772
4001,0.038526633539852646,0.9981015768480813,4,0.876311844077961,0,2,0.0,0.0980664499720964
4002,0.03793600219065323,0.9970683603664837,4,0.8763427429427929,0,2,0.0,0.09716189851165505
4003,0.035600931742245365,0.9967180159257729,4,0.8763736263736264,0,2,0.0,0.09767359168421114
4004,0.035240003885074714,0.9961290044490506,4,0.8764044943820225,0,2,0.0,0.09734595714791285
4005,0.03365047267438888,0.995669206126396,4,0.8764353469795307,0,2,0.0,0.09791078010076902
4006,0.03386083090583914,0.9955926855927044,4,0.8764661841776891,0,2,0.0,0.09742373058754328
4007,0.03724780903753352,0.9952918907849433,4,0.8764970059880239,0,2,0.0,0.09785275451650582
4008,0.031954488523313854,0.9951682194453075,4,0.8765278124220504,0,2,0.0,0.09758926856982192
4009,0.036064983874453616,0.9951102768750781,4,0.8765586034912718,0,2,0.0,0.09826179307101636
4010,0.03359543535515906,0.9950965156979182,4,0.8765893792071803,0,2,0.0,0.09760493526005348
4011,0.030667664090641283,0.9952181620544689,4,0.8766201395812563,0,2,0.0,0.09767530118243493
4012,0.029636221137711048,0.9954965351319318,4,0.8766508846249689,1,2,0.0,0.0975134388768203
4013,0.03334184880322749,0.9959215778967978,4,0.8766816143497758,1,2,0.0,0.09810936572481915
4014,0.03191942942785946,0.9963873669714111,4,0.8767123287671232,1,2,0.0,0.09720715490863314
4015,0.038010622666578744,0.9967973348438013,4,0.8767430278884463,1,2,0.0,0.09735131369455641
4016,0.04175365796095194,0.9973321863711135,4,0.876773711725168,1,2,0.0,0.09710417410308225
4017,0.040494345386648256,0.9980495342321024,4,0.8768043802887009,1,2,0.0,0.09703713362447243
4018,0.03602755577498695,0.9988872522181252,4,0.8768350335904453,1,2,0.0,0.09807009594453256
4019,0.036315155674920496,0.9997804886319143,4,0.8768656716417911,1,2,0.9945825512878395,0.09699289196008193
4020,0.03965141197420391,0.9997849153855072,4,0.8768962944541159,1,2,0.9945604778630858,0.09783245534462016
4021,0.040407716807016304,0.999780654009074,4,0.8769269020387866,1,2,0.9946312209893474,0.09747684022257042
4022,0.03742711661100482,0.999806074087507,4,0.8769574944071589,1,2,0.9946912990215937,0.09747005869754402
4023,0.03421915449869724,0.9998221556051599,4,0.8769880715705766,1,2,0.9945232962257482,0.09789061600663036
4024,0.03290047547820937,0.9998464340687612,4,0.8770186335403727,1,2,0.9947923034066446,0.09761101127446352
4025,0.035611945623560376,0.9998504922434286,4,0.8770491803278688,1,2,0.9947598510712387,0.0974480708811083
4026,0.02844777154011796,0.9998747936051346,4,0.8770797119443755,1,2,0.9934609999493853,0.09685270736512107
4027,0.039271647946582874,0.9998739261361034,4,0.8771102284011917,1,2,0.9933506266646165,0.09817639179102627
4028,0.03734119868975043,0.999867310914446,4,0.8771407297096053,1,2,0.9933455267807039,0.09799128020336462
4029,0.037513486550988163,0.9998665577668264,4,0.8771712158808933,1,2,0.993247242387447,0.09772708393086203
4030,0.03658519300596486,0.9998535554676253,4,0.8772016869263211,1,2,0.9933771938521871,0.0975398998079204
4031,0.03678809498503918,0.9998567632886146,4,0.8772321428571429,1,2,0.9934037271119609,0.09741834125016682
4032,0.03789022034559597,0.9998568320440521,4,0.8772625836846021,1,2,0.9936180911460061,0.09761700204372732
4033,0.03712805537522766,0.9998350925479016,4,0.8772930094199306,1,2,0.9935702950052802,0.09679903766168037
4034,0.03246064749509181,0.9998223492995386,4,0.8773234200743495,1,2,0.993358835607212,0.09726109293827546
4035,0.032440881016780956,0.9998055209065868,4,0.8773538156590683,1,2,0.9933445408971788,0.09721095426437645
4036,0.03789660027760317,0.9998032371588064,4,0.8773841961852861,1,2,0.9932424711762089,0.09810787763069978
4037,0.03719438864899338,0.9998073999635518,4,0.8774145616641902,1,2,0.9930647079637287,0.09651419148104241
4038,0.03843270046774834,0.9998065395623706,4,0.8774449121069572,1,2,0.9930958223244089,0.09746673823301914
4039,0.03345381426282081,0.9998031745632114,4,0.8774752475247525,1,2,0.9930937647425945,0.09763822496733504
4040,0.030171499413245186,0.9997913025379587,4,0.8775055679287305,1,2,0.9930044067935998,0.09721824258983595
4041,0.038434891091710804,0.9997837110627695,4,0.8775358733300347,1,2,0.9930159740999286,0.09748654360570079
4042,0.03225450185210689,0.9997984836958748,4,0.8775661637397972,1,2,0.9929935947260952,0.09753886991318007
4043,0.03722048179361703,0.999789178674703,4,0.8775964391691394,1,2,0.9932295145787842,0.09784977090209947
4044,0.03434154458911707,0.9997779741394114,4,0.8776266996291718,1,2,0.9931766619840712,0.09713235580230346
4045,0.03492334320621914,0.999772257753829,4,0.8776569451309936,1,2,0.9931424052917996,0.09802612439112712
4046,0.03285800974909985,0.9997876348212228,4,0.8776871756856931,1,2,0.9942195665259805,0.09746913753808231
4047,0.03603061746864896,0.9997899851011767,4,0.8777173913043478,1,2,0.994489390852191,0.09782810456865199
4048,0.03465831295549224,0.9998001673918054,4,0.8777475919980242,1,2,0.9945950349864983,0.09813264056104776
4049,0.035912121253634896,0.9998027121445103,4,0.8777777777777778,1,2,0.9946092842135104,0.0967844354725223
4050,0.03248043753201579,0.9998203393588158,4,0.8778079486546532,1,2,0.9946597161972901,0.0973380341602662
4051,0.03330253442804188,0.9998221876881211,4,0.8778381046396841,1,2,0.9946382326833818,0.09776554160910861
4052,0.03191871470985064,0.999820518084153,4,0.8778682457438934,1,2,0.9945894964737885,0.09698724908322172
4053,0.03601617396376214,0.9998483515264062,4,0.877898371978293,1,2,0.9943713501478293,0.09767797810772591
4054,0.036161219973728426,0.9998596615225749,4,0.8779284833538841,1,2,0.9947723920660925,0.09776886322534689
4055,0.0311546117234892,0.9998718309772618,4,0.8779585798816568,1,2,0.994846856194464,0.09732421923147788
4056,0.032994981540118165,0.9998686473669354,4,0.8779886615725906,1,2,0.9949703419750586,0.09770915363350366
4057,0.038867146474546685,0.9998640358615628,4,0.878018728437654,1,2,0.9954742106313385,0.09766251587379589
4058,0.03807191290258998,0.9998389217219602,4,0.8780487804878049,1,2,0.9956611071769479,0.09708813346811129
4059,0.03158059648216448,0.9998387818681238,4,0.8780788177339901,1,2,0.9954240201762858,0.097083876536533
4060,0.03578243933492492,0.9998503952201179,4,0.8781088401871461,1,2,0.995564453204131,0.09765565453908484
4061,0.03779975541721391,0.9998524690882912,4,0.878138847858198,1,2,0.9953575233229022,0.09658459690352941
4062,0.03539723338954484,0.999845214963046,4,0.8781688407580606,1,2,0.9951593196316155,0.09775547077196776
4063,0.034499828024725385,0.9998368310124203,4,0.8781988188976378,1,2,0.9951966766319043,0.09762968557093107
4064,0.031778869004483325,0.999844044630313,4,0.8782287822878229,1,2,0.9947218149782088,0.09817917977914561
4065,0.03396138749310318,0.9998487782258372,4,0.8782587309394982,1,2,0.9947708916477511,0.09839173626699733
4066,0.03805782124620434,0.9998426819237871,4,0.8782886648635357,1,2,0.9947755317949734,0.09804910401009938
4067,0.03633697278960342,0.9998441822616473,4,0.8783185840707964,1,2,0.994755361983741,0.09782323045163965
4068,0.03250217894185586,0.9998295389227664,4,0.8783484885721308,1,2,0.9947655510724622,0.09746258201500832
4069,0.037071221478509206,0.9998293542389481,4,0.8783783783783784,1,2,0.9951460876013345,0.09800557169807284
4070,0.03243701863216922,0.9998044336126397,4,0.8784082535003684,1,2,0.9951631586450163,0.09760780541758758
4071,0.03943746454732392,0.999797583694468,4,0.8784381139489195,1,2,0.995271454360533,0.09762264439973264
4072,0.03562719408262002,0.9997925396615177,4,0.8784679597348392,1,2,0.9951060212427618,0.09762542879113549
4073,0.03377043078286294,0.999778377825828,4,0.8784977908689249,1,2,0.9947556436490892,0.09617222183249718
4074,0.03578316417406326,0.999769013834496,4,0.8785276073619632,1,2,0.9948079159618004,0.0979933351194182
4075,0.03839539511472002,0.9997892157639465,4,0.8785574092247301,1,2,0.9945141245625244,0.09743041483063768
4076,0.03331586567270854,0.9997799669493992,4,0.8785871964679912,1,2,0.9943547100913451,0.09750517307820017
4077,0.0358032126126819,0.9997921498225515,4,0.8786169691025012,1,2,0.9943165461873777,0.09741552119919576
4078,0.03430302981908821,0.9997896675962552,4,0.8786467271390047,1,2,0.9940698464959083,0.0975860079123282
4079,0.040740863517728446,0.9997659453968702,4,0.8786764705882353,1,2,0.9942052335749252,0.09708576079884329
4080,0.037012689560384116,0.9997624559903237,4,0.8787061994609164,1,2,0.9940972600019287,0.09777979010668708
4081,0.03898474894705431,0.9997520120441001,4,0.878735913767761,1,2,0.9942989117823637,0.09755452315851107
4082,0.034811759822568,0.9997431826406622,4,0.878765613519471,1,2,0.9940951729420359,0.09689341550452733
4083,0.03644773999396489,0.9997363280152056,4,0.8787952987267384,1,2,0.9942001143696073,0.09761470959369417
4084,0.03482378609313858,0.9997202996762108,4,0.8788249694002448,1,2,0.9946915162330712,0.09662941009476392
4085,0.0352331392407052,0.9997133269513674,4,0.8788546255506607,1,2,0.9941918217924639,0.0981098308872594
4086,0.034608557659252526,0.9997155151691821,4,0.878884267188647,1,2,0.9940461724443213,0.09738116923574003
4087,0.03188997683091263,0.9997067092727661,4,0.8789138943248532,1,2,0.9939506863524852,0.09795236704139747
4088,0.03830604704042173,0.9997061814867998,4,0.8789435069699193,1,2,0.993974645383616,0.09741235162408993
4089,0.033815106415672896,0.9996788189399736,4,0.8789731051344744,1,2,0.9937231753310307,0.09715179371970702
4090,0.03497974898422655,0.9996818682080922,4,0.8790026888291371,1,2,0.993506945989,0.09816088361705222
4091,0.03407279251867135,0.9996648457844551,4,0.8790322580645161,1,2,0.9934823251271276,0.09731443234185493
4092,0.03186100612798333,0.9996640987412639,4,0.8790618128512094,1,2,0.9935375630583885,0.09790105157913448
4093,0.03956554048490335,0.9996798345386771,4,0.8790913531998046,1,2,0.9937244595209189,0.09808777078446829
4094,0.032356136760228874,0.999685184351954,4,0.8791208791208791,1,2,0.9934540645798327,0.09801265308757695
4095,0.033397445762653424,0.999684067454535,4,0.879150390625,1,2,0.9937473102928233,0.09805675087389748
4096,0.031688893027956105,0.9996853962390148,4,0.8791798877227239,1,2,0.9939394942315474,0.09767261853815828
4097,0.035548849230096054,0.999687525738929,4,0.8792093704245973,1,2,0.9938370660884459,0.09746215737940113
4098,0.03426201784058888,0.9997031105545396,4,0.8792388387411564,1,2,0.9940969340891901,0.09765032187403477
4099,0.03484886023124789,0.9997201661071226,4,0.8792682926829268,1,2,0.9940837557470277,0.09772406449186327
4100,0.03238881451535158,0.9989506325530323,4,0.8792977322604243,1,2,0.0,0.08630593601184117
4101,0.03242779497480572,0.9982027745896398,4,0.879327157484154,1,2,0.0,0.08626488490929404
4102,0.029496854972806665,0.9978277100244628,4,0.8793565683646113,1,2,0.0,0.0862891731972737
4103,0.02817402159555961,0.9969314554116814,4,0.8793859649122807,1,2,0.0,0.08732075094489541
4104,0.0330405782821413,0.9965520343354762,4,0.879415347137637,1,2,0.0,0.08593852957989007
4105,0.03544621058700009,0.9962041791845319,4,0.8794447150511446,1,2,0.0,0.08752888539223853
4106,0.03027633789258861,0.9955897100896552,4,0.8794740686632578,1,2,0.0,0.086039961228328
4107,0.03000017936867971,0.9955118905736708,4,0.8795034079844206,1,2,0.0,0.08688719473560287
4108,0.037321310017728,0.9954938573697631,4,0.879532733025067,1,2,0.0,0.0874507253001936
4109,0.030632265299849228,0.9953204402218813,4,0.8795620437956204,1,2,0.0,0.08739780946554931
4110,0.03925846215351293,0.9953326090580981,4,0.8795913403064948,1,2,0.0,0.08703288305665668
4111,0.03467437864273935,0.995568301504523,4,0.8796206225680934,1,2,0.0,0.08603332740502871
4112,0.028888322132300588,0.9956754490987163,4,0.8796498905908097,1,2,0.0,0.0856551417627563
4113,0.034104271126566686,0.9960352952626649,4,0.8796791443850267,1,2,0.0,0.08647209040718645
4114,0.039144559063097425,0.9962825327350218,4,0.8797083839611178,1,2,0.0,0.08558983582957416
4115,0.03518602732398417,0.99677619903361,4,0.8797376093294461,1,2,0.0,0.0877835562895197
4116,0.03111536529772042,0.9974792918146919,4,0.8797668205003644,1,2,0.0,0.08714527995093806
4117,0.034181462234554594,0.9982503416514089,4,0.8797960174842157,1,2,0.0,0.08645244889787096
4118,0.03446745663985494,0.9988759352127117,4,0.8798252002913328,1,2,0.0,0.08687076141188506
4119,0.03596563834154876,0.9997732679585862,4,0.8798543689320388,1,2,0.9943228215145075,0.08655176526413666
4120,0.030197101630657776,0.999787840779121,4,0.8798835234166464,1,2,0.9945227600861752,0.08733418711666222
4121,0.030983753460404724,0.9997844927127505,4,0.8799126637554585,1,2,0.9943624607314221,0.08560184022257042
4122,0.03388647851287566,0.9998100383910187,4,0.8799417899587679,1,2,0.9942245275436883,0.08583601989744652
4123,0.03421475456068325,0.9998261708421728,4,0.8799709020368575,1,2,0.9941086884198648,0.08634223899386367
4124,0.03359145582004864,0.9998476702951753,4,0.88,1,2,0.9943747006776156,0.0861613063929807
4125,0.033771378196054996,0.9998505965319523,4,0.8800290838584586,1,2,0.9943570030033176,0.08667546730126156
4126,0.034976104469617006,0.9998774578843322,4,0.8800581536224861,1,2,0.993906042937821,0.08734240404957994
4127,0.03147021047343323,0.9998767462792739,4,0.8800872093023255,1,2,0.9939171607384268,0.08647199026370185
4128,0.03464381853718304,0.9998707720244223,4,0.8801162509082102,1,2,0.9941884020635516,0.08661657773945236
4129,0.03359632124671949,0.9998701832817878,4,0.8801452784503632,1,2,0.9939976637660151,0.08684893848241164
4130,0.030826281102459746,0.9998594931850442,4,0.8801742919389978,1,2,0.9940553048323886,0.08635132453146488
4131,0.0329325707611752,0.9998636185588698,4,0.8802032913843175,1,2,0.9940472287702546,0.08595255180882408
4132,0.0357821371843037,0.9998634667948072,4,0.8802322767965158,1,2,0.9940602772508136,0.0860551956550129
4133,0.031101013099234038,0.9998409343873252,4,0.8802612481857764,1,2,0.9937449319315597,0.0854678127015228
4134,0.03056895334330891,0.9998294263251117,4,0.8802902055622733,1,2,0.9936265315285979,0.08665614033381344
4135,0.027700080978834873,0.9998140632805479,4,0.8803191489361702,1,2,0.994231189779895,0.0871838281868376
4136,0.03274087405917666,0.9998121539753108,4,0.8803480783176215,1,2,0.9942160551598949,0.08639120670874179
4137,0.033794224859988994,0.9998158388345865,4,0.8803769937167714,1,2,0.994069709739568,0.08667256739607805
4138,0.03229630128038298,0.9998153731060373,4,0.8804058951437546,1,2,0.9941848287736332,0.08592290582701222
4139,0.03169477149890766,0.99981286755509,4,0.8804347826086957,1,2,0.9942180292223184,0.08624716897565733
4140,0.02804868612028719,0.9998003425559492,4,0.8804636561217097,1,2,0.9941135498857232,0.08539439734040735
4141,0.033990660643152926,0.9997907625760746,4,0.880492515692902,1,2,0.994249200529024,0.08626742367404583
4142,0.029685663770654604,0.999805470771354,4,0.8805213613323678,1,2,0.9943457993660272,0.08624645339295699
4143,0.029864314778011096,0.9997964952463734,4,0.880550193050193,1,2,0.9944863074846724,0.08653864446838978
4144,0.03140320648916205,0.9997861945797607,4,0.8805790108564535,1,2,0.994483491029847,0.08571602221220387
4145,0.030743199075724766,0.9997800864230995,4,0.8806078147612156,1,2,0.9944101541801835,0.08627851003683036
4146,0.03181663451604216,0.9997944697442508,4,0.8806366047745358,1,2,0.9949331126449514,0.08586496248552783
4147,0.04044131267146009,0.9997968941257285,4,0.880665380906461,1,2,0.9950219493030148,0.08674293963112802
4148,0.02927774922873189,0.9998066226894061,4,0.8806941431670282,1,2,0.9951370310407974,0.08637155484389121
4149,0.03225846419289475,0.9998094025208325,4,0.880722891566265,1,2,0.9950500930322654,0.08555681465169465
4150,0.033434163048993645,0.9998249683529655,4,0.8807516261141893,1,2,0.9949924513035695,0.08671303243584504
4151,0.03644877153523104,0.9998264446982614,4,0.8807803468208093,1,2,0.9947625997950871,0.08779928117110758
4152,0.03591907031565829,0.999825024239849,4,0.8808090536961233,1,2,0.9946122218364032,0.08534633486063166
4153,0.03524690936094964,0.9998536944561139,4,0.8808377467501204,1,2,0.9947969793200742,0.08603902438583412
4154,0.0353260267053256,0.9998647697308674,4,0.8808664259927798,1,2,0.9948732972764853,0.08605435273713202
4155,0.032437401332971245,0.999874408361783,4,0.8808950914340712,1,2,0.9949667862579301,0.08578671241314949
4156,0.02903797719371247,0.9998712071082883,4,0.8809237430839548,1,2,0.9947421639593249,0.08705924241141415
4157,0.0324820241601914,0.9998676509511895,4,0.8809523809523809,1,2,0.9949927879438163,0.08609928124056056
4158,0.03252566963136809,0.9998439810279937,4,0.8809810050492907,1,2,0.9950811399177302,0.0860367548796961
4159,0.030853141154980394,0.9998426634571141,4,0.8810096153846154,1,2,0.9950766715185327,0.08612004084973993
4160,0.032627330602924186,0.9998550535462073,4,0.8810382119682768,1,2,0.9953335242319357,0.08620798723220416
4161,0.033011680352019686,0.9998586946064734,4,0.8810667948101875,1,2,0.994785797589943,0.08483645780238495
4162,0.03350077601867091,0.9998502147784735,4,0.8810953639202498,1,2,0.9946927469565217,0.0865561062012852
4163,0.034356656558572195,0.9998407446476739,4,0.8811239193083573,1,2,0.99461864585348,0.08651590417751802
4164,0.030527453186545636,0.999847252207826,4,0.8811524609843937,1,2,0.9944385405694918,0.08685970136930882
4165,0.03218922758834826,0.999853149082344,4,0.8811809889582333,1,2,0.9944799539646005,0.08661230923075763
4166,0.034874969414977246,0.9998470995119009,4,0.8812095032397408,1,2,0.9943116006172255,0.0874985301620636
4167,0.03472623401025049,0.9998478385262578,4,0.8812380038387716,1,2,0.9943429716834864,0.08617017624512918
4168,0.03408187260145436,0.99983270311668,4,0.8812664907651715,1,2,0.994372571820981,0.08600582630786276
4169,0.030202742119667933,0.9998323460314554,4,0.8812949640287769,1,2,0.9948206037616034,0.08701016949915334
4170,0.03233924653911522,0.9998100093777026,4,0.881323423639415,1,2,0.9946783586420975,0.08607566122851389
4171,0.032325624304158355,0.9998031707178162,4,0.8813518696069031,1,2,0.9948010988869518,0.08668263599767545
4172,0.03051824720926869,0.9997982101436423,4,0.8813803019410497,1,2,0.9950814193835482,0.08631030527234536
4173,0.030191212989158587,0.9997842679940553,4,0.8814087206516531,1,2,0.9946021173655408,0.0854822111134701
4174,0.03437320289026902,0.9997758005086183,4,0.881437125748503,1,2,0.9944366741155988,0.08667360386903894
4175,0.035259311947035105,0.9997970233910466,4,0.8814655172413793,1,2,0.9943491376347152,0.08706815571644656
4176,0.031408703919362006,0.9997895224388413,4,0.8814938951400527,1,2,0.9945316031231433,0.08770125543105814
4177,0.028300930490352545,0.999800000534307,4,0.8815222594542843,1,2,0.9944840395381676,0.08586182056042868
4178,0.026002852155523132,0.9997975829032808,4,0.8815506101938263,1,2,0.9942837466754919,0.0879616856718831
4179,0.03298599108547402,0.9997741514548906,4,0.881578947368421,1,2,0.9941676566244116,0.0854253741103977
4180,0.036936516791785765,0.9997705339374119,4,0.881607270987802,1,2,0.9940781263483205,0.08620401502586932
4181,0.032394172288889245,0.9997595302583712,4,0.8816355810616929,1,2,0.9947383873082871,0.08593486898857748
4182,0.03461126069732612,0.9997535011095673,4,0.8816638775998088,1,2,0.9945915213196381,0.08700858057731202
4183,0.029038197522509367,0.9997484767946946,4,0.8816921606118547,1,2,0.994487103141752,0.08685486014507693
4184,0.035461575739153386,0.9997315653301606,4,0.8817204301075269,1,2,0.9945002108266346,0.0867605622573647
4185,0.030316774722508204,0.9997252992209262,4,0.8817486860965121,1,2,0.9940453916324576,0.08695897597867643
4186,0.02823844758396582,0.9997273622364119,4,0.8817769285884882,1,2,0.9940245528546122,0.0863647053024022
4187,0.030377421358272254,0.9997204245280437,4,0.8818051575931232,1,2,0.9939530092506471,0.08721729486457193
4188,0.030424649262630117,0.9997220395924008,4,0.8818333731200764,1,2,0.9939756803907109,0.08682941139253159
4189,0.03303483466282242,0.9996957430768446,4,0.8818615751789977,1,2,0.9933433696619259,0.08560721303573354
4190,0.031423719500893225,0.9996975849372802,4,0.8818897637795275,1,2,0.9934276772344532,0.08672603365527086
4191,0.034387769366214786,0.9996792118563141,4,0.8819179389312977,1,2,0.9933432186461695,0.08589412865474257
4192,0.033971944065500075,0.9996782959491033,4,0.8819461006439303,1,2,0.9933095010817699,0.08642422602784916
4193,0.027048187497969896,0.9996935577555638,4,0.8819742489270386,1,2,0.9936215800088052,0.08625111470286005
4194,0.03450731871765655,0.9996966257196337,4,0.8820023837902264,1,2,0.9935141433715009,0.08685191999407281
4195,0.029038387260690954,0.9996959380251083,4,0.8820305052430887,1,2,0.9935454685132177,0.08648673805126496
4196,0.03353271132803927,0.999694683114879,4,0.8820586132952108,1,2,0.9935414533558089,0.0858904886715354
4197,0.029579414286006293,0.9996966880545513,4,0.8820867079561696,1,2,0.9932912878170647,0.08594788480183048
4198,0.03063453102409827,0.9997105816836206,4,0.8821147892355322,1,2,0.9935637399455821,0.08664340512986796
4199,0.03390701875879759,0.9997280919146213,4,0.8821428571428571,1,2,0.9937708478826288,0.08661725982098531
4200,0.03669803719696724,0.9987662063924179,4,0.8821709116876935,1,2,0.0,0.09645600565431912
4201,0.0361854831493854,0.9979816563411823,4,0.8821989528795812,1,2,0.0,0.0980664499720964
4202,0.03568989580335186,0.9970020618541371,4,0.8822269807280514,1,2,0.0,0.09716189851165505
4203,0.03348784874187198,0.9966845437970441,4,0.8822549952426261,1,2,0.0,0.09767359168421114
4204,0.03293132306876235,0.9960443617074686,4,0.882282996432818,1,2,0.0,0.09734595714791285
4205,0.03134907835972521,0.9955740626123062,4,0.8823109843081313,1,2,0.0,0.09791078010076902
4206,0.03170312296761318,0.9954689284809118,4,0.8823389588780604,1,2,0.0,0.09742373058754328
4207,0.03499221156393551,0.9951146300003236,4,0.8823669201520913,1,2,0.0,0.09785275451650582
4208,0.029659196263586242,0.9948802482102871,4,0.8823948681397007,1,2,0.0,0.09758926856982192
4209,0.03383693148552365,0.9949864027965628,4,0.8824228028503563,1,2,0.0,0.09826179307101636
4210,0.031210153719334825,0.9950755381136778,4,0.882450724293517,1,2,0.0,0.09760493526005348
4211,0.028512683748634964,0.9951407981591738,4,0.8824786324786325,1,2,0.0,0.09767530118243493
4212,0.027672402525463713,0.9955074062660976,4,0.8825065274151436,1,2,0.0,0.0975134388768203
4213,0.03112702781779168,0.9957755213828026,4,0.8825344091124822,1,2,0.0,0.09810936572481915
4214,0.02958358696198357,0.9963597244803675,4,0.8825622775800712,1,2,0.0,0.09720715490863314
4215,0.03558639106334356,0.9968695286832283,4,0.8825901328273245,1,2,0.0,0.09735131369455641
4216,0.039394475112568446,0.9973850552596036,4,0.8826179748636471,1,2,0.0,0.09710417410308225
4217,0.038056995203914756,0.9979730072767667,4,0.8826458036984353,1,2,0.0,0.09703713362447243
4218,0.03374620215166691,0.9989241509231033,4,0.8826736193410761,1,2,0.0,0.09807009594453256
4219,0.034003888476065225,0.9997717257273308,4,0.8827014218009479,1,2,0.9943430193812576,0.09699289196008193
4220,0.03729997539313105,0.9997849153866192,4,0.8827292110874201,1,2,0.9945597559846914,0.09783245534462016
4221,0.038111853198322936,0.9997806540101994,4,0.8827569872098532,1,2,0.994630027727166,0.09747684022257042
4222,0.035037974727975506,0.9998060740884889,4,0.8827847501775988,1,2,0.9946908825965703,0.09747005869754402
4223,0.03194640649151713,0.9998221556060309,4,0.8828125,1,2,0.9945221610628211,0.09789061600663036
4224,0.030656595141754023,0.9998464340696629,4,0.8828402366863906,1,2,0.9947905023928276,0.09761101127446352
4225,0.033288314844107256,0.9998504922443436,4,0.8828679602460956,1,2,0.9947581457201121,0.0974480708811083
4226,0.026333141526721875,0.999874793605674,4,0.8828956706884316,1,2,0.9934546184080555,0.09685270736512107
4227,0.03691947574313849,0.9998739261365712,4,0.8829233680227058,1,2,0.9933489330022897,0.09817639179102627
4228,0.034929724232107086,0.9998673109148694,4,0.882951052258217,1,2,0.993344592994178,0.09799128020336462
4229,0.03513582540867358,0.9998665577671583,4,0.8829787234042553,1,2,0.9932478725676714,0.09772708393086203
4230,0.03434316042779734,0.9998535554678516,4,0.8830063814701016,1,2,0.9933783869510082,0.0975398998079204
4231,0.03445838730990438,0.9998567632888683,4,0.8830340264650284,1,2,0.9934056088168972,0.09741834125016682
4232,0.03547548802469131,0.9998568320442818,4,0.8830616583982991,1,2,0.9936183854895417,0.09761700204372732
4233,0.03487287880262796,0.9998350925484109,4,0.8830892772791686,1,2,0.993572371871031,0.09679903766168037
4234,0.030368725933338697,0.9998223492999267,4,0.8831168831168831,1,2,0.9933642378271929,0.09726109293827546
4235,0.030436995839730446,0.9998055209069626,4,0.8831444759206799,1,2,0.9933495791532041,0.09721095426437645
4236,0.035550218654733824,0.9998032371591481,4,0.8831720556997876,1,2,0.9932489992231688,0.09810787763069978
4237,0.03483744841937686,0.9998073999639063,4,0.8831996224634261,1,2,0.993069493131414,0.09651419148104241
4238,0.036092423996803916,0.9998065395626958,4,0.8832271762208068,1,2,0.9931045267637529,0.09746673823301914
4239,0.03129372025118324,0.9998031745635264,4,0.8832547169811321,1,2,0.9931017727938932,0.09763822496733504
4240,0.028234090987491016,0.9997913025382117,4,0.8832822447535958,1,2,0.9930130469886078,0.09721824258983595
4241,0.03607724182175782,0.9997837110632003,4,0.8833097595473833,1,2,0.9930247588366128,0.09748654360570079
4242,0.030183160226306103,0.9997984836962597,4,0.883337261371671,1,2,0.9930024557114137,0.09753886991318007
4243,0.03498676355744511,0.9997891786750709,4,0.8833647502356268,1,2,0.9932404330350852,0.09784977090209947
4244,0.03213574472220628,0.9997779741397859,4,0.8833922261484098,1,2,0.9931864646663262,0.09713235580230346
4245,0.032724402249479666,0.9997722577543736,4,0.883419689119171,1,2,0.9931523666150439,0.09802612439112712
4246,0.030694522915497686,0.9997876348217244,4,0.8834471391570521,1,2,0.994233331569084,0.09746913753808231
4247,0.03351749752867236,0.9997899851016964,4,0.8834745762711864,1,2,0.9944992623233397,0.09782810456865199
4248,0.03251875448409793,0.9998001673922928,4,0.8835020004706989,1,2,0.9946037722830355,0.09813264056104776
4249,0.03360857718870003,0.9998027121449543,4,0.8835294117647059,1,2,0.994616574030076,0.0967844354725223
4250,0.030283208043456824,0.9998203393593559,4,0.8835568101623148,1,2,0.9946659979745249,0.0973380341602662
4251,0.03100251949545158,0.9998221876886256,4,0.8835841956726247,1,2,0.9946443068185945,0.09776554160910861
4252,0.029663268883173888,0.9998205180846463,4,0.8836115683047261,1,2,0.9945951838994219,0.09698724908322172
4253,0.03363814936032436,0.9998483515264921,4,0.883638928067701,1,2,0.9943725135965518,0.09767797810772591
4254,0.03379774331004713,0.9998596615226655,4,0.8836662749706228,1,2,0.9947691968690346,0.09776886322534689
4255,0.029030170595224156,0.9998718309775916,4,0.8836936090225563,1,2,0.9948416218023779,0.09732421923147788
4256,0.031016822473812364,0.999868647367306,4,0.8837209302325582,1,2,0.9949645250912891,0.09770915363350366
4257,0.03650388338983044,0.9998640358618868,4,0.8837482386096759,1,2,0.9954682532961562,0.09766251587379589
4258,0.03576004759647035,0.9998389217222708,4,0.8837755341629491,1,2,0.9956524230975177,0.09708813346811129
4259,0.029510588238979046,0.9998387818684811,4,0.8838028169014085,1,2,0.9954142212751168,0.097083876536533
4260,0.033513840245827944,0.9998503952204953,4,0.8838300868340765,1,2,0.9955556079176877,0.09765565453908484
4261,0.03545510534329353,0.9998524690884306,4,0.8838573439699672,1,2,0.9953512706756604,0.09658459690352941
4262,0.03310663221057297,0.9998452149633376,4,0.8838845883180858,1,2,0.9951553410119254,0.09775547077196776
4263,0.03225365531679188,0.9998368310128367,4,0.8839118198874296,1,2,0.9951935286811845,0.09762968557093107
4264,0.029701885235434128,0.9998440446307816,4,0.8839390386869871,1,2,0.9947150492680057,0.09817917977914561
4265,0.03173531896956076,0.9998487782261101,4,0.8839662447257384,1,2,0.9947634846291311,0.09839173626699733
4266,0.035678030467769656,0.9998426819241624,4,0.8839934380126553,1,2,0.9947693286703663,0.09804910401009938
4267,0.03395764768274014,0.9998441822621176,4,0.884020618556701,1,2,0.9947495128920254,0.09782323045163965
4268,0.03029492967124533,0.9998295389233285,4,0.8840477863668307,1,2,0.9947597087584674,0.09746258201500832
4269,0.03486892585777846,0.99982935423952,4,0.8840749414519906,1,2,0.9951382344168291,0.09800557169807284
4270,0.030261875996692257,0.9998044336131646,4,0.8841020838211192,1,2,0.9951574579957467,0.09760780541758758
4271,0.03707870399072304,0.9997975836950421,4,0.8841292134831461,1,2,0.9952668748770475,0.09762264439973264
4272,0.03342569637705482,0.999792539662253,4,0.8841563304469927,1,2,0.9951053733960387,0.09762542879113549
4273,0.031615833115078776,0.9997783778265058,4,0.8841834347215723,1,2,0.9947548872930789,0.09617222183249718
4274,0.033457419439857125,0.9997690138351352,4,0.8842105263157894,1,2,0.9948073817244116,0.0979933351194182
4275,0.03597512028484519,0.9997892157643892,4,0.8842376052385407,1,2,0.9945182231957741,0.09743041483063768
4276,0.03116796051019685,0.9997799669497887,4,0.884264671498714,1,2,0.9943571837040823,0.09750517307820017
4277,0.033695330077445955,0.9997921498229344,4,0.8842917251051894,1,2,0.994319083757732,0.09741552119919576
4278,0.032318805375016135,0.9997896675966854,4,0.884318766066838,1,2,0.9940729406374538,0.0975860079123282
4279,0.038319260209053754,0.9997659453972998,4,0.8843457943925234,1,2,0.9942097193336047,0.09708576079884329
4280,0.034582053643689326,0.9997624559908154,4,0.8843728100911002,1,2,0.9941005902105098,0.09777979010668708
4281,0.03663760806684589,0.9997520120446596,4,0.8843998131714152,1,2,0.9943013777789067,0.09755452315851107
4282,0.032535611601309945,0.9997431826410305,4,0.8844268036423067,1,2,0.9940968195547683,0.09689341550452733
4283,0.03426336881536926,0.9997363280155593,4,0.884453781512605,1,2,0.9942007330260912,0.09761470959369417
4284,0.03254338612874064,0.9997202996766965,4,0.8844807467911319,1,2,0.9946973027633522,0.09662941009476392
4285,0.033043021085939955,0.9997133269518488,4,0.8845076994867009,1,2,0.9941971848234619,0.0981098308872594
4286,0.032531390850131875,0.9997155151696563,4,0.8845346396081175,1,2,0.994053116339907,0.09738116923574003
4287,0.029809738787254025,0.9997067092730719,4,0.8845615671641791,1,2,0.9939572817361348,0.09795236704139747
4288,0.03599344561208824,0.9997061814870559,4,0.8845884821636745,1,2,0.9939809933658419,0.09741235162408993
4289,0.031586342852807245,0.9996788189404153,4,0.8846153846153846,1,2,0.993728161394632,0.09715179371970702
4290,0.03275284617607847,0.9996818682086187,4,0.8846422745280821,1,2,0.9935100751513495,0.09816088361705222
4291,0.031824367330958295,0.9996648457850807,4,0.8846691519105312,1,2,0.9934851364537357,0.09731443234185493
4292,0.02964806711171513,0.9996640987417323,4,0.8846960167714885,1,2,0.9935392405080212,0.09790105157913448
4293,0.03734789536896617,0.9996798345391898,4,0.8847228691197019,1,2,0.9937270120259718,0.09808777078446829
4294,0.03011834881697365,0.9996851843525161,4,0.8847497089639115,1,2,0.9934567484156378,0.09801265308757695
4295,0.031299758887973914,0.9996840674550957,4,0.8847765363128491,1,2,0.9937469805522661,0.09805675087389748
4296,0.02951718228196722,0.9996853962399038,4,0.8848033511752386,1,2,0.9939387128574163,0.09767261853815828
4297,0.03335693349342687,0.9996875257399321,4,0.8848301535597952,1,2,0.9938385381807486,0.09746215737940113
4298,0.03209828044022877,0.9997031105555283,4,0.8848569434752268,1,2,0.9940956407135602,0.09765032187403477
4299,0.032675742296183904,0.9997201661080922,4,0.8848837209302326,1,2,0.9940823972071582,0.09772406449186327
4300,0.030225460578171742,0.998950632556155,4,0.8849104859335039,1,2,0.0,0.08630593601184117
4301,0.0276599659052976,0.998176857887679,4,0.8849372384937239,1,2,0.0,0.0859622379608362
4302,0.033849692084239894,0.9976421481288837,4,0.8849639786195678,1,2,0.0,0.08700836385271374
4303,0.02622150145894121,0.9970994996874734,4,0.8849907063197026,1,2,0.0,0.0864876188572079
4304,0.030464559052156646,0.9965379017217082,4,0.8850174216027874,1,2,0.0,0.08646001878010005
4305,0.033409124543812514,0.9961982142178032,4,0.8850441244774733,1,2,0.0,0.08677424856776114
4306,0.03377839537004493,0.9957597141237775,4,0.885070814952403,1,2,0.0,0.0862044739465889
4307,0.03095353435185285,0.9956661012404436,4,0.8850974930362117,1,2,0.0,0.08693050030713645
4308,0.03305713154934782,0.9956254104434862,4,0.8851241587375261,1,2,0.0,0.0866175223516144
4309,0.031600498653188334,0.9954510980491472,4,0.8851508120649652,1,2,0.0,0.0862668261419241
4310,0.034547307395372054,0.995374733915082,4,0.8851774530271399,1,2,0.0,0.08556363471839007
4311,0.03511748787164694,0.995577428683996,4,0.8852040816326531,1,2,0.0,0.0867173759192393
4312,0.03244400838789759,0.9956407542253873,4,0.8852306978900997,1,2,0.0,0.08672560644106489
4313,0.03200211949752947,0.996070508668541,4,0.8852573018080667,1,2,0.0,0.08577807084900789
4314,0.029128026090352803,0.9963851417002467,4,0.8852838933951332,1,2,0.0,0.08724271960951255
4315,0.03137899814185415,0.9968870129578956,4,0.8853104726598703,1,2,0.0,0.08757102916601345
4316,0.02662662492780702,0.9975898665863328,4,0.8853370396108409,1,2,0.0,0.08622561927223321
4317,0.0293603233211559,0.9983200970720252,4,0.8853635942566003,1,2,0.0,0.08594651892552625
4318,0.03148851093198941,0.9989501260760496,4,0.8853901366056958,1,2,0.0,0.08644267992711914
4319,0.03583159933424736,0.9998449316936077,4,0.8854166666666666,1,2,0.9949929276947926,0.08618693253500986
4320,0.02972001370384149,0.9998450911319381,4,0.8854431844480445,1,2,0.9952646886923859,0.08649791042401733
4321,0.02751347022832132,0.999841169950303,4,0.8854696899583526,1,2,0.9948801924506967,0.08727175596129766
4322,0.035079923071349876,0.9998087074107672,4,0.8854961832061069,1,2,0.9945628856069446,0.08668492078654558
4323,0.031037077688469927,0.9998043367595134,4,0.885522664199815,1,2,0.9943102243187731,0.08594301067850359
4324,0.02840084361850594,0.9997971969319402,4,0.8855491329479769,1,2,0.9943978335561163,0.08575157516923074
4325,0.027881562030759435,0.9997913821740907,4,0.8855755894590847,1,2,0.9942101526326901,0.08592146874672385
4326,0.030150783534325033,0.9997996637707348,4,0.8856020337416224,1,2,0.9943001991085139,0.08710216385275205
4327,0.031872558334261794,0.999776324165788,4,0.8856284658040665,1,2,0.9943372963717685,0.08655770076640844
4328,0.0324376506116809,0.9997783464114975,4,0.8856548856548857,1,2,0.9939628126077239,0.0874089830569315
4329,0.03031222692762779,0.999780577294907,4,0.8856812933025404,1,2,0.9939657171130674,0.08676429191632767
4330,0.03143172014593981,0.9997731654675477,4,0.8857076887554837,1,2,0.9942440191472179,0.08604845720704105
4331,0.03599522991624726,0.999776819339496,4,0.8857340720221607,1,2,0.9942159525622046,0.08654467848046439
4332,0.026896024935834498,0.9997894247217207,4,0.8857604431110085,1,2,0.9941543574159353,0.08616103538491918
4333,0.030516455765517217,0.9997873150410989,4,0.8857868020304569,1,2,0.994194768675785,0.08676025008578567
4334,0.031208284528840887,0.9997808413347143,4,0.8858131487889274,1,2,0.9942566454888642,0.08614461547818314
4335,0.029273221237854086,0.99977857274341,4,0.885839483394834,1,2,0.9946201613321441,0.08683441108713262
4336,0.028652765213791523,0.9997660671441262,4,0.8858658058565829,1,2,0.994622454826835,0.08610922066752147
4337,0.031489818580608085,0.999788884855236,4,0.8858921161825726,1,2,0.9943008717625283,0.08719295216385536
4338,0.0315468204317024,0.9998010663928543,4,0.8859184143811938,1,2,0.9942625257189345,0.08582469010350192
4339,0.03135442565951101,0.9997996917904187,4,0.8859447004608295,1,2,0.9941809464235023,0.08645334014717151
4340,0.031719694359975514,0.9998070125089541,4,0.8859709744298548,1,2,0.9936760647639957,0.08750161187575484
4341,0.028373875174744267,0.999789571510211,4,0.8859972362966375,1,2,0.9941256268750593,0.08579038947772909
4342,0.02688461386107399,0.9998137683968908,4,0.8860234860695372,1,2,0.9944024079118228,0.0864689094384128
4343,0.028855600817772182,0.9998313337369384,4,0.886049723756906,1,2,0.9945610459879632,0.0867080235480475
4344,0.030350225934177053,0.9998236416296671,4,0.8860759493670886,1,2,0.9944671417842456,0.0860725598839574
4345,0.031131419287411307,0.9998272491302773,4,0.8861021629084216,1,2,0.994651726132657,0.08564795908307984
4346,0.032153319772350114,0.9998189660633761,4,0.8861283643892339,1,2,0.994255760923773,0.08588265965833775
4347,0.02835863471472985,0.9998138937839409,4,0.8861545538178472,1,2,0.9942636702789427,0.08645621703593996
4348,0.02674773399636898,0.9998054773344839,4,0.8861807312025753,1,2,0.9947397690085411,0.08614523565751432
4349,0.031102043337493654,0.9998051253987783,4,0.8862068965517241,1,2,0.9947510865174218,0.08643918279966933
4350,0.030534971790283277,0.9998105869040231,4,0.8862330498735923,1,2,0.9946860607078126,0.08711640868762305
4351,0.03008946245742903,0.99980830145453,4,0.8862591911764706,1,2,0.9947091293429443,0.08701893717731304
4352,0.030746586365052838,0.9997999081191783,4,0.8862853204686423,1,2,0.9948792492699923,0.08620916783745672
4353,0.030594976423400953,0.9997897597241556,4,0.8863114377583831,1,2,0.994828240292184,0.08699257444037684
4354,0.029434175257606537,0.999798467628082,4,0.886337543053961,1,2,0.9948513584316352,0.08608187551735566
4355,0.026037496449188312,0.9997621524964393,4,0.8863636363636364,1,2,0.994268341295502,0.08559614493823783
4356,0.03061853861934097,0.9997625398979825,4,0.8863897176956621,0,2,0.9942521586380567,0.08626163656730408
4357,0.030350691716430872,0.9997507885224168,4,0.8864157870582836,0,2,0.9946017291949805,0.08670373524837748
4358,0.03045776377829477,0.9997500336535174,4,0.8864418444597385,0,2,0.9944506811263225,0.08540153573204003
4359,0.029151135255549816,0.9997406297535775,4,0.8864678899082569,0,2,0.9945236500843915,0.08579204794479456
4360,0.028371535898506724,0.9997374601338268,4,0.8864939234120615,0,2,0.9951935066600288,0.08631103818227265
4361,0.030855459841161174,0.9997294564862595,4,0.8865199449793673,0,2,0.9951865043293335,0.08646421712286048
4362,0.027402386688228177,0.9997233498369184,4,0.8865459546183818,0,2,0.9946706813949627,0.08759313131521207
4363,0.029108091095254956,0.9997189262758528,4,0.8865719523373052,0,2,0.9946507213626616,0.0866674895618675
4364,0.027963618342298595,0.9996966281112416,4,0.8865979381443299,0,2,0.9947391396388986,0.08576168615876244
4365,0.030091766246256434,0.9996953133981245,4,0.8866239120476409,0,2,0.9947060551568411,0.08609362900687909
4366,0.027550246028013568,0.9997021105831644,4,0.8866498740554156,0,2,0.9948923609736764,0.0862144363290292
4367,0.02731625836329553,0.9997317750657193,4,0.8866758241758241,0,2,0.9949281751321812,0.0859234201833497
4368,0.027994208725291403,0.9997333277634203,4,0.886701762417029,0,2,0.9948699160937347,0.08660386956800144
4369,0.03234549512959532,0.9997304409703132,4,0.8867276887871853,0,2,0.9948848024377728,0.08658575569924803
4370,0.030155464707916947,0.999706665698439,4,0.8867536032944406,0,2,0.9946337419875532,0.08805069152994113
4371,0.03333344120694763,0.9997059901091949,4,0.886779505946935,0,2,0.9947353476869165,0.08697793948926791
4372,0.029258415715018776,0.9997167070405283,4,0.8868053967528012,0,2,0.9947477980689782,0.08652204446679854
4373,0.027490047021601845,0.9997364581888686,4,0.8868312757201646,0,2,0.9947301248288274,0.08606241420173183
4374,0.031911950517926564,0.9997036443580182,4,0.8868571428571429,0,2,0.994746493512523,0.08627672480644
4375,0.030302141788492783,0.9997407839763126,4,0.8868829981718465,0,2,0.9951530062137288,0.08610121673012264
4376,0.026323163149555726,0.9997496368439823,4,0.8869088416723784,0,2,0.9951287319742763,0.0863561153643201
4377,0.029925654419026535,0.9997618751765562,4,0.8869346733668342,0,2,0.994924079506772,0.0870387985807195
4378,0.0277399555024032,0.999764156549339,4,0.8869604932633022,0,2,0.995310408644106,0.08597981957311135
4379,0.03286710991792918,0.9997798728223652,4,0.886986301369863,0,2,0.9952706582734234,0.08714563592402916
4380,0.03211251275837684,0.9997797971708794,4,0.8870120976945903,0,2,0.9949789117086516,0.0869047891409903
4381,0.026646619489262186,0.9997992707971255,4,0.88703788224555,0,2,0.9950142752351536,0.08663253894665657
4382,0.029879884737489995,0.9997960646382619,4,0.8870636550308009,0,2,0.9953982218219153,0.08680921099668437
4383,0.034081185561879196,0.9997875813498088,4,0.8870894160583942,0,2,0.9954465679606677,0.08646023093589132
4384,0.03400515168100486,0.9998221128592212,4,0.887115165336374,0,2,0.9954701149423303,0.08649673573684928
4385,0.030168063343291883,0.9998299337126849,4,0.887140902872777,0,2,0.9955729649900087,0.08632052740742309
4386,0.026689280643291298,0.9998250832510529,4,0.8871666286756326,0,2,0.9957314502441712,0.08649937903375816
4387,0.028879070453779826,0.9997848107053395,4,0.8871923427529627,0,2,0.995352751366364,0.08610274971415093
4388,0.02784969304291624,0.9997903266361257,4,0.8872180451127819,0,2,0.995310452290439,0.08645616634230802
4389,0.027143738405300107,0.9997832605420803,4,0.8872437357630979,0,2,0.9953676213372986,0.08650029291681041
4390,0.026510021221001368,0.9998105906867534,4,0.8872694147119107,0,2,0.9955229324538449,0.08701046298599938
4391,0.026648149195298187,0.9998085472680688,4,0.8872950819672131,0,2,0.9955136963327011,0.0872567786219694
4392,0.02843377691387747,0.9998115758339576,4,0.8873207375369907,0,2,0.9953236791067444,0.0872597793794123
4393,0.027063702481490544,0.9997916315731111,4,0.8873463814292216,0,2,0.9953733490952041,0.08619960446991876
4394,0.029240992943413188,0.9998199740470783,4,0.8873720136518771,0,2,0.9954999192875723,0.08619888048716275
4395,0.03256799893637097,0.9998140505154726,4,0.8873976342129208,0,2,0.995508283234235,0.08670594177281774
4396,0.025265254874930303,0.9998196845432507,4,0.8874232431203093,0,2,0.9953761628513802,0.08705174147446325
4397,0.026229565540304624,0.9998240611437158,4,0.8874488403819918,0,2,0.9955150222355467,0.08668819627524843
4398,0.027108361570545074,0.9998216514554044,4,0.8874744260059104,0,2,0.9955176770051997,0.08628844738371755
4399,0.03334080725395548,0.9998114881157619,4,0.8875,0,2,0.9955518242116735,0.0867503474255637
4400,0.03191796652436314,0.9988536943136836,4,0.8875255623721882,0,2,0.0,0.09792542680228943
4401,0.031486613691480696,0.9980626347016351,4,0.8875511131303953,0,2,0.0,0.09783723796083621
4402,0.03008046116806635,0.9972949316111849,4,0.8875766522825347,0,2,0.0,0.09788360359810361
4403,0.03112438338450029,0.9966390176222567,4,0.8876021798365122,0,2,0.0,0.09762391082501645
4404,0.03548445713474401,0.9962655515389772,4,0.887627695800227,0,2,0.0,0.09816680132111755
4405,0.03175149958212449,0.995826337385538,4,0.8876532001815706,0,2,0.0,0.09763776607625585
4406,0.03624969850638912,0.9956308691709106,4,0.8876786929884275,0,2,0.0,0.09780476650353528
4407,0.03589240535364215,0.9955350787929039,4,0.8877041742286751,0,2,0.0,0.09822052919646351
4408,0.03206963653407122,0.9953569630427155,4,0.8877296439101837,0,2,0.0,0.09672069949092388
4409,0.030654798923387058,0.9954602122985617,4,0.8877551020408163,0,2,0.0,0.09778018371689359
4410,0.03141777174399073,0.9955226399776902,4,0.8877805486284289,0,2,0.0,0.09716865785219991
4411,0.029305481472766404,0.9956593448099459,4,0.8878059836808704,0,2,0.0,0.09834884112022378
4412,0.03437342875756063,0.995884313774908,4,0.8878314072059823,0,2,0.0,0.09772993786155207
4413,0.029249362733828804,0.996055159000808,4,0.8878568192115994,0,2,0.0,0.09728942401045602
4414,0.03158369889585064,0.9964551006736425,4,0.8878822197055493,0,2,0.0,0.09779828183403369
4415,0.03227943823521652,0.9969844107859946,4,0.8879076086956522,0,2,0.0,0.09775814234019893
4416,0.03209581030274006,0.9974998180207033,4,0.8879329861897215,0,2,0.0,0.09770967443656407
4417,0.029136903787990633,0.9981695731620668,4,0.8879583521955636,0,2,0.0,0.09771605736046596
4418,0.03283819392444587,0.998995616688679,4,0.8879837067209776,0,2,0.0,0.09809988470729955
4419,0.029392246839215846,0.9998472180397141,4,0.8880090497737556,0,2,0.9955756264740225,0.09733697964078036
4420,0.029085045836096238,0.9998398868884236,4,0.8880343813616829,0,2,0.9956167166035748,0.09764374224788332
4421,0.03177087908761397,0.9998357191802131,4,0.8880597014925373,0,2,0.9951615855220298,0.0983838959733783
4422,0.03003024199236512,0.9998046883247189,4,0.88808501017409,0,2,0.9943268352107375,0.09696890692032811
4423,0.029812351966756696,0.9998004021252686,4,0.8881103074141049,0,2,0.9942892604819983,0.09780920068482007
4424,0.03204105051624326,0.9997922034813618,4,0.888135593220339,0,2,0.9941814751162509,0.09734539815895443
4425,0.030262810494309143,0.9997876641345805,4,0.8881608676005422,0,2,0.9942072182253798,0.09758695552696356
4426,0.02737050406955876,0.9997967674985289,4,0.8881861305624577,0,2,0.9943091800681483,0.09851859230498261
4427,0.030011034678644632,0.9997723022266665,4,0.8882113821138211,0,2,0.9942955127439712,0.09724217055307456
4428,0.026212804307055453,0.9997743366498064,4,0.8882366222623617,0,2,0.9944365253381863,0.09801397683284435
4429,0.0329465325938047,0.9997766348976694,4,0.8882618510158014,0,2,0.9946361168947827,0.09743698056153817
4430,0.032787805317318786,0.9997698772141985,4,0.8882870683818551,0,2,0.9948594173422858,0.09764607642576445
4431,0.03051183656783359,0.9997732789455027,4,0.888312274368231,0,2,0.9948890879280285,0.09760888354221707
4432,0.03210248089408195,0.999783548170542,4,0.8883374689826302,0,2,0.9948087009442181,0.09777032926070091
4433,0.03196737214552798,0.999780949740664,4,0.8883626522327469,0,2,0.9946848698944112,0.09786660097309505
4434,0.032259614196370454,0.999773990497467,4,0.8883878241262683,0,2,0.9947265835225994,0.0975274322671087
4435,0.027534031579257646,0.9997698265051622,4,0.8884129846708747,0,2,0.9947392551473744,0.09787202705431292
4436,0.03183738976679824,0.9997568188614515,4,0.8884381338742393,0,2,0.9947373444017722,0.09765260517761919
4437,0.03192950897652218,0.9997804165508988,4,0.8884632717440288,0,2,0.994646638500354,0.09813428157996676
4438,0.027214762578313893,0.9997920383495748,4,0.8884883982879027,0,2,0.9947942971179442,0.09698708040970652
4439,0.028722905507018073,0.9997934151810163,4,0.8885135135135135,0,2,0.9946809419075064,0.09757910323342238
4440,0.027485464098302877,0.9998021412337059,4,0.888538617428507,0,2,0.9946608598880149,0.09768596880317894
4441,0.0311345915278243,0.9997820113234336,4,0.8885637100405223,0,2,0.9951814981874938,0.0973253202177427
4442,0.027760284304124305,0.9998047407995418,4,0.888588791357191,0,2,0.9961849010206228,0.09748112199936758
4443,0.029479380820478778,0.9998248473202406,4,0.8886138613861386,0,2,0.9960689600565282,0.09787637079101898
4444,0.032030626066426544,0.999819021851078,4,0.8886389201349831,0,2,0.9963212953377674,0.09721741730346699
4445,0.033611834550727915,0.9998211492623116,4,0.888663967611336,0,2,0.9963894176080161,0.0973032683128302
4446,0.03833118386720254,0.9998123677400598,4,0.8886890038228019,0,2,0.9960505891833165,0.09692342104036479
4447,0.02946268204989845,0.9998045235159765,4,0.8887140287769785,0,2,0.9959384306715771,0.09729422688923846
4448,0.028180959116490826,0.9997959685992255,4,0.8887390424814565,0,2,0.995924489847912,0.09769540181662337
4449,0.03350376583422782,0.9997959132298339,4,0.8887640449438202,0,2,0.9958935448398534,0.09774536936540745
4450,0.029751368219267472,0.9998006683163456,4,0.8887890361716468,0,2,0.995907480835569,0.09757206598705294
4451,0.03132971883893833,0.9997985586716086,4,0.8888140161725068,0,2,0.9957637328222763,0.09770764587460848
4452,0.030024566067938914,0.9997890021020545,4,0.8888389849539636,0,2,0.9959765268708742,0.09706760357295723
4453,0.026146951625855546,0.9997811875394914,4,0.8888639425235744,0,2,0.9959308175950508,0.0976553928738742
4454,0.033686861366782284,0.9997900733793992,4,0.8888888888888888,0,2,0.9958589654085122,0.09789802880006049
4455,0.03193370969714496,0.9997575440425663,4,0.8889138240574507,0,2,0.9955402098091553,0.09711554904863468
4456,0.02950163289779316,0.999759094171638,4,0.8889387480367961,0,2,0.995535126748528,0.09726970355436831
4457,0.03196884833474338,0.9997467992413491,4,0.8889636608344549,0,2,0.9956200618447479,0.0974727400033272
4458,0.02830389882158567,0.9997458934177905,4,0.8889885624579502,0,2,0.9955568390794378,0.09707843768941628
4459,0.030769740843391985,0.9997352781739015,4,0.8890134529147982,0,2,0.9957077460742612,0.09749328880727359
4460,0.031005215205678262,0.9997313190563984,4,0.8890383322125084,0,2,0.9957187746699486,0.09748177695613305
4461,0.029246837949813358,0.9997271111433573,4,0.8890632003585835,0,2,0.9957225770110796,0.09746859399711855
4462,0.029608828608053292,0.9997211557698676,4,0.8890880573605199,0,2,0.995181601532519,0.0980265694962294
4463,0.027723413635021062,0.9997154083407872,4,0.8891129032258065,0,2,0.9953376686679825,0.09831528736545558
4464,0.028055771972052668,0.9996910776225837,4,0.8891377379619261,0,2,0.9952560566592779,0.09763668615876242
4465,0.026764213288175822,0.9996899060897823,4,0.8891625615763546,0,2,0.9952759228734384,0.09717283599162004
4466,0.030570438179242418,0.9996957371809782,4,0.8891873740765615,0,2,0.9955398548490645,0.09739238332597189
4467,0.030859182114556582,0.9997295592775223,4,0.889212175470009,0,2,0.9956022350022591,0.09775359305298038
4468,0.02969701116451718,0.9997319795042628,4,0.889236965764153,0,2,0.9956394773446753,0.09785900446243151
4469,0.031083146570875173,0.999729171838665,4,0.889261744966443,0,2,0.9956720478121064,0.09766977526703438
4470,0.02654893975759587,0.9997059623892628,4,0.8892865130843212,0,2,0.9955310012501419,0.09773633445036892
4471,0.028736711187474707,0.9997050465029583,4,0.8893112701252236,0,2,0.9956919699704168,0.09783222720594374
4472,0.03223474052014754,0.9997178401547065,4,0.8893360160965795,0,2,0.9957319390279173,0.09829349361172102
4473,0.03349264890410289,0.9997357325414673,4,0.8893607510058114,0,2,0.9959599436947086,0.09732721189249366
4474,0.033539145661330566,0.999702190979228,4,0.8893854748603351,0,2,0.9958917576384054,0.0978643935532749
4475,0.03611191635237364,0.9997355502950717,4,0.8894101876675603,0,2,0.995826758866546,0.09760876972052615
4476,0.03169967802517132,0.999744046785787,4,0.8894348894348895,0,2,0.9957461730850375,0.09781161210453782
4477,0.026665631137734132,0.999755454919258,4,0.8894595801697186,0,2,0.9957291087753435,0.0978203145611698
4478,0.029652192382220444,0.9997581352644709,4,0.8894842598794374,0,2,0.9958428455801178,0.09766630239111572
4479,0.028162092541959973,0.9997749649296933,4,0.8895089285714286,0,2,0.9957788457143641,0.097488192298439
4480,0.03289431320236777,0.9997743695592235,4,0.8895335862530686,0,2,0.9954161568090218,0.09799079992051389
4481,0.030745085392915362,0.9997922403587948,4,0.8895582329317269,0,2,0.9954488592023498,0.09786345388935307
4482,0.03144834138154431,0.999788025496426,4,0.8895828686147669,0,2,0.9956257516802258,0.09759694914886477
4483,0.034636962342870364,0.9997789983390871,4,0.889607493309545,0,2,0.9956725384888583,0.09806254960866714
4484,0.03190274640955368,0.9998146616698327,4,0.8896321070234113,0,2,0.995708392194263,0.0981571707130327
4485,0.027633310272834548,0.9998230177948972,4,0.8896567097637094,0,2,0.995585999408068,0.09805394566613199
4486,0.024597704270278353,0.9998177821026085,4,0.8896813015377758,0,2,0.9955714486917382,0.09790548382423453
4487,0.028917511901703122,0.9997816135375203,4,0.8897058823529411,0,2,0.9953283098787042,0.0969602644742889
4488,0.030491428988501695,0.9997869229791909,4,0.8897304522165292,0,2,0.9950967511060673,0.09815245432696562
4489,0.0313859754663556,0.9997786147823144,4,0.8897550111358574,0,2,0.9950631623485591,0.09734689862830619
4490,0.030860302521859402,0.9998037913791863,4,0.8897795591182365,0,2,0.9951885482437504,0.09756866919677942
4491,0.029457386056674556,0.9998018779645934,4,0.8898040961709706,0,2,0.995208311420229,0.09803477743796887
4492,0.0306303983794879,0.9998058402009073,4,0.8898286223013576,0,2,0.9949235987416933,0.09795080567770537
4493,0.0311246191010001,0.999786110025184,4,0.8898531375166889,0,2,0.9949344799733136,0.09719544640348678
4494,0.026147693642969462,0.9998148606192312,4,0.8898776418242491,0,2,0.9951409897044726,0.09739477281986354
4495,0.028995294908418512,0.9998090779268423,4,0.8899021352313167,0,2,0.9952599615556228,0.09711406216405685
4496,0.02977827163869308,0.9998155352221949,4,0.8899266177451635,0,2,0.9949420724798801,0.09725732602818042
4497,0.025791481189236656,0.9998205588255507,4,0.8899510893730547,0,2,0.99487285645352,0.09823040082254594
4498,0.03258332908953983,0.9998175069434817,4,0.8899755501222494,0,2,0.9949636011427694,0.09787523180932724
4499,0.03250431237332902,0.9998048632230055,4,0.89,0,2,0.9947280034301242,0.09774801981331406
4500,0.028441648734368635,0.9990357620142354,4,0.8900244390135525,0,2,0.0,0.08662120934715188
4501,0.02594289691180394,0.9982755290219045,4,0.8900488671701466,0,2,0.0,0.0859622379608362
4502,0.03197822212464728,0.9976914660105585,4,0.8900732844770153,0,2,0.0,0.08700836385271374
4503,0.02455163428735728,0.997182133735938,4,0.8900976909413855,0,2,0.0,0.0864876188572079
4504,0.028536992613156495,0.9965372094228672,4,0.8901220865704772,0,2,0.0,0.08646001878010005
4505,0.03151097637395507,0.9961501140014287,4,0.8901464713715047,0,2,0.0,0.08677424856776114
4506,0.031713259270990946,0.9956934180254909,4,0.8901708453516751,0,2,0.0,0.0862044739465889
4507,0.02902194783553784,0.9954308955407246,4,0.8901952085181899,0,2,0.0,0.08693050030713645
4508,0.03117761223014901,0.9953300607708144,4,0.8902195608782435,0,2,0.0,0.0866175223516144
4509,0.029781773403976967,0.9951539487489275,4,0.8902439024390244,0,2,0.0,0.0862668261419241
4510,0.03261555634659289,0.9951843417584139,4,0.8902682332077144,0,2,0.0,0.08556363471839007
4511,0.03326428558604776,0.995315083352328,4,0.8902925531914894,0,2,0.0,0.0867173759192393
4512,0.0304917670662638,0.9955168142869619,4,0.8903168623975183,0,2,0.0,0.08672560644106489
4513,0.03020441499031249,0.9960192412477124,4,0.8903411608329641,0,2,0.0,0.08577807084900789
4514,0.027383672295630802,0.9964347425739803,4,0.8903654485049833,0,2,0.0,0.08724271960951255
4515,0.02954211530781418,0.9969108893278456,4,0.8903897254207263,0,2,0.0,0.08757102916601345
4516,0.024975832855278688,0.9975827125145051,4,0.8904139915873367,0,2,0.0,0.08622561927223321
4517,0.027676621546928994,0.9982543787700213,4,0.8904382470119522,0,2,0.0,0.08594651892552625
4518,0.02960931303711965,0.9989783713526897,4,0.8904624917017039,0,2,0.0,0.08644267992711914
4519,0.03394544353649802,0.9998506817003687,4,0.8904867256637168,0,2,0.9952637778304436,0.08618693253500986
4520,0.028050088243684736,0.999845091132238,4,0.8905109489051095,0,2,0.9952648674542615,0.08649791042401733
4521,0.025805243280166146,0.9998411699506622,4,0.8905351614329943,0,2,0.9948815038696432,0.08727175596129766
4522,0.03321469321447244,0.9998087074113746,4,0.8905593632544772,0,2,0.9945640460824766,0.08668492078654558
4523,0.029264385026376488,0.9998043367600827,4,0.8905835543766578,0,2,0.994311126496304,0.08594301067850359
4524,0.026637370516002176,0.999797196932409,4,0.8906077348066298,0,2,0.9943963141953523,0.08575157516923074
4525,0.026226363821820784,0.9997913821745261,4,0.8906319045514803,0,2,0.9942086821560532,0.08592146874672385
4526,0.02848518305955394,0.9997996637711263,4,0.8906560636182903,0,2,0.9942973362765092,0.08710216385275205
4527,0.030053353507980045,0.999776324166132,4,0.8906802120141343,0,2,0.9943333140052943,0.08655770076640844
4528,0.03074295412399841,0.9997783464118376,4,0.8907043497460808,0,2,0.9939580638806473,0.0874089830569315
4529,0.02844364146912211,0.9997805772951863,4,0.890728476821192,0,2,0.9939609956652182,0.08676429191632767
4530,0.029550516501124294,0.9997731654678608,4,0.8907525932465239,0,2,0.9942360428502783,0.08604845720704105
4531,0.034060906249334895,0.9997768193398717,4,0.8907766990291263,0,2,0.9942081119916313,0.08654467848046439
4532,0.025189461134173186,0.9997894247220594,4,0.8908007941760424,0,2,0.9941480891540566,0.08616103538491918
4533,0.02867532275887668,0.9997873150414337,4,0.8908248786943097,0,2,0.994189006507016,0.08676025008578567
4534,0.029353060057261668,0.9997808413350192,4,0.8908489525909592,0,2,0.9942514598121637,0.08614461547818314
4535,0.027658113336515154,0.9997785727435554,4,0.8908730158730159,0,2,0.9946159155149955,0.08683441108713262
4536,0.026910131175034532,0.9997660671442494,4,0.8908970685474984,0,2,0.9946177286759713,0.08610922066752147
4537,0.029642610229224108,0.9997888848552193,4,0.8909211106214191,0,2,0.9942980711573788,0.08719295216385536
4538,0.02984876954312309,0.9998010663927308,4,0.8909451421017845,0,2,0.9942569523556861,0.08582469010350192
4539,0.029576726423576647,0.9997996917904294,4,0.8909691629955947,0,2,0.9941761168775605,0.08645334014717151
4540,0.030017583779276664,0.9998070125090205,4,0.8909931733098436,0,2,0.9936753902603233,0.08750161187575484
4541,0.026646870190528943,0.9997895715102035,4,0.8910171730515192,0,2,0.9941250680317884,0.08579038947772909
4542,0.025326863186563395,0.9998137683967441,4,0.8910411622276029,0,2,0.994398416371671,0.0864689094384128
4543,0.02715332877739473,0.9998313337368873,4,0.8910651408450704,0,2,0.9945564159666076,0.0867080235480475
4544,0.02850689476394877,0.9998236416296601,4,0.8910891089108911,0,2,0.9944628902461693,0.0860725598839574
4545,0.029230954396214,0.9998272491303611,4,0.8911130664320281,0,2,0.994647184360718,0.08564795908307984
4546,0.03010085670057617,0.9998189660634612,4,0.8911370134154387,0,2,0.99425726740838,0.08588265965833775
4547,0.026701845379678586,0.9998138937839994,4,0.8911609498680739,0,2,0.9942653488835589,0.08645621703593996
4548,0.025157247670661423,0.9998054773345166,4,0.8911848757968784,0,2,0.9947444118098878,0.08614523565751432
4549,0.02922336264112361,0.9998051253988258,4,0.8912087912087913,0,2,0.994756880601927,0.08643918279966933
4550,0.028768758505423757,0.9998105869040506,4,0.8912326961107448,0,2,0.994693188357568,0.08711640868762305
4551,0.028279866774143236,0.9998083014546153,4,0.8912565905096661,0,2,0.9947152135501542,0.08701893717731304
4552,0.02898277779959467,0.9997999081192226,4,0.8912804744124753,0,2,0.9948862333075043,0.08620916783745672
4553,0.028950678542111575,0.9997897597242025,4,0.8913043478260869,0,2,0.994835104488746,0.08699257444037684
4554,0.027568248022126957,0.9997984676280657,4,0.8913282107574094,0,2,0.994858292458588,0.08608187551735566
4555,0.024395138097230692,0.9997621524968671,4,0.891352063213345,0,2,0.9942751517451967,0.08559614493823783
4556,0.02886148719141884,0.9997625398985053,4,0.89137590520079,0,2,0.9942595240175374,0.08626163656730408
4557,0.0285794706338193,0.9997507885229956,4,0.8913997367266345,0,2,0.9946075168536742,0.08670373524837748
4558,0.02875811153868005,0.9997500336540889,4,0.8914235577977627,0,2,0.9944614316742899,0.08540153573204003
4559,0.0274232793493734,0.999740629754247,4,0.8914473684210527,0,2,0.994534190885515,0.08579204794479456
4560,0.026672244871909792,0.9997374601345521,4,0.8914711686033765,0,2,0.9951999459356726,0.08631103818227265
4561,0.029075384162153668,0.9997294564873489,4,0.8914949583516002,0,2,0.9951932755582313,0.08646421712286048
4562,0.025743549365965134,0.9997233498380668,4,0.8915187376725838,0,2,0.9946797870058086,0.08759313131521207
4563,0.02745331911050672,0.9997189262769764,4,0.8915425065731815,0,2,0.9946588216851209,0.0866674895618675
4564,0.026364208257277227,0.9996966281124735,4,0.891566265060241,0,2,0.9947487606951191,0.08576168615876244
4565,0.028491840728371343,0.9996953133993857,4,0.8915900131406045,0,2,0.9947169505688405,0.08609362900687909
4566,0.025845718058462135,0.9997021105843344,4,0.8916137508211079,0,2,0.9949017883145612,0.0862144363290292
4567,0.025631877460451438,0.9997317750669452,4,0.8916374781085814,0,2,0.9949373555213246,0.0859234201833497
4568,0.026311863060762924,0.9997333277647253,4,0.891661195009849,0,2,0.9948817885497192,0.08660386956800144
4569,0.030521283287059466,0.9997304409716972,4,0.8916849015317286,0,2,0.9948957643275915,0.08658575569924803
4570,0.02853411440996218,0.9997066656999785,4,0.8917085976810326,0,2,0.9946418660350751,0.08805069152994113
4571,0.03152384506523119,0.9997059901106823,4,0.8917322834645669,0,2,0.994744962155101,0.08697793948926791
4572,0.02745733797771848,0.999716707042053,4,0.8917559588891318,0,2,0.9947568349134437,0.08652204446679854
4573,0.025721403179309436,0.9997364581903692,4,0.8917796239615217,0,2,0.994741180134423,0.08606241420173183
4574,0.030010031232079015,0.9997036443596578,4,0.8918032786885246,0,2,0.9947578711014106,0.08627672480644
4575,0.028367525215004408,0.9997407839775279,4,0.8918269230769231,0,2,0.9951665989051968,0.08610121673012264
4576,0.02465811575038988,0.999749636845174,4,0.8918505571334936,0,2,0.9951425565145123,0.0863561153643201
4577,0.028301958128004737,0.9997618751777818,4,0.8918741808650066,0,2,0.9949394871687711,0.0870387985807195
4578,0.0261103716138278,0.9997641565506016,4,0.8918977942782267,0,2,0.9953253222097288,0.08597981957311135
4579,0.031118122888280454,0.999779872823468,4,0.8919213973799127,0,2,0.9952858663904225,0.08714563592402916
4580,0.03023517612781216,0.9997797971719091,4,0.8919449901768173,0,2,0.9949919028206711,0.0869047891409903
4581,0.024984363047432283,0.9997992707978248,4,0.8919685726756875,0,2,0.9950266344257634,0.08663253894665657
4582,0.02807674326920334,0.9997960646388976,4,0.8919921448832643,0,2,0.9954101257211659,0.08680921099668437
4583,0.03207834492135109,0.9997875813503699,4,0.8920157068062827,0,2,0.995458640016035,0.08646023093589132
4584,0.03210024019215852,0.9998221128595988,4,0.8920392584514721,0,2,0.9954824851680482,0.08649673573684928
4585,0.02846250970041395,0.9998299337130112,4,0.892062799825556,0,2,0.9955838495929976,0.08632052740742309
4586,0.025247226140931896,0.9998250832514256,4,0.8920863309352518,0,2,0.9957399749308378,0.08649937903375816
4587,0.0272266251171941,0.9997848107059483,4,0.8921098517872711,0,2,0.9953612861754864,0.08610274971415093
4588,0.02613274568009965,0.9997903266367335,4,0.8921333623883199,0,2,0.9953186798996161,0.08645616634230802
4589,0.025442592097250853,0.9997832605426299,4,0.8921568627450981,0,2,0.9953759550831861,0.08650029291681041
4590,0.024852157796790418,0.9998105906870282,4,0.8921803528642998,0,2,0.9955350231969854,0.08701046298599938
4591,0.02503624296572815,0.9998085472683521,4,0.8922038327526133,0,2,0.995525257731132,0.0872567786219694
4592,0.026708024002794324,0.9998115758342717,4,0.8922273024167211,0,2,0.9953359794340506,0.0872597793794123
4593,0.025388289634900217,0.9997916315736263,4,0.8922507618633,0,2,0.9953806995553138,0.08619960446991876
4594,0.02763612976120249,0.9998199740474938,4,0.8922742110990207,0,2,0.9955061342275806,0.08619888048716275
4595,0.030803495610841475,0.9998140505160399,4,0.8922976501305483,0,2,0.9955155133909313,0.08670594177281774
4596,0.023649573040693185,0.9998196845438148,4,0.892321078964542,0,2,0.9953831630136974,0.08705174147446325
4597,0.02475682689208185,0.9998240611442285,4,0.8923444976076556,0,2,0.9955217479212974,0.08668819627524843
4598,0.02536594708194486,0.999821651455889,4,0.8923679060665362,0,2,0.995524631037195,0.08628844738371755
4599,0.031493459457279174,0.9998114881161575,4,0.8923913043478261,0,2,0.9955594450005247,0.0867503474255637
4600,0.030163775977628378,0.9988536943192153,4,0.8924146924581613,0,2,0.0,0.09792542680228943
4601,0.029825339006492965,0.9980626347101887,4,0.8924380704041721,0,2,0.0,0.09783723796083621
4602,0.028271836527937615,0.9972949316225754,4,0.8924614381924831,0,2,0.0,0.09788360359810361
4603,0.02950764113857903,0.9966390176375393,4,0.8924847958297133,0,2,0.0,0.09762391082501645
4604,0.03362272321838402,0.9962655515551547,4,0.8925081433224755,0,2,0.0,0.09816680132111755
4605,0.02991710436045479,0.9958263374028898,4,0.8925314806773773,0,2,0.0,0.09763776607625585
4606,0.03425670645501115,0.9956308691893752,4,0.8925548079010202,0,2,0.0,0.09780476650353528
4607,0.03402515455188317,0.9955350788124048,4,0.892578125,0,2,0.0,0.09822052919646351
4608,0.03025316140514355,0.9953569630634762,4,0.8926014319809069,0,2,0.0,0.09672069949092388
4609,0.02889745924450189,0.9954602123186093,4,0.8926247288503254,0,2,0.0,0.09778018371689359
4610,0.02955245651537121,0.9955226399973932,4,0.8926480156148341,0,2,0.0,0.09716865785219991
4611,0.027514910342760514,0.9956593448293467,4,0.8926712922810061,0,2,0.0,0.09834884112022378
4612,0.032487990092550205,0.995884313793265,4,0.8926945588554086,0,2,0.0,0.09772993786155207
4613,0.02751171090702461,0.9960551590187038,4,0.8927178153446034,0,2,0.0,0.09728942401045602
4614,0.029896090529070274,0.9964551006906036,4,0.8927410617551462,0,2,0.0,0.09779828183403369
4615,0.030502391307709882,0.9969844107997876,4,0.8927642980935875,0,2,0.0,0.09775814234019893
4616,0.03049695357688191,0.9974998180323106,4,0.8927875243664717,0,2,0.0,0.09770967443656407
4617,0.02750911485284231,0.9981695731708969,4,0.8928107405803378,0,2,0.0,0.09771605736046596
4618,0.031022927121286167,0.9989956166934362,4,0.892833946741719,0,2,0.0,0.09809988470729955
4619,0.02756989390127462,0.999847218040101,4,0.8928571428571429,0,2,0.9955794599650312,0.09733697964078036
4620,0.027468566862240116,0.9998398868887275,4,0.8928803289331314,0,2,0.9956215676233148,0.09764374224788332
4621,0.030117033795044195,0.9998357191805729,4,0.8929035049762007,0,2,0.9951670919107235,0.0983838959733783
4622,0.028225803262797326,0.9998046883253239,4,0.8929266709928618,0,2,0.9943309486259816,0.09696890692032811
4623,0.028098998813123187,0.9998004021258541,4,0.8929498269896193,0,2,0.9942931264906056,0.09780920068482007
4624,0.03033505265233615,0.9997922034818503,4,0.892972972972973,0,2,0.9941873201622862,0.09734539815895443
4625,0.028661408321338035,0.9997876641350505,4,0.8929961089494164,0,2,0.9942133577837537,0.09758695552696356
4626,0.0257580456326791,0.999796767498956,4,0.8930192349254377,0,2,0.9943144424567529,0.09851859230498261
4627,0.02825206330406604,0.9997723022270477,4,0.8930423509075195,0,2,0.9942997632272004,0.09724217055307456
4628,0.024573142975733615,0.9997743366501838,4,0.8930654569021387,0,2,0.9944412318799709,0.09801397683284435
4629,0.031139415400970653,0.9997766348979866,4,0.8930885529157667,0,2,0.9946401932209157,0.09743698056153817
4630,0.030968701949103488,0.999769877214548,4,0.8931116389548693,0,2,0.9948615224028461,0.09764607642576445
4631,0.028643024454140208,0.9997732789459037,4,0.8931347150259067,0,2,0.9948909230662613,0.09760888354221707
4632,0.030450819319653648,0.9997835481709018,4,0.8931577811353335,0,2,0.9948118958321024,0.09777032926070091
4633,0.030186679445590496,0.9997809497410155,4,0.8931808372895986,0,2,0.9946875837345748,0.09786660097309505
4634,0.030465255918071366,0.9997739904977962,4,0.8932038834951457,0,2,0.9947289820614582,0.0975274322671087
4635,0.025970076518282377,0.9997698265053306,4,0.8932269197584124,0,2,0.9947410761934135,0.09787202705431292
4636,0.030150440448827486,0.9997568188616032,4,0.8932499460858313,0,2,0.9947385474329136,0.09765260517761919
4637,0.030142626339189942,0.9997804165509073,4,0.8932729624838293,0,2,0.994648606927908,0.09813428157996676
4638,0.02557146089720768,0.9997920383494766,4,0.8932959689588273,0,2,0.9947946858805756,0.09698708040970652
4639,0.027004672517015143,0.9997934151810521,4,0.8933189655172413,0,2,0.9946806693916322,0.09757910323342238
4640,0.02583828649501617,0.9998021412337846,4,0.8933419521654816,1,2,0.9946606554963104,0.09768596880317894
4641,0.029463042928431108,0.9997820113234617,4,0.8933649289099526,1,2,0.9951812918100825,0.0973253202177427
4642,0.026251086959892856,0.9998047407994284,4,0.8933878957570536,1,2,0.9961823151915155,0.09748112199936758
4643,0.02783196654002631,0.9998248473201997,4,0.8934108527131783,1,2,0.9960664885796504,0.09787637079101898
4644,0.030249040930891695,0.9998190218510864,4,0.8934337997847147,1,2,0.9963152871023673,0.09721741730346699
4645,0.03177566727280966,0.999821149262403,4,0.8934567369780456,1,2,0.9963830178796005,0.0973032683128302
4646,0.03634854099200001,0.9998123677401527,4,0.8934796642995481,1,2,0.9960492809355597,0.09692342104036479
4647,0.02785880983191354,0.9998045235160505,4,0.8935025817555938,1,2,0.995938715035549,0.09729422688923846
4648,0.02664146484405821,0.9997959685992793,4,0.8935254893525489,1,2,0.9959246142196019,0.09769540181662337
4649,0.031687483557175725,0.9997959132299007,4,0.8935483870967742,1,2,0.9958946400674424,0.09774536936540745
4650,0.028041541898085054,0.9998006683163985,4,0.8935712749946249,1,2,0.995909135945027,0.09757206598705294
4651,0.029579963452411706,0.9997985586717177,4,0.8935941530524506,1,2,0.9957638934293442,0.09770764587460848
4652,0.02831797097487113,0.9997890021021217,4,0.8936170212765957,1,2,0.9959761874063564,0.09706760357295723
4653,0.024553589516413246,0.9997811875395811,4,0.8936398796733992,1,2,0.9959308256556032,0.0976553928738742
4654,0.031882640328184164,0.999790073379422,4,0.8936627282491945,1,2,0.9958590421685285,0.09789802880006049
4655,0.030344337955316217,0.9997575440430129,4,0.8936855670103093,1,2,0.9955405513917343,0.09711554904863468
4656,0.027800822584692082,0.9997590941721726,4,0.8937083959630664,1,2,0.9955360335501309,0.09726970355436831
4657,0.03025391240997423,0.9997467992419443,4,0.8937312151137827,1,2,0.995619842893843,0.0974727400033272
4658,0.026658540677382894,0.9997458934183794,4,0.8937540244687702,1,2,0.9955598626143705,0.09707843768941628
4659,0.029096062962372098,0.9997352781745876,4,0.8937768240343348,1,2,0.9957117011622513,0.09749328880727359
4660,0.0293613873881172,0.9997313190571363,4,0.8937996138167775,1,2,0.9957214674643348,0.09748177695613305
4661,0.027526222427065518,0.9997271111444191,4,0.8938223938223938,1,2,0.9957258463278817,0.09746859399711855
4662,0.028002355138262547,0.9997211557709774,4,0.8938451640574737,1,2,0.9951855639053735,0.0980265694962294
4663,0.026121819052027734,0.999715408341877,4,0.8938679245283019,1,2,0.99534163148534,0.09831528736545558
4664,0.026508195784533894,0.9996910776237792,4,0.8938906752411575,1,2,0.9952605325064475,0.09763668615876242
4665,0.025215833050789067,0.999689906091005,4,0.8939134162023146,1,2,0.995281429125213,0.09717283599162004
4666,0.028920633878420345,0.9996957371821137,4,0.8939361474180416,1,2,0.9955422883773837,0.09739238332597189
4667,0.029229008068609688,0.9997295592787143,4,0.8939588688946015,1,2,0.9956034646338994,0.09775359305298038
4668,0.028067472554187574,0.999731979505528,4,0.8939815806382523,1,2,0.9956440071307536,0.09785900446243151
4669,0.029318228472784806,0.999729171840005,4,0.8940042826552462,1,2,0.9956763487823618,0.09766977526703438
4670,0.024977487383334752,0.9997059623907515,4,0.8940269749518305,1,2,0.995535932000466,0.09773633445036892
4671,0.026987223739835427,0.9997050465043983,4,0.8940496575342466,1,2,0.9956981129958912,0.09783222720594374
4672,0.030493161419072837,0.999717840156185,4,0.894072330408731,1,2,0.9957400951231102,0.09829349361172102
4673,0.03178172941309908,0.9997357325429164,4,0.8940949935815148,1,2,0.9959697508444093,0.09732721189249366
4674,0.0317001479058272,0.9997021909808085,4,0.8941176470588236,1,2,0.9959008546758086,0.0978643935532749
4675,0.03424126449951366,0.9997355502962526,4,0.8941402908468776,1,2,0.9958383347974638,0.09760876972052615
4676,0.030087211492455298,0.9997440467869416,4,0.8941629249518922,1,2,0.9957588164197786,0.09781161210453782
4677,0.02509282109144132,0.9997554549204359,4,0.894185549380077,1,2,0.9957430297107053,0.0978203145611698
4678,0.028074211862204365,0.999758135265682,4,0.8942081641376363,1,2,0.9958561818093981,0.09766630239111572
4679,0.02647021588600518,0.9997749649307441,4,0.8942307692307693,1,2,0.9957914986425507,0.097488192298439
4680,0.031078351179455968,0.9997743695602083,4,0.8942533646656697,1,2,0.9954263278725501,0.09799079992051389
4681,0.0291355760473127,0.9997922403594811,4,0.8942759504485263,1,2,0.9954576960051663,0.09786345388935307
4682,0.029703404305655795,0.9997880254970584,4,0.8942985265855221,1,2,0.9956305502882403,0.09759694914886477
4683,0.03270210337241415,0.9997789983396452,4,0.8943210930828351,1,2,0.9956767336563888,0.09806254960866714
4684,0.03006142879078994,0.9998146616702147,4,0.8943436499466382,1,2,0.9957130451048888,0.0981571707130327
4685,0.025982672196976198,0.9998230177952295,4,0.8943661971830986,1,2,0.9955893206789903,0.09805394566613199
4686,0.023199435894199753,0.9998177821029879,4,0.8943887347983785,1,2,0.9955732114261587,0.09790548382423453
4687,0.02731931932823084,0.9997816135381301,4,0.8944112627986348,1,2,0.9953301827812165,0.0969602644742889
4688,0.028828976068375603,0.9997869229797977,4,0.8944337811900192,1,2,0.9951002207709236,0.09815245432696562
4689,0.029739348709073896,0.9997786147828627,4,0.894456289978678,1,2,0.9950666249947762,0.09734689862830619
4690,0.02925374751541759,0.9998037913794562,4,0.8944787891707525,1,2,0.9951889141882815,0.09756866919677942
4691,0.02789588975631973,0.9998018779648699,4,0.8945012787723785,1,2,0.9952085366966308,0.09803477743796887
4692,0.028959257649173037,0.9998058402012167,4,0.8945237587896868,1,2,0.9949240666036483,0.09795080567770537
4693,0.029500235012300265,0.9997861100256874,4,0.8945462292288028,1,2,0.994932737742896,0.09719544640348678
4694,0.024593595716743036,0.9998148606196381,4,0.8945686900958466,1,2,0.9951371131565337,0.09739477281986354
4695,0.027288652345752454,0.9998090779273938,4,0.8945911413969335,1,2,0.9952566395152772,0.09711406216405685
4696,0.028212148078503432,0.9998155352227446,4,0.8946135831381733,1,2,0.994936548490199,0.09725732602818042
4697,0.024363205887054495,0.9998205588260479,4,0.8946360153256705,1,2,0.9948677317268404,0.09823040082254594
4698,0.03089635637499312,0.9998175069439508,4,0.8946584379655246,1,2,0.9949590751168813,0.09787523180932724
4699,0.03073208352956379,0.9998048632233826,4,0.8946808510638298,1,2,0.9947252594516166,0.09774801981331406
4700,0.026849707618177714,0.9990357620176077,4,0.8947032546266752,1,2,0.0,0.08662120934715188
4701,0.029121682710012798,0.9982847282402633,4,0.8947256486601446,1,2,0.0,0.08605133217310176
4702,0.028609943549728966,0.9976094225341312,4,0.8947480331703168,1,2,0.0,0.0867265628016096
4703,0.029880850618724513,0.9970764161994716,4,0.8947704081632653,1,2,0.0,0.08665754863387674
4704,0.027019216049675856,0.9964621636684204,4,0.8947927736450585,1,2,0.0,0.08646095101484036
4705,0.03033102069474399,0.9961094191372146,4,0.8948151296217595,1,2,0.0,0.08651761775692167
4706,0.022805340016670804,0.9958442428839759,4,0.8948374760994264,1,2,0.0,0.08601153738544424
4707,0.025033944344009088,0.9955689857063558,4,0.8948598130841121,1,2,0.0,0.08612376033578138
4708,0.03181876405229648,0.995431970775816,4,0.8948821405818645,1,2,0.0,0.0870884425823943
4709,0.025110719229072723,0.9952319409613244,4,0.8949044585987261,1,2,0.0,0.08700707268109338
4710,0.0272578729009079,0.9952836205875009,4,0.8949267671407345,1,2,0.0,0.08715964020788541
4711,0.02787314606823605,0.9953334364497494,4,0.8949490662139219,1,2,0.0,0.08607078987807139
4712,0.026387715708996055,0.9955669828548601,4,0.8949713558243158,1,2,0.0,0.08542039855802565
4713,0.02547089602014171,0.9960612485147685,4,0.894993635977938,1,2,0.0,0.08675255440568899
4714,0.028444494368141626,0.9963314119527513,4,0.8950159066808059,1,2,0.0,0.08605856066632266
4715,0.025593626869680447,0.9967876408264196,4,0.8950381679389313,1,2,0.0,0.08717903427951126
4716,0.024886785704853885,0.9974432882687745,4,0.895060419758321,1,2,0.0,0.086554727564171
4717,0.028588981963455287,0.9981580277852699,4,0.8950826621449767,1,2,0.0,0.08693172097333145
4718,0.02634668214237197,0.9988831361438507,4,0.8951048951048951,1,2,0.0,0.08679033067632058
4719,0.02477487926332375,0.9997366973389894,4,0.8951271186440678,1,2,0.9957042777015332,0.0854789052975557
4720,0.026506258904224016,0.9997071041697493,4,0.8951493327684813,1,2,0.9957423961347769,0.08637527361868423
4721,0.02756152298742174,0.9997039798909976,4,0.8951715374841169,1,2,0.9956231415174603,0.08581234499620966
4722,0.028156286050546302,0.9997136863185804,4,0.8951937327969511,1,2,0.9952302666648327,0.08570301813017774
4723,0.02494568940605787,0.9997229470037361,4,0.8952159187129551,1,2,0.9951961055331162,0.08572805331890512
4724,0.02504728614903223,0.9997240716683585,4,0.8952380952380953,1,2,0.9952015276006905,0.0866132368380474
4725,0.02621943653745519,0.9997123350108259,4,0.8952602623783327,1,2,0.9952607856272877,0.08675497165079965
4726,0.025971758035693335,0.9997201982544537,4,0.8952824201396234,1,2,0.9946698399773692,0.08593575862060068
4727,0.026808347385001634,0.9997471692046969,4,0.8953045685279187,1,2,0.9944775077067871,0.08662705062026699
4728,0.02997497911129155,0.999744052617389,4,0.8953267075491648,1,2,0.9947019847362101,0.08661379372568684
4729,0.026903059220586712,0.999749017006989,4,0.8953488372093024,1,2,0.9944344059246059,0.08649797116307392
4730,0.028109908173632993,0.999757793139739,4,0.8953709575142677,1,2,0.994543419220995,0.0871509164709289
4731,0.027179971401957218,0.9997635447345055,4,0.8953930684699916,1,2,0.9943303435919075,0.08566111290739256
4732,0.027434193779724864,0.9997557558526423,4,0.8954151700824001,1,2,0.994369992815586,0.08635146153673828
4733,0.023117721229660774,0.9997600286851656,4,0.8954372623574145,1,2,0.9943885094909919,0.08602759412813835
4734,0.02511775704163264,0.999801372372812,4,0.8954593453009504,1,2,0.9939977744387339,0.0854830118952211
4735,0.028613594424913336,0.9997819852088147,4,0.895481418918919,1,2,0.9941507859330356,0.08617457190005258
4736,0.026325080107828816,0.9997965082118858,4,0.8955034832172261,1,2,0.9940800427833285,0.08666972244397078
4737,0.030489513402701673,0.9998166196574741,4,0.8955255382017729,1,2,0.9938458429877702,0.08595406401692475
4738,0.031387866424631955,0.9998105932162723,4,0.8955475838784553,1,2,0.9941125342447712,0.08570210719881569
4739,0.025510237264283288,0.9998239297888166,4,0.8955696202531646,1,2,0.9941005299847567,0.0861224945819757
4740,0.02541311390416276,0.9998501313818042,4,0.8955916473317865,1,2,0.9941030549934954,0.08576645792630862
4741,0.028594849608096686,0.9998368064733918,4,0.8956136651202025,1,2,0.9941279093131932,0.08660876406401101
4742,0.02550167439701929,0.9998235820116822,4,0.8956356736242884,1,2,0.9943856803144174,0.08617867884490622
4743,0.028050898612610405,0.9998137297556111,4,0.8956576728499157,1,2,0.9943791467208345,0.08665228064192289
4744,0.02677615846934625,0.9998349538732335,4,0.8956796628029505,1,2,0.9944142307789845,0.08598482299120064
4745,0.02575345838657566,0.9998411496353969,4,0.8957016434892541,1,2,0.9942539996691387,0.08689724829001641
4746,0.027756472340121838,0.9998490515292678,4,0.895723614914683,1,2,0.9946475672948174,0.08640333125085636
4747,0.03155163153297232,0.9998500193977347,4,0.8957455770850885,1,2,0.994813254635875,0.08635929435834054
4748,0.021280874755330297,0.999846040337425,4,0.8957675300063171,1,2,0.9946951574329104,0.08696498074982663
4749,0.02815800633676568,0.9998249502746606,4,0.8957894736842106,1,2,0.9947119847324166,0.08658503839687258
4750,0.030836307449854557,0.9998295908384018,4,0.8958114081246054,1,2,0.9948578923788223,0.08613634148181902
4751,0.03015336187926981,0.9998239349697207,4,0.8958333333333334,1,2,0.9949384809934689,0.08700557162558208
4752,0.029458368574946533,0.9998297892224697,4,0.8958552493162213,1,2,0.9948573745284561,0.08606913609013767
4753,0.027293563812662507,0.9998317396777097,4,0.8958771560790912,1,2,0.9947850777712162,0.08603850771706174
4754,0.029325845680697578,0.999833782970542,4,0.8958990536277602,1,2,0.9952342974726931,0.08637291004409564
4755,0.02775652440574462,0.9998527425620628,4,0.8959209419680404,1,2,0.9952290463861706,0.0862509414065938
4756,0.023624803516874272,0.999849840861811,4,0.8959428211057389,1,2,0.9953607012650784,0.08624784555516704
4757,0.02626861177694217,0.9998590090841819,4,0.8959646910466582,1,2,0.9958062649656293,0.08644719325753158
4758,0.027729939359865334,0.9998625564688798,4,0.8959865517965959,1,2,0.995824533197186,0.08661066607233428
4759,0.026908369165214434,0.9998468844268162,4,0.8960084033613446,1,2,0.995617927826965,0.08551979878410504
4760,0.02817263290460781,0.9998456944959273,4,0.8960302457466919,1,2,0.9956618931446859,0.08633227993539835
4761,0.024722188939468395,0.9998461042648009,4,0.8960520789584209,1,2,0.9953271585062842,0.08597344675716567
4762,0.024350321809624438,0.9998647693255198,4,0.8960739030023095,1,2,0.9952564775671926,0.08633313328382364
4763,0.031300406635189855,0.9998746705432717,4,0.896095717884131,1,2,0.9953130156599159,0.08680168888878134
4764,0.025508994986494296,0.9998674158111046,4,0.8961175236096537,1,2,0.9951647096523013,0.0860337195149811
4765,0.02994362820719397,0.9998703321946145,4,0.8961393201846413,1,2,0.995317385640953,0.08696293447911496
4766,0.026142217197334686,0.9998694029085706,4,0.8961611076148521,1,2,0.9952707225767172,0.0869941086757849
4767,0.026688479151472207,0.9998594115465392,4,0.8961828859060402,1,2,0.995166357947965,0.08564908476950679
4768,0.03014580602686981,0.9998598370415054,4,0.8962046550639547,1,2,0.9953200523696256,0.08755616012676674
4769,0.023519658045513772,0.9998712588962333,4,0.8962264150943396,1,2,0.9954096705702078,0.08754043067243143
4770,0.02619638932690433,0.9998689929959669,4,0.8962481660029344,1,2,0.9952632997802981,0.08647240837708192
4771,0.026868284571963608,0.9998586149713642,4,0.8962699077954736,1,2,0.9952200358106525,0.0860178397642704
4772,0.027062315962468504,0.9998214001354506,4,0.896291640477687,1,2,0.99532834284159,0.08624335120569238
4773,0.027889103959056437,0.9998004313319414,4,0.8963133640552995,1,2,0.9948138731357101,0.08543624821113278
4774,0.027686917389252223,0.9997983964928309,4,0.8963350785340314,1,2,0.9947700362272125,0.086461623016364
4775,0.026264835522158043,0.9997918248994542,4,0.8963567839195979,1,2,0.9946341284050623,0.08638014302952178
4776,0.027121366634863107,0.9997830393965778,4,0.8963784802177098,1,2,0.9945524719749455,0.08666074262236417
4777,0.026895933873009203,0.9997719072961485,4,0.8964001674340728,1,2,0.9945476411929779,0.08660678630428974
4778,0.023968336503783123,0.9997552791605572,4,0.896421845574388,1,2,0.9942380976233595,0.08748688354643122
4779,0.027969678044739255,0.9997667928285824,4,0.8964435146443515,1,2,0.9941809269673514,0.08596017742771905
4780,0.03068070345309175,0.9997671768386234,4,0.8964651746496549,1,2,0.9941251813000005,0.08670556798424858
4781,0.028136566883539993,0.9997732731343744,4,0.8964868255959849,1,2,0.994377343637287,0.08649627697384038
4782,0.028430157440508926,0.9997754756077513,4,0.8965084674890236,1,2,0.9943500300888846,0.08610772012203438
4783,0.025832403050611612,0.9997820586702537,4,0.8965301003344481,1,2,0.9942864351949365,0.08688687043292875
4784,0.030126777401240326,0.9997765104529059,4,0.896551724137931,1,2,0.9944374470394561,0.08554662650742359
4785,0.02522970087099377,0.9997765882763933,4,0.89657333890514,1,2,0.9939216634863413,0.08706314604252195
4786,0.024785906304252585,0.999776089356572,4,0.8965949446417381,1,2,0.9939858400890744,0.08650060305067689
4787,0.02282070237528628,0.9997965347001356,4,0.8966165413533834,1,2,0.9938920114067584,0.08687828790816832
4788,0.02654210036348012,0.9998002061047104,4,0.8966381290457298,1,2,0.993905346772466,0.08704579106775748
4789,0.026145531366167617,0.9997826973641266,4,0.8966597077244259,1,2,0.9937032102707437,0.08565198108763335
4790,0.02306572775697798,0.9997735221699767,4,0.8966812773951158,1,2,0.9937659985184589,0.08631034302839224
4791,0.02857582467868694,0.9997676180811242,4,0.8967028380634391,1,2,0.9936538682453889,0.08624690397272058
4792,0.026452848155904762,0.9997936557437104,4,0.8967243897350302,1,2,0.9936660543663958,0.08626034927822733
4793,0.0258908143747521,0.9998063979698302,4,0.8967459324155194,1,2,0.9939932458214253,0.08620281018531904
4794,0.029274696128529402,0.9998064905389432,4,0.8967674661105318,1,2,0.9936755689101932,0.0867017272407638
4795,0.023940559060609667,0.9998063685885291,4,0.8967889908256881,1,2,0.9937734852910138,0.08625864026192381
4796,0.027799670796786413,0.9998149051538927,4,0.8968105065666041,1,2,0.9937834309325141,0.08600370050251185
4797,0.02530724813951756,0.9998087066602234,4,0.8968320133388912,1,2,0.9936414790836536,0.0867146710867173
4798,0.026062943882313613,0.9998170309176867,4,0.8968535111481558,1,2,0.9939611643266077,0.08587597295377886
4799,0.028623988144964134,0.9998197485896553,4,0.896875,1,2,0.9942178192602036,0.08695752183107741
4800,0.027841409329363985,0.9989083013125661,4,0.8968964799000209,1,2,0.0,0.09676450920433315
4801,0.02720233182854596,0.9981537365116583,4,0.8969179508538109,1,2,0.0,0.09734006932256506
4802,0.029940230755034374,0.9975051309432987,4,0.8969394128669581,1,2,0.0,0.09737532703394745
4803,0.023918465691477986,0.9968570702265437,4,0.8969608659450458,1,2,0.0,0.09780099292793137
4804,0.02964128489252847,0.9964968386004235,4,0.8969823100936525,1,2,0.0,0.09720863554905712
4805,0.02996973475691881,0.9960702689150958,4,0.897003745318352,1,2,0.0,0.0976150719446276
4806,0.02949270625079361,0.9957367509498292,4,0.897025171624714,1,2,0.0,0.09788653738544424
4807,0.03132957997004639,0.9954790015947729,4,0.8970465890183028,1,2,0.0,0.09712787601126581
4808,0.0248399706694605,0.995323250021691,4,0.8970679975046787,1,2,0.0,0.098276077343186
4809,0.030596218741047128,0.9954551915595931,4,0.8970893970893971,1,2,0.0,0.09755927910063754
4810,0.027244143261006062,0.9955848467116376,4,0.8971107877780087,1,2,0.0,0.09658594691974176
4811,0.026491502358677144,0.9959059715030907,4,0.8971321695760599,1,2,0.0,0.09751706994133319
4812,0.02231600919053401,0.9961397329673516,4,0.8971535424890921,1,2,0.0,0.09729336530782833
4813,0.027512534196532733,0.9964698751024655,4,0.8971749065226423,1,2,0.0,0.0980549516928398
4814,0.029392576148126497,0.996793929219473,4,0.897196261682243,1,2,0.0,0.09734576877005344
4815,0.029773890764021732,0.9971769513265769,4,0.897217607973422,1,2,0.0,0.09789171926659172
4816,0.03563772630981424,0.9977096180957469,4,0.8972389454017023,1,2,0.0,0.09737889419434685
4817,0.02965544607207862,0.9981880243570483,4,0.8972602739726028,1,2,0.0,0.09763741654176583
4818,0.03179562002316082,0.9989053990936099,4,0.8972815936916373,1,2,0.0,0.09801198916162636
4819,0.03622445449475903,0.9997199503883998,4,0.8973029045643154,1,2,0.9943811694520039,0.09699392051340651
4820,0.028704523796177783,0.9996924892602063,4,0.8973242065961419,1,2,0.9944916167111962,0.09740136731980202
4821,0.028387544504869487,0.9996892752004728,4,0.8973454997926171,1,2,0.9945174144672615,0.09760533410098785
4822,0.028333570752883945,0.9996984588653107,4,0.897366784159237,1,2,0.9945668195668786,0.0970852527648009
4823,0.028996738538688407,0.9997091888764348,4,0.8973880597014925,1,2,0.9943487199130934,0.09760305331890512
4824,0.025860909148378453,0.9997103308098726,4,0.8974093264248705,1,2,0.994409354264622,0.09757540444795965
4825,0.028550067170809004,0.9997001508420792,4,0.8974305843348529,1,2,0.9944062326356301,0.097884545363041
4826,0.024331023027809505,0.9997068381741755,4,0.8974518334369174,1,2,0.9933419387895346,0.09650051703194712
4827,0.029904584606942702,0.9997350988095279,4,0.8974730737365368,1,2,0.9928608618166042,0.09821419255295843
4828,0.02741676898654446,0.9997311258464942,4,0.89749430523918,1,2,0.9927786664462974,0.09745007568881366
4829,0.030171172899453202,0.9997363705229294,4,0.8975155279503105,1,2,0.9925176508465462,0.0976180416323532
4830,0.025152499915060585,0.999747160709346,4,0.8975367418753881,1,2,0.9929333691422064,0.09744348482827468
4831,0.027800884174359636,0.9997520920536893,4,0.8975579470198676,1,2,0.9928747214184068,0.09753611290739256
4832,0.03351774319174219,0.9997444865573034,4,0.8975791433891993,1,2,0.9934698248857416,0.09735552965193181
4833,0.03189929217431668,0.9997491427424974,4,0.8976003309888291,1,2,0.9934760503856522,0.09720803445132505
4834,0.026432712251522314,0.999791191073884,4,0.8976215098241985,1,2,0.9933243001317541,0.09721942343261344
4835,0.021913823825362038,0.9997698805667565,4,0.8976426799007444,1,2,0.993328408282266,0.0970641917795842
4836,0.03098143978813206,0.9997869335704533,4,0.8976638412238991,1,2,0.9932675071708628,0.09854472244397078
4837,0.025378341679592693,0.9998090033834274,4,0.8976849937990905,1,2,0.9933676007084528,0.09737017707381751
4838,0.02859794925086285,0.9998023549511741,4,0.8977061376317421,1,2,0.9933280240575746,0.09737702913121113
4839,0.02745024883159137,0.9998156797024373,4,0.8977272727272727,1,2,0.9933620939118294,0.09771979344405297
4840,0.022053529257528362,0.9998432799022049,4,0.8977483990910968,1,2,0.9932408995231148,0.09727688619537989
4841,0.0326912294722719,0.9998288359076924,4,0.8977695167286245,1,2,0.9932312368072937,0.09732310814450339
4842,0.024437932297501134,0.999814854836721,4,0.8977906256452612,1,2,0.9932525956876852,0.09712790386896451
4843,0.026784587716008414,0.9998043009063932,4,0.8978117258464079,1,2,0.993342774336375,0.09750969736063214
4844,0.026989284397193274,0.9998280340748822,4,0.8978328173374613,1,2,0.9932551520596374,0.09757654524607234
4845,0.028529179153215664,0.9998326349970471,4,0.8978539001238135,1,2,0.9932368882253473,0.09773474544015986
4846,0.026249038083967807,0.9998424042411903,4,0.897874974210852,1,2,0.9943185464476456,0.09794946867943573
4847,0.03002331542092112,0.9998431475019992,4,0.8978960396039604,1,2,0.9947537634539844,0.09775999717091866
4848,0.029514365102596016,0.9998392558712489,4,0.8979170963085172,1,2,0.9948821879629222,0.09752750329167378
4849,0.027769897704215712,0.999815906592416,4,0.8979381443298969,1,2,0.9949314838146976,0.0982274577804794
4850,0.024258725294222745,0.9998212231810075,4,0.8979591836734694,1,2,0.9949187221022135,0.09730889631642098
4851,0.028555186505038587,0.9998160675629368,4,0.8979802143446002,1,2,0.9949164152057455,0.09721240895768017
4852,0.02655929998072956,0.9998208141376217,4,0.8980012363486504,1,2,0.9948299354320677,0.09717789014456452
4853,0.028786330857956895,0.9998228844782907,4,0.8980222496909765,1,2,0.994681434920131,0.0977468456743774
4854,0.030845813154102925,0.9998257224421359,4,0.898043254376931,1,2,0.9949568886279295,0.09786421305668813
4855,0.02444148200428138,0.9998471656566107,4,0.8980642504118617,1,2,0.9951040923614424,0.09790616405645414
4856,0.029916544259158538,0.9998450797068467,4,0.8980852378011118,1,2,0.9952397386983696,0.09707217736439631
4857,0.030724206171979206,0.9998534134538298,4,0.8981062165500205,1,2,0.9954966803747987,0.09809495223187899
4858,0.028515939035838125,0.9998571971730925,4,0.8981271866639227,1,2,0.9956096533943191,0.0981473718037173
4859,0.02328064468551864,0.999842828393431,4,0.8981481481481481,1,2,0.9955664306865735,0.09730238577870938
4860,0.02707059846970439,0.9998404568946186,4,0.898169101008023,1,2,0.9957111019076553,0.09798780053665329
4861,0.03379312850934334,0.9998440559043548,4,0.8981900452488688,1,2,0.9953389435724218,0.09753131859290726
4862,0.028844060812807857,0.9998637053189282,4,0.8982109808760025,1,2,0.9949197076610801,0.09775104960830794
4863,0.023174361310753375,0.9998751459634413,4,0.8982319078947368,1,2,0.9950671150928629,0.09828812984101071
4864,0.026213364301072246,0.9998692397518891,4,0.8982528263103803,1,2,0.9947057608316592,0.09778399897279302
4865,0.024431412326888086,0.9998716143527603,4,0.8982737361282368,1,2,0.9946946848789989,0.09758152203915092
4866,0.034120297981451886,0.9998699977501384,4,0.8982946373536059,1,2,0.9946593544928224,0.09752916977907995
4867,0.026573928063991475,0.9998596140556243,4,0.8983155299917831,1,2,0.994602174598197,0.09705953894786858
4868,0.02308956543422367,0.9998584484366818,4,0.8983364140480592,1,2,0.9946237702782547,0.09796426962031946
4869,0.029848314486179948,0.9998709705318486,4,0.8983572895277208,1,2,0.9949391878020046,0.0977448636459039
4870,0.02750653063686897,0.9998691578806027,4,0.8983781564360501,1,2,0.9947744271603434,0.09699029479061881
4871,0.02663705338998512,0.9998606438001455,4,0.8983990147783252,1,2,0.9948352716459075,0.09754903402345616
4872,0.02621179914936017,0.9998215706655034,4,0.8984198645598194,1,2,0.9949077491735008,0.09712281082166524
4873,0.02457739549732698,0.9997991895883924,4,0.8984407057858023,1,2,0.9949089741713797,0.09656129901838
4874,0.029482553804382434,0.9997971306900164,4,0.8984615384615384,1,2,0.9948119664098376,0.0977164173264041
4875,0.030375995704046525,0.9997901988873792,4,0.8984823625922888,1,2,0.9943285278519054,0.09730215253524696
4876,0.024743383044379053,0.999782175377242,4,0.8985031781833094,1,2,0.9942734645868905,0.0975347187269396
4877,0.0282382055793488,0.9997717341132762,4,0.8985239852398524,1,2,0.9943293190912381,0.09734238954206371
4878,0.027513732343240234,0.9997552104438158,4,0.8985447837671654,1,2,0.9940464229765293,0.09768897319845599
4879,0.03186454458598159,0.9997638243889194,4,0.8985655737704918,1,2,0.9939680481683804,0.09781510417692502
4880,0.026560178715506005,0.99976462829662,4,0.8985863552550707,1,2,0.99399417644856,0.09847380612778406
4881,0.030397407253386445,0.9997673107497815,4,0.8986071282261369,1,2,0.9941823194872244,0.09778862294994017
4882,0.030449664915031555,0.9997686665014731,4,0.8986278926889207,1,2,0.9945701702904188,0.0971272882982292
4883,0.029607312408043956,0.9997753554423452,4,0.8986486486486487,1,2,0.9944816553174816,0.0975964028767544
4884,0.028648938685946146,0.9997667818983682,4,0.8986693961105425,1,2,0.9953239156200002,0.09696833559993247
4885,0.026555953249462208,0.9997669637642724,4,0.8986901350798199,1,2,0.9945868758542366,0.09840514355956947
4886,0.026915701348397734,0.9997672523324137,4,0.8987108655616943,1,2,0.9944024295559399,0.09815694555773295
4887,0.027633941832431216,0.9997863475399941,4,0.8987315875613748,1,2,0.9943495431242855,0.0983231582234869
4888,0.030366963684817113,0.9997914550026157,4,0.8987523010840662,1,2,0.994344704582018,0.09774170035362235
4889,0.028439182438770676,0.9997714597135853,4,0.8987730061349694,1,2,0.994240893321079,0.09731794726139402
4890,0.026941241858426352,0.9997622234095802,4,0.8987937027192803,1,2,0.994211314963547,0.09786954525443854
4891,0.02313294280756996,0.999756251237997,4,0.8988143908421913,1,2,0.9941819654792315,0.09740556387082798
4892,0.02534855374712852,0.9997848102773538,4,0.8988350705088902,1,2,0.9942183324410672,0.0979360709330011
4893,0.02971656504407668,0.9997998574219582,4,0.8988557417245607,1,2,0.994276331277949,0.09752320758108002
4894,0.02577570635608592,0.999799248956665,4,0.898876404494382,1,2,0.9939557108224658,0.09779764176302097
4895,0.026178335248824104,0.9997993963477287,4,0.8988970588235294,1,2,0.9943400917881922,0.09725350156373658
4896,0.023635556345215396,0.9998078394756773,4,0.8989177047171738,1,2,0.9943981499035706,0.09719385094928888
4897,0.027862931254286488,0.9998033174153106,4,0.8989383421804819,1,2,0.9939476464459798,0.09735995475548298
4898,0.027501471428119262,0.9998115392844156,4,0.898958971218616,1,2,0.9942479582275425,0.09727481917373243
4899,0.025974174829012868,0.9998154071575547,4,0.8989795918367347,1,2,0.9942632131287749,0.0976470690527768
4900,0.028929337620836246,0.999000054140217,4,0.8990002040399918,1,2,0.0,0.0868378756473873
4901,0.024864661484682193,0.9982088366407994,4,0.8990208078335373,1,2,0.0,0.08627966060016834
4902,0.028980361268957186,0.9975362019679764,4,0.8990414032225168,1,2,0.0,0.0866065371384333
4903,0.03166731000805308,0.9968333651887026,4,0.8990619902120718,1,2,0.0,0.08642737219870207
4904,0.025237361646834267,0.9964204621295975,4,0.8990825688073395,1,2,0.0,0.08676138078376182
4905,0.024802189321608926,0.9959474236853962,4,0.899103139013453,1,2,0.0,0.08634126892743116
4906,0.019951949852549257,0.9954679253008623,4,0.899123700835541,1,2,0.0,0.08707243892984903
4907,0.02634908984039454,0.9952850310681268,4,0.8991442542787286,1,2,0.0,0.08615849832816029
4908,0.026998436834172593,0.9952059910042714,4,0.8991647993481361,1,2,0.0,0.08655582760872992
4909,0.02224274460479179,0.9951036853983947,4,0.8991853360488798,1,2,0.0,0.08662150880780488
4910,0.027630963068567813,0.995068149893363,4,0.8992058643860721,1,2,0.0,0.0859153540663467
4911,0.022931178693992908,0.9950998163729474,4,0.8992263843648208,1,2,0.0,0.08664280624451015
4912,0.026921601478954452,0.995304176695736,4,0.89924689599023,1,2,0.0,0.08623790850306513
4913,0.02624942482331711,0.9955763515206191,4,0.8992673992673993,1,2,0.0,0.08619711727069335
4914,0.02679989102632358,0.9960719700763897,4,0.8992878942014242,1,2,0.0,0.08650666762982606
4915,0.026035879731864914,0.9966633947771557,4,0.8993083807973963,1,2,0.0,0.0869914671107097
4916,0.02462965044466913,0.9972998608020204,4,0.8993288590604027,1,2,0.0,0.086093018426627
4917,0.025490260289029818,0.9981485417756835,4,0.8993493289955267,1,2,0.0,0.08720833823682682
4918,0.02395532420061564,0.9989641291825679,4,0.8993697906078472,1,2,0.0,0.0871443633982871
4919,0.02594938997664708,0.9998528937144165,4,0.899390243902439,1,2,0.9963603295185617,0.08571490070480607
4920,0.02613278851115435,0.9998469656924055,4,0.8994106888843731,1,2,0.9963394066215282,0.08610092348827576
4921,0.03126654525552223,0.999823857079378,4,0.899431125558716,1,2,0.9961569396513169,0.0858906188567936
4922,0.02644730110142652,0.9998184419823941,4,0.8994515539305301,1,2,0.9960676347122293,0.08626429600432471
4923,0.02583313335148077,0.9998150703931575,4,0.8994719740048741,1,2,0.9960486649313789,0.08652359560746035
4924,0.02211314571065428,0.9998029989153532,4,0.899492385786802,1,2,0.9958842803372614,0.08744797996199771
4925,0.024232729757539314,0.9997875033732473,4,0.8995127892813642,1,2,0.9958302499276145,0.08625220223768766
4926,0.02285971571261308,0.9997800121589241,4,0.8995331844936066,1,2,0.9953086106761044,0.08609249031512488
4927,0.028433047346970768,0.9997896567240758,4,0.8995535714285714,1,2,0.995126809734513,0.08669454525273292
4928,0.028125910919046898,0.9997936770245583,4,0.8995739500912964,1,2,0.9950201278968229,0.08664326775125421
4929,0.027602109250000464,0.9997926437821644,4,0.8995943204868154,1,2,0.9948983792931942,0.08663145018396112
4930,0.027616450267102265,0.9997838377492442,4,0.8996146826201582,1,2,0.995083530564138,0.08617559915352357
4931,0.026556444247978817,0.999791820009103,4,0.8996350364963503,1,2,0.995062300613744,0.08654408410800707
4932,0.025611522473845696,0.9997742281182023,4,0.8996553821204135,1,2,0.9950194863572074,0.08646218305826567
4933,0.023852269114208124,0.9997679893277108,4,0.8996757194973652,1,2,0.995045118462325,0.08660293412761261
4934,0.02407313811539216,0.9997678570454499,4,0.8996960486322189,1,2,0.9950037753909197,0.0871776984556969
4935,0.027062429735559855,0.999770635180121,4,0.8997163695299838,1,2,0.9950856149657243,0.08684391159816535
4936,0.028006547345218683,0.9997946247810078,4,0.8997366821956654,1,2,0.9950347370499782,0.08691197519281653
4937,0.027133732645216405,0.9998008424580398,4,0.8997569866342648,1,2,0.9946569801437442,0.08542654225693867
4938,0.026737097229575443,0.9998001842553604,4,0.8997772828507795,1,2,0.9947645369109963,0.08562993452079215
4939,0.023798533507541766,0.999788194467776,4,0.8997975708502024,1,2,0.9948554197391178,0.08663101461039913
4940,0.02411682407931797,0.9997923441407747,4,0.8998178506375227,1,2,0.994808372197961,0.08557195517936743
4941,0.02258850047922703,0.9998187495348889,4,0.8998381222177256,1,2,0.994737686777589,0.08565420567432591
4942,0.022860952278266174,0.9997936809822947,4,0.899858385595792,1,2,0.9947424255897002,0.08632239230735275
4943,0.024786952244617223,0.9997883174938919,4,0.899878640776699,1,2,0.994757902634428,0.08654183752235683
4944,0.026347018685126945,0.9998048937617584,4,0.8998988877654196,1,2,0.9949890049151195,0.0865899400020202
4945,0.025789894977262782,0.9997939737676618,4,0.8999191265669227,1,2,0.994559086742149,0.08761538067076345
4946,0.022459712601375838,0.9998093897911917,4,0.8999393571861735,1,2,0.9948461637109566,0.08633358557264469
4947,0.026452416325408824,0.9998046190848097,4,0.8999595796281326,1,2,0.9950094669963301,0.08592838113415321
4948,0.022592282826321836,0.9998051836520706,4,0.8999797938977572,1,2,0.9951128119427646,0.08787510994127473
4949,0.02483882127935973,0.9997990841059032,4,0.9,1,2,0.9951951786572204,0.08629578779422405
4950,0.027421536105908237,0.9997964153272785,4,0.9000201979398101,1,2,0.9952229323398191,0.08590640241790348
4951,0.027194171745126776,0.9998033396947696,4,0.9000403877221325,1,2,0.9952028517475924,0.08655403632538644
4952,0.02354938491325214,0.99979543962821,4,0.9000605693519079,1,2,0.9951503896751197,0.08564384562274191
4953,0.0248679606975421,0.9998021489524468,4,0.9000807428340735,1,2,0.9949412056760791,0.08677331630077972
4954,0.027044168946424113,0.9997994267020932,4,0.900100908173562,1,2,0.9948809723277766,0.0872515206914
4955,0.028678918925625338,0.9997879081334203,4,0.9001210653753027,1,2,0.9949253033291043,0.08646313610890713
4956,0.023494010999664968,0.9997890009274863,4,0.9001412144442204,1,2,0.9950267313967742,0.0863835981145641
4957,0.026141997822786398,0.9997867162874224,4,0.900161355385236,1,2,0.9954063076975183,0.08681897187344
4958,0.027252523414219475,0.9997700242453269,4,0.9001814882032668,1,2,0.9954898719340816,0.08660960994306983
4959,0.02449039940374202,0.9997761641649802,4,0.9002016129032258,1,2,0.9952140316083232,0.08535872156871986
4960,0.029644657153452998,0.9997847628699615,4,0.9002217294900222,1,2,0.9953416071619298,0.08686627967263916
4961,0.02598729497782599,0.9997652549151739,4,0.900241837968561,1,2,0.9947528066301419,0.08582683096146587
4962,0.026638011669515134,0.9997872085937365,4,0.9002619383437437,1,2,0.9947670649947791,0.08605275187904016
4963,0.023916619462026386,0.9998014059506203,4,0.9002820306204674,1,2,0.9946716531708251,0.08572442507248873
4964,0.02529256679351693,0.9998110966866471,4,0.9003021148036254,1,2,0.9941209110818494,0.08722587483909797
4965,0.025123182804214543,0.9998191084343208,4,0.9003221908981072,1,2,0.9943645181638932,0.08570051176150012
4966,0.026133518802857053,0.999812849336595,4,0.900342258908798,1,2,0.9944387648095641,0.08676027126329344
4967,0.025606126167732002,0.9998035283430293,4,0.9003623188405797,1,2,0.9943067689206662,0.08580967139683052
4968,0.0284090116962741,0.9998060726266063,4,0.9003823706983296,1,2,0.9944475856554629,0.08612120974968117
4969,0.024978328536306715,0.999797386941727,4,0.9004024144869215,1,2,0.9945698108425547,0.08624777621195603
4970,0.024035265442435526,0.9998158274846505,4,0.9004224502112251,1,2,0.9943039341053262,0.08728069485166062
4971,0.02620814058072936,0.9997918923285111,4,0.9004424778761062,1,2,0.9942588860702224,0.08560690126515097
4972,0.024617034976554337,0.9998068232328667,4,0.9004624974864267,1,2,0.9943358295969432,0.08623744670053941
4973,0.027783420976379206,0.9998039373382166,4,0.9004825090470446,1,2,0.9943153103406863,0.08600022457476508
4974,0.027173026391516874,0.9998149734549695,4,0.9005025125628141,1,2,0.9943881930245462,0.08625233151717225
4975,0.0290953787738848,0.99983168817663,4,0.9005225080385852,1,2,0.9938733925277633,0.08557771659004232
4976,0.02563586774294727,0.9998228050980653,4,0.9005424954792043,1,2,0.9938289347000743,0.08627623028405956
4977,0.02242551892228984,0.9998124669637394,4,0.9005624748895139,1,2,0.9937989470090158,0.08675405672414614
4978,0.02225482203557896,0.9998237105701554,4,0.9005824462743522,1,2,0.9937584645116443,0.08693424352222322
4979,0.026245283851171666,0.999813305098419,4,0.9006024096385542,1,2,0.9938898986736224,0.08652926720010297
4980,0.026847318169927206,0.9998049272318328,4,0.9006223649869504,1,2,0.9938605555661498,0.08702588836825227
4981,0.02850570891393666,0.9998280937021514,4,0.9006423123243678,1,2,0.9941742450218838,0.0877374209093803
4982,0.027598728674110846,0.9998341578473827,4,0.9006622516556292,1,2,0.9941183302314889,0.08576755330287669
4983,0.026257396165166362,0.9998364038268994,4,0.9006821829855538,1,2,0.9941329196872253,0.08696232676549141
4984,0.024784229050615517,0.9998340448082165,4,0.9007021063189569,1,2,0.9945462181601048,0.08576564311436262
4985,0.024824625877412493,0.9998371171640515,4,0.9007220216606499,0,2,0.9944465955808127,0.08674316729711658
4986,0.022458366325589153,0.9998409064811654,4,0.9007419290154401,0,2,0.9944492543019504,0.0861395068763989
4987,0.023122118048355688,0.9998559776052701,4,0.9007618283881316,0,2,0.9945597974480985,0.08689275557347113
4988,0.02534577688219966,0.9998555071586254,4,0.9007817197835237,0,2,0.994307983813377,0.0879290633973096
4989,0.02430773271206588,0.9998452324934399,4,0.9008016032064128,0,2,0.9942698808092644,0.08638088270602401
4990,0.02278687309315976,0.9998415224481989,4,0.9008214786615909,0,2,0.9944300840319757,0.08683227757221113
4991,0.024709530791707315,0.9998523474481874,4,0.9008413461538461,0,2,0.9943476338350772,0.08561272009898038
4992,0.022366532935862975,0.9998538730853543,4,0.9008612056879631,0,2,0.994322041470403,0.08679990994649586
4993,0.026942841589500166,0.9998444501431866,4,0.9008810572687225,0,2,0.9945247733530932,0.08684274773155332
4994,0.025948437339383394,0.9998390421261604,4,0.9009009009009009,0,2,0.9942511776326661,0.08635257800187468
4995,0.024059051876602507,0.999841040135225,4,0.9009207365892714,0,2,0.994951247110518,0.08680507335627954
4996,0.026556685506859235,0.999849495598506,4,0.9009405643386031,0,2,0.9948767617039418,0.08587896684126461
4997,0.021682167853266314,0.999834799857553,4,0.9009603841536614,0,2,0.9946045561748538,0.08681200488884938
4998,0.02444008576475813,0.9998406150448768,4,0.9009801960392079,0,2,0.9945310893941455,0.08618047429480984
4999,0.028426687525036277,0.9998446898515085,4,0.901,0,2,0.994456600520999,0.08684371536829912
