{"step": 1160000, "timestamp": "2026-03-24T08:09:55.170148", "purpose_state": [0.4399999999999997, 0.17600000000000007, 0.13200000000000012, 0.13200000000000012, 0.9739307976132947, 0.47467967389178056, 0.0, 0.0, 0.11036509965029477], "exploration_rate": 0.1}