{"step": 2880000, "timestamp": "2026-03-24T13:35:31.394278", "purpose_state": [0.17600000000000002, 0.13200000000000014, 0.43999999999999984, 0.13200000000000003, 0.9739307976132947, 0.41756078966147436, 0.0, 0.0, 0.10937646840294048], "exploration_rate": 0.1}