{"step": 1140000, "timestamp": "2026-03-24T08:06:30.336842", "purpose_state": [0.4399999999999997, 0.17600000000000007, 0.13200000000000012, 0.13200000000000012, 0.9739307976132947, 0.42093643641640394, 0.0, 0.0, 0.10570668351831454], "exploration_rate": 0.1}