{"step": 1180000, "timestamp": "2026-03-24T08:13:20.101137", "purpose_state": [0.4399999999999997, 0.17600000000000007, 0.13200000000000012, 0.13200000000000012, 0.9739307976132947, 0.4170963226596923, 0.0, 0.0, 0.10939633066929012], "exploration_rate": 0.1}