{
  "timestamp": "2026-03-25 14:41:21.287202",
  "results": {
    "No Purpose": {
      "avg_total_reward": 107.37797642361359,
      "std_total_reward": 3.0073585511225285,
      "avg_success_rate": 0.9039999999999999,
      "std_success_rate": 0.00885437744847147,
      "avg_reward": 0.21475595284722715,
      "std_reward": 0.006014717102245064
    },
    "Static Purpose": {
      "avg_total_reward": 107.69446907503398,
      "std_total_reward": 1.6439428533337004,
      "avg_success_rate": 0.9036,
      "std_success_rate": 0.009068627239003715,
      "avg_reward": 0.21538893815006793,
      "std_reward": 0.0032878857066673977
    },
    "Random Purpose": {
      "avg_total_reward": 109.2840280534086,
      "std_total_reward": 4.230926237067398,
      "avg_success_rate": 0.9032,
      "std_success_rate": 0.008726969691708579,
      "avg_reward": 0.2185680561068172,
      "std_reward": 0.0084618524741348
    },
    "Old Purpose (v5.0)": {
      "avg_total_reward": 105.38486472227157,
      "std_total_reward": 2.531308879706037,
      "avg_success_rate": 0.8932,
      "std_success_rate": 0.010552724766618345,
      "avg_reward": 0.2107697294445432,
      "std_reward": 0.005062617759412077
    },
    "Causal Purpose (v5.1)": {
      "avg_total_reward": 157.36000000000047,
      "std_total_reward": 9.072507922289184,
      "avg_success_rate": 0.6912,
      "std_success_rate": 0.030241693074297256,
      "avg_reward": 0.3147200000000009,
      "std_reward": 0.01814501584457838
    }
  },
  "analysis": {
    "necessity": {
      "causal_reward": 0.3147200000000009,
      "no_purpose_reward": 0.21475595284722715,
      "improvement": 0.4633199957340526,
      "passed": 