{
  "timestamp": "2026-03-25 19:46:02.550273",
  "results": {
    "No Purpose": {
      "avg_total_reward": 107.45979465526274,
      "std_total_reward": 3.710151273177882,
      "avg_success_rate": 0.9004400000000001,
      "std_success_rate": 0.012593903286908324,
      "avg_reward": 0.21491958931052552,
      "std_reward": 0.007420302546355762,
      "raw_results": []
    },
    "Static Purpose": {
      "avg_total_reward": 107.47098333320768,
      "std_total_reward": 3.157279721003454,
      "avg_success_rate": 0.9002800000000001,
      "std_success_rate": 0.013066047604382906,
      "avg_reward": 0.21494196666641535,
      "std_reward": 0.006314559442006907,
      "raw_results": []
    },
    "Random Purpose": {
      "avg_total_reward": 107.45736466843988,
      "std_total_reward": 4.354958862262142,
      "avg_success_rate": 0.8996800000000001,
      "std_success_rate": 0.014941807119622452,
      "avg_reward": 0.21491472933687977,
      "std_reward": 0.008709917724524284,
      "raw_results": []
    },
    "Old Purpose (v5.0)": {
      "avg_total_reward": 107.6789676219129,
      "std_total_reward": 3.600136397094087,
      "avg_success_rate": 0.9009999999999999,
      "std_success_rate": 0.012851459061133887,
      "avg_reward": 0.21535793524382588,
      "std_reward": 0.0072002727941881724,
      "raw_results": []
    },
    "Causal Purpose (v5.1)": {
      "avg_total_reward": 161.16400000000044,
      "std_total_reward": 5.477326355075057,
      "avg_success_rate": 0.70388,
      "std_success_rate": 0.018257754516916903,
      "avg_reward": 0.3223280000000009,
      "std_reward": 0.010954652710150113,
      "raw_results": []
    }
  },
  "analysis": {
    "necessity": {
      "causal_reward": 0.3223280000000009,
      "no_purpose_reward": 0.21491958931052552,
      "improvement": 0.49744634580147146,
      "n_a": 50,
      "n_b": 50,
      "mean_a": 0.3223280000000009,
      "mean_b": 0.21491958931052552,
      "std_a": 0.01106587030984391,
      "std_b": 0.007495637498548522,
      "ci_a": [
        0.31926069724115885,
        0.32539530275884293
      ],
      "ci_b": [
        0.2128419045975459,
        0.21699727402350513
      ],
      "cohens_d": 11.36490534881592,
      "t_stat": 56.82458386397481,
      "p_value": 0.0,
      "significant": true,
      "passed": true
    },
    "dynamic_value": {
      "causal_reward": 0.3223280000000009,
      "static_reward": 0.21494196666641535,
      "improvement": 0.4972911703609435,
      "n_a": 50,
      "n_b": 50,
      "mean_a": 0.3223280000000009,
      "mean_b": 0.21494196666641535,
      "std_a": 0.01106587030984391,
      "std_b": 0.0063786682880694655,
      "ci_a": [
        0.31926069724115885,
        0.32539530275884293
      ],
      "ci_b": [
        0.2131738900226534,
        0.2167100433101773
      ],
      "cohens_d": 11.889973794901369,
      "t_stat": 59.44993150733355,
      "p_value": 0.0,
      "significant": true,
      "passed": true
    },
    "non_random": {
      "causal_reward": 0.3223280000000009,
      "random_reward": 0.21491472933687977,
      "improvement": 0.4974800514675872,
      "n_a": 50,
      "n_b": 50,
      "mean_a": 0.3223280000000009,
      "mean_b": 0.21491472933687977,
      "std_a": 0.01106587030984391,
      "std_b": 0.008798345552268607,
      "ci_a": [
        0.31926069724115885,
        0.32539530275884293
      ],
      "ci_b": [
        0.21247595237401298,
        0.21735350629974656
      ],
      "cohens_d": 10.744960282046968,
      "t_stat": 53.72485246610832,
      "p_value": 0.0,
      "significant": true,
      "passed": true
    },
    "not_worse": {
      "causal_reward": 0.3223280000000009,
      "old_reward": 0.21535793524382588,
      "relative": 0.49441248658443915,
      "n_a": 50,
      "n_b": 50,
      "mean_a": 0.3223280000000009,
      "mean_b": 0.21535793524382588,
      "std_a": 0.01106587030984391,
      "std_b": 0.007273373884519238,
      "ci_a": [
        0.31926069724115885,
        0.32539530275884293
      ],
      "ci_b": [
        0.21334185886145318,
        0.21737401162619857
      ],
      "cohens_d": 11.423972643844897,
      "t_stat": 57.11992117091381,
      "p_value": 0.0,
      "significant": true,
      "passed": true
    },
    "overall": {
      "all_passed": true,
      "tests_passed": "4",
      "total_tests": 4
    }
  }
}