{
  "agent_id": "faction_agent_03",
  "current_purpose": {
    "vector": [
      0.24990562283988024,
      0.24914413790790604,
      0.251774211074001,
      0.2499630173187145,
      0.0,
      0.0,
      0.0,
      0.0,
      -0.0007869894740975422
    ],
    "statement": "I exist to shape and impact. My primary goal is Influence, alongside Optimization and Survival.",
    "last_generation": 2000
  },
  "purpose_history": [
    {
      "step": 400,
      "purpose_vector": [
        0.25017417514872586,
        0.24929909150032625,
        0.25054616130577917,
        0.25015916661350296,
        0.0,
        0.0,
        0.0,
        0.0,
        -0.0001785949017272501
      ],
      "purpose_statement": "I exist to shape and impact. My primary goal is Influence, alongside Survival and Optimization.",
      "reflection_data": {
        "total_steps": 10,
        "recent_window": 10,
        "action_distribution": {
          "unknown": 10
        },
        "state_distribution": {
          "concerned": 10
        },
        "average_reward": 0.32713559965898825,
        "reward_trend": 0.0,
        "current_weights": [
          0.13623452083094165,
          0.2632304883761193,
          0.19785675227651256,
          0.40267823851642665
        ],
        "coherence_score": -0.0008929745086362505,
        "valence_profile": {
          "beta_distribution": [
            0.2501295033780424,
            0.24925457598692252,
            0.2505014231122513,
            0.25011449752278375
          ]
        },
        "social_summary": {
          "n_agents": 0,
          "avg_trust": 0.0
        },
        "timestamp": "2026-03-19T20:44:16.829802"
      },
      "change_magnitude": 0.37589060428211984
    },
    {
      "step": 800,
      "purpose_vector": [
        0.25208342213441726,
        0.25049754521405304,
        0.24927734807618965,
        0.2482978088089099,
        0.0,
        0.0,
        0.0,
        0.0,
        -0.0001561245669552313
      ],
      "purpose_statement": "I exist to persist and endure. My core drive is Survival, supported by Curiosity and Influence.",
      "reflection_data": {
        "total_steps": 10,
        "recent_window": 10,
        "action_distribution": {
          "unknown": 10
        },
        "state_distribution": {
          "normal": 10
        },
        "average_reward": 0.3096413893251622,
        "reward_trend": 0.0,
        "current_weights": [
          0.3561651237562564,
          0.4298259964193446,
          0.10238880456658239,
          0.11162007525781657
        ],
        "coherence_score": -0.0007806228347761564,
        "valence_profile": {
          "beta_distribution": [
            0.25204407194685874,
            0.25045844258166383,
            0.24923843591640601,
            0.2482590495550713
          ]
        },
        "social_summary": {
          "n_agents": 0,
          "avg_trust": 0.0
        },
        "timestamp": "2026-03-19T20:44:17.034627"
      },
      "change_magnitude": 0.003186935857616667
    },
    {
      "step": 1200,
      "purpose_vector": [
        0.2511527325674345,
        0.2485900385332587,
        0.2514725767798471,
        0.2489216285069568,
        0.0,
        0.0,
        0.0,
        0.0,
        -0.00013697672087600412
      ],
      "purpose_statement": "I exist to shape and impact. My primary goal is Influence, alongside Survival and Optimization.",
      "reflection_data": {
        "total_steps": 10,
        "recent_window": 10,
        "action_distribution": {
          "unknown": 10
        },
        "state_distribution": {
          "concerned": 10
        },
        "average_reward": 0.2712468992508982,
        "reward_trend": 0.0,
        "current_weights": [
          0.26841273053689013,
          0.10496848298650288,
          0.3489867605530917,
          0.2776320259235153
        ],
        "coherence_score": -0.0006848836043800206,
        "valence_profile": {
          "beta_distribution": [
            0.25111833528503286,
            0.24855599223135208,
            0.2514381356923409,
            0.248887536791274
          ]
        },
        "social_summary": {
          "n_agents": 0,
          "avg_trust": 0.0
        },
        "timestamp": "2026-03-19T20:44:17.238557"
      },
      "change_magnitude": 0.003116618604258133
    },
    {
      "step": 1600,
      "purpose_vector": [
        0.24922229274697588,
        0.25062238297092837,
        0.25066623384303927,
        0.24977986430410096,
        0.0,
        0.0,
        0.0,
        0.0,
        -0.0002907741984747656
      ],
      "purpose_statement": "I exist to shape and impact. My primary goal is Influence, alongside Curiosity and Optimization.",
      "reflection_data": {
        "total_steps": 10,
        "recent_window": 10,
        "action_distribution": {
          "unknown": 10
        },
        "state_distribution": {
          "crisis": 10
        },
        "average_reward": 0.29583236428200427,
        "reward_trend": 0.0,
        "current_weights": [
          0.18982239717316116,
          0.3235783149432022,
          0.26997050150739976,
          0.2166287863762368
        ],
        "coherence_score": -0.0014538709923738278,
        "valence_profile": {
          "beta_distribution": [
            0.24914984648313873,
            0.25054952971578787,
            0.2505933678409176,
            0.24970725596015575
          ]
        },
        "social_summary": {
          "n_agents": 0,
          "avg_trust": 0.0
        },
        "timestamp": "2026-03-19T20:44:17.440312"
      },
      "change_magnitude": 0.0030442458989205093
    },
    {
      "step": 2000,
      "purpose_vector": [
        0.24990562283988024,
        0.24914413790790604,
        0.251774211074001,
        0.2499630173187145,
        0.0,
        0.0,
        0.0,
        0.0,
        -0.0007869894740975422
      ],
      "purpose_statement": "I exist to shape and impact. My primary goal is Influence, alongside Optimization and Survival.",
      "reflection_data": {
        "total_steps": 10,
        "recent_window": 10,
        "action_distribution": {
          "unknown": 10
        },
        "state_distribution": {
          "concerned": 10
        },
        "average_reward": 0.34856631232711044,
        "reward_trend": 0.0,
        "current_weights": [
          0.14141726601790344,
          0.11919634902601725,
          0.3498923065551241,
          0.38949407840095523
        ],
        "coherence_score": -0.003934947370487711,
        "valence_profile": {
          "beta_distribution": [
            0.24970910448636507,
            0.24894821836350672,
            0.25157622331824114,
            0.24976645383188723
          ]
        },
        "social_summary": {
          "n_agents": 0,
          "avg_trust": 0.0
        },
        "timestamp": "2026-03-19T20:44:17.670461"
      },
      "change_magnitude": 0.002039494215013029
    }
  ]
}