{
  "agent_id": "enhanced_agent_01",
  "current_purpose": {
    "vector": [
      0.24974281034542156,
      0.25014980963967004,
      0.2513956721458724,
      0.24875463310221846,
      0.0,
      0.0,
      0.0,
      0.0,
      -4.292556653026488e-05
    ],
    "statement": "I exist to shape and impact. My primary goal is Influence, alongside Curiosity and Survival.",
    "last_generation": 3000
  },
  "purpose_history": [
    {
      "step": 300,
      "purpose_vector": [
        0.24941852886224405,
        0.2520092442909432,
        0.24938195614459305,
        0.24926560709183154,
        0.0,
        0.0,
        0.0,
        0.0,
        -7.53367229702249e-05
      ],
      "purpose_statement": "I exist to explore and understand. My highest calling is Curiosity, followed by Survival and Influence.",
      "reflection_data": {
        "total_steps": 10,
        "recent_window": 10,
        "action_distribution": {
          "unknown": 10
        },
        "state_distribution": {
          "concerned": 10
        },
        "average_reward": 0.3249230204740172,
        "reward_trend": 0.0,
        "current_weights": [
          0.15571285746887836,
          0.42834228311704714,
          0.21736595866767217,
          0.19857890074640233
        ],
        "coherence_score": -0.0003766836148511245,
        "valence_profile": {
          "beta_distribution": [
            0.24939973998626336,
            0.2519902602545182,
            0.24936317002366126,
            0.24924682973555704
          ]
        },
        "social_summary": {
          "n_agents": 0,
          "avg_trust": 0.0
        },
        "timestamp": "2026-03-19T20:49:49.711018"
      },
      "change_magnitude": 0.3758250619113652
    },
    {
      "step": 600,
      "purpose_vector": [
        0.24950161529402493,
        0.25264560673613967,
        0.24883335199568948,
        0.2492010877427296,
        0.0,
        0.0,
        0.0,
        0.0,
        -0.0001816621019773585
      ],
      "purpose_statement": "I exist to explore and understand. My highest calling is Curiosity, followed by Survival and Optimization.",
      "reflection_data": {
        "total_steps": 10,
        "recent_window": 10,
        "action_distribution": {
          "unknown": 10
        },
        "state_distribution": {
          "concerned": 10
        },
        "average_reward": 0.33202779268560656,
        "reward_trend": 0.0,
        "current_weights": [
          0.16075149903860111,
          0.4027150524103508,
          0.27970506222081737,
          0.15682838633023058
        ],
        "coherence_score": -0.0009083105098867925,
        "valence_profile": {
          "beta_distribution": [
            0.249456298621633,
            0.25259971902443795,
            0.2487881566991408,
            0.2491558256547882
          ]
        },
        "social_summary": {
          "n_agents": 0,
          "avg_trust": 0.0
        },
        "timestamp": "2026-03-19T20:49:49.872496"
      },
      "change_magnitude": 0.0008534019343933376
    },
    {
      "step": 900,
      "purpose_vector": [
        0.24921586093473605,
        0.25073016886141986,
        0.24918089150260433,
        0.25102254298460286,
        0.0,
        0.0,
        0.0,
        0.0,
        -0.0001494646167463996
      ],
      "purpose_statement": "I exist to optimize and improve. My purpose centers on Optimization, with Curiosity and Survival as supporting drives.",
      "reflection_data": {
        "total_steps": 10,
        "recent_window": 10,
        "action_distribution": {
          "unknown": 10
        },
        "state_distribution": {
          "concerned": 10
        },
        "average_reward": 0.32450869789321307,
        "reward_trend": 0.0,
        "current_weights": [
          0.10320659832035337,
          0.29523799005039547,
          0.14528180087088133,
          0.45627361075836986
        ],
        "coherence_score": -0.0007473230837319978,
        "valence_profile": {
          "beta_distribution": [
            0.2491786176312224,
            0.2506926992567811,
            0.24914365342499076,
            0.2509850296870058
          ]
        },
        "social_summary": {
          "n_agents": 0,
          "avg_trust": 0.0
        },
        "timestamp": "2026-03-19T20:49:50.036843"
      },
      "change_magnitude": 0.0026814319664748526
    },
    {
      "step": 1200,
      "purpose_vector": [
        0.24958851711766752,
        0.2504907134543575,
        0.2508123318146613,
        0.2495829930118544,
        0.0,
        0.0,
        0.0,
        0.0,
        -0.00047455573203232905
      ],
      "purpose_statement": "I exist to shape and impact. My primary goal is Influence, alongside Curiosity and Survival.",
      "reflection_data": {
        "total_steps": 10,
        "recent_window": 10,
        "action_distribution": {
          "unknown": 10
        },
        "state_distribution": {
          "concerned": 10
        },
        "average_reward": 0.312402417275889,
        "reward_trend": 0.0,
        "current_weights": [
          0.16785009898769906,
          0.22007711381275977,
          0.3562564597483329,
          0.2558163274512083
        ],
        "coherence_score": -0.0023727786601616453,
        "valence_profile": {
          "beta_distribution": [
            0.24947012972083393,
            0.25037189811846255,
            0.2506933639254322,
            0.24946460823527153
          ]
        },
        "social_summary": {
          "n_agents": 0,
          "avg_trust": 0.0
        },
        "timestamp": "2026-03-19T20:49:50.201237"
      },
      "change_magnitude": 0.002244058237152241
    },
    {
      "step": 1500,
      "purpose_vector": [
        0.24850033182587292,
        0.24927130495530728,
        0.2529029553640259,
        0.24938770313809777,
        0.0,
        0.0,
        0.0,
        0.0,
        -6.229561665798067e-05
      ],
      "purpose_statement": "I exist to shape and impact. My primary goal is Influence, alongside Optimization and Curiosity.",
      "reflection_data": {
        "total_steps": 10,
        "recent_window": 10,
        "action_distribution": {
          "unknown": 10
        },
        "state_distribution": {
          "crisis": 10
        },
        "average_reward": 0.2907347987385405,
        "reward_trend": 0.0,
        "current_weights": [
          0.13397325381365438,
          0.11965740218915293,
          0.5183637273992882,
          0.2280056165979046
        ],
        "coherence_score": -0.00031147808328990336,
        "valence_profile": {
          "beta_distribution": [
            0.24848485239159646,
            0.249255777496033,
            0.2528872016841531,
            0.24937216842821744
          ]
        },
        "social_summary": {
          "n_agents": 0,
          "avg_trust": 0.0
        },
        "timestamp": "2026-03-19T20:49:50.381704"
      },
      "change_magnitude": 0.0026925652600285088
    },
    {
      "step": 1800,
      "purpose_vector": [
        0.24896034329542993,
        0.2508495180827106,
        0.2505153596267214,
        0.2497240797981841,
        0.0,
        0.0,
        0.0,
        0.0,
        -4.9301136395831296e-05
      ],
      "purpose_statement": "I exist to explore and understand. My highest calling is Curiosity, followed by Influence and Optimization.",
      "reflection_data": {
        "total_steps": 10,
        "recent_window": 10,
        "action_distribution": {
          "unknown": 10
        },
        "state_distribution": {
          "concerned": 10
        },
        "average_reward": 0.3235618024165685,
        "reward_trend": 0.0,
        "current_weights": [
          0.21852723462637524,
          0.20170249214127944,
          0.28032900871371147,
          0.2994412645186339
        ],
        "coherence_score": -0.00024650568197915647,