{
  "agent_id": "faction_agent_09",
  "current_purpose": {
    "vector": [
      0.2501368395845668,
      0.25037642156146495,
      0.25009993623116566,
      0.24971006567523432,
      0.0,
      0.0,
      0.0,
      0.0,
      -0.000323263385872895
    ],
    "statement": "I exist to explore and understand. My highest calling is Curiosity, followed by Survival and Influence.",
    "last_generation": 2000
  },
  "purpose_history": [
    {
      "step": 400,
      "purpose_vector": [
        0.2518168362311525,
        0.2503976354558849,
        0.24823742011831476,
        0.24979071611619283,
        0.0,
        0.0,
        0.0,
        0.0,
        -0.0002426082549590587
      ],
      "purpose_statement": "I exist to persist and endure. My core drive is Survival, supported by Curiosity and Optimization.",
      "reflection_data": {
        "total_steps": 10,
        "recent_window": 10,
        "action_distribution": {
          "unknown": 10
        },
        "state_distribution": {
          "normal": 10
        },
        "average_reward": 0.27840320419918363,
        "reward_trend": 0.0,
        "current_weights": [
          0.3536163144826924,
          0.24861303343629101,
          0.20752912976848178,
          0.19024152231253497
        ],
        "coherence_score": -0.0012130412747952935,
        "valence_profile": {
          "beta_distribution": [
            0.25175575828989677,
            0.25033690174046763,
            0.24817721036113422,
            0.24973012960850136
          ]
        },
        "social_summary": {
          "n_agents": 0,
          "avg_trust": 0.0
        },
        "timestamp": "2026-03-19T20:44:16.836067"
      },
      "change_magnitude": 0.37594258145815046
    },
    {
      "step": 800,
      "purpose_vector": [
        0.24946744764808695,
        0.25017619303351535,
        0.2508615056278764,
        0.249795216795814,
        0.0,
        0.0,
        0.0,
        0.0,
        -0.0003003634387262538
      ],
      "purpose_statement": "I exist to shape and impact. My primary goal is Influence, alongside Curiosity and Optimization.",
      "reflection_data": {
        "total_steps": 10,
        "recent_window": 10,
        "action_distribution": {
          "unknown": 10
        },
        "state_distribution": {
          "concerned": 10
        },
        "average_reward": 0.33815948572477433,
        "reward_trend": 0.0,
        "current_weights": [
          0.14804812391701322,
          0.2398745857899796,
          0.3954582867932322,
          0.216619003499775
        ],
        "coherence_score": -0.001501817193631269,
        "valence_profile": {
          "beta_distribution": [
            0.24939253933053682,
            0.2501010718989228,
            0.25078617871247383,
            0.24972021005806663
          ]
        },
        "social_summary": {
          "n_agents": 0,
          "avg_trust": 0.0
        },
        "timestamp": "2026-03-19T20:44:17.040162"
      },
      "change_magnitude": 0.0035295671320324704
    },
    {
      "step": 1200,
      "purpose_vector": [
        0.2495496106377771,
        0.25148528246813173,
        0.2489108402099875,
        0.2502346854982841,
        0.0,
        0.0,
        0.0,
        0.0,
        -0.00018041914757410918
      ],
      "purpose_statement": "I exist to explore and understand. My highest calling is Curiosity, followed by Optimization and Survival.",
      "reflection_data": {
        "total_steps": 10,
        "recent_window": 10,
        "action_distribution": {
          "unknown": 10
        },
        "state_distribution": {
          "concerned": 10
        },
        "average_reward": 0.3448538683149751,
        "reward_trend": 0.0,
        "current_weights": [
          0.11573883741832124,
          0.3184125782115453,
          0.2105237302745013,
          0.35532485409563225
        ],
        "coherence_score": -0.0009020957378705458,
        "valence_profile": {
          "beta_distribution": [
            0.24950459531455788,
            0.2514399179762929,
            0.24886594011218258,
            0.25018954659696674
          ]
        },
        "social_summary": {
          "n_agents": 0,
          "avg_trust": 0.0
        },
        "timestamp": "2026-03-19T20:44:17.242851"
      },
      "change_magnitude": 0.002394385276157014
    },
    {
      "step": 1600,
      "purpose_vector": [
        0.25114795019603736,
        0.24956116556333266,
        0.24838928129072949,
        0.2514068227326508,
        0.0,
        0.0,
        0.0,
        0.0,
        -0.0005052201162521226
      ],
      "purpose_statement": "I exist to optimize and improve. My purpose centers on Optimization, with Survival and Curiosity as supporting drives.",
      "reflection_data": {
        "total_steps": 10,
        "recent_window": 10,
        "action_distribution": {
          "unknown": 10
        },
        "state_distribution": {
          "concerned": 10
        },
        "average_reward": 0.3111017599673712,
        "reward_trend": 0.0,
        "current_weights": [
          0.2323383142633299,
          0.13613772442110422,
          0.1685805141298296,
          0.46294344718573627
        ],
        "coherence_score": -0.0025261005812606133,
        "valence_profile": {
          "beta_distribution": [
            0.2510211293555986,
            0.2494351459930638,
            0.24826385348060928,
            0.2512798711707284
          ]
        },
        "social_summary": {
          "n_agents": 0,
          "avg_trust": 0.0
        },
        "timestamp": "2026-03-19T20:44:17.444926"
      },
      "change_magnitude": 0.0028299011075537273
    },
    {
      "step": 2000,
      "purpose_vector": [
        0.2501368395845668,
        0.25037642156146495,
        0.25009993623116566,
        0.24971006567523432,
        0.0,
        0.0,
        0.0,
        0.0,
        -0.000323263385872895
      ],
      "purpose_statement": "I exist to explore and understand. My highest calling is Curiosity, followed by Survival and Influence.",
      "reflection_data": {
        "total_steps": 10,
        "recent_window": 10,
        "action_distribution": {
          "unknown": 10
        },
        "state_distribution": {
          "concerned": 10
        },
        "average_reward": 0.318411590262926,
        "reward_trend": 0.0,
        "current_weights": [
          0.29826114527057573,
          0.2226283733540033,
          0.2827586717577437,
          0.1963518096176773
        ],
        "coherence_score": -0.001616316929364475,
        "valence_profile": {
          "beta_distribution": [
            0.25005600571687986,
            0.2502955102708048,
            0.25001911428911433,
            0.24962936972320102
          ]
        },
        "social_summary": {
          "n_agents": 0,
          "avg_trust": 0.0
        },
        "timestamp": "2026-03-19T20:44:17.675203"
      },
      "change_magnitude": 0.002743249915698663
    }
  ]
}