{
  "agent_id": "enhanced_agent_09",
  "current_purpose": {
    "vector": [
      0.2490194352618015,
      0.24972588766760312,
      0.25179997310948865,
      0.2495988426304787,
      0.0,
      0.0,
      0.0,
      0.0,
      -0.0001441390027534316
    ],
    "statement": "I exist to shape and impact. My primary goal is Influence, alongside Curiosity and Optimization.",
    "last_generation": 3000
  },
  "purpose_history": [
    {
      "step": 300,
      "purpose_vector": [
        0.250696371559253,
        0.24932955665522302,
        0.2496962124676943,
        0.2502979029556223,
        0.0,
        0.0,
        0.0,
        0.0,
        -2.0043971132675586e-05
      ],
      "purpose_statement": "I exist to persist and endure. My core drive is Survival, supported by Optimization and Influence.",
      "reflection_data": {
        "total_steps": 10,
        "recent_window": 10,
        "action_distribution": {
          "unknown": 10
        },
        "state_distribution": {
          "normal": 10
        },
        "average_reward": 0.3116591952810014,
        "reward_trend": 0.0,
        "current_weights": [
          0.4455641407496229,
          0.10170531250720305,
          0.24109105646115464,
          0.2116394902820195
        ],
        "coherence_score": -0.00010021985566337792,
        "valence_profile": {
          "beta_distribution": [
            0.2506913467927001,
            0.2493245592840639,
            0.2496912077475662,
            0.2502928861756697
          ]
        },
        "social_summary": {
          "n_agents": 0,
          "avg_trust": 0.0
        },
        "timestamp": "2026-03-19T20:49:49.721749"
      },
      "change_magnitude": 0.3757812377355706
    },
    {
      "step": 600,
      "purpose_vector": [
        0.24951258541518007,
        0.2519588207022976,
        0.2498245293744223,
        0.24890702653734215,
        0.0,
        0.0,
        0.0,
        0.0,
        -0.00020296236264308852
      ],
      "purpose_statement": "I exist to explore and understand. My highest calling is Curiosity, followed by Influence and Survival.",
      "reflection_data": {
        "total_steps": 10,
        "recent_window": 10,
        "action_distribution": {
          "unknown": 10
        },
        "state_distribution": {
          "concerned": 10
        },
        "average_reward": 0.30849661579092286,
        "reward_trend": 0.0,
        "current_weights": [
          0.3649410805884464,
          0.3713333171683757,
          0.16756163731868412,
          0.09616396492449383
        ],
        "coherence_score": -0.0010148118132154425,
        "valence_profile": {
          "beta_distribution": [
            0.24946195411075506,
            0.25190769300574345,
            0.24977383477006582,
            0.24885651811343576
          ]
        },
        "social_summary": {
          "n_agents": 0,
          "avg_trust": 0.0
        },
        "timestamp": "2026-03-19T20:49:49.881523"
      },
      "change_magnitude": 0.003209180680730028
    },
    {
      "step": 900,
      "purpose_vector": [
        0.24979091722363084,
        0.25043119833399935,
        0.24945500347186367,
        0.25041678889047914,
        0.0,
        0.0,
        0.0,
        0.0,
        -9.390825333788184e-05
      ],
      "purpose_statement": "I exist to explore and understand. My highest calling is Curiosity, followed by Optimization and Survival.",
      "reflection_data": {
        "total_steps": 10,
        "recent_window": 10,
        "action_distribution": {
          "unknown": 10
        },
        "state_distribution": {
          "concerned": 10
        },
        "average_reward": 0.30034273861331784,
        "reward_trend": 0.0,
        "current_weights": [
          0.2895085363212646,
          0.19369880613175347,
          0.1907974788993512,
          0.32599517864763067
        ],
        "coherence_score": -0.00046954126668940913,
        "valence_profile": {
          "beta_distribution": [
            0.24976746208078993,
            0.2504076830693371,
            0.2494315798710224,
            0.25039327497885067
          ]
        },
        "social_summary": {
          "n_agents": 0,
          "avg_trust": 0.0
        },
        "timestamp": "2026-03-19T20:49:50.046742"
      },
      "change_magnitude": 0.0021997552704990683
    },
    {
      "step": 1200,
      "purpose_vector": [
        0.2500003593064716,
        0.24963861087327813,
        0.2499715860689604,
        0.25045299076568056,
        0.0,
        0.0,
        0.0,
        0.0,
        -6.354734774520105e-05
      ],
      "purpose_statement": "I exist to optimize and improve. My purpose centers on Optimization, with Survival and Influence as supporting drives.",
      "reflection_data": {
        "total_steps": 10,
        "recent_window": 10,
        "action_distribution": {
          "unknown": 10
        },
        "state_distribution": {
          "concerned": 10
        },
        "average_reward": 0.2872679646474988,
        "reward_trend": 0.0,
        "current_weights": [
          0.3544328069942546,
          0.10488000966985543,
          0.17133016323140046,
          0.36935702010448945
        ],
        "coherence_score": -0.0003177367387260052,
        "valence_profile": {
          "beta_distribution": [
            0.24998447353953415,
            0.24962274809291285,
            0.24995570213036009,
            0.25043707623719297
          ]
        },
        "social_summary": {
          "n_agents": 0,
          "avg_trust": 0.0
        },
        "timestamp": "2026-03-19T20:49:50.207939"
      },
      "change_magnitude": 0.0009701292743427972
    },
    {
      "step": 1500,
      "purpose_vector": [
        0.24980920190775424,
        0.25050229034679833,
        0.2499714435281855,
        0.2498740732748126,
        0.0,
        0.0,
        0.0,
        0.0,
        -0.00015700939093634756
      ],
      "purpose_statement": "I exist to explore and understand. My highest calling is Curiosity, followed by Influence and Optimization.",
      "reflection_data": {
        "total_steps": 10,
        "recent_window": 10,
        "action_distribution": {
          "unknown": 10
        },
        "state_distribution": {
          "concerned": 10
        },
        "average_reward": 0.32415976774930433,
        "reward_trend": 0.0,
        "current_weights": [
          0.3263979615728916,
          0.14348472251457842,
          0.23565550259782722,
          0.2944618133147028
        ],
        "coherence_score": -0.0007850469546817377,
        "valence_profile": {
          "beta_distribution": [
            0.249769985757686,
            0.2504629653926507,
            0.24993220190871226,
            0.24983484694095112
          ]
        },
        "social_summary": {
          "n_agents": 0,
          "avg_trust": 0.0
        },
        "timestamp": "2026-03-19T20:49:50.388958"
      },
      "change_magnitude": 0.001061302981778866
    },
    {
      "step": 1800,
      "purpose_vector": [
        0.24850101009430667,
        0.2495417987376481,
        0.2519468627304038,
        0.2501842274574504,
        0.0,
        0.0,
        0.0,
        0.0,
        -0.00017389935320018834
      ],
      "purpose_statement": "I exist to shape and impact. My primary goal is Influence, alongside Optimization and Curiosity.",
      "reflection_data": {
        "total_steps": 10,
        "recent_window": 10,
        "action_distribution": {
          "unknown": 10
        },
        "state_distribution": {
          "concerned": 10
        },
        "average_reward": 0.27763683670099704,
        "reward_trend": 0.0,
        "current_weights": [
          0.15732583927811397,
          0.10361278368231286,
          0.41449114912045676,
          0.3245702279191165
        ],
        "coherence_score": -0.0008694967660009417,