{
  "agent_id": "faction_agent_06",
  "current_purpose": {
    "vector": [
      0.24888749453638698,
      0.2508731841137865,
      0.24960607512119454,
      0.25066468052261315,
      0.0,
      0.0,
      0.0,
      0.0,
      -3.14346273252166e-05
    ],
    "statement": "I exist to explore and understand. My highest calling is Curiosity, followed by Optimization and Influence.",
    "last_generation": 2000
  },
  "purpose_history": [
    {
      "step": 400,
      "purpose_vector": [
        0.24936017965464846,
        0.24849842935865515,
        0.25038662140784074,
        0.2518634758285009,
        0.0,
        0.0,
        0.0,
        0.0,
        -0.00010870658301504474
      ],
      "purpose_statement": "I exist to optimize and improve. My purpose centers on Optimization, with Influence and Survival as supporting drives.",
      "reflection_data": {
        "total_steps": 10,
        "recent_window": 10,
        "action_distribution": {
          "unknown": 10
        },
        "state_distribution": {
          "concerned": 10
        },
        "average_reward": 0.33442014531219,
        "reward_trend": 0.0,
        "current_weights": [
          0.2268110978803607,
          0.11653114802587325,
          0.24398225262265472,
          0.4126755014711114
        ],
        "coherence_score": -0.0005435329150752237,
        "valence_profile": {
          "beta_distribution": [
            0.24933307559108844,
            0.2484714189625557,
            0.2503594057757755,
            0.2518360996705804
          ]
        },
        "social_summary": {
          "n_agents": 0,
          "avg_trust": 0.0
        },
        "timestamp": "2026-03-19T20:44:16.832931"
      },
      "change_magnitude": 0.37584947153040826
    },
    {
      "step": 800,
      "purpose_vector": [
        0.24870285493326144,
        0.25016229925352396,
        0.2489136389530519,
        0.2522763080501561,
        0.0,
        0.0,
        0.0,
        0.0,
        -5.5101523344986576e-05
      ],
      "purpose_statement": "I exist to optimize and improve. My purpose centers on Optimization, with Curiosity and Influence as supporting drives.",
      "reflection_data": {
        "total_steps": 10,
        "recent_window": 10,
        "action_distribution": {
          "unknown": 10
        },
        "state_distribution": {
          "concerned": 10
        },
        "average_reward": 0.32020418295719194,
        "reward_trend": 0.0,
        "current_weights": [
          0.1916694098182594,
          0.23885604349552703,
          0.15909470552297877,
          0.41037984116323484
        ],
        "coherence_score": -0.00027550761672493287,
        "valence_profile": {
          "beta_distribution": [
            0.2486891518650552,
            0.2501485157726298,
            0.2488999242710353,
            0.25226240809127964
          ]
        },
        "social_summary": {
          "n_agents": 0,
          "avg_trust": 0.0
        },
        "timestamp": "2026-03-19T20:44:17.037751"
      },
      "change_magnitude": 0.0023544681085485076
    },
    {
      "step": 1200,
      "purpose_vector": [
        0.24970394899393628,
        0.25195288594270426,
        0.248547629639009,
        0.24997423888131517,
        0.0,
        0.0,
        0.0,
        0.0,
        -0.0001787037903577188
      ],
      "purpose_statement": "I exist to explore and understand. My highest calling is Curiosity, followed by Optimization and Survival.",
      "reflection_data": {
        "total_steps": 10,
        "recent_window": 10,
        "action_distribution": {
          "unknown": 10
        },
        "state_distribution": {
          "concerned": 10
        },
        "average_reward": 0.2805213434743203,
        "reward_trend": 0.0,
        "current_weights": [
          0.16496460836015797,
          0.4941133460293124,
          0.10025868711206398,
          0.2406633584984657
        ],
        "coherence_score": -0.000893518951788594,
        "valence_profile": {
          "beta_distribution": [
            0.2496593340078855,
            0.2519078691356531,
            0.248503221254304,
            0.2499295756021573
          ]
        },
        "social_summary": {
          "n_agents": 0,
          "avg_trust": 0.0
        },
        "timestamp": "2026-03-19T20:44:17.240751"
      },
      "change_magnitude": 0.0031075959850490444
    },
    {
      "step": 1600,
      "purpose_vector": [
        0.24913249355538078,
        0.24808660103642532,
        0.24977383066876255,
        0.25306335254947965,
        0.0,
        0.0,
        0.0,
        0.0,
        -5.627814340033722e-05
      ],
      "purpose_statement": "I exist to optimize and improve. My purpose centers on Optimization, with Influence and Survival as supporting drives.",
      "reflection_data": {
        "total_steps": 10,
        "recent_window": 10,
        "action_distribution": {
          "unknown": 10
        },
        "state_distribution": {
          "concerned": 10
        },
        "average_reward": 0.3329247050211448,
        "reward_trend": 0.0,
        "current_weights": [
          0.13720583597455197,
          0.11781100004397171,
          0.2896191343362921,
          0.4553640296451841
        ],
        "coherence_score": -0.00028139071700168607,
        "valence_profile": {
          "beta_distribution": [
            0.24911847371323764,
            0.24807264005151033,
            0.24975977473560232,
            0.25304911149964976
          ]
        },
        "social_summary": {
          "n_agents": 0,
          "avg_trust": 0.0
        },
        "timestamp": "2026-03-19T20:44:17.442602"
      },
      "change_magnitude": 0.005131851571705591
    },
    {
      "step": 2000,
      "purpose_vector": [
        0.24888749453638698,
        0.2508731841137865,
        0.24960607512119454,
        0.25066468052261315,
        0.0,
        0.0,
        0.0,
        0.0,
        -3.14346273252166e-05
      ],
      "purpose_statement": "I exist to explore and understand. My highest calling is Curiosity, followed by Optimization and Influence.",
      "reflection_data": {
        "total_steps": 10,
        "recent_window": 10,
        "action_distribution": {
          "unknown": 10
        },
        "state_distribution": {
          "concerned": 10
        },
        "average_reward": 0.30586809929454495,
        "reward_trend": 0.0,
        "current_weights": [
          0.1839601061126729,
          0.36793372590982937,
          0.22761695694096493,
          0.22048921103653282
        ],
        "coherence_score": -0.00015717313662608299,
        "valence_profile": {
          "beta_distribution": [
            0.24887967117963714,
            0.2508652983402488,
            0.24959822917708138,
            0.2506568013030326
          ]
        },
        "social_summary": {
          "n_agents": 0,
          "avg_trust": 0.0
        },
        "timestamp": "2026-03-19T20:44:17.672831"
      },
      "change_magnitude": 0.0036888285922290157
    }
  ]
}