{
  "agent_id": "faction_agent_02",
  "current_purpose": {
    "vector": [
      0.2497606745324052,
      0.24955648719328416,
      0.25085336429181737,
      0.2500524076500394,
      0.0,
      0.0,
      0.0,
      0.0,
      -0.00022293400095376562
    ],
    "statement": "I exist to shape and impact. My primary goal is Influence, alongside Optimization and Survival.",
    "last_generation": 2000
  },
  "purpose_history": [
    {
      "step": 400,
      "purpose_vector": [
        0.2493628560075106,
        0.24975924979703218,
        0.24868882881627172,
        0.2527347763436057,
        0.0,
        0.0,
        0.0,
        0.0,
        -0.0005457112979354772
      ],
      "purpose_statement": "I exist to optimize and improve. My purpose centers on Optimization, with Curiosity and Survival as supporting drives.",
      "reflection_data": {
        "total_steps": 10,
        "recent_window": 10,
        "action_distribution": {
          "unknown": 10
        },
        "state_distribution": {
          "crisis": 10
        },
        "average_reward": 0.2753387662857718,
        "reward_trend": 0.0,
        "current_weights": [
          0.20253842954131196,
          0.23654393548336178,
          0.09603234149627735,
          0.464885293479049
        ],
        "coherence_score": -0.002728556489677386,
        "valence_profile": {
          "beta_distribution": [
            0.24922685018273796,
            0.24962302777380427,
            0.24855319061491152,
            0.2525969314285462
          ]
        },
        "social_summary": {
          "n_agents": 0,
          "avg_trust": 0.0
        },
        "timestamp": "2026-03-19T20:44:16.828746"
      },
      "change_magnitude": 0.3761565228292776
    },
    {
      "step": 800,
      "purpose_vector": [
        0.25109406591774036,
        0.24890201152216745,
        0.24879215610432293,
        0.2514961566584013,
        0.0,
        0.0,
        0.0,
        0.0,
        -0.0002843905360600197
      ],
      "purpose_statement": "I exist to optimize and improve. My purpose centers on Optimization, with Survival and Curiosity as supporting drives.",
      "reflection_data": {
        "total_steps": 10,
        "recent_window": 10,
        "action_distribution": {
          "unknown": 10
        },
        "state_distribution": {
          "normal": 10
        },
        "average_reward": 0.33661941886560964,
        "reward_trend": 0.0,
        "current_weights": [
          0.3488805982467822,
          0.15368099893465295,
          0.20095509375377413,
          0.29648330906479076
        ],
        "coherence_score": -0.0014219526803000984,
        "valence_profile": {
          "beta_distribution": [
            0.2510226775276131,
            0.24883124635359577,
            0.24872142216867346,
            0.2514246539501177
          ]
        },
        "social_summary": {
          "n_agents": 0,
          "avg_trust": 0.0
        },
        "timestamp": "2026-03-19T20:44:17.033555"
      },
      "change_magnitude": 0.0023119448537518806
    },
    {
      "step": 1200,
      "purpose_vector": [
        0.25001208942835634,
        0.24903269784291393,
        0.2508107578571395,
        0.25030486387620343,
        0.0,
        0.0,
        0.0,
        0.0,
        -0.0001604093380001084
      ],
      "purpose_statement": "I exist to shape and impact. My primary goal is Influence, alongside Optimization and Survival.",
      "reflection_data": {
        "total_steps": 10,
        "recent_window": 10,
        "action_distribution": {
          "unknown": 10
        },
        "state_distribution": {
          "concerned": 10
        },
        "average_reward": 0.2875447838090862,
        "reward_trend": 0.0,
        "current_weights": [
          0.22842964728701678,
          0.13271496471471209,
          0.3532410995838339,
          0.2856142884144373
        ],
        "coherence_score": -0.000802046690000542,
        "valence_profile": {
          "beta_distribution": [
            0.2499719916699914,
            0.2489927571625816,
            0.25077053200571414,
            0.2502647191617129
          ]
        },
        "social_summary": {
          "n_agents": 0,
          "avg_trust": 0.0
        },
        "timestamp": "2026-03-19T20:44:17.237789"
      },
      "change_magnitude": 0.0025878668638230533
    },
    {
      "step": 1600,
      "purpose_vector": [
        0.25035883787052415,
        0.24922979305133547,
        0.2507459783618801,
        0.25003356523407794,
        0.0,
        0.0,
        0.0,
        0.0,
        -0.00036817485127380923
      ],
      "purpose_statement": "I exist to shape and impact. My primary goal is Influence, alongside Survival and Optimization.",
      "reflection_data": {
        "total_steps": 10,
        "recent_window": 10,
        "action_distribution": {
          "unknown": 10
        },
        "state_distribution": {
          "concerned": 10
        },
        "average_reward": 0.3088713555924213,
        "reward_trend": 0.0,
        "current_weights": [
          0.2468926615629746,
          0.18028359844742511,
          0.3708266414663495,
          0.20199709852325068
        ],
        "coherence_score": -0.0018408742563690462,
        "valence_profile": {
          "beta_distribution": [
            0.25026669605037993,
            0.2491380667637347,
            0.25065369405893073,
            0.24994154312695457
          ]
        },
        "social_summary": {
          "n_agents": 0,
          "avg_trust": 0.0
        },
        "timestamp": "2026-03-19T20:44:17.439534"
      },
      "change_magnitude": 0.0005291945276168468
    },
    {
      "step": 2000,
      "purpose_vector": [
        0.2497606745324052,
        0.24955648719328416,
        0.25085336429181737,
        0.2500524076500394,
        0.0,
        0.0,
        0.0,
        0.0,
        -0.00022293400095376562
      ],
      "purpose_statement": "I exist to shape and impact. My primary goal is Influence, alongside Optimization and Survival.",
      "reflection_data": {
        "total_steps": 10,
        "recent_window": 10,
        "action_distribution": {
          "unknown": 10
        },
        "state_distribution": {
          "concerned": 10
        },
        "average_reward": 0.32334417332005216,
        "reward_trend": 0.0,
        "current_weights": [
          0.1968951241992646,
          0.17185428617902582,
          0.4166214335457696,
          0.21462915607593994
        ],
        "coherence_score": -0.001114670004768828,
        "valence_profile": {
          "beta_distribution": [
            0.24970500687941696,
            0.2495008650503826,
            0.25079745309578755,
            0.249996674974413
          ]
        },
        "social_summary": {
          "n_agents": 0,
          "avg_trust": 0.0
        },
        "timestamp": "2026-03-19T20:44:17.669613"
      },
      "change_magnitude": 0.0007053439732801677
    }
  ]
}