{
  "agent_id": "enhanced_agent_04",
  "current_purpose": {
    "vector": [
      0.2516475495911239,
      0.24844852630649822,
      0.2509333397369701,
      0.24899441513947676,
      0.0,
      0.0,
      0.0,
      0.0,
      -2.3831107410388834e-05
    ],
    "statement": "I exist to persist and endure. My core drive is Survival, supported by Influence and Optimization.",
    "last_generation": 3000
  },
  "purpose_history": [
    {
      "step": 300,
      "purpose_vector": [
        0.2507495240826964,
        0.24912833893334763,
        0.2516509106493625,
        0.24861018332364326,
        0.0,
        0.0,
        0.0,
        0.0,
        -0.00013895732242942766
      ],
      "purpose_statement": "I exist to shape and impact. My primary goal is Influence, alongside Survival and Curiosity.",
      "reflection_data": {
        "total_steps": 10,
        "recent_window": 10,
        "action_distribution": {
          "unknown": 10
        },
        "state_distribution": {
          "concerned": 10
        },
        "average_reward": 0.3128555040395159,
        "reward_trend": 0.0,
        "current_weights": [
          0.17831765628682394,
          0.2334460074264731,
          0.4785000869515345,
          0.10973624933516832
        ],
        "coherence_score": -0.0006947866121471383,
        "valence_profile": {
          "beta_distribution": [
            0.2507146855248853,
            0.24909372561924437,
            0.25161594685499067,
            0.24857564200087967
          ]
        },
        "social_summary": {
          "n_agents": 0,
          "avg_trust": 0.0
        },
        "timestamp": "2026-03-19T20:49:49.715077"
      },
      "change_magnitude": 0.37586999840262086
    },
    {
      "step": 600,
      "purpose_vector": [
        0.25143025832156957,
        0.2505420714230205,
        0.24903282482849687,
        0.2492728939194595,
        0.0,
        0.0,
        0.0,
        0.0,
        -0.0002780488259726538
      ],
      "purpose_statement": "I exist to persist and endure. My core drive is Survival, supported by Curiosity and Optimization.",
      "reflection_data": {
        "total_steps": 10,
        "recent_window": 10,
        "action_distribution": {
          "unknown": 10
        },
        "state_distribution": {
          "concerned": 10
        },
        "average_reward": 0.3005651180803185,
        "reward_trend": 0.0,
        "current_weights": [
          0.28875383292660206,
          0.4215474853265521,
          0.18733633958500848,
          0.10236234216183737
        ],
        "coherence_score": -0.001390244129863269,
        "valence_profile": {
          "beta_distribution": [
            0.25136036795017513,
            0.2504724279420068,
            0.24896360087457478,
            0.2492036032332434
          ]
        },
        "social_summary": {
          "n_agents": 0,
          "avg_trust": 0.0
        },
        "timestamp": "2026-03-19T20:49:49.876582"
      },
      "change_magnitude": 0.0031264906527788644
    },
    {
      "step": 900,
      "purpose_vector": [
        0.25015073199740223,
        0.25067872233143784,
        0.2508937743295363,
        0.24856675715423654,
        0.0,
        0.0,
        0.0,
        0.0,
        -0.00028998614604299887
      ],
      "purpose_statement": "I exist to shape and impact. My primary goal is Influence, alongside Curiosity and Survival.",
      "reflection_data": {
        "total_steps": 10,
        "recent_window": 10,
        "action_distribution": {
          "unknown": 10
        },
        "state_distribution": {
          "crisis": 10
        },
        "average_reward": 0.2701007168615194,
        "reward_trend": 0.0,
        "current_weights": [
          0.1573312050342848,
          0.45394755887786153,
          0.24988230070846423,
          0.1388389353793894
        ],
        "coherence_score": -0.0014499307302149943,
        "valence_profile": {
          "beta_distribution": [
            0.2500782128636282,
            0.2506060501323445,
            0.2508210397864934,
            0.24849469721753387
          ]
        },
        "social_summary": {
          "n_agents": 0,
          "avg_trust": 0.0
        },
        "timestamp": "2026-03-19T20:49:50.040674"
      },
      "change_magnitude": 0.0023701826430124304
    },
    {
      "step": 1200,
      "purpose_vector": [
        0.2501010391884291,
        0.24879410695742454,
        0.2507493793139986,
        0.2512978369879854,
        0.0,
        0.0,
        0.0,
        0.0,
        -0.0009423627814850563
      ],
      "purpose_statement": "I exist to optimize and improve. My purpose centers on Optimization, with Influence and Survival as supporting drives.",
      "reflection_data": {
        "total_steps": 10,
        "recent_window": 10,
        "action_distribution": {
          "unknown": 10
        },
        "state_distribution": {
          "concerned": 10
        },
        "average_reward": 0.3067433988472528,
        "reward_trend": 0.0,
        "current_weights": [
          0.1409028198067065,
          0.19922207883780177,
          0.17381993411909352,
          0.48605516723639813
        ],
        "coherence_score": -0.004711813907425281,
        "valence_profile": {
          "beta_distribution": [
            0.24986557525330305,
            0.24855987346663033,
            0.2505133049826992,
            0.2510612462973675
          ]
        },
        "social_summary": {
          "n_agents": 0,
          "avg_trust": 0.0
        },
        "timestamp": "2026-03-19T20:49:50.203864"
      },
      "change_magnitude": 0.0033851863665865624
    },
    {
      "step": 1500,
      "purpose_vector": [
        0.25005717629316904,
        0.24894356283997482,
        0.2500830379202408,
        0.25116258919752044,
        0.0,
        0.0,
        0.0,
        0.0,
        -0.0002463665843205377
      ],
      "purpose_statement": "I exist to optimize and improve. My purpose centers on Optimization, with Influence and Survival as supporting drives.",
      "reflection_data": {
        "total_steps": 10,
        "recent_window": 10,
        "action_distribution": {
          "unknown": 10
        },
        "state_distribution": {
          "concerned": 10
        },
        "average_reward": 0.2978440997380646,
        "reward_trend": 0.0,
        "current_weights": [
          0.13051804619200436,
          0.31616930570330726,
          0.1778747660509118,
          0.37543788205377643
        ],
        "coherence_score": -0.0012318329216026885,
        "valence_profile": {
          "beta_distribution": [
            0.2499955858179483,
            0.24888224665394984,
            0.2500214410751572,
            0.2511007264529447
          ]
        },
        "social_summary": {
          "n_agents": 0,
          "avg_trust": 0.0
        },
        "timestamp": "2026-03-19T20:49:50.384657"
      },
      "change_magnitude": 0.000985380403061537
    },
    {
      "step": 1800,
      "purpose_vector": [
        0.25020893418676304,
        0.24860342900958413,
        0.24951705528535476,
        0.25216971238574004,
        0.0,
        0.0,
        0.0,
        0.0,
        -0.0004991312009417968
      ],
      "purpose_statement": "I exist to optimize and improve. My purpose centers on Optimization, with Survival and Influence as supporting drives.",
      "reflection_data": {
        "total_steps": 10,
        "recent_window": 10,
        "action_distribution": {
          "unknown": 10
        },
        "state_distribution": {
          "crisis": 10
        },
        "average_reward": 0.271326007842074,
        "reward_trend": 0.0,
        "current_weights": [
          0.13659697869483262,
          0.16889599416523984,
          0.13991982106088405,
          0.5545872060790435
        ],
        "coherence_score": -0.0024956560047089842,