{
  "agent_id": "dialogue_agent_01",
  "current_purpose": {
    "vector": [
      0.2514313687332929,
      0.24761867079966396,
      0.25150219456597755,
      0.24950519144309408,
      0.0,
      0.0,
      0.0,
      0.0,
      -5.7425875381018134e-05
    ],
    "statement": "I exist to shape and impact. My primary goal is Influence, alongside Survival and Optimization.",
    "last_generation": 400
  },
  "purpose_history": [
    {
      "step": 200,
      "purpose_vector": [
        0.24994028114397554,
        0.24791491289199866,
        0.2517421249927987,
        0.25044773904160306,
        0.0,
        0.0,
        0.0,
        0.0,
        -4.5058403724411434e-05
      ],
      "purpose_statement": "I exist to shape and impact. My primary goal is Influence, alongside Optimization and Survival.",
      "reflection_data": {
        "total_steps": 10,
        "recent_window": 10,
        "action_distribution": {
          "unknown": 10
        },
        "state_distribution": {
          "crisis": 10
        },
        "average_reward": 0.26037999453037797,
        "reward_trend": 0.0,
        "current_weights": [
          0.10901106146943766,
          0.17592094051916998,
          0.4718111345087086,
          0.24325686350268383
        ],
        "coherence_score": -0.00022529201862205717,
        "valence_profile": {
          "beta_distribution": [
            0.2499290198246113,
            0.24790374282770783,
            0.2517307824894855,
            0.2504364548581954
          ]
        },
        "social_summary": {
          "n_agents": 0,
          "avg_trust": 0.0
        },
        "timestamp": "2026-03-19T20:54:08.596239"
      },
      "change_magnitude": 0.3758071565726077
    },
    {
      "step": 400,
      "purpose_vector": [
        0.2514313687332929,
        0.24761867079966396,
        0.25150219456597755,
        0.24950519144309408,
        0.0,
        0.0,
        0.0,
        0.0,
        -5.7425875381018134e-05
      ],
      "purpose_statement": "I exist to shape and impact. My primary goal is Influence, alongside Survival and Optimization.",
      "reflection_data": {
        "total_steps": 10,
        "recent_window": 10,
        "action_distribution": {
          "unknown": 10
        },
        "state_distribution": {
          "concerned": 10
        },
        "average_reward": 0.310347200857073,
        "reward_trend": 0.0,
        "current_weights": [
          0.35026811620776116,
          0.13854356144097033,
          0.40964951098502544,
          0.10153881136624308
        ],
        "coherence_score": -0.00028712937690509064,
        "valence_profile": {
          "beta_distribution": [
            0.25141693097975626,
            0.24760445197980038,
            0.2514877527454626,
            0.24949086429498077
          ]
        },
        "social_summary": {
          "n_agents": 0,
          "avg_trust": 0.0
        },
        "timestamp": "2026-03-19T20:54:08.643422"
      },
      "change_magnitude": 0.0018047761954912676
    }
  ]
}