{
  "agent_id": "real_world_agent",
  "current_purpose": {
    "vector": [
      0.250665820807326,
      0.24859777022045002,
      0.25159979128865034,
      0.24832405025230767,
      0.0,
      0.0,
      0.0,
      0.0,
      0.000812567098203479
    ],
    "statement": "I exist to shape and impact. My primary goal is Influence, alongside Survival and Curiosity.",
    "last_generation": 8000
  },
  "purpose_history": [
    {
      "step": 2000,
      "purpose_vector": [
        0.24953862352475997,
        0.25013431278369747,
        0.2503893213811967,
        0.24968584894158904,
        0.0,
        0.0,
        0.0,
        0.0,
        0.0002518930355074322
      ],
      "purpose_statement": "I exist to shape and impact. My primary goal is Influence, alongside Curiosity and Optimization.",
      "reflection_data": {
        "total_steps": 10,
        "recent_window": 10,
        "action_distribution": {
          "unknown": 10
        },
        "state_distribution": {
          "concerned": 10
        },
        "average_reward": 0.3099290464199937,
        "reward_trend": 0.0,
        "current_weights": [
          0.2068339457210352,
          0.19484766369051182,
          0.24353484164807487,
          0.3547835489403782
        ],
        "coherence_score": -0.0012594651775371612,
        "valence_profile": {
          "beta_distribution": [
            0.24960149648655675,
            0.25019733583347453,
            0.2504524086821329,
            0.24974875899783583
          ]
        },
        "social_summary": {
          "n_agents": 0,
          "avg_trust": 0.0
        },
        "timestamp": "2026-03-21T10:26:31.820551"
      },
      "change_magnitude": 0.375592279138601
    },
    {
      "step": 4000,
      "purpose_vector": [
        0.2514038782483793,
        0.25000858039992113,
        0.24988786911305366,
        0.24856263209683696,
        0.0,
        0.0,
        0.0,
        0.0,
        0.00013703980852144209
      ],
      "purpose_statement": "I exist to persist and endure. My core drive is Survival, supported by Curiosity and Influence.",
      "reflection_data": {
        "total_steps": 10,
        "recent_window": 10,
        "action_distribution": {
          "unknown": 10
        },
        "state_distribution": {
          "concerned": 10
        },
        "average_reward": 0.30059440160610723,
        "reward_trend": 0.0,
        "current_weights": [
          0.3938457552589844,
          0.24961537861309843,
          0.177222468572786,
          0.1793163975551312
        ],
        "coherence_score": -0.0006851990426072105,
        "valence_profile": {
          "beta_distribution": [
            0.2514383353935178,
            0.2500428463070374,
            0.24992211847561074,
            0.24859669982383403
          ]
        },
        "social_summary": {
          "n_agents": 0,
          "avg_trust": 0.0
        },
        "timestamp": "2026-03-25T08:31:46.214122"
      },
      "change_magnitude": 0.0022408135883254425
    },
    {
      "step": 6000,
      "purpose_vector": [
        0.2516631077232329,
        0.24851843610045496,
        0.25073574421681,
        0.24826339716022428,
        0.0,
        0.0,
        0.0,
        0.0,
        0.0008193144662175917
      ],
      "purpose_statement": "I exist to persist and endure. My core drive is Survival, supported by Influence and Curiosity.",
      "reflection_data": {
        "total_steps": 10,
        "recent_window": 10,
        "action_distribution": {
          "unknown": 10
        },
        "state_distribution": {
          "normal": 10
        },
        "average_reward": 0.2949412581887453,
        "reward_trend": 0.0,
        "current_weights": [
          0.45271246176001784,
          0.20548036446494988,
          0.24200529249226374,
          0.09980188128276848
        ],
        "coherence_score": -0.004096572331087958,
        "valence_profile": {
          "beta_distribution": [
            0.25186946810593835,
            0.24872221789448512,
            0.2509413441738423,
            0.24846696982573424
          ]
        },
        "social_summary": {
          "n_agents": 0,
          "avg_trust": 0.0
        },
        "timestamp": "2026-03-25T08:35:08.530893"
      },
      "change_magnitude": 0.0018872367104468455
    },
    {
      "step": 8000,
      "purpose_vector": [
        0.250665820807326,
        0.24859777022045002,
        0.25159979128865034,
        0.24832405025230767,
        0.0,
        0.0,
        0.0,
        0.0,
        0.000812567098203479
      ],
      "purpose_statement": "I exist to shape and impact. My primary goal is Influence, alongside Survival and Curiosity.",
      "reflection_data": {
        "total_steps": 10,
        "recent_window": 10,
        "action_distribution": {
          "unknown": 10
        },
        "state_distribution": {
          "concerned": 10
        },
        "average_reward": 0.3279011831930985,
        "reward_trend": 0.0,
        "current_weights": [
          0.30704731782369016,
          0.1503537947817827,
          0.44513725936318466,
          0.09746162803134231
        ],
        "coherence_score": -0.004062835491017395,
        "valence_profile": {
          "beta_distribution": [
            0.2508696693301162,
            0.24879993694611344,
            0.2518043993426056,
            0.24852599438116477
          ]
        },
        "social_summary": {
          "n_agents": 0,
          "avg_trust": 0.0
        },
        "timestamp": "2026-03-25T08:38:31.527505"
      },
      "change_magnitude": 0.0013233203550708122
    }
  ]
}