{
  "agent_id": "dialogue_agent_02",
  "current_purpose": {
    "vector": [
      0.25076687534793335,
      0.24909714223139473,
      0.24783694086843636,
      0.252488628452417,
      0.0,
      0.0,
      0.0,
      0.0,
      -0.00018958723357802854
    ],
    "statement": "I exist to optimize and improve. My purpose centers on Optimization, with Survival and Curiosity as supporting drives.",
    "last_generation": 400
  },
  "purpose_history": [
    {
      "step": 200,
      "purpose_vector": [
        0.2531909762646232,
        0.2490651986310847,
        0.2486242616449536,
        0.24917257518302718,
        0.0,
        0.0,
        0.0,
        0.0,
        -5.301205703982544e-05
      ],
      "purpose_statement": "I exist to persist and endure. My core drive is Survival, supported by Optimization and Curiosity.",
      "reflection_data": {
        "total_steps": 10,
        "recent_window": 10,
        "action_distribution": {
          "unknown": 10
        },
        "state_distribution": {
          "normal": 10
        },
        "average_reward": 0.289098071420392,
        "reward_trend": 0.0,
        "current_weights": [
          0.469693521605878,
          0.1437196994516966,
          0.28458481762667265,
          0.10200196131575279
        ],
        "coherence_score": -0.0002650602851991272,
        "valence_profile": {
          "beta_distribution": [
            0.25317755488603944,
            0.24905199595549102,
            0.24861108234295048,
            0.24915936681551912
          ]
        },
        "social_summary": {
          "n_agents": 0,
          "avg_trust": 0.0
        },
        "timestamp": "2026-03-19T20:54:08.597036"
      },
      "change_magnitude": 0.37582070520072547
    },
    {
      "step": 400,
      "purpose_vector": [
        0.25076687534793335,
        0.24909714223139473,
        0.24783694086843636,
        0.252488628452417,
        0.0,
        0.0,
        0.0,
        0.0,
        -0.00018958723357802854
      ],
      "purpose_statement": "I exist to optimize and improve. My purpose centers on Optimization, with Survival and Curiosity as supporting drives.",
      "reflection_data": {
        "total_steps": 10,
        "recent_window": 10,
        "action_distribution": {
          "unknown": 10
        },
        "state_distribution": {
          "concerned": 10
        },
        "average_reward": 0.3108611475896427,
        "reward_trend": 0.0,
        "current_weights": [
          0.2182726620033106,
          0.26506443023832515,
          0.12295661123578303,
          0.39370629652258127
        ],
        "coherence_score": -0.0009479361678901427,
        "valence_profile": {
          "beta_distribution": [
            0.2507193422450216,
            0.24904992562800451,
            0.24778996313742904,
            0.2524407689895449
          ]
        },
        "social_summary": {
          "n_agents": 0,
          "avg_trust": 0.0
        },
        "timestamp": "2026-03-19T20:54:08.644231"
      },
      "change_magnitude": 0.0041847367560350094
    }
  ]
}