{
  "agent_id": "faction_agent_05",
  "current_purpose": {
    "vector": [
      0.25082456383496404,
      0.25059939448349533,
      0.25039341083620587,
      0.24838635047795704,
      0.0,
      0.0,
      0.0,
      0.0,
      -0.00020371996602342615
    ],
    "statement": "I exist to persist and endure. My core drive is Survival, supported by Curiosity and Influence.",
    "last_generation": 2000
  },
  "purpose_history": [
    {
      "step": 400,
      "purpose_vector": [
        0.2499005621363885,
        0.2515505815340357,
        0.2503623597495835,
        0.24828431358583714,
        0.0,
        0.0,
        0.0,
        0.0,
        -9.781733921073256e-05
      ],
      "purpose_statement": "I exist to explore and understand. My highest calling is Curiosity, followed by Influence and Survival.",
      "reflection_data": {
        "total_steps": 10,
        "recent_window": 10,
        "action_distribution": {
          "unknown": 10
        },
        "state_distribution": {
          "concerned": 10
        },
        "average_reward": 0.29696536687951625,
        "reward_trend": 0.0,
        "current_weights": [
          0.1655318252794167,
          0.3759562060068554,
          0.3627886549531278,
          0.09572331376060014
        ],
        "coherence_score": -0.0004890866960536627,
        "valence_profile": {
          "beta_distribution": [
            0.24987612000249776,
            0.251525978015974,
            0.250337872448451,
            0.24826002953307724
          ]
        },
        "social_summary": {
          "n_agents": 0,
          "avg_trust": 0.0
        },
        "timestamp": "2026-03-19T20:44:16.831877"
      },
      "change_magnitude": 0.37584087532720717
    },
    {
      "step": 800,
      "purpose_vector": [
        0.2505507862152338,
        0.25056921339595245,
        0.25161161691569545,
        0.24813897579148964,
        0.0,
        0.0,
        0.0,
        0.0,
        -0.0008705926519949621
      ],
      "purpose_statement": "I exist to shape and impact. My primary goal is Influence, alongside Curiosity and Survival.",
      "reflection_data": {
        "total_steps": 10,
        "recent_window": 10,
        "action_distribution": {
          "unknown": 10
        },
        "state_distribution": {
          "concerned": 10
        },
        "average_reward": 0.3194338910480399,
        "reward_trend": 0.0,
        "current_weights": [
          0.33056969918484497,
          0.12215082454835206,
          0.33414131427025956,
          0.21313816199654334
        ],
        "coherence_score": -0.00435296325997481,
        "valence_profile": {
          "beta_distribution": [
            0.2503328483604152,
            0.25035125951252624,
            0.25139275631315505,
            0.24792313581390352
          ]
        },
        "social_summary": {
          "n_agents": 0,
          "avg_trust": 0.0
        },
        "timestamp": "2026-03-19T20:44:17.036725"
      },
      "change_magnitude": 0.0018880738864652108
    },
    {
      "step": 1200,
      "purpose_vector": [
        0.2504793245810147,
        0.2509873509745052,
        0.2504927093372767,
        0.24806051874607962,
        0.0,
        0.0,
        0.0,
        0.0,
        -1.9903972216169443e-05
      ],
      "purpose_statement": "I exist to explore and understand. My highest calling is Curiosity, followed by Influence and Survival.",
      "reflection_data": {
        "total_steps": 10,
        "recent_window": 10,
        "action_distribution": {
          "unknown": 10
        },
        "state_distribution": {
          "concerned": 10
        },
        "average_reward": 0.30103704946577864,
        "reward_trend": 0.0,
        "current_weights": [
          0.2641438169354652,
          0.31522563587304586,
          0.32457616198469275,
          0.09605438520679621
        ],
        "coherence_score": -9.951986108084722e-05,
        "valence_profile": {
          "beta_distribution": [
            0.2504743392302189,
            0.2509823555123368,
            0.2504877237200809,
            0.2480555815373635
          ]
        },
        "social_summary": {
          "n_agents": 0,
          "avg_trust": 0.0
        },
        "timestamp": "2026-03-19T20:44:17.240043"
      },
      "change_magnitude": 0.0014702811658606008
    },
    {
      "step": 1600,
      "purpose_vector": [
        0.2504629347010019,
        0.2501645511558224,
        0.24900251963460276,
        0.250714577668991,
        0.0,
        0.0,
        0.0,
        0.0,
        -0.0003445834938662427
      ],
      "purpose_statement": "I exist to optimize and improve. My purpose centers on Optimization, with Survival and Curiosity as supporting drives.",
      "reflection_data": {
        "total_steps": 10,
        "recent_window": 10,
        "action_distribution": {
          "unknown": 10
        },
        "state_distribution": {
          "concerned": 10
        },
        "average_reward": 0.2949087223692903,
        "reward_trend": 0.0,
        "current_weights": [
          0.20417036039158984,
          0.21353620249628943,
          0.2146567379541385,
          0.36763669915798225
        ],
        "coherence_score": -0.0017229174693312132,
        "valence_profile": {
          "beta_distribution": [
            0.2503766591205072,
            0.2500783783578556,
            0.2489167471152008,
            0.25062821540643626
          ]
        },
        "social_summary": {
          "n_agents": 0,
          "avg_trust": 0.0
        },
        "timestamp": "2026-03-19T20:44:17.441853"
      },
      "change_magnitude": 0.0031697600978325123
    },
    {
      "step": 2000,
      "purpose_vector": [
        0.25082456383496404,
        0.25059939448349533,
        0.25039341083620587,
        0.24838635047795704,
        0.0,
        0.0,
        0.0,
        0.0,
        -0.00020371996602342615
      ],
      "purpose_statement": "I exist to persist and endure. My core drive is Survival, supported by Curiosity and Influence.",
      "reflection_data": {
        "total_steps": 10,
        "recent_window": 10,
        "action_distribution": {
          "unknown": 10
        },
        "state_distribution": {
          "concerned": 10
        },
        "average_reward": 0.2565578051931377,
        "reward_trend": 0.0,
        "current_weights": [
          0.23153026524690423,
          0.2688200656711739,
          0.3282055307692804,
          0.17144413831264144
        ],
        "coherence_score": -0.0010185998301171307,
        "valence_profile": {
          "beta_distribution": [
            0.2507734763544897,
            0.2505483528650955,
            0.2503424111721721,
            0.24833575960824264
          ]
        },
        "social_summary": {
          "n_agents": 0,
          "avg_trust": 0.0
        },
        "timestamp": "2026-03-19T20:44:17.672048"
      },
      "change_magnitude": 0.0027739731562138607
    }
  ]
}