{
  "agent_id": "purpose_guided_01",
  "current_purpose": {
    "vector": [
      0.24798988914660933,
      0.25259182955549064,
      0.24936304828701755,
      0.2505009762176174,
      0.0,
      0.0,
      0.0,
      0.0,
      -0.0004457435402168361
    ],
    "statement": "I exist to explore and understand. My highest calling is Curiosity, followed by Optimization and Influence.",
    "last_generation": 2000
  },
  "purpose_history": [
    {
      "step": 200,
      "purpose_vector": [
        0.24964350883595232,
        0.2525750020616879,
        0.24929049182068655,
        0.24875421838263895,
        0.0,
        0.0,
        0.0,
        0.0,
        -0.0002632214343868577
      ],
      "purpose_statement": "I exist to explore and understand. My highest calling is Curiosity, followed by Survival and Influence.",
      "reflection_data": {
        "total_steps": 10,
        "recent_window": 10,
        "action_distribution": {
          "unknown": 10
        },
        "state_distribution": {
          "concerned": 10
        },
        "average_reward": 0.31994909185412596,
        "reward_trend": 0.0,
        "current_weights": [
          0.18834423924491528,
          0.518779749188061,
          0.12578921258754375,
          0.16708679897948
        ],
        "coherence_score": -0.0013161071719342886,
        "valence_profile": {
          "beta_distribution": [
            0.2495778146887933,
            0.2525085364867107,
            0.24922489057060254,
            0.24868875825389358
          ]
        },
        "social_summary": {
          "n_agents": 0,
          "avg_trust": 0.0
        },
        "timestamp": "2026-03-19T21:07:11.817455"
      },
      "change_magnitude": 0.3759597816699403
    },
    {
      "step": 400,
      "purpose_vector": [
        0.24794116250546278,
        0.25024623935980117,
        0.2501202766982114,
        0.25189135776809185,
        0.0,
        0.0,
        0.0,
        0.0,
        -0.00019903666496680263
      ],
      "purpose_statement": "I exist to optimize and improve. My purpose centers on Optimization, with Curiosity and Influence as supporting drives.",
      "reflection_data": {
        "total_steps": 10,
        "recent_window": 10,
        "action_distribution": {
          "unknown": 10
        },
        "state_distribution": {
          "crisis": 10
        },
        "average_reward": 0.28670099367704605,
        "reward_trend": 0.0,
        "current_weights": [
          0.11817615867834605,
          0.1980606733896855,
          0.31747833894878436,
          0.3662848289831841
        ],
        "coherence_score": -0.0009951833248340132,
        "valence_profile": {
          "beta_distribution": [
            0.24789182302638207,
            0.25019644117797796,
            0.2500705035825452,
            0.2518412322130948
          ]
        },
        "social_summary": {
          "n_agents": 0,
          "avg_trust": 0.0
        },
        "timestamp": "2026-03-19T21:07:11.866714"
      },
      "change_magnitude": 0.004342283374215044
    },
    {
      "step": 600,
      "purpose_vector": [
        0.25022429182306744,
        0.2506733968878884,
        0.24906467666045634,
        0.2503367631223792,
        0.0,
        0.0,
        0.0,
        0.0,
        -0.00029912882722430605
      ],
      "purpose_statement": "I exist to explore and understand. My highest calling is Curiosity, followed by Optimization and Survival.",
      "reflection_data": {
        "total_steps": 10,
        "recent_window": 10,
        "action_distribution": {
          "unknown": 10
        },
        "state_distribution": {
          "concerned": 10
        },
        "average_reward": 0.31331283791203923,
        "reward_trend": 0.0,
        "current_weights": [
          0.31918337487936155,
          0.3457445975383502,
          0.10377444120735564,
          0.2312975863749327
        ],
        "coherence_score": -0.0014956441361215302,
        "valence_profile": {
          "beta_distribution": [
            0.25014946499038215,
            0.2505984357552545,
            0.24899019659797916,
            0.2502619026563842
          ]
        },
        "social_summary": {
          "n_agents": 0,
          "avg_trust": 0.0
        },
        "timestamp": "2026-03-19T21:07:11.918965"
      },
      "change_magnitude": 0.0029893506699348463
    },
    {
      "step": 800,
      "purpose_vector": [
        0.24954934022954545,
        0.25178946742187025,
        0.2495366606238494,
        0.24923471627829594,
        0.0,
        0.0,
        0.0,
        0.0,
        -0.00011018488693112
      ],
      "purpose_statement": "I exist to explore and understand. My highest calling is Curiosity, followed by Survival and Influence.",
      "reflection_data": {
        "total_steps": 10,
        "recent_window": 10,
        "action_distribution": {
          "unknown": 10
        },
        "state_distribution": {
          "concerned": 10
        },
        "average_reward": 0.3081164029013383,
        "reward_trend": 0.0,
        "current_weights": [
          0.24408892692675477,
          0.3007084483563017,
          0.16943792473158245,
          0.285764699985361
        ],
        "coherence_score": -0.0005509244346556,
        "valence_profile": {
          "beta_distribution": [
            0.2495218467762547,
            0.25176172716835843,
            0.2495091685675014,
            0.24920725748788544
          ]
        },
        "social_summary": {
          "n_agents": 0,
          "avg_trust": 0.0
        },
        "timestamp": "2026-03-19T21:07:11.971677"
      },
      "change_magnitude": 0.00178161415891543
    },
    {
      "step": 1000,
      "purpose_vector": [
        0.2517973412395379,
        0.2501662630806066,
        0.2495023385605523,
        0.24944322079321246,
        0.0,
        0.0,
        0.0,
        0.0,
        -0.0009091640075456621
      ],
      "purpose_statement": "I exist to persist and endure. My core drive is Survival, supported by Curiosity and Influence.",
      "reflection_data": {
        "total_steps": 10,
        "recent_window": 10,
        "action_distribution": {
          "unknown": 10
        },
        "state_distribution": {
          "normal": 10
        },
        "average_reward": 0.31750918000460315,
        "reward_trend": 0.0,
        "current_weights": [
          0.43126332173405324,
          0.16244202083528284,
          0.2393829735860325,
          0.16691168384463137
        ],
        "coherence_score": -0.00454582003772831,
        "valence_profile": {
          "beta_distribution": [
            0.2515686241849336,
            0.24993902759602404,
            0.2492757061437383,
            0.24921664207530392
          ]
        },
        "social_summary": {
          "n_agents": 0,
          "avg_trust": 0.0
        },
        "timestamp": "2026-03-19T21:07:12.024188"
      },
      "change_magnitude": 0.002893323460377676
    },
    {
      "step": 1200,
      "purpose_vector": [
        0.24968781549543664,
        0.25174179808502517,
        0.2500205434801886,
        0.2489307636570252,
        0.0,
        0.0,
        0.0,
        0.0,
        -0.000380921051135779
      ],
      "purpose_statement": "I exist to explore and understand. My highest calling is Curiosity, followed by Influence and Survival.",
      "reflection_data": {
        "total_steps": 10,
        "recent_window": 10,
        "action_distribution": {
          "unknown": 10
        },
        "state_distribution": {
          "concerned": 10
        },
        "average_reward": 0.2589151749473969,
        "reward_trend": 0.0,
        "current_weights": [
          0.26773512547052014,
          0.42731357355237465,
          0.18794424590525288,
          0.11700705507185226
        ],
        "coherence_score": -0.0019046052556788947,