{
  "agent_id": "agent_0",
  "current_purpose": {
    "vector": [
      0.2509540602322512,
      0.2496208329209545,
      0.25082641394843974,
      0.24876375530001138,
      0.0,
      0.0,
      0.0,
      0.0,
      -0.0001650627350452252
    ],
    "statement": "I exist to persist and endure. My core drive is Survival, supported by Influence and Curiosity.",
    "last_generation": 500
  },
  "purpose_history": [
    {
      "step": 500,
      "purpose_vector": [
        0.2509540602322512,
        0.2496208329209545,
        0.25082641394843974,
        0.24876375530001138,
        0.0,
        0.0,
        0.0,
        0.0,
        -0.0001650627350452252
      ],
      "purpose_statement": "I exist to persist and endure. My core drive is Survival, supported by Influence and Curiosity.",
      "reflection_data": {
        "total_steps": 10,
        "recent_window": 10,
        "action_distribution": {
          "unknown": 10
        },
        "state_distribution": {
          "concerned": 10
        },
        "average_reward": 0.2540516802754516,
        "reward_trend": 0.0,
        "current_weights": [
          0.29762194978016454,
          0.1376556597588849,
          0.3600097191548918,
          0.20471267130605877
        ],
        "coherence_score": -0.0008253136752261259,
        "valence_profile": {
          "beta_distribution": [
            0.2509126439886284,
            0.24957963670671504,
            0.2507850187709419,
            0.24872270053371473
          ]
        },
        "social_summary": {
          "n_agents": 0,
          "avg_trust": 0.0
        },
        "timestamp": "2026-03-20T17:43:27.313398"
      },
      "change_magnitude": 0.3758844570265633
    }
  ]
}