{
  "agent_id": "enhanced_agent_11",
  "current_purpose": {
    "vector": [
      0.2513438026556422,
      0.24960160185440086,
      0.24947459030175528,
      0.24998614975126787,
      0.0,
      0.0,
      0.0,
      0.0,
      -0.00040614489653494914
    ],
    "statement": "I exist to persist and endure. My core drive is Survival, supported by Optimization and Curiosity.",
    "last_generation": 3000
  },
  "purpose_history": [
    {
      "step": 300,
      "purpose_vector": [
        0.24944293795575187,
        0.25016394485251814,
        0.25105422513150966,
        0.24967425781375974,
        0.0,
        0.0,
        0.0,
        0.0,
        -0.0003353660869848117
      ],
      "purpose_statement": "I exist to shape and impact. My primary goal is Influence, alongside Curiosity and Optimization.",
      "reflection_data": {
        "total_steps": 10,
        "recent_window": 10,
        "action_distribution": {
          "unknown": 10
        },
        "state_distribution": {
          "concerned": 10
        },
        "average_reward": 0.3268366937540409,
        "reward_trend": 0.0,
        "current_weights": [
          0.14315865095006178,
          0.3631870117928884,
          0.3585476556293955,
          0.13510668162765432
        ],
        "coherence_score": -0.0016768304349240584,
        "valence_profile": {
          "beta_distribution": [
            0.24935931138238807,
            0.2500800765591977,
            0.250970058368769,
            0.2495905536896453
          ]
        },
        "social_summary": {
          "n_agents": 0,
          "avg_trust": 0.0
        },
        "timestamp": "2026-03-19T20:49:49.723981"
      },
      "change_magnitude": 0.376000076378869
    },
    {
      "step": 600,
      "purpose_vector": [
        0.25009975676914725,
        0.2509465976719669,
        0.24905255793062914,
        0.2503680878741216,
        0.0,
        0.0,
        0.0,
        0.0,
        -0.0004670005793539745
      ],
      "purpose_statement": "I exist to explore and understand. My highest calling is Curiosity, followed by Optimization and Survival.",
      "reflection_data": {
        "total_steps": 10,
        "recent_window": 10,
        "action_distribution": {
          "unknown": 10
        },
        "state_distribution": {
          "concerned": 10
        },
        "average_reward": 0.2991982079053295,
        "reward_trend": 0.0,
        "current_weights": [
          0.18867179870022535,
          0.40566347361011124,
          0.15632186701714845,
          0.2493428606725151
        ],
        "coherence_score": -0.0023350028967698724,
        "valence_profile": {
          "beta_distribution": [
            0.24998301463984837,
            0.25082946025235886,
            0.24893630461516913,
            0.25025122049262355
          ]
        },
        "social_summary": {
          "n_agents": 0,
          "avg_trust": 0.0
        },
        "timestamp": "2026-03-19T20:49:49.882964"
      },
      "change_magnitude": 0.0023557070625918595
    },
    {
      "step": 900,
      "purpose_vector": [
        0.24924916687348056,
        0.25105725745764834,
        0.2501659078246749,
        0.2497950787512427,
        0.0,
        0.0,
        0.0,
        0.0,
        -0.0002674112404689249
      ],
      "purpose_statement": "I exist to explore and understand. My highest calling is Curiosity, followed by Influence and Optimization.",
      "reflection_data": {
        "total_steps": 10,
        "recent_window": 10,
        "action_distribution": {
          "unknown": 10
        },
        "state_distribution": {
          "concerned": 10
        },
        "average_reward": 0.30093159608871156,
        "reward_trend": 0.0,
        "current_weights": [
          0.1789889788742521,
          0.41708354469412207,
          0.16510908158042123,
          0.23881839485120457
        ],
        "coherence_score": -0.0013370562023446244,
        "valence_profile": {
          "beta_distribution": [
            0.24918253274637872,
            0.2509901399566628,
            0.25009902861658106,
            0.24972829868037744
          ]
        },
        "social_summary": {
          "n_agents": 0,
          "avg_trust": 0.0
        },
        "timestamp": "2026-03-19T20:49:50.049300"
      },
      "change_magnitude": 0.0015308403262417963
    },
    {
      "step": 1200,
      "purpose_vector": [
        0.24887047433395101,
        0.2489839644756679,
        0.24982346135260586,
        0.2525919653988572,
        0.0,
        0.0,
        0.0,
        0.0,
        -0.0002698658945052927
      ],
      "purpose_statement": "I exist to optimize and improve. My purpose centers on Optimization, with Influence and Curiosity as supporting drives.",
      "reflection_data": {
        "total_steps": 10,
        "recent_window": 10,
        "action_distribution": {
          "unknown": 10
        },
        "state_distribution": {
          "crisis": 10
        },
        "average_reward": 0.33033333168998297,
        "reward_trend": 0.0,
        "current_weights": [
          0.14961586773527513,
          0.16723261520977264,
          0.17071846157268342,
          0.5124330554822687
        ],
        "coherence_score": -0.0013493294725264635,
        "valence_profile": {
          "beta_distribution": [
            0.24880333088346307,
            0.2489167904063622,
            0.2497560607931263,
            0.2525238179170485
          ]
        },
        "social_summary": {
          "n_agents": 0,
          "avg_trust": 0.0
        },
        "timestamp": "2026-03-19T20:49:50.209479"
      },
      "change_magnitude": 0.003518778532358621
    },
    {
      "step": 1500,
      "purpose_vector": [
        0.25083574002102144,
        0.24937401935389705,
        0.2510948886889353,
        0.24881042538426737,
        0.0,
        0.0,
        0.0,
        0.0,
        -0.00011507378149267789
      ],
      "purpose_statement": "I exist to shape and impact. My primary goal is Influence, alongside Survival and Curiosity.",
      "reflection_data": {
        "total_steps": 10,
        "recent_window": 10,
        "action_distribution": {
          "unknown": 10
        },
        "state_distribution": {
          "concerned": 10
        },
        "average_reward": 0.31194745288240233,
        "reward_trend": 0.0,
        "current_weights": [
          0.35429992578448105,
          0.11634021548207397,
          0.4174964775347053,
          0.11186338119873952
        ],
        "coherence_score": -0.0005753689074633894,
        "valence_profile": {
          "beta_distribution": [
            0.25080687880866437,
            0.24934532632742362,
            0.25106599765887877,
            0.24878179720503318
          ]
        },
        "social_summary": {
          "n_agents": 0,
          "avg_trust": 0.0
        },
        "timestamp": "2026-03-19T20:49:50.390623"
      },
      "change_magnitude": 0.0044670958105426295
    },
    {
      "step": 1800,
      "purpose_vector": [
        0.24965094623752887,
        0.24961788185689568,
        0.25205135905435055,
        0.24884818385469124,
        0.0,
        0.0,
        0.0,
        0.0,
        -0.0001683713368558326
      ],
      "purpose_statement": "I exist to shape and impact. My primary goal is Influence, alongside Survival and Curiosity.",
      "reflection_data": {
        "total_steps": 10,
        "recent_window": 10,
        "action_distribution": {
          "unknown": 10
        },
        "state_distribution": {
          "concerned": 10
        },
        "average_reward": 0.3053457837870081,
        "reward_trend": 0.0,
        "current_weights": [
          0.16587484864786822,
          0.23425429782715657,
          0.45351834068383934,
          0.14635251284113587
        ],
        "coherence_score": -0.0008418566842791629,