{
  "agent_id": "dialogue_agent_04",
  "current_purpose": {
    "vector": [
      0.25100177959959147,
      0.24753734491616744,
      0.25187685183527486,
      0.24984257164734902,
      0.0,
      0.0,
      0.0,
      0.0,
      -0.00025854833180236227
    ],
    "statement": "I exist to shape and impact. My primary goal is Influence, alongside Survival and Optimization.",
    "last_generation": 400
  },
  "purpose_history": [
    {
      "step": 200,
      "purpose_vector": [
        0.24919669992570814,
        0.25069612782555756,
        0.2493690778625877,
        0.2510052985226571,
        0.0,
        0.0,
        0.0,
        0.0,
        -0.00026720446993306913
      ],
      "purpose_statement": "I exist to optimize and improve. My purpose centers on Optimization, with Curiosity and Influence as supporting drives.",
      "reflection_data": {
        "total_steps": 10,
        "recent_window": 10,
        "action_distribution": {
          "unknown": 10
        },
        "state_distribution": {
          "concerned": 10
        },
        "average_reward": 0.32456271875054094,
        "reward_trend": 0.0,
        "current_weights": [
          0.11148604105363687,
          0.43111829449728156,
          0.17583655460684625,
          0.2815591098422353
        ],
        "coherence_score": -0.0013360223496653456,
        "valence_profile": {
          "beta_distribution": [
            0.2491301313240889,
            0.2506291586776287,
            0.2493024632131748,
            0.2509382467851074
          ]
        },
        "social_summary": {
          "n_agents": 0,
          "avg_trust": 0.0
        },
        "timestamp": "2026-03-19T20:54:08.598464"
      },
      "change_magnitude": 0.37595419428709353
    },
    {
      "step": 400,
      "purpose_vector": [
        0.25100177959959147,
        0.24753734491616744,
        0.25187685183527486,
        0.24984257164734902,
        0.0,
        0.0,
        0.0,
        0.0,
        -0.00025854833180236227
      ],
      "purpose_statement": "I exist to shape and impact. My primary goal is Influence, alongside Survival and Optimization.",
      "reflection_data": {
        "total_steps": 10,
        "recent_window": 10,
        "action_distribution": {
          "unknown": 10
        },
        "state_distribution": {
          "concerned": 10
        },
        "average_reward": 0.2794388522631143,
        "reward_trend": 0.0,
        "current_weights": [
          0.3320013563139777,
          0.15871352465783856,
          0.3697635112922558,
          0.13952160773592792
        ],
        "coherence_score": -0.0012927416590118113,
        "valence_profile": {
          "beta_distribution": [
            0.25093690036628136,
            0.24747336117398283,
            0.25181174641227067,
            0.24977799204746504
          ]
        },
        "social_summary": {
          "n_agents": 0,
          "avg_trust": 0.0
        },
        "timestamp": "2026-03-19T20:54:08.645730"
      },
      "change_magnitude": 0.004569153215979972
    }
  ]
}