{
  "agent_id": "local_72h_local_72h_20260325",
  "current_purpose": {
    "vector": [
      0.25083995868333936,
      0.2501624603798855,
      0.24923818271676554,
      0.24955207469453258,
      0.0,
      0.0,
      0.0,
      0.0,
      0.0002073231922125746
    ],
    "statement": "I exist to persist and endure. My core drive is Survival, supported by Curiosity and Optimization.",
    "last_generation": 12000
  },
  "purpose_history": [
    {
      "step": 2000,
      "purpose_vector": [
        0.24917638679335752,
        0.24874847014949153,
        0.25219387357547174,
        0.24954144500496125,
        0.0,
        0.0,
        0.0,
        0.0,
        0.00033982414349771725
      ],
      "purpose_statement": "I exist to shape and impact. My primary goal is Influence, alongside Optimization and Survival.",
      "reflection_data": {
        "total_steps": 10,
        "recent_window": 10,
        "action_distribution": {
          "unknown": 10
        },
        "state_distribution": {
          "concerned": 10
        },
        "average_reward": 0.32862675431196126,
        "reward_trend": 0.0,
        "current_weights": [
          0.20580569056370326,
          0.17498909720748412,
          0.46463394628245297,
          0.1545712659463596
        ],
        "coherence_score": -0.001699120717488586,
        "valence_profile": {
          "beta_distribution": [
            0.2492610918134492,
            0.24883302970360072,
            0.25227960436001,
            0.24962627412294014
          ]
        },
        "social_summary": {
          "n_agents": 0,
          "avg_trust": 0.0
        },
        "timestamp": "2026-03-25T08:45:39.001612"
      },
      "change_magnitude": 0.375540510267744
    },
    {
      "step": 4000,
      "purpose_vector": [
        0.25082718467798454,
        0.2498007266849804,
        0.24850715598785497,
        0.25046050933788744,
        0.0,
        0.0,
        0.0,
        0.0,
        0.0004044229780940259
      ],
      "purpose_statement": "I exist to persist and endure. My core drive is Survival, supported by Optimization and Curiosity.",
      "reflection_data": {
        "total_steps": 10,
        "recent_window": 10,
        "action_distribution": {
          "unknown": 10
        },
        "state_distribution": {
          "normal": 10
        },
        "average_reward": 0.3252158982670554,
        "reward_trend": 0.0,
        "current_weights": [
          0.44140478500765606,
          0.3276996905382669,
          0.10841135558429754,
          0.12248416886977954
        ],
        "coherence_score": -0.0020221148904701293,
        "valence_profile": {
          "beta_distribution": [
            0.25092866608001885,
            0.24990179279552074,
            0.24860769873659086,
            0.25056184238786955
          ]
        },
        "social_summary": {
          "n_agents": 0,
          "avg_trust": 0.0
        },
        "timestamp": "2026-03-25T08:49:00.800930"
      },
      "change_magnitude": 0.004274706574807111
    },
    {
      "step": 6000,
      "purpose_vector": [
        0.24909008038895727,
        0.24873983562749866,
        0.2503733011776162,
        0.25166804434666956,
        0.0,
        0.0,
        0.0,
        0.0,
        0.00012873812596796825
      ],
      "purpose_statement": "I exist to optimize and improve. My purpose centers on Optimization, with Influence and Survival as supporting drives.",
      "reflection_data": {
        "total_steps": 10,
        "recent_window": 10,
        "action_distribution": {
          "unknown": 10
        },
        "state_distribution": {
          "concerned": 10
        },
        "average_reward": 0.27525353984925294,
        "reward_trend": 0.0,
        "current_weights": [
          0.1322008400584155,
          0.1576806415761506,
          0.3299307522729857,
          0.3801877660924481
        ],
        "coherence_score": -0.0006436906298398412,
        "valence_profile": {
          "beta_distribution": [
            0.2491221519909717,
            0.2487718621337366,
            0.2504055380007682,
            0.25170044787452356
          ]
        },
        "social_summary": {
          "n_agents": 0,
          "avg_trust": 0.0
        },
        "timestamp": "2026-03-25T08:52:22.327069"
      },
      "change_magnitude": 0.00302649334233479
    },
    {
      "step": 8000,
      "purpose_vector": [
        0.2496130203897036,
        0.24863942548181295,
        0.25055761986273667,
        0.2508832409432092,
        0.0,
        0.0,
        0.0,
        0.0,
        0.0003066929893066392
      ],
      "purpose_statement": "I exist to optimize and improve. My purpose centers on Optimization, with Influence and Survival as supporting drives.",
      "reflection_data": {
        "total_steps": 10,
        "recent_window": 10,
        "action_distribution": {
          "unknown": 10
        },
        "state_distribution": {
          "concerned": 10
        },
        "average_reward": 0.3146588023496194,
        "reward_trend": 0.0,
        "current_weights": [
          0.28646602048693776,
          0.13463107852343373,
          0.41338158738586517,
          0.16552131360376324
        ],
        "coherence_score": -0.001533464946533196,
        "valence_profile": {
          "beta_distribution": [
            0.24968959852227748,
            0.2487157049277245,
            0.2506344877865384,
            0.2509602087634596
          ]
        },
        "social_summary": {
          "n_agents": 0,
          "avg_trust": 0.0
        },
        "timestamp": "2026-03-25T08:55:44.019193"
      },
      "change_magnitude": 0.0009823981549710906
    },
    {
      "step": 10000,
      "purpose_vector": [
        0.24933026810602982,
        0.2510451355351067,
        0.24868563054279416,
        0.25037367703727864,
        0.0,
        0.0,
        0.0,
        0.0,
        0.0005652884456455982
      ],
      "purpose_statement": "I exist to explore and understand. My highest calling is Curiosity, followed by Optimization and Survival.",
      "reflection_data": {
        "total_steps": 10,
        "recent_window": 10,
        "action_distribution": {
          "unknown": 10
        },
        "state_distribution": {
          "concerned": 10
        },
        "average_reward": 0.2873491632113696,
        "reward_trend": 0.0,
        "current_weights": [
          0.17702991754712621,
          0.44384989144631704,
          0.1274608318306031,
          0.2516593591759536
        ],
        "coherence_score": -0.0028264422282279905,
        "valence_profile": {
          "beta_distribution": [
            0.24947129142770433,
            0.25118712880039423,
            0.24882628925197647,
            0.25051529051992505
          ]
        },
        "social_summary": {
          "n_agents": 0,
          "avg_trust": 0.0
        },
        "timestamp": "2026-03-25T08:59:05.869408"
      },
      "change_magnitude": 0.0031142030622113544
    },
    {
      "step": 12000,
      "purpose_vector": [
        0.25083995868333936,
        0.2501624603798855,
        0.24923818271676554,
        0.24955207469453258,
        0.0,
        0.0,
        0.0,
        0.0,
        0.0002073231922125746
      ],
      "purpose_statement": "I exist to persist and endure. My core drive is Survival, supported by Curiosity and Optimization.",
      "reflection_data": {
        "total_steps": 10,
        "recent_window": 10,
        "action_distribution": {
          "unknown": 10
        },
        "state_distribution": {
          "concerned": 10
        },
        "average_reward": 0.28096521533875907,
        "reward_trend": 0.0,
        "current_weights": [
          0.4290796250493268,
          0.2671241200439671,
          0.19933184249942057,
          0.1044644124072856
        ],
        "coherence_score": -0.001036615961062873,