{
  "agent_id": "fulfill_purpose_03",
  "current_purpose": {
    "vector": [
      0.2499819750821251,
      0.24932027800647857,
      0.25165763883023506,
      0.24932172294570465,
      0.0,
      0.0,
      0.0,
      0.0,
      -0.0002816151979707759
    ],
    "statement": "I exist to shape and impact. My primary goal is Influence, alongside Survival and Optimization.",
    "last_generation": 500
  },
  "purpose_history": [
    {
      "step": 500,
      "purpose_vector": [
        0.2499819750821251,
        0.24932027800647857,
        0.25165763883023506,
        0.24932172294570465,
        0.0,
        0.0,
        0.0,
        0.0,
        -0.0002816151979707759
      ],
      "purpose_statement": "I exist to shape and impact. My primary goal is Influence, alongside Survival and Optimization.",
      "reflection_data": {
        "total_steps": 10,
        "recent_window": 10,
        "action_distribution": {
          "unknown": 10
        },
        "state_distribution": {
          "concerned": 10
        },
        "average_reward": 0.2969381209180296,
        "reward_trend": 0.0,
        "current_weights": [
          0.23129827518156806,
          0.13939056586632542,
          0.4013176396760143,
          0.2279935192760921
        ],
        "coherence_score": -0.0014080759898538794,
        "valence_profile": {
          "beta_distribution": [
            0.24991159626179604,
            0.24925008547741942,
            0.2515867882509409,
            0.24925153000984374
          ]
        },
        "social_summary": {
          "n_agents": 0,
          "avg_trust": 0.0
        },
        "timestamp": "2026-03-19T21:15:59.755862"
      },
      "change_magnitude": 0.3759656756804335
    }
  ]
}