{
  "agent_id": "real_world_agent",
  "current_purpose": {
    "vector": [
      0.2509397868003432,
      0.2503765846316817,
      0.25031741814485,
      0.24860207230986098,
      0.0,
      0.0,
      0.0,
      0.0,
      -0.00023586222014777025
    ],
    "statement": "I exist to persist and endure. My core drive is Survival, supported by Curiosity and Influence.",
    "last_generation": 2000
  },
  "purpose_history": [
    {
      "step": 2000,
      "purpose_vector": [
        0.2509397868003432,
        0.2503765846316817,
        0.25031741814485,
        0.24860207230986098,
        0.0,
        0.0,
        0.0,
        0.0,
        -0.00023586222014777025
      ],
      "purpose_statement": "I exist to persist and endure. My core drive is Survival, supported by Curiosity and Influence.",
      "reflection_data": {
        "total_steps": 10,
        "recent_window": 10,
        "action_distribution": {
          "unknown": 10
        },
        "state_distribution": {
          "concerned": 10
        },
        "average_reward": 0.3267257638667436,
        "reward_trend": 0.0,
        "current_weights": [
          0.27762472728890586,
          0.36899587604151035,
          0.2465079402591388,
          0.10687145641044503
        ],
        "coherence_score": -0.0011793111007388512,
        "valence_profile": {
          "beta_distribution": [
            0.250880613625468,
            0.25031754426340863,
            0.2502583917284054,
            0.24854345038271783
          ]
        },
        "social_summary": {
          "n_agents": 0,
          "avg_trust": 0.0
        },
        "timestamp": "2026-03-21T09:05:39.448272"
      },
      "change_magnitude": 0.37593321729188667
    }
  ]
}