{
  "agent_id": "purpose_agent_00",
  "current_purpose": {
    "vector": [
      0.2488080789486558,
      0.24924933210720704,
      0.250343423212746,
      0.25178389183134275,
      0.0,
      0.0,
      0.0,
      0.0,
      -0.00018472643334656335
    ],
    "statement": "I exist to optimize and improve. My purpose centers on Optimization, with Influence and Curiosity as supporting drives.",
    "last_generation": 450
  },
  "purpose_history": [
    {
      "step": 150,
      "purpose_vector": [
        0.25084614115755477,
        0.24980313915681157,
        0.249083641867322,
        0.2503650283185305,
        0.0,
        0.0,
        0.0,
        0.0,
        -9.795083358496219e-05
      ],
      "purpose_statement": "I exist to persist and endure. My core drive is Survival, supported by Optimization and Curiosity.",
      "reflection_data": {
        "total_steps": 10,
        "recent_window": 10,
        "action_distribution": {
          "unknown": 10
        },
        "state_distribution": {
          "concerned": 10
        },
        "average_reward": 0.2885585103884013,
        "reward_trend": 0.0,
        "current_weights": [
          0.33655129844338255,
          0.2830609241794127,
          0.13018156320798058,
          0.2502062141692241
        ],
        "coherence_score": -0.0004897541679248109,
        "valence_profile": {
          "beta_distribution": [
            0.250821573059008,
            0.24977867321082659,
            0.24905924638955398,
            0.2503405073406115
          ]
        },
        "social_summary": {
          "n_agents": 0,
          "avg_trust": 0.0
        },
        "timestamp": "2026-03-19T20:30:20.247039"
      },
      "change_magnitude": 0.3758359636882003
    },
    {
      "step": 300,
      "purpose_vector": [
        0.25004336286390116,
        0.2483310599380508,
        0.2507070909331495,
        0.25102910266476874,
        0.0,
        0.0,
        0.0,
        0.0,
        -0.00011061673324059358
      ],
      "purpose_statement": "I exist to optimize and improve. My purpose centers on Optimization, with Influence and Survival as supporting drives.",
      "reflection_data": {
        "total_steps": 10,
        "recent_window": 10,
        "action_distribution": {
          "unknown": 10
        },
        "state_distribution": {
          "concerned": 10
        },
        "average_reward": 0.3585812699804967,
        "reward_trend": 0.0,
        "current_weights": [
          0.24153821364434397,
          0.12573646712914177,
          0.396706298733832,
          0.23601902049268217
        ],
        "coherence_score": -0.0005530836662029679,
        "valence_profile": {
          "beta_distribution": [
            0.25001570702647885,
            0.24830359348846426,
            0.25067936168463817,
            0.25100133780041867
          ]
        },
        "social_summary": {
          "n_agents": 0,
          "avg_trust": 0.0
        },
        "timestamp": "2026-03-19T20:30:20.290293"
      },
      "change_magnitude": 0.0024265638765033227
    },
    {
      "step": 450,
      "purpose_vector": [
        0.2488080789486558,
        0.24924933210720704,
        0.250343423212746,
        0.25178389183134275,
        0.0,
        0.0,
        0.0,
        0.0,
        -0.00018472643334656335
      ],
      "purpose_statement": "I exist to optimize and improve. My purpose centers on Optimization, with Influence and Curiosity as supporting drives.",
      "reflection_data": {
        "total_steps": 10,
        "recent_window": 10,
        "action_distribution": {
          "unknown": 10
        },
        "state_distribution": {
          "crisis": 10
        },
        "average_reward": 0.2543012156766421,
        "reward_trend": 0.0,
        "current_weights": [
          0.11771057154638323,
          0.20816863343996003,
          0.3382250144662471,
          0.3358957805474096
        ],
        "coherence_score": -0.0009236321667328166,
        "valence_profile": {
          "beta_distribution": [
            0.2487621260912873,
            0.2492032977539179,
            0.25029718678960144,
            0.25173738936519335
          ]
        },
        "social_summary": {
          "n_agents": 0,
          "avg_trust": 0.0
        },
        "timestamp": "2026-03-19T20:30:20.332658"
      },
      "change_magnitude": 0.0017540248779312078
    }
  ]
}