{
  "agent_id": "faction_agent_00",
  "current_purpose": {
    "vector": [
      0.2513636060205517,
      0.2490581445579523,
      0.250754864331696,
      0.2489742895762211,
      0.0,
      0.0,
      0.0,
      0.0,
      -0.00015090481980463788
    ],
    "statement": "I exist to persist and endure. My core drive is Survival, supported by Influence and Curiosity.",
    "last_generation": 2000
  },
  "purpose_history": [
    {
      "step": 400,
      "purpose_vector": [
        0.2509934769836636,
        0.2498995274427914,
        0.24919232059761312,
        0.2508407897778052,
        0.0,
        0.0,
        0.0,
        0.0,
        -0.0009261151355154243
      ],
      "purpose_statement": "I exist to persist and endure. My core drive is Survival, supported by Optimization and Curiosity.",
      "reflection_data": {
        "total_steps": 10,
        "recent_window": 10,
        "action_distribution": {
          "unknown": 10
        },
        "state_distribution": {
          "concerned": 10
        },
        "average_reward": 0.2944082456881554,
        "reward_trend": 0.0,
        "current_weights": [
          0.2958122116832718,
          0.19223024151769413,
          0.11508820251528498,
          0.396869344283749
        ],
        "coherence_score": -0.004630575677577122,
        "valence_profile": {
          "beta_distribution": [
            0.2507612432845216,
            0.2496683059291118,
            0.24896175343265875,
            0.2506086973537077
          ]
        },
        "social_summary": {
          "n_agents": 0,
          "avg_trust": 0.0
        },
        "timestamp": "2026-03-19T20:44:16.825087"
      },
      "change_magnitude": 0.37641040611414
    },
    {
      "step": 800,
      "purpose_vector": [
        0.25135427429786106,
        0.24920224180920625,
        0.24832744496902637,
        0.2511430684598902,
        0.0,
        0.0,
        0.0,
        0.0,
        -2.7029869326285445e-05
      ],
      "purpose_statement": "I exist to persist and endure. My core drive is Survival, supported by Optimization and Curiosity.",
      "reflection_data": {
        "total_steps": 10,
        "recent_window": 10,
        "action_distribution": {
          "unknown": 10
        },
        "state_distribution": {
          "concerned": 10
        },
        "average_reward": 0.2962825068201892,
        "reward_trend": 0.0,
        "current_weights": [
          0.33880285324927023,
          0.09664203885111092,
          0.20982852276026284,
          0.35472658513935595
        ],
        "coherence_score": -0.00013514934663142722,
        "valence_profile": {
          "beta_distribution": [
            0.2513474804920926,
            0.24919550617030517,
            0.24832073297483886,
            0.25113628036276325
          ]
        },
        "social_summary": {
          "n_agents": 0,
          "avg_trust": 0.0
        },
        "timestamp": "2026-03-19T20:44:17.030506"
      },
      "change_magnitude": 0.001504698816102782
    },
    {
      "step": 1200,
      "purpose_vector": [
        0.2506424370939113,
        0.25060970391508414,
        0.24885526219809329,
        0.2499517168975901,
        0.0,
        0.0,
        0.0,
        0.0,
        -5.912043803191164e-05
      ],
      "purpose_statement": "I exist to persist and endure. My core drive is Survival, supported by Curiosity and Optimization.",
      "reflection_data": {
        "total_steps": 10,
        "recent_window": 10,
        "action_distribution": {
          "unknown": 10
        },
        "state_distribution": {
          "concerned": 10
        },
        "average_reward": 0.280889763051931,
        "reward_trend": 0.0,
        "current_weights": [
          0.27076864436780124,
          0.37462291437202316,
          0.12957216207578515,
          0.22503627918439048
        ],
        "coherence_score": -0.0002956021901595582,
        "valence_profile": {
          "beta_distribution": [
            0.2506276199627837,
            0.25059488871903113,
            0.24884055071868644,
            0.24993694059949872
          ]
        },
        "social_summary": {
          "n_agents": 0,
          "avg_trust": 0.0
        },
        "timestamp": "2026-03-19T20:44:17.235586"
      },
      "change_magnitude": 0.0020461185599333744
    },
    {
      "step": 1600,
      "purpose_vector": [
        0.2515191686299897,
        0.2476428495809119,
        0.2502346342279732,
        0.25071091588727956,
        0.0,
        0.0,
        0.0,
        0.0,
        -0.00010756865952363012
      ],
      "purpose_statement": "I exist to persist and endure. My core drive is Survival, supported by Optimization and Influence.",
      "reflection_data": {
        "total_steps": 10,
        "recent_window": 10,
        "action_distribution": {
          "unknown": 10
        },
        "state_distribution": {
          "concerned": 10
        },
        "average_reward": 0.3101936010324825,
        "reward_trend": 0.0,
        "current_weights": [
          0.279792061366262,
          0.0971398965836334,
          0.26250439409704657,
          0.36056364795305823
        ],
        "coherence_score": -0.0005378432976181506,
        "valence_profile": {
          "beta_distribution": [
            0.2514921160440259,
            0.247616213919252,
            0.2502077198023632,
            0.2506839502343591
          ]
        },
        "social_summary": {
          "n_agents": 0,
          "avg_trust": 0.0
        },
        "timestamp": "2026-03-19T20:44:17.437277"
      },
      "change_magnitude": 0.0034716394339673554
    },
    {
      "step": 2000,
      "purpose_vector": [
        0.2513636060205517,
        0.2490581445579523,
        0.250754864331696,
        0.2489742895762211,
        0.0,
        0.0,
        0.0,
        0.0,
        -0.00015090481980463788
      ],
      "purpose_statement": "I exist to persist and endure. My core drive is Survival, supported by Influence and Curiosity.",
      "reflection_data": {
        "total_steps": 10,
        "recent_window": 10,
        "action_distribution": {
          "unknown": 10
        },
        "state_distribution": {
          "concerned": 10
        },
        "average_reward": 0.29138268004369383,
        "reward_trend": 0.0,
        "current_weights": [
          0.359612221737213,
          0.1859655237528715,
          0.2804562417435839,
          0.1739660127663314
        ],
        "coherence_score": -0.0007545240990231893,
        "valence_profile": {
          "beta_distribution": [
            0.2513256798479098,
            0.24902056623729596,
            0.25071703000704576,
            0.24893672390774846
          ]
        },
        "social_summary": {
          "n_agents": 0,
          "avg_trust": 0.0
        },
        "timestamp": "2026-03-19T20:44:17.667222"
      },
      "change_magnitude": 0.002305568894082084
    }
  ]
}