{
  "agent_id": "purpose_guided_03",
  "current_purpose": {
    "vector": [
      0.24868688094765368,
      0.25004590576934216,
      0.25012650191319225,
      0.2512388356999631,
      0.0,
      0.0,
      0.0,
      0.0,
      -9.812466351729243e-05
    ],
    "statement": "I exist to optimize and improve. My purpose centers on Optimization, with Influence and Curiosity as supporting drives.",
    "last_generation": 2000
  },
  "purpose_history": [
    {
      "step": 200,
      "purpose_vector": [
        0.2506447148704249,
        0.24985178942269032,
        0.25056661573486183,
        0.24902743163499608,
        0.0,
        0.0,
        0.0,
        0.0,
        -9.055199633657015e-05
      ],
      "purpose_statement": "I exist to persist and endure. My core drive is Survival, supported by Influence and Curiosity.",
      "reflection_data": {
        "total_steps": 10,
        "recent_window": 10,
        "action_distribution": {
          "unknown": 10
        },
        "state_distribution": {
          "concerned": 10
        },
        "average_reward": 0.2978545009793933,
        "reward_trend": 0.0,
        "current_weights": [
          0.3490782865404962,
          0.1769170087196746,
          0.2970705233971665,
          0.1769341813426627
        ],
        "coherence_score": -0.00045275998168285074,
        "valence_profile": {
          "beta_distribution": [
            0.25062202062967914,
            0.24982916697616142,
            0.25054392856548235,
            0.24900488382867697
          ]
        },
        "social_summary": {
          "n_agents": 0,
          "avg_trust": 0.0
        },
        "timestamp": "2026-03-19T21:07:11.818937"
      },
      "change_magnitude": 0.3758308126147619
    },
    {
      "step": 400,
      "purpose_vector": [
        0.2497481404199433,
        0.25016025478460174,
        0.25017015272110105,
        0.25001818103429485,
        0.0,
        0.0,
        0.0,
        0.0,
        -9.672929330641463e-05
      ],
      "purpose_statement": "I exist to shape and impact. My primary goal is Influence, alongside Curiosity and Optimization.",
      "reflection_data": {
        "total_steps": 10,
        "recent_window": 10,
        "action_distribution": {
          "unknown": 10
        },
        "state_distribution": {
          "concerned": 10
        },
        "average_reward": 0.30900995734237435,
        "reward_trend": 0.0,
        "current_weights": [
          0.25970713443983523,
          0.21925854037500586,
          0.20308979466483373,
          0.31794453052032523
        ],
        "coherence_score": -0.0004836464665320731,
        "valence_profile": {
          "beta_distribution": [
            0.2497239848786137,
            0.25013605938373384,
            0.2501459563629086,
            0.24999399937474387
          ]
        },
        "social_summary": {
          "n_agents": 0,
          "avg_trust": 0.0
        },
        "timestamp": "2026-03-19T21:07:11.868457"
      },
      "change_magnitude": 0.0014275160514840145
    },
    {
      "step": 600,
      "purpose_vector": [
        0.2517441239115132,
        0.24940790443149466,
        0.24889696629414576,
        0.25023185764715755,
        0.0,
        0.0,
        0.0,
        0.0,
        -0.00028085261773831254
      ],
      "purpose_statement": "I exist to persist and endure. My core drive is Survival, supported by Optimization and Curiosity.",
      "reflection_data": {
        "total_steps": 10,
        "recent_window": 10,
        "action_distribution": {
          "unknown": 10
        },
        "state_distribution": {
          "normal": 10
        },
        "average_reward": 0.31385555917504765,
        "reward_trend": 0.0,
        "current_weights": [
          0.46437081035972216,
          0.14359650265190335,
          0.10642392422484409,
          0.28560876276353037
        ],
        "coherence_score": -0.0014042630886915628,
        "valence_profile": {
          "beta_distribution": [
            0.2516734408507498,
            0.2493378773190843,
            0.24882708263958797,
            0.250161599190578
          ]
        },
        "social_summary": {
          "n_agents": 0,
          "avg_trust": 0.0
        },
        "timestamp": "2026-03-19T21:07:11.920892"
      },
      "change_magnitude": 0.002500108782374743
    },
    {
      "step": 800,
      "purpose_vector": [
        0.2527805806833916,
        0.24968906866920584,
        0.24862571796020466,
        0.24894505787492296,
        0.0,
        0.0,
        0.0,
        0.0,
        -4.042552107196866e-05
      ],
      "purpose_statement": "I exist to persist and endure. My core drive is Survival, supported by Curiosity and Optimization.",
      "reflection_data": {
        "total_steps": 10,
        "recent_window": 10,
        "action_distribution": {
          "unknown": 10
        },
        "state_distribution": {
          "normal": 10
        },
        "average_reward": 0.3029535630636547,
        "reward_trend": 0.0,
        "current_weights": [
          0.4967941615504493,
          0.20849252474598673,
          0.1807527106328596,
          0.11396060307070432
        ],
        "coherence_score": -0.00020212760535984328,
        "valence_profile": {
          "beta_distribution": [
            0.2527703623940405,
            0.24967897534975636,
            0.24861566762516954,
            0.2489349946310337
          ]
        },
        "social_summary": {
          "n_agents": 0,
          "avg_trust": 0.0
        },
        "timestamp": "2026-03-19T21:07:11.974367"
      },
      "change_magnitude": 0.0017147975011180029
    },
    {
      "step": 1000,
      "purpose_vector": [
        0.24909861063880878,
        0.25130176525460596,
        0.25032284767614477,
        0.24927943152252974,
        0.0,
        0.0,
        0.0,
        0.0,
        -2.6554254236469557e-06
      ],
      "purpose_statement": "I exist to explore and understand. My highest calling is Curiosity, followed by Influence and Optimization.",
      "reflection_data": {
        "total_steps": 10,
        "recent_window": 10,
        "action_distribution": {
          "unknown": 10
        },
        "state_distribution": {
          "concerned": 10
        },
        "average_reward": 0.26370552056464497,
        "reward_trend": 0.0,
        "current_weights": [
          0.15065383059418694,
          0.34430494968473613,
          0.37640712558929695,
          0.12863409413178015
        ],
        "coherence_score": -1.3277127118234777e-05,
        "valence_profile": {
          "beta_distribution": [
            0.24909794926081424,
            0.25130109802704853,
            0.25032218304769677,
            0.2492787696644404
          ]
        },
        "social_summary": {
          "n_agents": 0,
          "avg_trust": 0.0
        },
        "timestamp": "2026-03-19T21:07:12.026101"
      },
      "change_magnitude": 0.00437620557958975
    },
    {
      "step": 1200,
      "purpose_vector": [
        0.2489489944660351,
        0.25311312015070264,
        0.2486509571010519,
        0.24960151894787305,
        0.0,
        0.0,
        0.0,
        0.0,
        -0.00031459099910092955
      ],
      "purpose_statement": "I exist to explore and understand. My highest calling is Curiosity, followed by Optimization and Survival.",
      "reflection_data": {
        "total_steps": 10,
        "recent_window": 10,
        "action_distribution": {
          "unknown": 10
        },
        "state_distribution": {
          "concerned": 10
        },
        "average_reward": 0.30578512809543723,
        "reward_trend": 0.0,
        "current_weights": [
          0.1546201851918543,
          0.5604187951517057,
          0.17155333482286492,
          0.1134076848335752
        ],
        "coherence_score": -0.0015729549955046476,