{
  "agent_id": "purpose_agent_04",
  "current_purpose": {
    "vector": [
      0.2502063845858664,
      0.24901512682182886,
      0.25164925501444074,
      0.24930742985995494,
      0.0,
      0.0,
      0.0,
      0.0,
      -0.00017819661548361317
    ],
    "statement": "I exist to shape and impact. My primary goal is Influence, alongside Survival and Optimization.",
    "last_generation": 450
  },
  "purpose_history": [
    {
      "step": 150,
      "purpose_vector": [
        0.2509455636979672,
        0.24975648073361056,
        0.24885351124027183,
        0.2507903270308656,
        0.0,
        0.0,
        0.0,
        0.0,
        -0.0003458830361638469
      ],
      "purpose_statement": "I exist to persist and endure. My core drive is Survival, supported by Optimization and Curiosity.",
      "reflection_data": {
        "total_steps": 10,
        "recent_window": 10,
        "action_distribution": {
          "unknown": 10
        },
        "state_distribution": {
          "concerned": 10
        },
        "average_reward": 0.28201012349540344,
        "reward_trend": 0.0,
        "current_weights": [
          0.3786664539378968,
          0.18158642105678036,
          0.1617352407621122,
          0.2780118842432107
        ],
        "coherence_score": -0.0017294151808192344,
        "valence_profile": {
          "beta_distribution": [
            0.2508587959796139,
            0.24967012415628015,
            0.248767466876481,
            0.250703612987625
          ]
        },
        "social_summary": {
          "n_agents": 0,
          "avg_trust": 0.0
        },
        "timestamp": "2026-03-19T20:30:20.252726"
      },
      "change_magnitude": 0.3760091370780054
    },
    {
      "step": 300,
      "purpose_vector": [
        0.24939435555871023,
        0.2509288204995357,
        0.2509281414756928,
        0.24890428420647304,
        0.0,
        0.0,
        0.0,
        0.0,
        -0.00015560207379697146
      ],
      "purpose_statement": "I exist to explore and understand. My highest calling is Curiosity, followed by Influence and Survival.",
      "reflection_data": {
        "total_steps": 10,
        "recent_window": 10,
        "action_distribution": {
          "unknown": 10
        },
        "state_distribution": {
          "concerned": 10
        },
        "average_reward": 0.31313699931654687,
        "reward_trend": 0.0,
        "current_weights": [
          0.21102815798501456,
          0.32241311217268465,
          0.36699043289060873,
          0.09956829695169185
        ],
        "coherence_score": -0.0007780103689848572,
        "valence_profile": {
          "beta_distribution": [
            0.24935555540030857,
            0.2508897816128652,
            0.25088910269466314,
            0.24886556029216303
          ]
        },
        "social_summary": {
          "n_agents": 0,
          "avg_trust": 0.0
        },
        "timestamp": "2026-03-19T20:30:20.295928"
      },
      "change_magnitude": 0.003417320911455561
    },
    {
      "step": 450,
      "purpose_vector": [
        0.2502063845858664,
        0.24901512682182886,
        0.25164925501444074,
        0.24930742985995494,
        0.0,
        0.0,
        0.0,
        0.0,
        -0.00017819661548361317
      ],
      "purpose_statement": "I exist to shape and impact. My primary goal is Influence, alongside Survival and Optimization.",
      "reflection_data": {
        "total_steps": 10,
        "recent_window": 10,
        "action_distribution": {
          "unknown": 10
        },
        "state_distribution": {
          "concerned": 10
        },
        "average_reward": 0.30773117082056045,
        "reward_trend": 0.0,
        "current_weights": [
          0.24582713519395433,
          0.12999846675382318,
          0.38254656997851344,
          0.241627828073709
        ],
        "coherence_score": -0.0008909830774180658,
        "valence_profile": {
          "beta_distribution": [
            0.25016180668199456,
            0.2489707611578412,
            0.25160442004223155,
            0.2492630121179327
          ]
        },
        "social_summary": {
          "n_agents": 0,
          "avg_trust": 0.0
        },
        "timestamp": "2026-03-19T20:30:20.338071"
      },
      "change_magnitude": 0.0022371089155515545
    }
  ]
}