{
  "agent_id": "enhanced_agent_07",
  "current_purpose": {
    "vector": [
      0.2509335096284921,
      0.24920946319313267,
      0.2508926600617932,
      0.24926795796270257,
      0.0,
      0.0,
      0.0,
      0.0,
      -0.00030359117955532024
    ],
    "statement": "I exist to persist and endure. My core drive is Survival, supported by Influence and Optimization.",
    "last_generation": 3000
  },
  "purpose_history": [
    {
      "step": 300,
      "purpose_vector": [
        0.2527858187191796,
        0.24968716959880832,
        0.24774420466908217,
        0.24985526517165257,
        0.0,
        0.0,
        0.0,
        0.0,
        -7.245849208022999e-05
      ],
      "purpose_statement": "I exist to persist and endure. My core drive is Survival, supported by Optimization and Curiosity.",
      "reflection_data": {
        "total_steps": 10,
        "recent_window": 10,
        "action_distribution": {
          "unknown": 10
        },
        "state_distribution": {
          "normal": 10
        },
        "average_reward": 0.28831778488403265,
        "reward_trend": 0.0,
        "current_weights": [
          0.5224774388521858,
          0.21506568012303534,
          0.13068088145413964,
          0.1317759995706393
        ],
        "coherence_score": -0.00036229246040114994,
        "valence_profile": {
          "beta_distribution": [
            0.2527675036512801,
            0.2496690790370513,
            0.24772625488078628,
            0.24983716243088236
          ]
        },
        "social_summary": {
          "n_agents": 0,
          "avg_trust": 0.0
        },
        "timestamp": "2026-03-19T20:49:49.719253"
      },
      "change_magnitude": 0.3758332765766175
    },
    {
      "step": 600,
      "purpose_vector": [
        0.24948343994329486,
        0.24952182652497162,
        0.24944980114855142,
        0.2521473563164423,
        0.0,
        0.0,
        0.0,
        0.0,
        -0.0006024242667943739
      ],
      "purpose_statement": "I exist to optimize and improve. My purpose centers on Optimization, with Curiosity and Survival as supporting drives.",
      "reflection_data": {
        "total_steps": 10,
        "recent_window": 10,
        "action_distribution": {
          "unknown": 10
        },
        "state_distribution": {
          "concerned": 10
        },
        "average_reward": 0.2785575539806362,
        "reward_trend": 0.0,
        "current_weights": [
          0.10816558413615304,
          0.1317415710559076,
          0.3041573810043384,
          0.45593546380360095
        ],
        "coherence_score": -0.0030121213339718692,
        "valence_profile": {
          "beta_distribution": [
            0.24933323563479126,
            0.24937159910539514,
            0.2492996170926622,
            0.2519955481671514
          ]
        },
        "social_summary": {
          "n_agents": 0,
          "avg_trust": 0.0
        },
        "timestamp": "2026-03-19T20:49:49.880061"
      },
      "change_magnitude": 0.004401891502598572
    },
    {
      "step": 900,
      "purpose_vector": [
        0.25138530947529025,
        0.2505821582844358,
        0.24831835207535133,
        0.2497689336114859,
        0.0,
        0.0,
        0.0,
        0.0,
        -5.4753779914894015e-05
      ],
      "purpose_statement": "I exist to persist and endure. My core drive is Survival, supported by Curiosity and Optimization.",
      "reflection_data": {
        "total_steps": 10,
        "recent_window": 10,
        "action_distribution": {
          "unknown": 10
        },
        "state_distribution": {
          "normal": 10
        },
        "average_reward": 0.3062298277055931,
        "reward_trend": 0.0,
        "current_weights": [
          0.30850280129310365,
          0.2775080305798518,
          0.217635526333163,
          0.19635364179388146
        ],
        "coherence_score": -0.00027376889957447006,
        "valence_profile": {
          "beta_distribution": [
            0.2513715460167779,
            0.2505684387988116,
            0.248304756534133,
            0.24975525865027748
          ]
        },
        "social_summary": {
          "n_agents": 0,
          "avg_trust": 0.0
        },
        "timestamp": "2026-03-19T20:49:50.044318"
      },
      "change_magnitude": 0.003460986230506724
    },
    {
      "step": 1200,
      "purpose_vector": [
        0.2501458859997265,
        0.2506763174890347,
        0.24864132677312278,
        0.2510108193488782,
        0.0,
        0.0,
        0.0,
        0.0,
        -0.000474349944253663
      ],
      "purpose_statement": "I exist to optimize and improve. My purpose centers on Optimization, with Curiosity and Survival as supporting drives.",
      "reflection_data": {
        "total_steps": 10,
        "recent_window": 10,
        "action_distribution": {
          "unknown": 10
        },
        "state_distribution": {
          "concerned": 10
        },
        "average_reward": 0.3172551052388135,
        "reward_trend": 0.0,
        "current_weights": [
          0.2266335750152784,
          0.2834197380936198,
          0.19657337696495558,
          0.2933733099261462
        ],
        "coherence_score": -0.002371749721268315,
        "valence_profile": {
          "beta_distribution": [
            0.25002728565409654,
            0.25055746565272874,
            0.24852343977619964,
            0.250891808916975
          ]
        },
        "social_summary": {
          "n_agents": 0,
          "avg_trust": 0.0
        },
        "timestamp": "2026-03-19T20:49:50.206285"
      },
      "change_magnitude": 0.0018351267773252318
    },
    {
      "step": 1500,
      "purpose_vector": [
        0.2518078519257988,
        0.24855044619757188,
        0.2490261589661613,
        0.25093536002260947,
        0.0,
        0.0,
        0.0,
        0.0,
        -0.00031981744558137417
      ],
      "purpose_statement": "I exist to persist and endure. My core drive is Survival, supported by Optimization and Influence.",
      "reflection_data": {
        "total_steps": 10,
        "recent_window": 10,
        "action_distribution": {
          "unknown": 10
        },
        "state_distribution": {
          "normal": 10
        },
        "average_reward": 0.2883647634758447,
        "reward_trend": 0.0,
        "current_weights": [
          0.4268560304983059,
          0.1425265355178981,
          0.2662745454271992,
          0.1643428885565969
        ],
        "coherence_score": -0.0015990872279068708,
        "valence_profile": {
          "beta_distribution": [
            0.25172734521320567,
            0.24847098092600114,
            0.2489465416021485,
            0.25085513225864464
          ]
        },
        "social_summary": {
          "n_agents": 0,
          "avg_trust": 0.0
        },
        "timestamp": "2026-03-19T20:49:50.387276"
      },
      "change_magnitude": 0.002731140733678289
    },
    {
      "step": 1800,
      "purpose_vector": [
        0.2511714317209167,
        0.24805215216474852,
        0.24886862568457427,
        0.2520136154555057,
        0.0,
        0.0,
        0.0,
        0.0,
        -0.00010582535911364344
      ],
      "purpose_statement": "I exist to optimize and improve. My purpose centers on Optimization, with Survival and Influence as supporting drives.",
      "reflection_data": {
        "total_steps": 10,
        "recent_window": 10,
        "action_distribution": {
          "unknown": 10
        },
        "state_distribution": {
          "concerned": 10
        },
        "average_reward": 0.2750360430732258,
        "reward_trend": 0.0,
        "current_weights": [
          0.27185988337084865,
          0.13595968568743086,
          0.23883082783685453,
          0.3533496031048659
        ],
        "coherence_score": -0.0005291267955682172,