{
  "agent_id": "purpose_guided_04",
  "current_purpose": {
    "vector": [
      0.2510014498596419,
      0.2505083602606604,
      0.24890163662039086,
      0.2501369008857461,
      0.0,
      0.0,
      0.0,
      0.0,
      -0.0005483479599554379
    ],
    "statement": "I exist to persist and endure. My core drive is Survival, supported by Curiosity and Optimization.",
    "last_generation": 2000
  },
  "purpose_history": [
    {
      "step": 200,
      "purpose_vector": [
        0.2500208601532734,
        0.24960821024474483,
        0.24909253055542047,
        0.2521069439383913,
        0.0,
        0.0,
        0.0,
        0.0,
        -0.0008285452254395607
      ],
      "purpose_statement": "I exist to optimize and improve. My purpose centers on Optimization, with Survival and Curiosity as supporting drives.",
      "reflection_data": {
        "total_steps": 10,
        "recent_window": 10,
        "action_distribution": {
          "unknown": 10
        },
        "state_distribution": {
          "crisis": 10
        },
        "average_reward": 0.25823036781588976,
        "reward_trend": 0.0,
        "current_weights": [
          0.292915845270047,
          0.10739736360340112,
          0.12407299284619996,
          0.4756137982803519
        ],
        "coherence_score": -0.004142726127197803,
        "valence_profile": {
          "beta_distribution": [
            0.24981387814063177,
            0.24940156984803288,
            0.2488863170687668,
            0.2518982349425686
          ]
        },
        "social_summary": {
          "n_agents": 0,
          "avg_trust": 0.0
        },
        "timestamp": "2026-03-19T21:07:11.819595"
      },
      "change_magnitude": 0.37634684342892955
    },
    {
      "step": 400,
      "purpose_vector": [
        0.2504853342714232,
        0.25050979253599,
        0.2502184103193132,
        0.24899117936663312,
        0.0,
        0.0,
        0.0,
        0.0,
        -0.0002047168267610475
      ],
      "purpose_statement": "I exist to explore and understand. My highest calling is Curiosity, followed by Survival and Influence.",
      "reflection_data": {
        "total_steps": 10,
        "recent_window": 10,
        "action_distribution": {
          "unknown": 10
        },
        "state_distribution": {
          "concerned": 10
        },
        "average_reward": 0.30488322279838265,
        "reward_trend": 0.0,
        "current_weights": [
          0.263574496817069,
          0.28529369166857843,
          0.34732622361431653,
          0.10380558790003605
        ],
        "coherence_score": -0.0010235841338052374,
        "valence_profile": {
          "beta_distribution": [
            0.25043406628755505,
            0.25045851954613646,
            0.25016719696799633,
            0.2489402171983121
          ]
        },
        "social_summary": {
          "n_agents": 0,
          "avg_trust": 0.0
        },
        "timestamp": "2026-03-19T21:07:11.869279"
      },
      "change_magnitude": 0.00352041798863177
    },
    {
      "step": 600,
      "purpose_vector": [
        0.24981026074304213,
        0.2522836726513613,
        0.2493957556553168,
        0.24887595506250176,
        0.0,
        0.0,
        0.0,
        0.0,
        -0.0003656444456771274
      ],
      "purpose_statement": "I exist to explore and understand. My highest calling is Curiosity, followed by Survival and Influence.",
      "reflection_data": {
        "total_steps": 10,
        "recent_window": 10,
        "action_distribution": {
          "unknown": 10
        },
        "state_distribution": {
          "concerned": 10
        },
        "average_reward": 0.3094204778782307,
        "reward_trend": 0.0,
        "current_weights": [
          0.23631531531856367,
          0.39228789358522814,
          0.24994060630127227,
          0.12145618479493592
        ],
        "coherence_score": -0.0018282222283856368,
        "valence_profile": {
          "beta_distribution": [
            0.24971895247835815,
            0.25219146032873946,
            0.2493045988965804,
            0.248784988296322
          ]
        },
        "social_summary": {
          "n_agents": 0,
          "avg_trust": 0.0
        },
        "timestamp": "2026-03-19T21:07:11.921781"
      },
      "change_magnitude": 0.002078054370659791
    },
    {
      "step": 800,
      "purpose_vector": [
        0.25072921113534286,
        0.2519527145079362,
        0.24811311749001738,
        0.249561482776572,
        0.0,
        0.0,
        0.0,
        0.0,
        -0.0003565262433204099
      ],
      "purpose_statement": "I exist to explore and understand. My highest calling is Curiosity, followed by Survival and Optimization.",
      "reflection_data": {
        "total_steps": 10,
        "recent_window": 10,
        "action_distribution": {
          "unknown": 10
        },
        "state_distribution": {
          "concerned": 10
        },
        "average_reward": 0.2894620450861871,
        "reward_trend": 0.0,
        "current_weights": [
          0.2771987852994994,
          0.4296495418169868,
          0.15967185966395064,
          0.1334798132195633
        ],
        "coherence_score": -0.0017826312166020495,
        "valence_profile": {
          "beta_distribution": [
            0.2506398515342253,
            0.2518629188516305,
            0.248024690261652,
            0.24947253935249214
          ]
        },
        "social_summary": {
          "n_agents": 0,
          "avg_trust": 0.0
        },
        "timestamp": "2026-03-19T21:07:11.975278"
      },
      "change_magnitude": 0.0017519118607008382
    },
    {
      "step": 1000,
      "purpose_vector": [
        0.24926991714227062,
        0.25245919092578656,
        0.2484910595721026,
        0.2500746277704459,
        0.0,
        0.0,
        0.0,
        0.0,
        -0.0002947957440373198
      ],
      "purpose_statement": "I exist to explore and understand. My highest calling is Curiosity, followed by Optimization and Survival.",
      "reflection_data": {
        "total_steps": 10,
        "recent_window": 10,
        "action_distribution": {
          "unknown": 10
        },
        "state_distribution": {
          "crisis": 10
        },
        "average_reward": 0.2890405058647206,
        "reward_trend": 0.0,
        "current_weights": [
          0.1264168892770518,
          0.5035894079356467,
          0.1468232211999388,
          0.22317048158736275
        ],
        "coherence_score": -0.0014739787201865989,
        "valence_profile": {
          "beta_distribution": [
            0.24919645517094696,
            0.25238478904826844,
            0.24841782713675,
            0.25000092864403445
          ]
        },
        "social_summary": {
          "n_agents": 0,
          "avg_trust": 0.0
        },
        "timestamp": "2026-03-19T21:07:12.027022"
      },
      "change_magnitude": 0.0016721321648559195
    },
    {
      "step": 1200,
      "purpose_vector": [
        0.25175153436874975,
        0.25071501262327167,
        0.24858839763814627,
        0.24922611432022254,
        0.0,
        0.0,
        0.0,
        0.0,
        -0.0002810592838174473
      ],
      "purpose_statement": "I exist to persist and endure. My core drive is Survival, supported by Curiosity and Optimization.",
      "reflection_data": {
        "total_steps": 10,
        "recent_window": 10,
        "action_distribution": {
          "unknown": 10
        },
        "state_distribution": {
          "normal": 10
        },
        "average_reward": 0.28790139718012503,
        "reward_trend": 0.0,
        "current_weights": [
          0.31184982624693136,
          0.4146605779435892,
          0.1075484004749658,
          0.1659411953345138
        ],
        "coherence_score": -0.0014052964190872366,