{
  "agent_id": "real_world_agent",
  "current_purpose": {
    "vector": [
      0.2503537141275652,
      0.24863208856003993,
      0.24996997055356668,
      0.2514081947847339,
      0.0,
      0.0,
      0.0,
      0.0,
      -0.0003639683593605818
    ],
    "statement": "I exist to optimize and improve. My purpose centers on Optimization, with Survival and Influence as supporting drives.",
    "last_generation": 16000
  },
  "purpose_history": [
    {
      "step": 2000,
      "purpose_vector": [
        0.2509397868003432,
        0.2503765846316817,
        0.25031741814485,
        0.24860207230986098,
        0.0,
        0.0,
        0.0,
        0.0,
        -0.00023586222014777025
      ],
      "purpose_statement": "I exist to persist and endure. My core drive is Survival, supported by Curiosity and Influence.",
      "reflection_data": {
        "total_steps": 10,
        "recent_window": 10,
        "action_distribution": {
          "unknown": 10
        },
        "state_distribution": {
          "concerned": 10
        },
        "average_reward": 0.3267257638667436,
        "reward_trend": 0.0,
        "current_weights": [
          0.27762472728890586,
          0.36899587604151035,
          0.2465079402591388,
          0.10687145641044503
        ],
        "coherence_score": -0.0011793111007388512,
        "valence_profile": {
          "beta_distribution": [
            0.250880613625468,
            0.25031754426340863,
            0.2502583917284054,
            0.24854345038271783
          ]
        },
        "social_summary": {
          "n_agents": 0,
          "avg_trust": 0.0
        },
        "timestamp": "2026-03-21T09:05:39.448272"
      },
      "change_magnitude": 0.37593321729188667
    },
    {
      "step": 4000,
      "purpose_vector": [
        0.24951933329489548,
        0.25107925358357,
        0.25064352881272633,
        0.24895860859638427,
        0.0,
        0.0,
        0.0,
        0.0,
        -0.00020072462097636603
      ],
      "purpose_statement": "I exist to explore and understand. My highest calling is Curiosity, followed by Influence and Survival.",
      "reflection_data": {
        "total_steps": 10,
        "recent_window": 10,
        "action_distribution": {
          "unknown": 10
        },
        "state_distribution": {
          "concerned": 10
        },
        "average_reward": 0.29664601388440826,
        "reward_trend": 0.0,
        "current_weights": [
          0.14075363337269456,
          0.43053775432058433,
          0.21346314279633055,
          0.21524546951039059
        ],
        "coherence_score": -0.0010036231048818301,
        "valence_profile": {
          "beta_distribution": [
            0.24946925875565962,
            0.25102886599328245,
            0.2505932286654311,
            0.24890864658562686
          ]
        },
        "social_summary": {
          "n_agents": 0,
          "avg_trust": 0.0
        },
        "timestamp": "2026-03-21T09:09:01.059573"
      },
      "change_magnitude": 0.0016571459680041793
    },
    {
      "step": 6000,
      "purpose_vector": [
        0.25083226188244606,
        0.24925069301972402,
        0.2514231307121548,
        0.24864476808514419,
        0.0,
        0.0,
        0.0,
        0.0,
        -0.00015085403285277195
      ],
      "purpose_statement": "I exist to shape and impact. My primary goal is Influence, alongside Survival and Curiosity.",
      "reflection_data": {
        "total_steps": 10,
        "recent_window": 10,
        "action_distribution": {
          "unknown": 10
        },
        "state_distribution": {
          "concerned": 10
        },
        "average_reward": 0.3167104542144278,
        "reward_trend": 0.0,
        "current_weights": [
          0.2805121327011434,
          0.13564279120405093,
          0.3813622604602149,
          0.20248281563459083
        ],
        "coherence_score": -0.0007542701642638597,
        "valence_profile": {
          "beta_distribution": [
            0.2507944286150833,
            0.24921309830188904,
            0.2513852083234874,
            0.24860726475954031
          ]
        },
        "social_summary": {
          "n_agents": 0,
          "avg_trust": 0.0
        },
        "timestamp": "2026-03-21T09:12:22.718222"
      },
      "change_magnitude": 0.0024033679026124665
    },
    {
      "step": 8000,
      "purpose_vector": [
        0.24987840583288856,
        0.24904436515524145,
        0.25130680754691226,
        0.24987378011118105,
        0.0,
        0.0,
        0.0,
        0.0,
        -0.00010335897959117019
      ],
      "purpose_statement": "I exist to shape and impact. My primary goal is Influence, alongside Survival and Optimization.",
      "reflection_data": {
        "total_steps": 10,
        "recent_window": 10,
        "action_distribution": {
          "unknown": 10
        },
        "state_distribution": {
          "concerned": 10
        },
        "average_reward": 0.324887535922909,
        "reward_trend": 0.0,
        "current_weights": [
          0.19346247637221214,
          0.18944503872313967,
          0.3555753547904273,
          0.2615171301142209
        ],
        "coherence_score": -0.000516794897955851,
        "valence_profile": {
          "beta_distribution": [
            0.24985258140831879,
            0.24901862692707788,
            0.25128083549993313,
            0.2498479561646702
          ]
        },
        "social_summary": {
          "n_agents": 0,
          "avg_trust": 0.0
        },
        "timestamp": "2026-03-21T09:15:44.475738"
      },
      "change_magnitude": 0.0015743792332024035
    },
    {
      "step": 10000,
      "purpose_vector": [
        0.2507917831321039,
        0.2480976304780387,
        0.25228145089540066,
        0.2492580943568277,
        0.0,
        0.0,
        0.0,
        0.0,
        -0.0004289591958473423
      ],
      "purpose_statement": "I exist to shape and impact. My primary goal is Influence, alongside Survival and Optimization.",
      "reflection_data": {
        "total_steps": 10,
        "recent_window": 10,
        "action_distribution": {
          "unknown": 10
        },
        "state_distribution": {
          "concerned": 10
        },
        "average_reward": 0.2858078649983081,
        "reward_trend": 0.0,
        "current_weights": [
          0.2939674305079943,
          0.14579129455429546,
          0.43616551654430297,
          0.1240757583934072
        ],
        "coherence_score": -0.0021447959792367114,
        "valence_profile": {
          "beta_distribution": [
            0.2506842499014518,
            0.2479912524325173,
            0.25217327893254937,
            0.24915121873348145
          ]
        },
        "social_summary": {
          "n_agents": 0,
          "avg_trust": 0.0
        },
        "timestamp": "2026-03-21T09:19:06.295571"
      },
      "change_magnitude": 0.0017792073362687272
    },
    {
      "step": 12000,
      "purpose_vector": [
        0.25053789997074116,
        0.24969277903096157,
        0.24911959311357612,
        0.2507800702578372,
        0.0,
        0.0,
        0.0,
        0.0,
        -0.00013034270649284985
      ],
      "purpose_statement": "I exist to optimize and improve. My purpose centers on Optimization, with Survival and Curiosity as supporting drives.",
      "reflection_data": {
        "total_steps": 10,
        "recent_window": 10,
        "action_distribution": {
          "unknown": 10
        },
        "state_distribution": {
          "concerned": 10
        },
        "average_reward": 0.28572198428850293,
        "reward_trend": 0.0,
        "current_weights": [
          0.28004252002720786,
          0.1903474600457993,
          0.14494290762176237,
          0.38466711230523043
        ],
        "coherence_score": -0.0006517135324642493,