{
  "agent_id": "agent_2",
  "current_purpose": {
    "vector": [
      0.250703086363298,
      0.2509203676752983,
      0.24823052201302767,
      0.25039669893005284,
      0.0,
      0.0,
      0.0,
      0.0,
      -0.00025067531509371464
    ],
    "statement": "I exist to explore and understand. My highest calling is Curiosity, followed by Survival and Optimization.",
    "last_generation": 500
  },
  "purpose_history": [
    {
      "step": 500,
      "purpose_vector": [
        0.250703086363298,
        0.2509203676752983,
        0.24823052201302767,
        0.25039669893005284,
        0.0,
        0.0,
        0.0,
        0.0,
        -0.00025067531509371464
      ],
      "purpose_statement": "I exist to explore and understand. My highest calling is Curiosity, followed by Survival and Optimization.",
      "reflection_data": {
        "total_steps": 10,
        "recent_window": 10,
        "action_distribution": {
          "unknown": 10
        },
        "state_distribution": {
          "concerned": 10
        },
        "average_reward": 0.3519867659856459,
        "reward_trend": 0.0,
        "current_weights": [
          0.20881764660444102,
          0.21861404929015726,
          0.2375582792931656,
          0.33501002481223613
        ],
        "coherence_score": -0.001253376575468573,
        "valence_profile": {
          "beta_distribution": [
            0.2506402571214366,
            0.2508574839800981,
            0.24816831242585755,
            0.2503339464726077
          ]
        },
        "social_summary": {
          "n_agents": 0,
          "avg_trust": 0.0
        },
        "timestamp": "2026-03-20T17:43:27.316772"
      },
      "change_magnitude": 0.37594553294072414
    }
  ]
}