{
  "agent_id": "enhanced_agent_02",
  "current_purpose": {
    "vector": [
      0.25043376502692394,
      0.248854846791437,
      0.2504875725346834,
      0.2504832982496597,
      0.0,
      0.0,
      0.0,
      0.0,
      -0.00025948293612396096
    ],
    "statement": "I exist to shape and impact. My primary goal is Influence, alongside Optimization and Survival.",
    "last_generation": 3000
  },
  "purpose_history": [
    {
      "step": 300,
      "purpose_vector": [
        0.24915448163513904,
        0.2511446213399855,
        0.2496408101798726,
        0.25022819265000124,
        0.0,
        0.0,
        0.0,
        0.0,
        -0.00016810613838783156
      ],
      "purpose_statement": "I exist to explore and understand. My highest calling is Curiosity, followed by Optimization and Influence.",
      "reflection_data": {
        "total_steps": 10,
        "recent_window": 10,
        "action_distribution": {
          "unknown": 10
        },
        "state_distribution": {
          "concerned": 10
        },
        "average_reward": 0.29864304474606057,
        "reward_trend": 0.0,
        "current_weights": [
          0.09658147135962321,
          0.42958912669033333,
          0.20537779842031967,
          0.26845160352972386
        ],
        "coherence_score": -0.0008405306919391577,
        "valence_profile": {
          "beta_distribution": [
            0.24911260436024787,
            0.25110240956728824,
            0.24959885116407102,
            0.25018613490839303
          ]
        },
        "social_summary": {
          "n_agents": 0,
          "avg_trust": 0.0
        },
        "timestamp": "2026-03-19T20:49:49.712283"
      },
      "change_magnitude": 0.375885154677351
    },
    {
      "step": 600,
      "purpose_vector": [
        0.2485417051328912,
        0.24942674518113453,
        0.2508330470906473,
        0.25123191042789295,
        0.0,
        0.0,
        0.0,
        0.0,
        -3.340816591033423e-05
      ],
      "purpose_statement": "I exist to optimize and improve. My purpose centers on Optimization, with Influence and Curiosity as supporting drives.",
      "reflection_data": {
        "total_steps": 10,
        "recent_window": 10,
        "action_distribution": {
          "unknown": 10
        },
        "state_distribution": {
          "crisis": 10
        },
        "average_reward": 0.2722659855883568,
        "reward_trend": 0.0,
        "current_weights": [
          0.13318612532848131,
          0.1737379118726151,
          0.34185556018410446,
          0.35122040261479914
        ],
        "coherence_score": -0.00016704082955167112,
        "valence_profile": {
          "beta_distribution": [
            0.2485334021706044,
            0.24941841265256576,
            0.2508246675821493,
            0.2512235175946805
          ]
        },
        "social_summary": {
          "n_agents": 0,
          "avg_trust": 0.0
        },
        "timestamp": "2026-03-19T20:49:49.873733"
      },
      "change_magnitude": 0.0024028348490303377
    },
    {
      "step": 900,
      "purpose_vector": [
        0.2511315349453539,
        0.24898636035935154,
        0.2501109294586689,
        0.2500346744944696,
        0.0,
        0.0,
        0.0,
        0.0,
        -0.0002634995912650415
      ],
      "purpose_statement": "I exist to persist and endure. My core drive is Survival, supported by Influence and Optimization.",
      "reflection_data": {
        "total_steps": 10,
        "recent_window": 10,
        "action_distribution": {
          "unknown": 10
        },
        "state_distribution": {
          "normal": 10
        },
        "average_reward": 0.2949995858738633,
        "reward_trend": 0.0,
        "current_weights": [
          0.31048456896218096,
          0.2750808213112056,
          0.18003888481693092,
          0.23439572490968252
        ],
        "coherence_score": -0.0013174979563252073,
        "valence_profile": {
          "beta_distribution": [
            0.25106537940421053,
            0.2489207699212154,
            0.25004504277547007,
            0.24996880789910403
          ]
        },
        "social_summary": {
          "n_agents": 0,
          "avg_trust": 0.0
        },
        "timestamp": "2026-03-19T20:49:50.038129"
      },
      "change_magnitude": 0.0029847825829519515
    },
    {
      "step": 1200,
      "purpose_vector": [
        0.24960770241102367,
        0.24961858311395838,
        0.25120965537615364,
        0.24966319271816462,
        0.0,
        0.0,
        0.0,
        0.0,
        -9.913395266688355e-05
      ],
      "purpose_statement": "I exist to shape and impact. My primary goal is Influence, alongside Optimization and Curiosity.",
      "reflection_data": {
        "total_steps": 10,
        "recent_window": 10,
        "action_distribution": {
          "unknown": 10
        },
        "state_distribution": {
          "concerned": 10
        },
        "average_reward": 0.3026785240454588,
        "reward_trend": 0.0,
        "current_weights": [
          0.21528292097452784,
          0.2596342122236381,
          0.3114351441100064,
          0.21364772269182766
        ],
        "coherence_score": -0.0004956697633344177,
        "valence_profile": {
          "beta_distribution": [
            0.24958296034884864,
            0.24959383997324677,
            0.2511847545223248,
            0.24963844515557984
          ]
        },
        "social_summary": {
          "n_agents": 0,
          "avg_trust": 0.0
        },
        "timestamp": "2026-03-19T20:49:50.202139"
      },
      "change_magnitude": 0.0020233597354788503
    },
    {
      "step": 1500,
      "purpose_vector": [
        0.25041088394144045,
        0.24923900743552782,
        0.2511846721861936,
        0.2496184382173298,
        0.0,
        0.0,
        0.0,
        0.0,
        -0.00045300211397616605
      ],
      "purpose_statement": "I exist to shape and impact. My primary goal is Influence, alongside Survival and Optimization.",
      "reflection_data": {
        "total_steps": 10,
        "recent_window": 10,
        "action_distribution": {
          "unknown": 10
        },
        "state_distribution": {
          "concerned": 10
        },
        "average_reward": 0.31078681566311983,
        "reward_trend": 0.0,
        "current_weights": [
          0.3293511525943744,
          0.20156931019243635,
          0.28716581922530704,
          0.18191371798788217
        ],
        "coherence_score": -0.00226501056988083,
        "valence_profile": {
          "beta_distribution": [
            0.25029749872886364,
            0.2491261528447221,
            0.2510709366048819,
            0.2495054118215323
          ]
        },
        "social_summary": {
          "n_agents": 0,
          "avg_trust": 0.0
        },
        "timestamp": "2026-03-19T20:49:50.382867"
      },
      "change_magnitude": 0.0009576158244163587
    },
    {
      "step": 1800,
      "purpose_vector": [
        0.24962186543437714,
        0.2499650092141489,
        0.2503006627587774,
        0.25030851005964977,
        0.0,
        0.0,
        0.0,
        0.0,
        -0.00019604780035167944
      ],
      "purpose_statement": "I exist to optimize and improve. My purpose centers on Optimization, with Influence and Curiosity as supporting drives.",
      "reflection_data": {
        "total_steps": 10,
        "recent_window": 10,
        "action_distribution": {
          "unknown": 10
        },
        "state_distribution": {
          "concerned": 10
        },
        "average_reward": 0.3286939003715287,
        "reward_trend": 0.0,
        "current_weights": [
          0.18488454542934474,
          0.29281534684004173,
          0.24679981103144402,
          0.27550029669916953
        ],
        "coherence_score": -0.0009802390017583972,