{
  "agent_id": "faction_agent_11",
  "current_purpose": {
    "vector": [
      0.24922910425860187,
      0.24999687991287378,
      0.24963872351643782,
      0.2513116081339412,
      0.0,
      0.0,
      0.0,
      0.0,
      -0.00017631615524672017
    ],
    "statement": "I exist to optimize and improve. My purpose centers on Optimization, with Curiosity and Influence as supporting drives.",
    "last_generation": 2000
  },
  "purpose_history": [
    {
      "step": 400,
      "purpose_vector": [
        0.24900377701035514,
        0.2510205953715558,
        0.251712893998238,
        0.2484795583946471,
        0.0,
        0.0,
        0.0,
        0.0,
        -0.00021682510820173804
      ],
      "purpose_statement": "I exist to shape and impact. My primary goal is Influence, alongside Curiosity and Survival.",
      "reflection_data": {
        "total_steps": 10,
        "recent_window": 10,
        "action_distribution": {
          "unknown": 10
        },
        "state_distribution": {
          "concerned": 10
        },
        "average_reward": 0.28653265095754354,
        "reward_trend": 0.0,
        "current_weights": [
          0.1673905320190097,
          0.2826341411960629,
          0.43539959920251003,
          0.11457572758241728
        ],
        "coherence_score": -0.0010841255410086901,
        "valence_profile": {
          "beta_distribution": [
            0.24894979852635413,
            0.2509661796861639,
            0.2516583282378923,
            0.2484256935495897
          ]
        },
        "social_summary": {
          "n_agents": 0,
          "avg_trust": 0.0
        },
        "timestamp": "2026-03-19T20:44:16.838078"
      },
      "change_magnitude": 0.37592562535656027
    },
    {
      "step": 800,
      "purpose_vector": [
        0.248979457449517,
        0.2522248850191936,
        0.24997455345019384,
        0.2491878061586892,
        0.0,
        0.0,
        0.0,
        0.0,
        -0.0003667024110492808
      ],
      "purpose_statement": "I exist to explore and understand. My highest calling is Curiosity, followed by Influence and Optimization.",
      "reflection_data": {
        "total_steps": 10,
        "recent_window": 10,
        "action_distribution": {
          "unknown": 10
        },
        "state_distribution": {
          "concerned": 10
        },
        "average_reward": 0.3428682235419215,
        "reward_trend": 0.0,
        "current_weights": [
          0.18284090693634586,
          0.5011530310447837,
          0.11140624926771223,
          0.20459981275115827
        ],
        "coherence_score": -0.001833512055246404,
        "valence_profile": {
          "beta_distribution": [
            0.24888818963328987,
            0.2521324275341881,
            0.24988292086395786,
            0.24909646196856408
          ]
        },
        "social_summary": {
          "n_agents": 0,
          "avg_trust": 0.0
        },
        "timestamp": "2026-03-19T20:44:17.041575"
      },
      "change_magnitude": 0.002235354772424468
    },
    {
      "step": 1200,
      "purpose_vector": [
        0.2496892786298629,
        0.24861755258432683,
        0.2501893392817099,
        0.25171530912980605,
        0.0,
        0.0,
        0.0,
        0.0,
        -0.00021147995910957929
      ],
      "purpose_statement": "I exist to optimize and improve. My purpose centers on Optimization, with Influence and Survival as supporting drives.",
      "reflection_data": {
        "total_steps": 10,
        "recent_window": 10,
        "action_distribution": {
          "unknown": 10
        },
        "state_distribution": {
          "concerned": 10
        },
        "average_reward": 0.3192527278077276,
        "reward_trend": 0.0,
        "current_weights": [
          0.19052724841938265,
          0.14571938576195032,
          0.2416436229701463,
          0.42210974284852065
        ],
        "coherence_score": -0.0010573997955478963,
        "valence_profile": {
          "beta_distribution": [
            0.24963648559932589,
            0.24856498615409142,
            0.25013644052089323,
            0.2516620877256895
          ]
        },
        "social_summary": {
          "n_agents": 0,
          "avg_trust": 0.0
        },
        "timestamp": "2026-03-19T20:44:17.244227"
      },
      "change_magnitude": 0.004469361434894269
    },
    {
      "step": 1600,
      "purpose_vector": [
        0.2493637151159503,
        0.25127108295073347,
        0.2501652835721099,
        0.24949002123347144,
        0.0,
        0.0,
        0.0,
        0.0,
        -0.00029010320569495434
      ],
      "purpose_statement": "I exist to explore and understand. My highest calling is Curiosity, followed by Influence and Optimization.",
      "reflection_data": {
        "total_steps": 10,
        "recent_window": 10,
        "action_distribution": {
          "unknown": 10
        },
        "state_distribution": {
          "concerned": 10
        },
        "average_reward": 0.2932796997758605,
        "reward_trend": 0.0,
        "current_weights": [
          0.17437019436125328,
          0.4220162549504504,
          0.1372319334160102,
          0.26638161727228615
        ],
        "coherence_score": -0.0014505160284747716,
        "valence_profile": {
          "beta_distribution": [
            0.2492913949662396,
            0.2511982096286124,
            0.25009273095252793,
            0.24941766445262006
          ]
        },
        "social_summary": {
          "n_agents": 0,
          "avg_trust": 0.0
        },
        "timestamp": "2026-03-19T20:44:17.446399"
      },
      "change_magnitude": 0.0034793507326331147
    },
    {
      "step": 2000,
      "purpose_vector": [
        0.24922910425860187,
        0.24999687991287378,
        0.24963872351643782,
        0.2513116081339412,
        0.0,
        0.0,
        0.0,
        0.0,
        -0.00017631615524672017
      ],
      "purpose_statement": "I exist to optimize and improve. My purpose centers on Optimization, with Curiosity and Influence as supporting drives.",
      "reflection_data": {
        "total_steps": 10,
        "recent_window": 10,
        "action_distribution": {
          "unknown": 10
        },
        "state_distribution": {
          "concerned": 10
        },
        "average_reward": 0.29853256265528944,
        "reward_trend": 0.0,
        "current_weights": [
          0.12052452971446724,
          0.29988255389111257,
          0.12702997530798624,
          0.45256294108643397
        ],
        "coherence_score": -0.0008815807762336008,
        "valence_profile": {
          "beta_distribution": [
            0.24918516897074078,
            0.24995280927788105,
            0.24959471601895236,
            0.2512673057324258
          ]
        },
        "social_summary": {
          "n_agents": 0,
          "avg_trust": 0.0
        },
        "timestamp": "2026-03-19T20:44:17.676784"
      },
      "change_magnitude": 0.002291310822574944
    }
  ]
}