{
  "agent_id": "test_agent",
  "current_purpose": {
    "vector": [
      0.03688888888615637,
      0.2889629629415582,
      0.03688888888615637,
      0.03688888888615637,
      0.15370370369231823,
      0.0,
      0.2151851851692455,
      0.06148148147692729,
      0.17
    ],
    "statement": "I exist to explore and understand. My highest calling is Curiosity, followed by Other and Coherence.",
    "last_generation": 100
  },
  "purpose_history": [
    {
      "step": 100,
      "purpose_vector": [
        0.03688888888615637,
        0.2889629629415582,
        0.03688888888615637,
        0.03688888888615637,
        0.15370370369231823,
        0.0,
        0.2151851851692455,
        0.06148148147692729,
        0.17
      ],
      "purpose_statement": "I exist to explore and understand. My highest calling is Curiosity, followed by Other and Coherence.",
      "reflection_data": {
        "total_steps": 100,
        "recent_window": 100,
        "action_distribution": {
          "explore": 50,
          "cooperate": 25,
          "maintain": 25
        },
        "state_distribution": {
          "growth": 50,
          "normal": 50
        },
        "average_reward": 0.8500000000000001,
        "reward_trend": -0.10000000000000009,
        "current_weights": [
          0.2,
          0.3,
          0.2,
          0.15,
          0.05,
          0.05,
          0.03,
          0.02
        ],
        "coherence_score": 0.85,
        "valence_profile": {
          "beta_distribution": [
            0.2,
            0.4,
            0.2,
            0.2
          ]
        },
        "social_summary": {
          "n_agents": 5,
          "avg_trust": 0.8
        },
        "timestamp": "2026-03-19T20:22:22.032153"
      },
      "change_magnitude": 0.2792694565198853
    }
  ]
}