{
  "agent_id": "dialogue_agent_03",
  "current_purpose": {
    "vector": [
      0.24808122320746825,
      0.2515593029570562,
      0.24967041481921493,
      0.2512029690026913,
      0.0,
      0.0,
      0.0,
      0.0,
      -0.0005139103199354371
    ],
    "statement": "I exist to explore and understand. My highest calling is Curiosity, followed by Optimization and Influence.",
    "last_generation": 400
  },
  "purpose_history": [
    {
      "step": 200,
      "purpose_vector": [
        0.24837895738745197,
        0.2520620720808483,
        0.24904405601811308,
        0.250603176240895,
        0.0,
        0.0,
        0.0,
        0.0,
        -8.826206067096398e-05
      ],
      "purpose_statement": "I exist to explore and understand. My highest calling is Curiosity, followed by Optimization and Influence.",
      "reflection_data": {
        "total_steps": 10,
        "recent_window": 10,
        "action_distribution": {
          "unknown": 10
        },
        "state_distribution": {
          "concerned": 10
        },
        "average_reward": 0.27897212872377797,
        "reward_trend": 0.0,
        "current_weights": [
          0.1992042817647942,
          0.3994084783130852,
          0.23868163226725556,
          0.16270560765486516
        ],
        "coherence_score": -0.0004413103033548199,
        "valence_profile": {
          "beta_distribution": [
            0.24835703696638012,
            0.25203982661040114,
            0.24902207689946798,
            0.25058105952375065
          ]
        },
        "social_summary": {
          "n_agents": 0,
          "avg_trust": 0.0
        },
        "timestamp": "2026-03-19T20:54:08.597753"
      },
      "change_magnitude": 0.37583781281197765
    },
    {
      "step": 400,
      "purpose_vector": [
        0.24808122320746825,
        0.2515593029570562,
        0.24967041481921493,
        0.2512029690026913,
        0.0,
        0.0,
        0.0,
        0.0,
        -0.0005139103199354371
      ],
      "purpose_statement": "I exist to explore and understand. My highest calling is Curiosity, followed by Optimization and Influence.",
      "reflection_data": {
        "total_steps": 10,
        "recent_window": 10,
        "action_distribution": {
          "unknown": 10
        },
        "state_distribution": {
          "crisis": 10
        },
        "average_reward": 0.28940042473447314,
        "reward_trend": 0.0,
        "current_weights": [
          0.13501161226308594,
          0.33037326583423904,
          0.1961734457988808,
          0.33844167610379416
        ],
        "coherence_score": -0.0025695515996771853,
        "valence_profile": {
          "beta_distribution": [
            0.24795379727487532,
            0.2514300905226475,
            0.2495421726046778,
            0.2510739395977995
          ]
        },
        "social_summary": {
          "n_agents": 0,
          "avg_trust": 0.0
        },
        "timestamp": "2026-03-19T20:54:08.644979"
      },
      "change_magnitude": 0.0011290153139816485
    }
  ]
}