{
  "agent_id": "purpose_guided_02",
  "current_purpose": {
    "vector": [
      0.25060053680246014,
      0.25039999444737543,
      0.2503689668085319,
      0.24890855689009328,
      0.0,
      0.0,
      0.0,
      0.0,
      -0.00027805528188695077
    ],
    "statement": "I exist to persist and endure. My core drive is Survival, supported by Curiosity and Influence.",
    "last_generation": 2000
  },
  "purpose_history": [
    {
      "step": 200,
      "purpose_vector": [
        0.2510157862784183,
        0.24881774611411042,
        0.25011618240267014,
        0.25010320295106553,
        0.0,
        0.0,
        0.0,
        0.0,
        -5.291807961544848e-05
      ],
      "purpose_statement": "I exist to persist and endure. My core drive is Survival, supported by Influence and Optimization.",
      "reflection_data": {
        "total_steps": 10,
        "recent_window": 10,
        "action_distribution": {
          "unknown": 10
        },
        "state_distribution": {
          "concerned": 10
        },
        "average_reward": 0.325952530681162,
        "reward_trend": 0.0,
        "current_weights": [
          0.2365412045858186,
          0.17319242596267093,
          0.1564317269179201,
          0.43383464253359033
        ],
        "coherence_score": -0.0002645903980772424,
        "valence_profile": {
          "beta_distribution": [
            0.25100250379161093,
            0.24880457993647995,
            0.2501029475183534,
            0.25008996875355577
          ]
        },
        "social_summary": {
          "n_agents": 0,
          "avg_trust": 0.0
        },
        "timestamp": "2026-03-19T21:07:11.818213"
      },
      "change_magnitude": 0.37580576605954147
    },
    {
      "step": 400,
      "purpose_vector": [
        0.2529047027291258,
        0.24889131038056758,
        0.24959882061586064,
        0.24883913245704395,
        0.0,
        0.0,
        0.0,
        0.0,
        -0.0002339665160093642
      ],
      "purpose_statement": "I exist to persist and endure. My core drive is Survival, supported by Influence and Curiosity.",
      "reflection_data": {
        "total_steps": 10,
        "recent_window": 10,
        "action_distribution": {
          "unknown": 10
        },
        "state_distribution": {
          "normal": 10
        },
        "average_reward": 0.27494124885074095,
        "reward_trend": 0.0,
        "current_weights": [
          0.4827300758548953,
          0.10644570891606993,
          0.2432530752334605,
          0.16757113999557421
        ],
        "coherence_score": -0.001169832580046821,
        "valence_profile": {
          "beta_distribution": [
            0.2528455454220765,
            0.24883309185196298,
            0.2495404365925073,
            0.24878092613345335
          ]
        },
        "social_summary": {
          "n_agents": 0,
          "avg_trust": 0.0
        },
        "timestamp": "2026-03-19T21:07:11.867610"
      },
      "change_magnitude": 0.002339173577928778
    },
    {
      "step": 600,
      "purpose_vector": [
        0.25225672122185955,
        0.24995588080560055,
        0.24958927065571296,
        0.24829417438406284,
        0.0,
        0.0,
        0.0,
        0.0,
        -9.604740060140159e-05
      ],
      "purpose_statement": "I exist to persist and endure. My core drive is Survival, supported by Curiosity and Influence.",
      "reflection_data": {
        "total_steps": 10,
        "recent_window": 10,
        "action_distribution": {
          "unknown": 10
        },
        "state_distribution": {
          "normal": 10
        },
        "average_reward": 0.29146030522623684,
        "reward_trend": 0.0,
        "current_weights": [
          0.4150643002210668,
          0.18012096924734625,
          0.14471633334774056,
          0.26009839718384625
        ],
        "coherence_score": -0.0004802370030070079,
        "valence_profile": {
          "beta_distribution": [
            0.2522324950304503,
            0.24993187558194216,
            0.24956530064050259,
            0.248270328747105
          ]
        },
        "social_summary": {
          "n_agents": 0,
          "avg_trust": 0.0
        },
        "timestamp": "2026-03-19T21:07:11.919932"
      },
      "change_magnitude": 0.0013672170307068776
    },
    {
      "step": 800,
      "purpose_vector": [
        0.2506078623154054,
        0.2522956378534074,
        0.24886395865264677,
        0.24839933792300184,
        0.0,
        0.0,
        0.0,
        0.0,
        -0.00016679707785049794
      ],
      "purpose_statement": "I exist to explore and understand. My highest calling is Curiosity, followed by Survival and Influence.",
      "reflection_data": {
        "total_steps": 10,
        "recent_window": 10,
        "action_distribution": {
          "unknown": 10
        },
        "state_distribution": {
          "concerned": 10
        },
        "average_reward": 0.3131673787432635,
        "reward_trend": 0.0,
        "current_weights": [
          0.2176291073383855,
          0.48941317560482306,
          0.11638945358469203,
          0.17656826347209945
        ],
        "coherence_score": -0.0008339853892524896,
        "valence_profile": {
          "beta_distribution": [
            0.25056606871087195,
            0.2522535627803569,
            0.24882245587705756,
            0.24835791263171364
          ]
        },
        "social_summary": {
          "n_agents": 0,
          "avg_trust": 0.0
        },
        "timestamp": "2026-03-19T21:07:11.973437"
      },
      "change_magnitude": 0.0029555610507482413
    },
    {
      "step": 1000,
      "purpose_vector": [
        0.25032231858710297,
        0.25164460009393325,
        0.24873447313919791,
        0.2493046706583266,
        0.0,
        0.0,
        0.0,
        0.0,
        -6.06281189605371e-06
      ],
      "purpose_statement": "I exist to explore and understand. My highest calling is Curiosity, followed by Survival and Optimization.",
      "reflection_data": {
        "total_steps": 10,
        "recent_window": 10,
        "action_distribution": {
          "unknown": 10
        },
        "state_distribution": {
          "crisis": 10
        },
        "average_reward": 0.2384194577687202,
        "reward_trend": 0.0,
        "current_weights": [
          0.25023345804878916,
          0.4163399044203877,
          0.15347349902032278,
          0.17995313851050035
        ],
        "coherence_score": -3.0314059480268548e-05,
        "valence_profile": {
          "beta_distribution": [
            0.25032080102261345,
            0.25164307451318907,
            0.24873296520092902,
            0.24930315926326846
          ]
        },
        "social_summary": {
          "n_agents": 0,
          "avg_trust": 0.0
        },
        "timestamp": "2026-03-19T21:07:12.025149"
      },
      "change_magnitude": 0.0011694506185083754
    },
    {
      "step": 1200,
      "purpose_vector": [
        0.25039067527913933,
        0.24969170571006855,
        0.25052997618848943,
        0.24939729253234974,
        0.0,
        0.0,
        0.0,
        0.0,
        -9.650043383414615e-06
      ],
      "purpose_statement": "I exist to shape and impact. My primary goal is Influence, alongside Survival and Curiosity.",
      "reflection_data": {
        "total_steps": 10,
        "recent_window": 10,
        "action_distribution": {
          "unknown": 10
        },
        "state_distribution": {
          "concerned": 10
        },
        "average_reward": 0.30880051134255815,
        "reward_trend": 0.0,
        "current_weights": [
          0.26487614481791666,
          0.1781155716430785,
          0.2837440386205237,
          0.2732642449184811
        ],
        "coherence_score": -4.825021691707307e-05,