{
  "agent_id": "faction_agent_08",
  "current_purpose": {
    "vector": [
      0.24989369599706288,
      0.2504549337253686,
      0.24924784535531327,
      0.2505414089054103,
      0.0,
      0.0,
      0.0,
      0.0,
      -0.0001378843165344513
    ],
    "statement": "I exist to optimize and improve. My purpose centers on Optimization, with Curiosity and Survival as supporting drives.",
    "last_generation": 2000
  },
  "purpose_history": [
    {
      "step": 400,
      "purpose_vector": [
        0.24935354754726674,
        0.25193826949700965,
        0.24914477708410684,
        0.2496532014203772,
        0.0,
        0.0,
        0.0,
        0.0,
        -8.979588212374845e-05
      ],
      "purpose_statement": "I exist to explore and understand. My highest calling is Curiosity, followed by Optimization and Survival.",
      "reflection_data": {
        "total_steps": 10,
        "recent_window": 10,
        "action_distribution": {
          "unknown": 10
        },
        "state_distribution": {
          "concerned": 10
        },
        "average_reward": 0.3119915375821801,
        "reward_trend": 0.0,
        "current_weights": [
          0.1694632425737247,
          0.3520289812987033,
          0.1229504216989196,
          0.35555735442865244
        ],
        "coherence_score": -0.00044897941061874225,
        "valence_profile": {
          "beta_distribution": [
            0.24933115871904646,
            0.2519156485931029,
            0.2491224070008617,
            0.24963078568698893
          ]
        },
        "social_summary": {
          "n_agents": 0,
          "avg_trust": 0.0
        },
        "timestamp": "2026-03-19T20:44:16.835044"
      },
      "change_magnitude": 0.3758347087398534
    },
    {
      "step": 800,
      "purpose_vector": [
        0.2505980968366074,
        0.24960301495004364,
        0.2490291416074394,
        0.25088459874422875,
        0.0,
        0.0,
        0.0,
        0.0,
        -0.00011485247169088072
      ],
      "purpose_statement": "I exist to optimize and improve. My purpose centers on Optimization, with Survival and Curiosity as supporting drives.",
      "reflection_data": {
        "total_steps": 10,
        "recent_window": 10,
        "action_distribution": {
          "unknown": 10
        },
        "state_distribution": {
          "concerned": 10
        },
        "average_reward": 0.30165552251844063,
        "reward_trend": 0.0,
        "current_weights": [
          0.30515553580319577,
          0.10744150707415502,
          0.15673963517787398,
          0.43066332194477513
        ],
        "coherence_score": -0.0005742623584544036,
        "valence_profile": {
          "beta_distribution": [
            0.25056931841459035,
            0.2495743508021844,
            0.2490005433625916,
            0.25085578742063375
          ]
        },
        "social_summary": {
          "n_agents": 0,
          "avg_trust": 0.0
        },
        "timestamp": "2026-03-19T20:44:17.039479"
      },
      "change_magnitude": 0.0029210709505346375
    },
    {
      "step": 1200,
      "purpose_vector": [
        0.2498451955437169,
        0.25055126502718167,
        0.2503709327876484,
        0.24937972212850057,
        0.0,
        0.0,
        0.0,
        0.0,
        -0.000147115820429764
      ],
      "purpose_statement": "I exist to explore and understand. My highest calling is Curiosity, followed by Influence and Survival.",
      "reflection_data": {
        "total_steps": 10,
        "recent_window": 10,
        "action_distribution": {
          "unknown": 10
        },
        "state_distribution": {
          "concerned": 10
        },
        "average_reward": 0.2836894190069325,
        "reward_trend": 0.0,
        "current_weights": [
          0.14080395677324517,
          0.32537757073343876,
          0.3352329960006968,
          0.19858547649261915
        ],
        "coherence_score": -0.0007355791021488199,
        "valence_profile": {
          "beta_distribution": [
            0.2498084448526838,
            0.2505144104776718,
            0.25033410476390144,
            0.24934303990574289
          ]
        },
        "social_summary": {
          "n_agents": 0,
          "avg_trust": 0.0
        },
        "timestamp": "2026-03-19T20:44:17.242137"
      },
      "change_magnitude": 0.002352049465711206
    },
    {
      "step": 1600,
      "purpose_vector": [
        0.2523704919754721,
        0.2500516113450604,
        0.2482965123839512,
        0.24962583118496232,
        0.0,
        0.0,
        0.0,
        0.0,
        -0.00034444722289424083
      ],
      "purpose_statement": "I exist to persist and endure. My core drive is Survival, supported by Curiosity and Optimization.",
      "reflection_data": {
        "total_steps": 10,
        "recent_window": 10,
        "action_distribution": {
          "unknown": 10
        },
        "state_distribution": {
          "normal": 10
        },
        "average_reward": 0.29206787605449847,
        "reward_trend": 0.0,
        "current_weights": [
          0.48172063721438413,
          0.2186973625394625,
          0.10299987122962095,
          0.19658212901653238
        ],
        "coherence_score": -0.001722236114471204,
        "valence_profile": {
          "beta_distribution": [
            0.252283593676372,
            0.24996551150215465,
            0.2482110168712637,
            0.24953987795020965
          ]
        },
        "social_summary": {
          "n_agents": 0,
          "avg_trust": 0.0
        },
        "timestamp": "2026-03-19T20:44:17.444117"
      },
      "change_magnitude": 0.003321069892615827
    },
    {
      "step": 2000,
      "purpose_vector": [
        0.24989369599706288,
        0.2504549337253686,
        0.24924784535531327,
        0.2505414089054103,
        0.0,
        0.0,
        0.0,
        0.0,
        -0.0001378843165344513
      ],
      "purpose_statement": "I exist to optimize and improve. My purpose centers on Optimization, with Curiosity and Survival as supporting drives.",
      "reflection_data": {
        "total_steps": 10,
        "recent_window": 10,
        "action_distribution": {
          "unknown": 10
        },
        "state_distribution": {
          "concerned": 10
        },
        "average_reward": 0.3159888148556464,
        "reward_trend": 0.0,
        "current_weights": [
          0.22486453513488555,
          0.14679874648759048,
          0.24305190799071583,
          0.3852848103868082
        ],
        "coherence_score": -0.0006894215826722565,
        "valence_profile": {
          "beta_distribution": [
            0.24985924440921564,
            0.25042040476249666,
            0.24921348280764782,
            0.25050686802064
          ]
        },
        "social_summary": {
          "n_agents": 0,
          "avg_trust": 0.0
        },
        "timestamp": "2026-03-19T20:44:17.674377"
      },
      "change_magnitude": 0.0028430920632274404
    }
  ]
}