{
  "agent_id": "enhanced_agent_00",
  "current_purpose": {
    "vector": [
      0.2488825305901966,
      0.25088312897753845,
      0.2515727945181814,
      0.24901703693261815,
      0.0,
      0.0,
      0.0,
      0.0,
      -0.00035549135198643494
    ],
    "statement": "I exist to shape and impact. My primary goal is Influence, alongside Curiosity and Optimization.",
    "last_generation": 3000
  },
  "purpose_history": [
    {
      "step": 300,
      "purpose_vector": [
        0.24844160061877252,
        0.2503753239979659,
        0.25262586723402297,
        0.2486237688336934,
        0.0,
        0.0,
        0.0,
        0.0,
        -6.656101781026497e-05
      ],
      "purpose_statement": "I exist to shape and impact. My primary goal is Influence, alongside Curiosity and Optimization.",
      "reflection_data": {
        "total_steps": 10,
        "recent_window": 10,
        "action_distribution": {
          "unknown": 10
        },
        "state_distribution": {
          "crisis": 10
        },
        "average_reward": 0.27014329277932475,
        "reward_trend": 0.0,
        "current_weights": [
          0.10331646534714727,
          0.26034705492009647,
          0.5222932910752465,
          0.11404318865750984
        ],
        "coherence_score": -0.00033280508905132484,
        "valence_profile": {
          "beta_distribution": [
            0.24842506527639197,
            0.2503586599542002,
            0.25260905340252904,
            0.2486072213668788
          ]
        },
        "social_summary": {
          "n_agents": 0,
          "avg_trust": 0.0
        },
        "timestamp": "2026-03-19T20:49:49.708560"
      },
      "change_magnitude": 0.37582705428691476
    },
    {
      "step": 600,
      "purpose_vector": [
        0.2495581041314772,
        0.24883781845068595,
        0.2525082075066929,
        0.24930901243652245,
        0.0,
        0.0,
        0.0,
        0.0,
        -0.000213142858783096
      ],
      "purpose_statement": "I exist to shape and impact. My primary goal is Influence, alongside Survival and Optimization.",
      "reflection_data": {
        "total_steps": 10,
        "recent_window": 10,
        "action_distribution": {
          "unknown": 10
        },
        "state_distribution": {
          "concerned": 10
        },
        "average_reward": 0.30781741141896246,
        "reward_trend": 0.0,
        "current_weights": [
          0.16872909200824934,
          0.10856699054551251,
          0.5584813998792274,
          0.16422251756701065
        ],
        "coherence_score": -0.00106571429391548,
        "valence_profile": {
          "beta_distribution": [
            0.24950492402187682,
            0.24878479183187913,
            0.25245439873860287,
            0.2492558854076412
          ]
        },
        "social_summary": {
          "n_agents": 0,
          "avg_trust": 0.0
        },
        "timestamp": "2026-03-19T20:49:49.870483"
      },
      "change_magnitude": 0.002028642956400923
    },
    {
      "step": 900,
      "purpose_vector": [
        0.25257816298609326,
        0.24925810887095393,
        0.24911855815694303,
        0.2491660051620099,
        0.0,
        0.0,
        0.0,
        0.0,
        -0.00012083550937356949
      ],
      "purpose_statement": "I exist to persist and endure. My core drive is Survival, supported by Curiosity and Optimization.",
      "reflection_data": {
        "total_steps": 10,
        "recent_window": 10,
        "action_distribution": {
          "unknown": 10
        },
        "state_distribution": {
          "normal": 10
        },
        "average_reward": 0.289761350826368,
        "reward_trend": 0.0,
        "current_weights": [
          0.5399526641395778,
          0.22021677113888222,
          0.11206887278828129,
          0.1277616919332588
        ],
        "coherence_score": -0.0006041775468678475,
        "valence_profile": {
          "beta_distribution": [
            0.2525476463467985,
            0.2492279933625118,
            0.24908845950909864,
            0.24913590078159098
          ]
        },
        "social_summary": {
          "n_agents": 0,
          "avg_trust": 0.0
        },
        "timestamp": "2026-03-19T20:49:50.034756"
      },
      "change_magnitude": 0.004562465776780371
    },
    {
      "step": 1200,
      "purpose_vector": [
        0.251015735219617,
        0.25021466883781895,
        0.24933524194715945,
        0.24948934364847353,
        0.0,
        0.0,
        0.0,
        0.0,
        -5.498998642062977e-05
      ],
      "purpose_statement": "I exist to persist and endure. My core drive is Survival, supported by Curiosity and Optimization.",
      "reflection_data": {
        "total_steps": 10,
        "recent_window": 10,
        "action_distribution": {
          "unknown": 10
        },
        "state_distribution": {
          "normal": 10
        },
        "average_reward": 0.30295953529137326,
        "reward_trend": 0.0,
        "current_weights": [
          0.2953173981438786,
          0.38189985190814946,
          0.22170657552836173,
          0.1010761744196102
        ],
        "coherence_score": -0.0002749499321031488,
        "valence_profile": {
          "beta_distribution": [
            0.2510019327104176,
            0.2502009103765598,
            0.24932153184262082,
            0.24947562507040175
          ]
        },
        "social_summary": {
          "n_agents": 0,
          "avg_trust": 0.0
        },
        "timestamp": "2026-03-19T20:49:50.199757"
      },
      "change_magnitude": 0.0018740391592303692
    },
    {
      "step": 1500,
      "purpose_vector": [
        0.2493355799283682,
        0.2498499897630683,
        0.25077856055537756,
        0.250322378924611,
        0.0,
        0.0,
        0.0,
        0.0,
        -0.00028650950485378264
      ],
      "purpose_statement": "I exist to shape and impact. My primary goal is Influence, alongside Optimization and Curiosity.",
      "reflection_data": {
        "total_steps": 10,
        "recent_window": 10,
        "action_distribution": {
          "unknown": 10
        },
        "state_distribution": {
          "concerned": 10
        },
        "average_reward": 0.3164039556560785,
        "reward_trend": 0.0,
        "current_weights": [
          0.16756531529669857,
          0.2474356186643713,
          0.31334911687090794,
          0.2716499491680222
        ],
        "coherence_score": -0.0014325475242689132,
        "valence_profile": {
          "beta_distribution": [
            0.24926416345942948,
            0.24977842595320857,
            0.2507067307776718,
            0.2502506798096902
          ]
        },
        "social_summary": {
          "n_agents": 0,
          "avg_trust": 0.0
        },
        "timestamp": "2026-03-19T20:49:50.380339"
      },
      "change_magnitude": 0.002405541580144905
    },
    {
      "step": 1800,
      "purpose_vector": [
        0.2498925122533135,
        0.24946820342691403,
        0.2509379408858187,
        0.25027782390791653,
        0.0,
        0.0,
        0.0,
        0.0,
        -0.0005764808074884049
      ],
      "purpose_statement": "I exist to shape and impact. My primary goal is Influence, alongside Optimization and Survival.",
      "reflection_data": {
        "total_steps": 10,
        "recent_window": 10,
        "action_distribution": {
          "unknown": 10
        },
        "state_distribution": {
          "concerned": 10
        },
        "average_reward": 0.2999641481987939,
        "reward_trend": 0.0,
        "current_weights": [
          0.2139415899716304,
          0.24654609681093126,
          0.34701935543519796,
          0.19249295778224054
        ],
        "coherence_score": -0.002882404037442024,