{
  "agent_id": "stability_test",
  "current_purpose": {
    "vector": [
      0.25049022981176033,
      0.2510148509086443,
      0.24953722627542038,
      0.24918783425315277,
      0.0,
      0.0,
      0.0,
      0.0,
      -0.000230141582387665
    ],
    "statement": "I exist to explore and understand. My highest calling is Curiosity, followed by Survival and Influence.",
    "last_generation": 1000
  },
  "purpose_history": [
    {
      "step": 500,
      "purpose_vector": [
        0.2494808138729122,
        0.2514637707748151,
        0.24847162400835504,
        0.2509257763379978,
        0.0,
        0.0,
        0.0,
        0.0,
        -0.0003419853275275075
      ],
      "purpose_statement": "I exist to explore and understand. My highest calling is Curiosity, followed by Optimization and Survival.",
      "reflection_data": {
        "total_steps": 10,
        "recent_window": 10,
        "action_distribution": {
          "unknown": 10
        },
        "state_distribution": {
          "concerned": 10
        },
        "average_reward": 0.3205310539872159,
        "reward_trend": 0.0,
        "current_weights": [
          0.2978681828613075,
          0.3179145724444747,
          0.12295830313155551,
          0.2612589415626623
        ],
        "coherence_score": -0.0017099266376375375,
        "valence_profile": {
          "beta_distribution": [
            0.24939552434599518,
            0.2513778033382286,
            0.2483866794912397,
            0.2508399928245367
          ]
        },
        "social_summary": {
          "n_agents": 0,
          "avg_trust": 0.0
        },
        "timestamp": "2026-03-19T20:40:11.125112"
      },
      "change_magnitude": 0.3760100456171735
    },
    {
      "step": 1000,
      "purpose_vector": [
        0.25049022981176033,
        0.2510148509086443,
        0.24953722627542038,
        0.24918783425315277,
        0.0,
        0.0,
        0.0,
        0.0,
        -0.000230141582387665
      ],
      "purpose_statement": "I exist to explore and understand. My highest calling is Curiosity, followed by Survival and Influence.",
      "reflection_data": {
        "total_steps": 10,
        "recent_window": 10,
        "action_distribution": {
          "unknown": 10
        },
        "state_distribution": {
          "concerned": 10
        },
        "average_reward": 0.30601275596787214,
        "reward_trend": 0.0,
        "current_weights": [
          0.28008481603145774,
          0.35392786567923357,
          0.26866630642640255,
          0.09732101186290609
        ],
        "coherence_score": -0.001150707911938325,
        "valence_profile": {
          "beta_distribution": [
            0.25043259494157577,
            0.2509570953292854,
            0.2494798106801957,
            0.24913049904894322
          ]
        },
        "social_summary": {
          "n_agents": 0,
          "avg_trust": 0.0
        },
        "timestamp": "2026-03-19T20:40:11.144544"
      },
      "change_magnitude": 0.002321402483202896
    }
  ]
}