{
  "agent_id": "purpose_guided_00",
  "current_purpose": {
    "vector": [
      0.24923646125679338,
      0.25003254218469956,
      0.2501761913581865,
      0.250815630295429,
      0.0,
      0.0,
      0.0,
      0.0,
      -0.00026082542852849335
    ],
    "statement": "I exist to optimize and improve. My purpose centers on Optimization, with Influence and Curiosity as supporting drives.",
    "last_generation": 2000
  },
  "purpose_history": [
    {
      "step": 200,
      "purpose_vector": [
        0.24967250151229484,
        0.24876824022659616,
        0.2491508794221238,
        0.2524785578022969,
        0.0,
        0.0,
        0.0,
        0.0,
        -7.017929666847815e-05
      ],
      "purpose_statement": "I exist to optimize and improve. My purpose centers on Optimization, with Survival and Influence as supporting drives.",
      "reflection_data": {
        "total_steps": 10,
        "recent_window": 10,
        "action_distribution": {
          "unknown": 10
        },
        "state_distribution": {
          "concerned": 10
        },
        "average_reward": 0.2621760966801162,
        "reward_trend": 0.0,
        "current_weights": [
          0.18140660526786093,
          0.13590911090321595,
          0.18777034236779053,
          0.4949139414611325
        ],
        "coherence_score": -0.00035089648334239075,
        "valence_profile": {
          "beta_distribution": [
            0.24965498098454372,
            0.24875078315451143,
            0.2491333954987014,
            0.2524608403622435
          ]
        },
        "social_summary": {
          "n_agents": 0,
          "avg_trust": 0.0
        },
        "timestamp": "2026-03-19T21:07:11.816074"
      },
      "change_magnitude": 0.3758257399487099
    },
    {
      "step": 400,
      "purpose_vector": [
        0.24925452649356994,
        0.25115229456026755,
        0.24792971098861538,
        0.2519329938848002,
        0.0,
        0.0,
        0.0,
        0.0,
        -0.000269526260676275
      ],
      "purpose_statement": "I exist to optimize and improve. My purpose centers on Optimization, with Curiosity and Survival as supporting drives.",
      "reflection_data": {
        "total_steps": 10,
        "recent_window": 10,
        "action_distribution": {
          "unknown": 10
        },
        "state_distribution": {
          "concerned": 10
        },
        "average_reward": 0.3164711268020261,
        "reward_trend": 0.0,
        "current_weights": [
          0.11478237990277557,
          0.3610375126901836,
          0.16650032306047594,
          0.357679784346565
        ],
        "coherence_score": -0.001347631303381375,
        "valence_profile": {
          "beta_distribution": [
            0.24918736403821776,
            0.25108462074504223,
            0.24786290550917636,
            0.2518651097075636
          ]
        },
        "social_summary": {
          "n_agents": 0,
          "avg_trust": 0.0
        },
        "timestamp": "2026-03-19T21:07:11.865629"
      },
      "change_magnitude": 0.002772552925609583
    },
    {
      "step": 600,
      "purpose_vector": [
        0.25064339576580663,
        0.25035677423839137,
        0.2486239988170534,
        0.25061914423863724,
        0.0,
        0.0,
        0.0,
        0.0,
        -0.0002433133933031695
      ],
      "purpose_statement": "I exist to persist and endure. My core drive is Survival, supported by Optimization and Curiosity.",
      "reflection_data": {
        "total_steps": 10,
        "recent_window": 10,
        "action_distribution": {
          "unknown": 10
        },
        "state_distribution": {
          "concerned": 10
        },
        "average_reward": 0.2536312025426627,
        "reward_trend": 0.0,
        "current_weights": [
          0.3633009450853862,
          0.23406586690038741,
          0.17606381055770767,
          0.2265693774565186
        ],
        "coherence_score": -0.0012165669665158475,
        "valence_profile": {
          "beta_distribution": [
            0.25058242578903356,
            0.25029587398341496,
            0.24856352006640936,
            0.2505581801611421
          ]
        },
        "social_summary": {
          "n_agents": 0,
          "avg_trust": 0.0
        },
        "timestamp": "2026-03-19T21:07:11.917855"
      },
      "change_magnitude": 0.0021842010057998317
    },
    {
      "step": 800,
      "purpose_vector": [
        0.2503688428637252,
        0.25039098860925046,
        0.24905096909913943,
        0.2503964307635917,
        0.0,
        0.0,
        0.0,
        0.0,
        -0.00020723166910936372
      ],
      "purpose_statement": "I exist to optimize and improve. My purpose centers on Optimization, with Curiosity and Survival as supporting drives.",
      "reflection_data": {
        "total_steps": 10,
        "recent_window": 10,
        "action_distribution": {
          "unknown": 10
        },
        "state_distribution": {
          "concerned": 10
        },
        "average_reward": 0.266595989063068,
        "reward_trend": 0.0,
        "current_weights": [
          0.16399815956023125,
          0.3707335468988943,
          0.19206032052518388,
          0.2732079730156906
        ],
        "coherence_score": -0.0010361583455468185,
        "valence_profile": {
          "beta_distribution": [
            0.25031696934381803,
            0.25033911050100166,
            0.2489993686273886,
            0.25034455152779167
          ]
        },
        "social_summary": {
          "n_agents": 0,
          "avg_trust": 0.0
        },
        "timestamp": "2026-03-19T21:07:11.970557"
      },
      "change_magnitude": 0.0005565579249160906
    },
    {
      "step": 1000,
      "purpose_vector": [
        0.25085966522206554,
        0.2514439485068954,
        0.24860190178093727,
        0.24924196230808665,
        0.0,
        0.0,
        0.0,
        0.0,
        -0.0001474781513672535
      ],
      "purpose_statement": "I exist to explore and understand. My highest calling is Curiosity, followed by Survival and Optimization.",
      "reflection_data": {
        "total_steps": 10,
        "recent_window": 10,
        "action_distribution": {
          "unknown": 10
        },
        "state_distribution": {
          "concerned": 10
        },
        "average_reward": 0.2628096737307858,
        "reward_trend": 0.0,
        "current_weights": [
          0.34033209905482564,
          0.44242328782077955,
          0.11838761005933447,
          0.09885700306506032
        ],
        "coherence_score": -0.0007373907568362674,
        "valence_profile": {
          "beta_distribution": [
            0.25082267444133777,
            0.2514068715700498,
            0.2485652439211369,
            0.24920521006747545
          ]
        },
        "social_summary": {
          "n_agents": 0,
          "avg_trust": 0.0
        },
        "timestamp": "2026-03-19T21:07:12.022992"
      },
      "change_magnitude": 0.0016993117687496987
    },
    {
      "step": 1200,
      "purpose_vector": [
        0.24928154955857115,
        0.24981114416455705,
        0.24983827593460534,
        0.2512348146040805,
        0.0,
        0.0,
        0.0,
        0.0,
        -0.0001657845952028199
      ],
      "purpose_statement": "I exist to optimize and improve. My purpose centers on Optimization, with Influence and Curiosity as supporting drives.",
      "reflection_data": {
        "total_steps": 10,
        "recent_window": 10,
        "action_distribution": {
          "unknown": 10
        },
        "state_distribution": {
          "crisis": 10
        },
        "average_reward": 0.2926737098213065,
        "reward_trend": 0.0,
        "current_weights": [
          0.10081551878601508,
          0.2522138769168216,
          0.3826751711778182,
          0.26429543311934506
        ],