{
  "agent_id": "agent_1",
  "current_purpose": {
    "vector": [
      0.24889762252281716,
      0.2501252425476474,
      0.25282000335781984,
      0.24849105613837671,
      0.0,
      0.0,
      0.0,
      0.0,
      -0.0003339249001057085
    ],
    "statement": "I exist to shape and impact. My primary goal is Influence, alongside Curiosity and Survival.",
    "last_generation": 500
  },
  "purpose_history": [
    {
      "step": 500,
      "purpose_vector": [
        0.24889762252281716,
        0.2501252425476474,
        0.25282000335781984,
        0.24849105613837671,
        0.0,
        0.0,
        0.0,
        0.0,
        -0.0003339249001057085
      ],
      "purpose_statement": "I exist to shape and impact. My primary goal is Influence, alongside Curiosity and Survival.",
      "reflection_data": {
        "total_steps": 10,
        "recent_window": 10,
        "action_distribution": {
          "unknown": 10
        },
        "state_distribution": {
          "concerned": 10
        },
        "average_reward": 0.32078425087857276,
        "reward_trend": 0.0,
        "current_weights": [
          0.12426884892212442,
          0.2036288604472269,
          0.5668069731373506,
          0.10529531749329799
        ],
        "coherence_score": -0.0016696245005285422,
        "valence_profile": {
          "beta_distribution": [
            0.24881453723629152,
            0.25004174746547775,
            0.2527356087291951,
            0.24840810656903553
          ]
        },
        "social_summary": {
          "n_agents": 0,
          "avg_trust": 0.0
        },
        "timestamp": "2026-03-20T17:43:27.315566"
      },
      "change_magnitude": 0.3760122506153795
    }
  ]
}