{
  "agent_id": "real_world_agent",
  "current_purpose": {
    "vector": [
      0.2504306235902591,
      0.24913703834798948,
      0.2496240108509343,
      0.25114098175324934,
      0.0,
      0.0,
      0.0,
      0.0,
      -0.0003326548758763226
    ],
    "statement": "I exist to optimize and improve. My purpose centers on Optimization, with Survival and Influence as supporting drives.",
    "last_generation": 2500
  },
  "purpose_history": [
    {
      "step": 500,
      "purpose_vector": [
        0.24975338587906973,
        0.2487995673862485,
        0.251392725129817,
        0.25022690022709254,
        0.0,
        0.0,
        0.0,
        0.0,
        -0.00017257895561851355
      ],
      "purpose_statement": "I exist to shape and impact. My primary goal is Influence, alongside Optimization and Survival.",
      "reflection_data": {
        "total_steps": 10,
        "recent_window": 10,
        "action_distribution": {
          "unknown": 10
        },
        "state_distribution": {
          "crisis": 10
        },
        "average_reward": 0.28729843420474327,
        "reward_trend": 0.0,
        "current_weights": [
          0.1311241133299818,
          0.1288931684849022,
          0.43854087240588513,
          0.3014418457792308
        ],
        "coherence_score": -0.0008628947780925677,
        "valence_profile": {
          "beta_distribution": [
            0.2497102912210547,
            0.24875663730851177,
            0.2513493476057093,
            0.25018372386472415
          ]
        },
        "social_summary": {
          "n_agents": 0,
          "avg_trust": 0.0
        },
        "timestamp": "2026-03-20T18:21:37.113824"
      },
      "change_magnitude": 0.3758899623175022
    },
    {
      "step": 1000,
      "purpose_vector": [
        0.2502801184684476,
        0.2508254977732759,
        0.25055662081813185,
        0.24837282477340547,
        0.0,
        0.0,
        0.0,
        0.0,
        -3.5062166605764325e-05
      ],
      "purpose_statement": "I exist to explore and understand. My highest calling is Curiosity, followed by Influence and Survival.",
      "reflection_data": {
        "total_steps": 10,
        "recent_window": 10,
        "action_distribution": {
          "unknown": 10
        },
        "state_distribution": {
          "concerned": 10
        },
        "average_reward": 0.3154773044762159,
        "reward_trend": 0.0,
        "current_weights": [
          0.10013359578147993,
          0.32169550934551,
          0.41858574113491037,
          0.15958515373809976
        ],
        "coherence_score": -0.00017531083302882162,
        "valence_profile": {
          "beta_distribution": [
            0.2502713434963319,
            0.25081670367983244,
            0.2505478361516768,
            0.2483641166721587
          ]
        },
        "social_summary": {
          "n_agents": 0,
          "avg_trust": 0.0
        },
        "timestamp": "2026-03-20T18:22:27.502091"
      },
      "change_magnitude": 0.0029218860739319455
    },
    {
      "step": 1500,
      "purpose_vector": [
        0.25166787407853136,
        0.2513232550966406,
        0.2486870275569824,
        0.2485502022518047,
        0.0,
        0.0,
        0.0,
        0.0,
        -0.00022835931736863514
      ],
      "purpose_statement": "I exist to persist and endure. My core drive is Survival, supported by Curiosity and Influence.",
      "reflection_data": {
        "total_steps": 10,
        "recent_window": 10,
        "action_distribution": {
          "unknown": 10
        },
        "state_distribution": {
          "concerned": 10
        },
        "average_reward": 0.2745622598693522,
        "reward_trend": 0.0,
        "current_weights": [
          0.2444489609224179,
          0.4434211422848314,
          0.18509938227967548,
          0.12703051451307518
        ],
        "coherence_score": -0.0011417965868431757,
        "valence_profile": {
          "beta_distribution": [
            0.25161041657944777,
            0.25126587627643054,
            0.24863025060557267,
            0.2484934565385491
          ]
        },
        "social_summary": {
          "n_agents": 0,
          "avg_trust": 0.0
        },
        "timestamp": "2026-03-20T18:23:18.053479"
      },
      "change_magnitude": 0.002395377529065896
    },
    {
      "step": 2000,
      "purpose_vector": [
        0.25047835741038915,
        0.250646487828008,
        0.24961219375590588,
        0.24980500480900997,
        0.0,
        0.0,
        0.0,
        0.0,
        -0.0005420441368270617
      ],
      "purpose_statement": "I exist to explore and understand. My highest calling is Curiosity, followed by Survival and Optimization.",
      "reflection_data": {
        "total_steps": 10,
        "recent_window": 10,
        "action_distribution": {
          "unknown": 10
        },
        "state_distribution": {
          "concerned": 10
        },
        "average_reward": 0.29219334821870196,
        "reward_trend": 0.0,
        "current_weights": [
          0.22168359664428638,
          0.3654439096533139,
          0.17363621895210987,
          0.23923627475028988
        ],
        "coherence_score": -0.0027102206841353085,
        "valence_profile": {
          "beta_distribution": [
            0.25034266072243966,
            0.2505107000553794,
            0.24947696631224703,
            0.24966967290993397
          ]
        },
        "social_summary": {
          "n_agents": 0,
          "avg_trust": 0.0
        },
        "timestamp": "2026-03-20T18:24:08.449186"
      },
      "change_magnitude": 0.0020980524204219863
    },
    {
      "step": 2500,
      "purpose_vector": [
        0.2504306235902591,
        0.24913703834798948,
        0.2496240108509343,
        0.25114098175324934,
        0.0,
        0.0,
        0.0,
        0.0,
        -0.0003326548758763226
      ],
      "purpose_statement": "I exist to optimize and improve. My purpose centers on Optimization, with Survival and Influence as supporting drives.",
      "reflection_data": {
        "total_steps": 10,
        "recent_window": 10,
        "action_distribution": {
          "unknown": 10
        },
        "state_distribution": {
          "concerned": 10
        },
        "average_reward": 0.2693784074008193,
        "reward_trend": 0.0,
        "current_weights": [
          0.24058738302905006,
          0.19784545689932118,
          0.20956151677807439,
          0.3520056432935544
        ],
        "coherence_score": -0.0016632743793816127,
        "valence_profile": {
          "beta_distribution": [
            0.2503473444089556,
            0.2490541893405936,
            0.24954099990379322,
            0.2510574663466576
          ]
        },
        "social_summary": {
          "n_agents": 0,
          "avg_trust": 0.0
        },
        "timestamp": "2026-03-20T18:24:58.906817"
      },
      "change_magnitude": 0.002027198597125612
    }
  ]
}