{
  "agent_id": "dialogue_agent_05",
  "current_purpose": {
    "vector": [
      0.25129477540596606,
      0.24987149699629407,
      0.24798102516758153,
      0.2511297010835093,
      0.0,
      0.0,
      0.0,
      0.0,
      -0.00027699898677686446
    ],
    "statement": "I exist to persist and endure. My core drive is Survival, supported by Optimization and Curiosity.",
    "last_generation": 400
  },
  "purpose_history": [
    {
      "step": 200,
      "purpose_vector": [
        0.24960587073871673,
        0.248810880850942,
        0.24917500214413255,
        0.2524771133773583,
        0.0,
        0.0,
        0.0,
        0.0,
        -6.886744450595483e-05
      ],
      "purpose_statement": "I exist to optimize and improve. My purpose centers on Optimization, with Survival and Influence as supporting drives.",
      "reflection_data": {
        "total_steps": 10,
        "recent_window": 10,
        "action_distribution": {
          "unknown": 10
        },
        "state_distribution": {
          "crisis": 10
        },
        "average_reward": 0.27444451143519666,
        "reward_trend": 0.0,
        "current_weights": [
          0.1957043788689788,
          0.13240346732436678,
          0.2671244349272678,
          0.40476771887938656
        ],
        "coherence_score": -0.00034433722252977413,
        "valence_profile": {
          "beta_distribution": [
            0.24958868228719203,
            0.24879374714430408,
            0.24915784336323987,
            0.2524597272052641
          ]
        },
        "social_summary": {
          "n_agents": 0,
          "avg_trust": 0.0
        },
        "timestamp": "2026-03-19T20:54:08.599154"
      },
      "change_magnitude": 0.37582469553622994
    },
    {
      "step": 400,
      "purpose_vector": [
        0.25129477540596606,
        0.24987149699629407,
        0.24798102516758153,
        0.2511297010835093,
        0.0,
        0.0,
        0.0,
        0.0,
        -0.00027699898677686446
      ],
      "purpose_statement": "I exist to persist and endure. My core drive is Survival, supported by Optimization and Curiosity.",
      "reflection_data": {
        "total_steps": 10,
        "recent_window": 10,
        "action_distribution": {
          "unknown": 10
        },
        "state_distribution": {
          "concerned": 10
        },
        "average_reward": 0.29209477552074914,
        "reward_trend": 0.0,
        "current_weights": [
          0.2317563321536027,
          0.22625548670958845,
          0.2512393238437228,
          0.29074885729308614
        ],
        "coherence_score": -0.0013849949338843224,
        "valence_profile": {
          "beta_distribution": [
            0.2512251863676544,
            0.24980230209500978,
            0.24791235377943555,
            0.2510601577579003
          ]
        },
        "social_summary": {
          "n_agents": 0,
          "avg_trust": 0.0
        },
        "timestamp": "2026-03-19T20:54:08.647216"
      },
      "change_magnitude": 0.002694758844845946
    }
  ]
}