{
  "agent_id": "enhanced_agent_06",
  "current_purpose": {
    "vector": [
      0.2500967581262121,
      0.24866298262485464,
      0.2534066863287437,
      0.2478774746427486,
      0.0,
      0.0,
      0.0,
      0.0,
      -4.390205590710466e-05
    ],
    "statement": "I exist to shape and impact. My primary goal is Influence, alongside Survival and Curiosity.",
    "last_generation": 3000
  },
  "purpose_history": [
    {
      "step": 300,
      "purpose_vector": [
        0.2506809962616411,
        0.25094112883136227,
        0.24957086843842632,
        0.24953063576943493,
        0.0,
        0.0,
        0.0,
        0.0,
        -0.0007236296344390876
      ],
      "purpose_statement": "I exist to explore and understand. My highest calling is Curiosity, followed by Survival and Influence.",
      "reflection_data": {
        "total_steps": 10,
        "recent_window": 10,
        "action_distribution": {
          "unknown": 10
        },
        "state_distribution": {
          "concerned": 10
        },
        "average_reward": 0.3045931951502075,
        "reward_trend": 0.0,
        "current_weights": [
          0.1996382751597093,
          0.44455297474723526,
          0.19229627839511101,
          0.16351247169794447
        ],
        "coherence_score": -0.0036181481721954374,
        "valence_profile": {
          "beta_distribution": [
            0.25049972731909437,
            0.25075967178538316,
            0.24939040223601394,
            0.24935019865950847
          ]
        },
        "social_summary": {
          "n_agents": 0,
          "avg_trust": 0.0
        },
        "timestamp": "2026-03-19T20:49:49.717874"
      },
      "change_magnitude": 0.3762692717887271
    },
    {
      "step": 600,
      "purpose_vector": [
        0.24969787010637676,
        0.2494414123292549,
        0.24909880099566645,
        0.2519055644701694,
        0.0,
        0.0,
        0.0,
        0.0,
        -0.00014364823484875884
      ],
      "purpose_statement": "I exist to optimize and improve. My purpose centers on Optimization, with Survival and Curiosity as supporting drives.",
      "reflection_data": {
        "total_steps": 10,
        "recent_window": 10,
        "action_distribution": {
          "unknown": 10
        },
        "state_distribution": {
          "crisis": 10
        },
        "average_reward": 0.29974886733040706,
        "reward_trend": 0.0,
        "current_weights": [
          0.10019111845388598,
          0.24701860706385645,
          0.17189420096216673,
          0.4808960735200908
        ],
        "coherence_score": -0.0007182411742437942,
        "valence_profile": {
          "beta_distribution": [
            0.24966200668304056,
            0.24940558574024901,
            0.24906302361499097,
            0.2518693839617194
          ]
        },
        "social_summary": {
          "n_agents": 0,
          "avg_trust": 0.0
        },
        "timestamp": "2026-03-19T20:49:49.879285"
      },
      "change_magnitude": 0.0030684196342441114
    },
    {
      "step": 900,
      "purpose_vector": [
        0.2524900061490419,
        0.24961189917878768,
        0.2492309696293429,
        0.24933701453992174,
        0.0,
        0.0,
        0.0,
        0.0,
        -0.0006698898306509895
      ],
      "purpose_statement": "I exist to persist and endure. My core drive is Survival, supported by Curiosity and Optimization.",
      "reflection_data": {
        "total_steps": 10,
        "recent_window": 10,
        "action_distribution": {
          "unknown": 10
        },
        "state_distribution": {
          "normal": 10
        },
        "average_reward": 0.35332179683751397,
        "reward_trend": 0.0,
        "current_weights": [
          0.48011635665087027,
          0.24767066440071922,
          0.12935832205553693,
          0.1428546568928736
        ],
        "coherence_score": -0.0033494491532549474,
        "valence_profile": {
          "beta_distribution": [
            0.2523209789753298,
            0.24944479872801506,
            0.2490641241884461,
            0.24917009810820914
          ]
        },
        "social_summary": {
          "n_agents": 0,
          "avg_trust": 0.0
        },
        "timestamp": "2026-03-19T20:49:50.043111"
      },
      "change_magnitude": 0.0038362660173231937
    },
    {
      "step": 1200,
      "purpose_vector": [
        0.2507462739928794,
        0.2483450100792003,
        0.25216403131602705,
        0.2490121885004801,
        0.0,
        0.0,
        0.0,
        0.0,
        -0.0002675042220094059
      ],
      "purpose_statement": "I exist to shape and impact. My primary goal is Influence, alongside Survival and Optimization.",
      "reflection_data": {
        "total_steps": 10,
        "recent_window": 10,
        "action_distribution": {
          "unknown": 10
        },
        "state_distribution": {
          "concerned": 10
        },
        "average_reward": 0.29020338280461233,
        "reward_trend": 0.0,
        "current_weights": [
          0.20652742554494855,
          0.11904945526211617,
          0.5510700693794355,
          0.12335304981349976
        ],
        "coherence_score": -0.0013375211100470294,
        "valence_profile": {
          "beta_distribution": [
            0.2506792163277238,
            0.24827859458969465,
            0.2520965944966997,
            0.24894559458588178
          ]
        },
        "social_summary": {
          "n_agents": 0,
          "avg_trust": 0.0
        },
        "timestamp": "2026-03-19T20:49:50.205514"
      },
      "change_magnitude": 0.0036763959001886583
    },
    {
      "step": 1500,
      "purpose_vector": [
        0.2515136082207551,
        0.24846161460662194,
        0.25029185118848446,
        0.2498716947119015,
        0.0,
        0.0,
        0.0,
        0.0,
        -0.00013876906114266603
      ],
      "purpose_statement": "I exist to persist and endure. My core drive is Survival, supported by Influence and Optimization.",
      "reflection_data": {
        "total_steps": 10,
        "recent_window": 10,
        "action_distribution": {
          "unknown": 10
        },
        "state_distribution": {
          "normal": 10
        },
        "average_reward": 0.3292195625156204,
        "reward_trend": 0.0,
        "current_weights": [
          0.2561635918385182,
          0.22624374046232498,
          0.2742454419358413,
          0.24334722576331552
        ],
        "coherence_score": -0.0006938453057133301,
        "valence_profile": {
          "beta_distribution": [
            0.25147871083999235,
            0.24842714068836685,
            0.2502571233258669,
            0.2498370251457739
          ]
        },
        "social_summary": {
          "n_agents": 0,
          "avg_trust": 0.0
        },
        "timestamp": "2026-03-19T20:49:50.386414"
      },
      "change_magnitude": 0.0022051713158313803
    },
    {
      "step": 1800,
      "purpose_vector": [
        0.25002098851790006,
        0.24913996969541854,
        0.24991455897725096,
        0.25124188360064004,
        0.0,
        0.0,
        0.0,
        0.0,
        -0.0003174011246486697
      ],
      "purpose_statement": "I exist to optimize and improve. My purpose centers on Optimization, with Survival and Influence as supporting drives.",
      "reflection_data": {
        "total_steps": 10,
        "recent_window": 10,
        "action_distribution": {
          "unknown": 10
        },
        "state_distribution": {
          "concerned": 10
        },
        "average_reward": 0.35500347107237473,
        "reward_trend": 0.0,
        "current_weights": [
          0.23724030792355516,
          0.15542696720260116,
          0.1976170033419479,
          0.4097157215318957
        ],
        "coherence_score": -0.0015870056232433483,