{
  "agent_id": "test_9d",
  "current_purpose": {
    "vector": [
      0.2510821704376631,
      0.25180662038339424,
      0.24909558313212013,
      0.2481943142784571,
      0.0,
      0.0,
      0.0,
      0.0,
      -0.00017868856502752892
    ],
    "statement": "I exist to explore and understand. My highest calling is Curiosity, followed by Survival and Influence.",
    "last_generation": 200
  },
  "purpose_history": [
    {
      "step": 100,
      "purpose_vector": [
        0.2504479128598198,
        0.24903359953644366,
        0.2494644110544192,
        0.2513509647827261,
        0.0,
        0.0,
        0.0,
        0.0,
        -0.000296888566840965
      ],
      "purpose_statement": "I exist to optimize and improve. My purpose centers on Optimization, with Survival and Influence as supporting drives.",
      "reflection_data": {
        "total_steps": 10,
        "recent_window": 10,
        "action_distribution": {
          "unknown": 10
        },
        "state_distribution": {
          "concerned": 10
        },
        "average_reward": 0.2870865821787464,
        "reward_trend": 0.0,
        "current_weights": [
          0.2503317971398398,
          0.14765990371675092,
          0.223674521854675,
          0.37833377728873424
        ],
        "coherence_score": -0.0014844428342048249,
        "valence_profile": {
          "beta_distribution": [
            0.25037357988999404,
            0.2489596863349777,
            0.24939036998804426,
            0.25127636378698404
          ]
        },
        "social_summary": {
          "n_agents": 0,
          "avg_trust": 0.0
        },
        "timestamp": "2026-03-19T20:29:32.719518"
      },
      "change_magnitude": 0.3759756862103801
    },
    {
      "step": 200,
      "purpose_vector": [
        0.2510821704376631,
        0.25180662038339424,
        0.24909558313212013,
        0.2481943142784571,
        0.0,
        0.0,
        0.0,
        0.0,
        -0.00017868856502752892
      ],
      "purpose_statement": "I exist to explore and understand. My highest calling is Curiosity, followed by Survival and Influence.",
      "reflection_data": {
        "total_steps": 10,
        "recent_window": 10,
        "action_distribution": {
          "unknown": 10
        },
        "state_distribution": {
          "concerned": 10
        },
        "average_reward": 0.2745978938124011,
        "reward_trend": 0.0,
        "current_weights": [
          0.30952608134337983,
          0.358458094383102,
          0.23656707783870545,
          0.09544874643481269
        ],
        "coherence_score": -0.0008934428251376446,
        "valence_profile": {
          "beta_distribution": [
            0.2510373130241246,
            0.25176163354230313,
            0.2490510806349348,
            0.24814997279863754
          ]
        },
        "social_summary": {
          "n_agents": 0,
          "avg_trust": 0.0
        },
        "timestamp": "2026-03-19T20:29:32.724978"
      },
      "change_magnitude": 0.004266892894773924
    }
  ]
}