{
  "agent_id": "faction_agent_04",
  "current_purpose": {
    "vector": [
      0.2510563345419729,
      0.2502162617691273,
      0.24817286005908407,
      0.25067158548785734,
      0.0,
      0.0,
      0.0,
      0.0,
      -0.00011704219141401282
    ],
    "statement": "I exist to persist and endure. My core drive is Survival, supported by Optimization and Curiosity.",
    "last_generation": 2000
  },
  "purpose_history": [
    {
      "step": 400,
      "purpose_vector": [
        0.25161792142263667,
        0.24928335281395692,
        0.24825417573837477,
        0.25126349333895426,
        0.0,
        0.0,
        0.0,
        0.0,
        -0.0004189436473955864
      ],
      "purpose_statement": "I exist to persist and endure. My core drive is Survival, supported by Optimization and Curiosity.",
      "reflection_data": {
        "total_steps": 10,
        "recent_window": 10,
        "action_distribution": {
          "unknown": 10
        },
        "state_distribution": {
          "normal": 10
        },
        "average_reward": 0.3201630765721645,
        "reward_trend": 0.0,
        "current_weights": [
          0.3376931207858509,
          0.14252084134294163,
          0.12518094027961657,
          0.3946050975915909
        ],
        "coherence_score": -0.002094718236977932,
        "valence_profile": {
          "beta_distribution": [
            0.2515125519206419,
            0.24917896095429493,
            0.24815021486500863,
            0.25115827226005455
          ]
        },
        "social_summary": {
          "n_agents": 0,
          "avg_trust": 0.0
        },
        "timestamp": "2026-03-19T20:44:16.830828"
      },
      "change_magnitude": 0.37606621981739086
    },
    {
      "step": 800,
      "purpose_vector": [
        0.25283802188208115,
        0.24929247873663923,
        0.24881272850127936,
        0.24972894797873157,
        0.0,
        0.0,
        0.0,
        0.0,
        -0.0006721774322887077
      ],
      "purpose_statement": "I exist to persist and endure. My core drive is Survival, supported by Optimization and Curiosity.",
      "reflection_data": {
        "total_steps": 10,
        "recent_window": 10,
        "action_distribution": {
          "unknown": 10
        },
        "state_distribution": {
          "normal": 10
        },
        "average_reward": 0.29721334925314846,
        "reward_trend": 0.0,
        "current_weights": [
          0.4980618824961591,
          0.18297851795662146,
          0.14188969565128975,
          0.17706990389592975
        ],
        "coherence_score": -0.003360887161443538,
        "valence_profile": {
          "beta_distribution": [
            0.2526681841151409,
            0.24912502260172542,
            0.24864559462687075,
            0.2495611986562629
          ]
        },
        "social_summary": {
          "n_agents": 0,
          "avg_trust": 0.0
        },
        "timestamp": "2026-03-19T20:44:17.035692"
      },
      "change_magnitude": 0.002054182663480066
    },
    {
      "step": 1200,
      "purpose_vector": [
        0.2502490927449417,
        0.24858602197405613,
        0.24921847322345195,
        0.25238597966032167,
        0.0,
        0.0,
        0.0,
        0.0,
        -0.00043956793625117357
      ],
      "purpose_statement": "I exist to optimize and improve. My purpose centers on Optimization, with Survival and Influence as supporting drives.",
      "reflection_data": {
        "total_steps": 10,
        "recent_window": 10,
        "action_distribution": {
          "unknown": 10
        },
        "state_distribution": {
          "concerned": 10
        },
        "average_reward": 0.31062881324915,
        "reward_trend": 0.0,
        "current_weights": [
          0.24732060572373343,
          0.12594033542570696,
          0.18437158739587944,
          0.44236747145468025
        ],
        "coherence_score": -0.0021978396812558677,
        "valence_profile": {
          "beta_distribution": [
            0.250139139682952,
            0.24847679962290153,
            0.24910897298936616,
            0.25227508770478024
          ]
        },
        "social_summary": {
          "n_agents": 0,
          "avg_trust": 0.0
        },
        "timestamp": "2026-03-19T20:44:17.239311"
      },
      "change_magnitude": 0.003805284292759232
    },
    {
      "step": 1600,
      "purpose_vector": [
        0.2526186725899178,
        0.24849438744339977,
        0.24960706617463593,
        0.24964932011017132,
        0.0,
        0.0,
        0.0,
        0.0,
        -0.00036944665158137685
      ],
      "purpose_statement": "I exist to persist and endure. My core drive is Survival, supported by Optimization and Influence.",
      "reflection_data": {
        "total_steps": 10,
        "recent_window": 10,
        "action_distribution": {
          "unknown": 10
        },
        "state_distribution": {
          "normal": 10
        },
        "average_reward": 0.3323265042500353,
        "reward_trend": 0.0,
        "current_weights": [
          0.527857264330078,
          0.11070665907686493,
          0.1001999325375105,
          0.26123614405554674
        ],
        "coherence_score": -0.0018472332579068842,
        "valence_profile": {
          "beta_distribution": [
            0.2525253780187757,
            0.24840261601150176,
            0.24951488381949147,
            0.24955712215023113
          ]
        },
        "social_summary": {
          "n_agents": 0,
          "avg_trust": 0.0
        },
        "timestamp": "2026-03-19T20:44:17.441119"
      },
      "change_magnitude": 0.0036425996895937214
    },
    {
      "step": 2000,
      "purpose_vector": [
        0.2510563345419729,
        0.2502162617691273,
        0.24817286005908407,
        0.25067158548785734,
        0.0,
        0.0,
        0.0,
        0.0,
        -0.00011704219141401282
      ],
      "purpose_statement": "I exist to persist and endure. My core drive is Survival, supported by Optimization and Curiosity.",
      "reflection_data": {
        "total_steps": 10,
        "recent_window": 10,
        "action_distribution": {
          "unknown": 10
        },
        "state_distribution": {
          "concerned": 10
        },
        "average_reward": 0.31740530231329006,
        "reward_trend": 0.0,
        "current_weights": [
          0.2838794848263036,
          0.31199955183660516,
          0.1733696138653238,
          0.2307513494717674
        ],
        "coherence_score": -0.0005852109570700641,
        "valence_profile": {
          "beta_distribution": [
            0.25102695388087215,
            0.2501869794201982,
            0.24814381684569892,
            0.25064224985323086
          ]
        },
        "social_summary": {
          "n_agents": 0,
          "avg_trust": 0.0
        },
        "timestamp": "2026-03-19T20:44:17.671266"
      },
      "change_magnitude": 0.0029277009863492394
    }
  ]
}