{
  "agent_id": "fulfill_purpose_01",
  "current_purpose": {
    "vector": [
      0.24883952172288232,
      0.2480863912584398,
      0.2519730125790963,
      0.25111813884902545,
      0.0,
      0.0,
      0.0,
      0.0,
      -1.706474278310165e-05
    ],
    "statement": "I exist to shape and impact. My primary goal is Influence, alongside Optimization and Survival.",
    "last_generation": 500
  },
  "purpose_history": [
    {
      "step": 500,
      "purpose_vector": [
        0.24883952172288232,
        0.2480863912584398,
        0.2519730125790963,
        0.25111813884902545,
        0.0,
        0.0,
        0.0,
        0.0,
        -1.706474278310165e-05
      ],
      "purpose_statement": "I exist to shape and impact. My primary goal is Influence, alongside Optimization and Survival.",
      "reflection_data": {
        "total_steps": 10,
        "recent_window": 10,
        "action_distribution": {
          "unknown": 10
        },
        "state_distribution": {
          "concerned": 10
        },
        "average_reward": 0.3548888217442694,
        "reward_trend": 0.0,
        "current_weights": [
          0.13867381950792437,
          0.10050843511545143,
          0.4639409406122717,
          0.2968768047643524
        ],
        "coherence_score": -8.532371391550825e-05,
        "valence_profile": {
          "beta_distribution": [
            0.24883527549585718,
            0.24808215788292196,
            0.2519687128818127,
            0.25111385373940825
          ]
        },
        "social_summary": {
          "n_agents": 0,
          "avg_trust": 0.0
        },
        "timestamp": "2026-03-19T21:15:59.753789"
      },
      "change_magnitude": 0.37579119931883465
    }
  ]
}