{
  "agent_id": "faction_agent_10",
  "current_purpose": {
    "vector": [
      0.24948512142263515,
      0.24964955330049673,
      0.2506002214069685,
      0.25064857786886297,
      0.0,
      0.0,
      0.0,
      0.0,
      -0.0003834743324245502
    ],
    "statement": "I exist to optimize and improve. My purpose centers on Optimization, with Influence and Curiosity as supporting drives.",
    "last_generation": 2000
  },
  "purpose_history": [
    {
      "step": 400,
      "purpose_vector": [
        0.2500211717849071,
        0.2510770914763869,
        0.250132593033563,
        0.24899812464144472,
        0.0,
        0.0,
        0.0,
        0.0,
        -0.0002289812697114577
      ],
      "purpose_statement": "I exist to explore and understand. My highest calling is Curiosity, followed by Influence and Survival.",
      "reflection_data": {
        "total_steps": 10,
        "recent_window": 10,
        "action_distribution": {
          "unknown": 10
        },
        "state_distribution": {
          "concerned": 10
        },
        "average_reward": 0.28009840630235494,
        "reward_trend": 0.0,
        "current_weights": [
          0.13436516209085392,
          0.3724057200154921,
          0.3111456406102588,
          0.18208347728339516
        ],
        "coherence_score": -0.0011449063485572885,
        "valence_profile": {
          "beta_distribution": [
            0.2499639348090729,
            0.25101961277042467,
            0.2500753305502276,
            0.24894112187027487
          ]
        },
        "social_summary": {
          "n_agents": 0,
          "avg_trust": 0.0
        },
        "timestamp": "2026-03-19T20:44:16.837081"
      },
      "change_magnitude": 0.3759272595978599
    },
    {
      "step": 800,
      "purpose_vector": [
        0.2511525596265584,
        0.2507429927520101,
        0.24874725400376538,
        0.24959295207283352,
        0.0,
        0.0,
        0.0,
        0.0,
        -0.00023575878857922812
      ],
      "purpose_statement": "I exist to persist and endure. My core drive is Survival, supported by Curiosity and Optimization.",
      "reflection_data": {
        "total_steps": 10,
        "recent_window": 10,
        "action_distribution": {
          "unknown": 10
        },
        "state_distribution": {
          "concerned": 10
        },
        "average_reward": 0.32166616700881445,
        "reward_trend": 0.0,
        "current_weights": [
          0.28208946315778355,
          0.3516975623098426,
          0.20476159146347114,
          0.1614513830689026
        ],
        "coherence_score": -0.0011787939428961405,
        "valence_profile": {
          "beta_distribution": [
            0.25109336224337314,
            0.25068389190491924,
            0.24868862355805768,
            0.24953412229365002
          ]
        },
        "social_summary": {
          "n_agents": 0,
          "avg_trust": 0.0
        },
        "timestamp": "2026-03-19T20:44:17.040835"
      },
      "change_magnitude": 0.0019143380686915724
    },
    {
      "step": 1200,
      "purpose_vector": [
        0.2505931921734588,
        0.24909083010011146,
        0.2502475392110421,
        0.25013781372469857,
        0.0,
        0.0,
        0.0,
        0.0,
        -6.937554266734149e-05
      ],
      "purpose_statement": "I exist to persist and endure. My core drive is Survival, supported by Influence and Optimization.",
      "reflection_data": {
        "total_steps": 10,
        "recent_window": 10,
        "action_distribution": {
          "unknown": 10
        },
        "state_distribution": {
          "concerned": 10
        },
        "average_reward": 0.31128876361302554,
        "reward_trend": 0.0,
        "current_weights": [
          0.239023077864043,
          0.10018192320199865,
          0.3138911582303961,
          0.3469038407035623
        ],
        "coherence_score": -0.0003468777133367074,
        "valence_profile": {
          "beta_distribution": [
            0.2505758084243011,
            0.2490735505704068,
            0.2502301794399675,
            0.2501204615653245
          ]
        },
        "social_summary": {
          "n_agents": 0,
          "avg_trust": 0.0
        },
        "timestamp": "2026-03-19T20:44:17.243546"
      },
      "change_magnitude": 0.002370220808971717
    },
    {
      "step": 1600,
      "purpose_vector": [
        0.2508048967952189,
        0.252404224554374,
        0.24842208593706513,
        0.24852855076874156,
        0.0,
        0.0,
        0.0,
        0.0,
        -0.00015975838878619093
      ],
      "purpose_statement": "I exist to explore and understand. My highest calling is Curiosity, followed by Survival and Optimization.",
      "reflection_data": {
        "total_steps": 10,
        "recent_window": 10,
        "action_distribution": {
          "unknown": 10
        },
        "state_distribution": {
          "concerned": 10
        },
        "average_reward": 0.31049703220665925,
        "reward_trend": 0.0,
        "current_weights": [
          0.2995057822639527,
          0.4406244793570488,
          0.09939164513216288,
          0.16047809324683582
        ],
        "coherence_score": -0.0007987919439309545,
        "valence_profile": {
          "beta_distribution": [
            0.2507648350928019,
            0.25236390738727676,
            0.24838240484707128,
            0.24848885267285006
          ]
        },
        "social_summary": {
          "n_agents": 0,
          "avg_trust": 0.0
        },
        "timestamp": "2026-03-19T20:44:17.445677"
      },
      "change_magnitude": 0.004117472238178851
    },
    {
      "step": 2000,
      "purpose_vector": [
        0.24948512142263515,
        0.24964955330049673,
        0.2506002214069685,
        0.25064857786886297,
        0.0,
        0.0,
        0.0,
        0.0,
        -0.0003834743324245502
      ],
      "purpose_statement": "I exist to optimize and improve. My purpose centers on Optimization, with Influence and Curiosity as supporting drives.",
      "reflection_data": {
        "total_steps": 10,
        "recent_window": 10,
        "action_distribution": {
          "unknown": 10
        },
        "state_distribution": {
          "crisis": 10
        },
        "average_reward": 0.29425723490917727,
        "reward_trend": 0.0,
        "current_weights": [
          0.10485323618800857,
          0.17078978072739506,
          0.42021665175068634,
          0.3041403313339101
        ],
        "coherence_score": -0.001917371662122751,
        "valence_profile": {
          "beta_distribution": [
            0.24938948703874095,
            0.2495538558854236,
            0.2505041595751393,
            0.2505524975006961
          ]
        },
        "social_summary": {
          "n_agents": 0,
          "avg_trust": 0.0
        },
        "timestamp": "2026-03-19T20:44:17.675990"
      },
      "change_magnitude": 0.004314957543818334
    }
  ]
}