{
  "agent_id": "fulfill_purpose_02",
  "current_purpose": {
    "vector": [
      0.24916637695056232,
      0.2502248916032312,
      0.25165083553657575,
      0.24896207243136612,
      0.0,
      0.0,
      0.0,
      0.0,
      -4.1768550699646665e-06
    ],
    "statement": "I exist to shape and impact. My primary goal is Influence, alongside Curiosity and Survival.",
    "last_generation": 500
  },
  "purpose_history": [
    {
      "step": 500,
      "purpose_vector": [
        0.24916637695056232,
        0.2502248916032312,
        0.25165083553657575,
        0.24896207243136612,
        0.0,
        0.0,
        0.0,
        0.0,
        -4.1768550699646665e-06
      ],
      "purpose_statement": "I exist to shape and impact. My primary goal is Influence, alongside Curiosity and Survival.",
      "reflection_data": {
        "total_steps": 10,
        "recent_window": 10,
        "action_distribution": {
          "unknown": 10
        },
        "state_distribution": {
          "crisis": 10
        },
        "average_reward": 0.27566131341232264,
        "reward_trend": 0.0,
        "current_weights": [
          0.10114593426959077,
          0.356213305163463,
          0.4171094264302333,
          0.12553133413671297
        ],
        "coherence_score": -2.088427534982333e-05,
        "valence_profile": {
          "beta_distribution": [
            0.2491653363061195,
            0.25022384653789737,
            0.251649784515781,
            0.24896103264020203
          ]
        },
        "social_summary": {
          "n_agents": 0,
          "avg_trust": 0.0
        },
        "timestamp": "2026-03-19T21:15:59.755064"
      },
      "change_magnitude": 0.3757748261179521
    }
  ]
}