{
  "agent_id": "dialogue_agent_00",
  "current_purpose": {
    "vector": [
      0.25000727288236,
      0.251443602225899,
      0.24888628414063735,
      0.24975912977809306,
      0.0,
      0.0,
      0.0,
      0.0,
      -9.628936035489259e-05
    ],
    "statement": "I exist to explore and understand. My highest calling is Curiosity, followed by Survival and Optimization.",
    "last_generation": 400
  },
  "purpose_history": [
    {
      "step": 200,
      "purpose_vector": [
        0.24880440226023076,
        0.2502903260105902,
        0.2508047055954864,
        0.25020266779227546,
        0.0,
        0.0,
        0.0,
        0.0,
        -0.00010210199195033508
      ],
      "purpose_statement": "I exist to shape and impact. My primary goal is Influence, alongside Curiosity and Optimization.",
      "reflection_data": {
        "total_steps": 10,
        "recent_window": 10,
        "action_distribution": {
          "unknown": 10
        },
        "state_distribution": {
          "concerned": 10
        },
        "average_reward": 0.2820981651825881,
        "reward_trend": 0.0,
        "current_weights": [
          0.2074977103863586,
          0.16174413864526602,
          0.2771810283229451,
          0.3535771226454303
        ],
        "coherence_score": -0.0005105099597516754,
        "valence_profile": {
          "beta_distribution": [
            0.24877900151155588,
            0.2502647735621247,
            0.2507791006333739,
            0.2501771242929457
          ]
        },
        "social_summary": {
          "n_agents": 0,
          "avg_trust": 0.0
        },
        "timestamp": "2026-03-19T20:54:08.594584"
      },
      "change_magnitude": 0.37583946803890256
    },
    {
      "step": 400,
      "purpose_vector": [
        0.25000727288236,
        0.251443602225899,
        0.24888628414063735,
        0.24975912977809306,
        0.0,
        0.0,
        0.0,
        0.0,
        -9.628936035489259e-05
      ],
      "purpose_statement": "I exist to explore and understand. My highest calling is Curiosity, followed by Survival and Optimization.",
      "reflection_data": {
        "total_steps": 10,
        "recent_window": 10,
        "action_distribution": {
          "unknown": 10
        },
        "state_distribution": {
          "normal": 10
        },
        "average_reward": 0.30614167846906426,
        "reward_trend": 0.0,
        "current_weights": [
          0.3874320587944374,
          0.30325765558803325,
          0.1033078736296374,
          0.2060024119878919
        ],
        "coherence_score": -0.0004814468017744629,
        "valence_profile": {
          "beta_distribution": [
            0.24998320224305232,
            0.2514193932971521,
            0.2488623214298525,
            0.24973508302994296
          ]
        },
        "social_summary": {
          "n_agents": 0,
          "avg_trust": 0.0
        },
        "timestamp": "2026-03-19T20:54:08.642326"
      },
      "change_magnitude": 0.0025795434474950633
    }
  ]
}