{
  "agent_id": "local_72h_local_72h_20260325",
  "current_purpose": {
    "vector": [
      0.25082718467798454,
      0.2498007266849804,
      0.24850715598785497,
      0.25046050933788744,
      0.0,
      0.0,
      0.0,
      0.0,
      0.0004044229780940259
    ],
    "statement": "I exist to persist and endure. My core drive is Survival, supported by Optimization and Curiosity.",
    "last_generation": 4000
  },
  "purpose_history": [
    {
      "step": 2000,
      "purpose_vector": [
        0.24917638679335752,
        0.24874847014949153,
        0.25219387357547174,
        0.24954144500496125,
        0.0,
        0.0,
        0.0,
        0.0,
        0.00033982414349771725
      ],
      "purpose_statement": "I exist to shape and impact. My primary goal is Influence, alongside Optimization and Survival.",
      "reflection_data": {
        "total_steps": 10,
        "recent_window": 10,
        "action_distribution": {
          "unknown": 10
        },
        "state_distribution": {
          "concerned": 10
        },
        "average_reward": 0.32862675431196126,
        "reward_trend": 0.0,
        "current_weights": [
          0.20580569056370326,
          0.17498909720748412,
          0.46463394628245297,
          0.1545712659463596
        ],
        "coherence_score": -0.001699120717488586,
        "valence_profile": {
          "beta_distribution": [
            0.2492610918134492,
            0.24883302970360072,
            0.25227960436001,
            0.24962627412294014
          ]
        },
        "social_summary": {
          "n_agents": 0,
          "avg_trust": 0.0
        },
        "timestamp": "2026-03-25T08:45:39.001612"
      },
      "change_magnitude": 0.375540510267744
    },
    {
      "step": 4000,
      "purpose_vector": [
        0.25082718467798454,
        0.2498007266849804,
        0.24850715598785497,
        0.25046050933788744,
        0.0,
        0.0,
        0.0,
        0.0,
        0.0004044229780940259
      ],
      "purpose_statement": "I exist to persist and endure. My core drive is Survival, supported by Optimization and Curiosity.",
      "reflection_data": {
        "total_steps": 10,
        "recent_window": 10,
        "action_distribution": {
          "unknown": 10
        },
        "state_distribution": {
          "normal": 10
        },
        "average_reward": 0.3252158982670554,
        "reward_trend": 0.0,
        "current_weights": [
          0.44140478500765606,
          0.3276996905382669,
          0.10841135558429754,
          0.12248416886977954
        ],
        "coherence_score": -0.0020221148904701293,
        "valence_profile": {
          "beta_distribution": [
            0.25092866608001885,
            0.24990179279552074,
            0.24860769873659086,
            0.25056184238786955
          ]
        },
        "social_summary": {
          "n_agents": 0,
          "avg_trust": 0.0
        },
        "timestamp": "2026-03-25T08:49:00.800930"
      },
      "change_magnitude": 0.004274706574807111
    }
  ]
}