{
  "agent_id": "enhanced_agent_03",
  "current_purpose": {
    "vector": [
      0.2503423651919449,
      0.2482121625558783,
      0.24950019600883713,
      0.25253140171233707,
      0.0,
      0.0,
      0.0,
      0.0,
      -0.0005861258025261478
    ],
    "statement": "I exist to optimize and improve. My purpose centers on Optimization, with Survival and Influence as supporting drives.",
    "last_generation": 3000
  },
  "purpose_history": [
    {
      "step": 300,
      "purpose_vector": [
        0.25014611195032155,
        0.24772891397970748,
        0.25191781731205315,
        0.25053738103991074,
        0.0,
        0.0,
        0.0,
        0.0,
        -0.0003302246154364265
      ],
      "purpose_statement": "I exist to shape and impact. My primary goal is Influence, alongside Optimization and Survival.",
      "reflection_data": {
        "total_steps": 10,
        "recent_window": 10,
        "action_distribution": {
          "unknown": 10
        },
        "state_distribution": {
          "concerned": 10
        },
        "average_reward": 0.31113961718530075,
        "reward_trend": 0.0,
        "current_weights": [
          0.2027978668832317,
          0.11891580385713278,
          0.3841554056192462,
          0.2941309236403893
        ],
        "coherence_score": -0.0016511230771821322,
        "valence_profile": {
          "beta_distribution": [
            0.2500635348990569,
            0.2476471348824033,
            0.2518346553937948,
            0.2504546748247449
          ]
        },
        "social_summary": {
          "n_agents": 0,
          "avg_trust": 0.0
        },
        "timestamp": "2026-03-19T20:49:49.713689"
      },
      "change_magnitude": 0.3760066112942663
    },
    {
      "step": 600,
      "purpose_vector": [
        0.2498603147978598,
        0.2499976128373434,
        0.24998646903332172,
        0.2503304635939718,
        0.0,
        0.0,
        0.0,
        0.0,
        -0.00017486059588839027
      ],
      "purpose_statement": "I exist to optimize and improve. My purpose centers on Optimization, with Curiosity and Influence as supporting drives.",
      "reflection_data": {
        "total_steps": 10,
        "recent_window": 10,
        "action_distribution": {
          "unknown": 10
        },
        "state_distribution": {
          "concerned": 10
        },
        "average_reward": 0.3386432129061145,
        "reward_trend": 0.0,
        "current_weights": [
          0.19056917232865475,
          0.3702298989689932,
          0.21665097828932092,
          0.22254995041303116
        ],
        "coherence_score": -0.0008743029794419513,
        "valence_profile": {
          "beta_distribution": [
            0.2498166317960479,
            0.24995390583175758,
            0.24994276397600376,
            0.2502866983961909
          ]
        },
        "social_summary": {
          "n_agents": 0,
          "avg_trust": 0.0
        },
        "timestamp": "2026-03-19T20:49:49.875385"
      },
      "change_magnitude": 0.0030042858553667334
    },
    {
      "step": 900,
      "purpose_vector": [
        0.25191897703129246,
        0.24835460449292246,
        0.2505384301004292,
        0.24940700278734632,
        0.0,
        0.0,
        0.0,
        0.0,
        -0.00021901474539662313
      ],
      "purpose_statement": "I exist to persist and endure. My core drive is Survival, supported by Influence and Optimization.",
      "reflection_data": {
        "total_steps": 10,
        "recent_window": 10,
        "action_distribution": {
          "unknown": 10
        },
        "state_distribution": {
          "normal": 10
        },
        "average_reward": 0.2749184568592586,
        "reward_trend": 0.0,
        "current_weights": [
          0.45968240146016776,
          0.10307135528046327,
          0.270197158448565,
          0.16704908481080408
        ],
        "coherence_score": -0.0010950737269831156,
        "valence_profile": {
          "beta_distribution": [
            0.25186381522589907,
            0.24830022316554873,
            0.2504835705885035,
            0.24935239102004864
          ]
        },
        "social_summary": {
          "n_agents": 0,
          "avg_trust": 0.0
        },
        "timestamp": "2026-03-19T20:49:50.039459"
      },
      "change_magnitude": 0.0028455152575752227
    },
    {
      "step": 1200,
      "purpose_vector": [
        0.24907927128012308,
        0.2506270147199919,
        0.25144411990770765,
        0.24890102723681193,
        0.0,
        0.0,
        0.0,
        0.0,
        -5.1433477985010235e-05
      ],
      "purpose_statement": "I exist to shape and impact. My primary goal is Influence, alongside Curiosity and Survival.",
      "reflection_data": {
        "total_steps": 10,
        "recent_window": 10,
        "action_distribution": {
          "unknown": 10
        },
        "state_distribution": {
          "concerned": 10
        },
        "average_reward": 0.32691941258736634,
        "reward_trend": 0.0,
        "current_weights": [
          0.10416781310025955,
          0.31808587319317644,
          0.4537034772628779,
          0.1240428364436862
        ],
        "coherence_score": -0.00025716738992505116,
        "valence_profile": {
          "beta_distribution": [
            0.2490664610088104,
            0.25061412484746115,
            0.251431188011049,
            0.2488882261326794
          ]
        },
        "social_summary": {
          "n_agents": 0,
          "avg_trust": 0.0
        },
        "timestamp": "2026-03-19T20:49:50.202984"
      },
      "change_magnitude": 0.0037857820538493843
    },
    {
      "step": 1500,
      "purpose_vector": [
        0.24967066392810228,
        0.2480796257747985,
        0.2491430263255597,
        0.2532157026308319,
        0.0,
        0.0,
        0.0,
        0.0,
        -0.00010901899266196271
      ],
      "purpose_statement": "I exist to optimize and improve. My purpose centers on Optimization, with Survival and Influence as supporting drives.",
      "reflection_data": {
        "total_steps": 10,
        "recent_window": 10,
        "action_distribution": {
          "unknown": 10
        },
        "state_distribution": {
          "concerned": 10
        },
        "average_reward": 0.3425654743780785,
        "reward_trend": 0.0,
        "current_weights": [
          0.20249473961886663,
          0.21183859702629734,
          0.10242476581341114,
          0.4832418975414249
        ],
        "coherence_score": -0.0005450949633098135,
        "valence_profile": {
          "beta_distribution": [
            0.24964344813408565,
            0.24805258341472064,
            0.24911586804761676,
            0.25318810040357714
          ]
        },
        "social_summary": {
          "n_agents": 0,
          "avg_trust": 0.0
        },
        "timestamp": "2026-03-19T20:49:50.383734"
      },
      "change_magnitude": 0.005545602512193019
    },
    {
      "step": 1800,
      "purpose_vector": [
        0.2505854466097276,
        0.2499746684575354,
        0.24899246924216542,
        0.2506135030902576,
        0.0,
        0.0,
        0.0,
        0.0,
        -0.00016608773307473653
      ],
      "purpose_statement": "I exist to optimize and improve. My purpose centers on Optimization, with Survival and Curiosity as supporting drives.",
      "reflection_data": {
        "total_steps": 10,
        "recent_window": 10,
        "action_distribution": {
          "unknown": 10
        },
        "state_distribution": {
          "concerned": 10
        },
        "average_reward": 0.3077816208776651,
        "reward_trend": 0.0,
        "current_weights": [
          0.27473884226681133,
          0.3007335926386884,
          0.10728019909134066,
          0.3172473660031595
        ],
        "coherence_score": -0.0008304386653736827,