{
  "agent_id": "real_world_agent",
  "current_purpose": {
    "vector": [
      0.24953862352475997,
      0.25013431278369747,
      0.2503893213811967,
      0.24968584894158904,
      0.0,
      0.0,
      0.0,
      0.0,
      0.0002518930355074322
    ],
    "statement": "I exist to shape and impact. My primary goal is Influence, alongside Curiosity and Optimization.",
    "last_generation": 2000
  },
  "purpose_history": [
    {
      "step": 2000,
      "purpose_vector": [
        0.24953862352475997,
        0.25013431278369747,
        0.2503893213811967,
        0.24968584894158904,
        0.0,
        0.0,
        0.0,
        0.0,
        0.0002518930355074322
      ],
      "purpose_statement": "I exist to shape and impact. My primary goal is Influence, alongside Curiosity and Optimization.",
      "reflection_data": {
        "total_steps": 10,
        "recent_window": 10,
        "action_distribution": {
          "unknown": 10
        },
        "state_distribution": {
          "concerned": 10
        },
        "average_reward": 0.3099290464199937,
        "reward_trend": 0.0,
        "current_weights": [
          0.2068339457210352,
          0.19484766369051182,
          0.24353484164807487,
          0.3547835489403782
        ],
        "coherence_score": -0.0012594651775371612,
        "valence_profile": {
          "beta_distribution": [
            0.24960149648655675,
            0.25019733583347453,
            0.2504524086821329,
            0.24974875899783583
          ]
        },
        "social_summary": {
          "n_agents": 0,
          "avg_trust": 0.0
        },
        "timestamp": "2026-03-21T10:26:31.820551"
      },
      "change_magnitude": 0.375592279138601
    }
  ]
}