{
  "agent_id": "faction_agent_07",
  "current_purpose": {
    "vector": [
      0.2500330779311935,
      0.2502716386747352,
      0.24940328936952125,
      0.25058189996120167,
      0.0,
      0.0,
      0.0,
      0.0,
      -0.00028990627008160106
    ],
    "statement": "I exist to optimize and improve. My purpose centers on Optimization, with Curiosity and Survival as supporting drives.",
    "last_generation": 2000
  },
  "purpose_history": [
    {
      "step": 400,
      "purpose_vector": [
        0.2527046879492474,
        0.24861112468797286,
        0.25028141108034385,
        0.24871135343080694,
        0.0,
        0.0,
        0.0,
        0.0,
        -0.00030857748180722425
      ],
      "purpose_statement": "I exist to persist and endure. My core drive is Survival, supported by Influence and Optimization.",
      "reflection_data": {
        "total_steps": 10,
        "recent_window": 10,
        "action_distribution": {
          "unknown": 10
        },
        "state_distribution": {
          "normal": 10
        },
        "average_reward": 0.3094093870572463,
        "reward_trend": 0.0,
        "current_weights": [
          0.4501062409353293,
          0.14545077290734654,
          0.28831052656666223,
          0.11613245959066196
        ],
        "coherence_score": -0.0015428874090361211,
        "valence_profile": {
          "beta_distribution": [
            0.25262673311234124,
            0.2485344326414763,
            0.2502042037806308,
            0.24863463046555156
          ]
        },
        "social_summary": {
          "n_agents": 0,
          "avg_trust": 0.0
        },
        "timestamp": "2026-03-19T20:44:16.833964"
      },
      "change_magnitude": 0.3759940684784156
    },
    {
      "step": 800,
      "purpose_vector": [
        0.2524598820096756,
        0.24888730271987436,
        0.2486763295571599,
        0.25043151672010006,
        0.0,
        0.0,
        0.0,
        0.0,
        -0.0004550313402948654
      ],
      "purpose_statement": "I exist to persist and endure. My core drive is Survival, supported by Optimization and Curiosity.",
      "reflection_data": {
        "total_steps": 10,
        "recent_window": 10,
        "action_distribution": {
          "unknown": 10
        },
        "state_distribution": {
          "normal": 10
        },
        "average_reward": 0.2941790177030658,
        "reward_trend": 0.0,
        "current_weights": [
          0.45401097110878785,
          0.11533577883130473,
          0.1465181490015148,
          0.2841351010583927
        ],
        "coherence_score": -0.002275156701474327,
        "valence_profile": {
          "beta_distribution": [
            0.25234505718424155,
            0.24877410278941384,
            0.2485632255823672,
            0.2503176144439773
          ]
        },
        "social_summary": {
          "n_agents": 0,
          "avg_trust": 0.0
        },
        "timestamp": "2026-03-19T20:44:17.038690"
      },
      "change_magnitude": 0.002385980180956818
    },
    {
      "step": 1200,
      "purpose_vector": [
        0.25107417847240504,
        0.25031963932845835,
        0.2489684270658045,
        0.2499735041429152,
        0.0,
        0.0,
        0.0,
        0.0,
        -0.0003357493430283414
      ],
      "purpose_statement": "I exist to persist and endure. My core drive is Survival, supported by Curiosity and Optimization.",
      "reflection_data": {
        "total_steps": 10,
        "recent_window": 10,
        "action_distribution": {
          "unknown": 10
        },
        "state_distribution": {
          "concerned": 10
        },
        "average_reward": 0.2356333211564144,
        "reward_trend": 0.0,
        "current_weights": [
          0.3007920385722206,
          0.2764517641398894,
          0.1648750263886541,
          0.2578811708992359
        ],
        "coherence_score": -0.0016787467151417068,
        "valence_profile": {
          "beta_distribution": [
            0.2509899088590902,
            0.25023562296588514,
            0.24888486421914266,
            0.2498896039558819
          ]
        },
        "social_summary": {
          "n_agents": 0,
          "avg_trust": 0.0
        },
        "timestamp": "2026-03-19T20:44:17.241439"
      },
      "change_magnitude": 0.002069078810432768
    },
    {
      "step": 1600,
      "purpose_vector": [
        0.251285627162367,
        0.25080028120610565,
        0.24866129199242573,
        0.24934700006577004,
        0.0,
        0.0,
        0.0,
        0.0,
        -9.420076003313914e-05
      ],
      "purpose_statement": "I exist to persist and endure. My core drive is Survival, supported by Curiosity and Optimization.",
      "reflection_data": {
        "total_steps": 10,
        "recent_window": 10,
        "action_distribution": {
          "unknown": 10
        },
        "state_distribution": {
          "concerned": 10
        },
        "average_reward": 0.29545191608048976,
        "reward_trend": 0.0,
        "current_weights": [
          0.31631845373210027,
          0.32583912245286023,
          0.19677695364047987,
          0.16106547017455966
        ],
        "coherence_score": -0.00047100380016569564,
        "valence_profile": {
          "beta_distribution": [
            0.251261958178701,
            0.2507766579379294,
            0.24863787019896705,
            0.24932351368440248
          ]
        },
        "social_summary": {
          "n_agents": 0,
          "avg_trust": 0.0
        },
        "timestamp": "2026-03-19T20:44:17.443348"
      },
      "change_magnitude": 0.0009060420481196316
    },
    {
      "step": 2000,
      "purpose_vector": [
        0.2500330779311935,
        0.2502716386747352,
        0.24940328936952125,
        0.25058189996120167,
        0.0,
        0.0,
        0.0,
        0.0,
        -0.00028990627008160106
      ],
      "purpose_statement": "I exist to optimize and improve. My purpose centers on Optimization, with Curiosity and Survival as supporting drives.",
      "reflection_data": {
        "total_steps": 10,
        "recent_window": 10,
        "action_distribution": {
          "unknown": 10
        },
        "state_distribution": {
          "crisis": 10
        },
        "average_reward": 0.26722778040997197,
        "reward_trend": 0.0,
        "current_weights": [
          0.16748306947494268,
          0.33766845868567597,
          0.27856293371004265,
          0.21628553812933873
        ],
        "coherence_score": -0.0014495313504080051,
        "valence_profile": {
          "beta_distribution": [
            0.24996061286559465,
            0.2501991044690047,
            0.2493310068304498,
            0.2505092758349508
          ]
        },
        "social_summary": {
          "n_agents": 0,
          "avg_trust": 0.0
        },
        "timestamp": "2026-03-19T20:44:17.673604"
      },
      "change_magnitude": 0.0019905227977855843
    }
  ]
}