{
  "agent_id": "real_world_agent",
  "current_purpose": {
    "vector": [
      0.2502801184684476,
      0.2508254977732759,
      0.25055662081813185,
      0.24837282477340547,
      0.0,
      0.0,
      0.0,
      0.0,
      -3.5062166605764325e-05
    ],
    "statement": "I exist to explore and understand. My highest calling is Curiosity, followed by Influence and Survival.",
    "last_generation": 1000
  },
  "purpose_history": [
    {
      "step": 500,
      "purpose_vector": [
        0.24975338587906973,
        0.2487995673862485,
        0.251392725129817,
        0.25022690022709254,
        0.0,
        0.0,
        0.0,
        0.0,
        -0.00017257895561851355
      ],
      "purpose_statement": "I exist to shape and impact. My primary goal is Influence, alongside Optimization and Survival.",
      "reflection_data": {
        "total_steps": 10,
        "recent_window": 10,
        "action_distribution": {
          "unknown": 10
        },
        "state_distribution": {
          "crisis": 10
        },
        "average_reward": 0.28729843420474327,
        "reward_trend": 0.0,
        "current_weights": [
          0.1311241133299818,
          0.1288931684849022,
          0.43854087240588513,
          0.3014418457792308
        ],
        "coherence_score": -0.0008628947780925677,
        "valence_profile": {
          "beta_distribution": [
            0.2497102912210547,
            0.24875663730851177,
            0.2513493476057093,
            0.25018372386472415
          ]
        },
        "social_summary": {
          "n_agents": 0,
          "avg_trust": 0.0
        },
        "timestamp": "2026-03-20T18:21:37.113824"
      },
      "change_magnitude": 0.3758899623175022
    },
    {
      "step": 1000,
      "purpose_vector": [
        0.2502801184684476,
        0.2508254977732759,
        0.25055662081813185,
        0.24837282477340547,
        0.0,
        0.0,
        0.0,
        0.0,
        -3.5062166605764325e-05
      ],
      "purpose_statement": "I exist to explore and understand. My highest calling is Curiosity, followed by Influence and Survival.",
      "reflection_data": {
        "total_steps": 10,
        "recent_window": 10,
        "action_distribution": {
          "unknown": 10
        },
        "state_distribution": {
          "concerned": 10
        },
        "average_reward": 0.3154773044762159,
        "reward_trend": 0.0,
        "current_weights": [
          0.10013359578147993,
          0.32169550934551,
          0.41858574113491037,
          0.15958515373809976
        ],
        "coherence_score": -0.00017531083302882162,
        "valence_profile": {
          "beta_distribution": [
            0.2502713434963319,
            0.25081670367983244,
            0.2505478361516768,
            0.2483641166721587
          ]
        },
        "social_summary": {
          "n_agents": 0,
          "avg_trust": 0.0
        },
        "timestamp": "2026-03-20T18:22:27.502091"
      },
      "change_magnitude": 0.0029218860739319455
    }
  ]
}