{
  "agent_id": "fulfill_purpose_00",
  "current_purpose": {
    "vector": [
      0.2501598760387024,
      0.2501445364168274,
      0.25053826781538746,
      0.24917717202054432,
      0.0,
      0.0,
      0.0,
      0.0,
      -1.9852624801728857e-05
    ],
    "statement": "I exist to shape and impact. My primary goal is Influence, alongside Survival and Curiosity.",
    "last_generation": 500
  },
  "purpose_history": [
    {
      "step": 500,
      "purpose_vector": [
        0.2501598760387024,
        0.2501445364168274,
        0.25053826781538746,
        0.24917717202054432,
        0.0,
        0.0,
        0.0,
        0.0,
        -1.9852624801728857e-05
      ],
      "purpose_statement": "I exist to shape and impact. My primary goal is Influence, alongside Survival and Curiosity.",
      "reflection_data": {
        "total_steps": 10,
        "recent_window": 10,
        "action_distribution": {
          "unknown": 10
        },
        "state_distribution": {
          "concerned": 10
        },
        "average_reward": 0.32690057917162385,
        "reward_trend": 0.0,
        "current_weights": [
          0.2419642386720705,
          0.2049360655929008,
          0.3773479457614757,
          0.17575174997355303
        ],
        "coherence_score": -9.926312400864428e-05,
        "valence_profile": {
          "beta_distribution": [
            0.2501549098905207,
            0.2501395705731663,
            0.2505332941554111,
            0.24917222538090195
          ]
        },
        "social_summary": {
          "n_agents": 0,
          "avg_trust": 0.0
        },
        "timestamp": "2026-03-19T21:15:59.752171"
      },
      "change_magnitude": 0.37578096930916655
    }
  ]
}