{
  "agent_id": "purpose_agent_02",
  "current_purpose": {
    "vector": [
      0.24936719343619554,
      0.25180450550317907,
      0.24993347978895886,
      0.24928353818760407,
      0.0,
      0.0,
      0.0,
      0.0,
      -0.0003887172494004199
    ],
    "statement": "I exist to explore and understand. My highest calling is Curiosity, followed by Influence and Survival.",
    "last_generation": 450
  },
  "purpose_history": [
    {
      "step": 150,
      "purpose_vector": [
        0.25088639804302193,
        0.24975515659815514,
        0.24928463285750793,
        0.25055760674137023,
        0.0,
        0.0,
        0.0,
        0.0,
        -0.00048379457354994805
      ],
      "purpose_statement": "I exist to persist and endure. My core drive is Survival, supported by Optimization and Curiosity.",
      "reflection_data": {
        "total_steps": 10,
        "recent_window": 10,
        "action_distribution": {
          "unknown": 10
        },
        "state_distribution": {
          "concerned": 10
        },
        "average_reward": 0.2834790639452587,
        "reward_trend": 0.0,
        "current_weights": [
          0.33591093915645404,
          0.21004342130862202,
          0.13950512876020407,
          0.3145405107747199
        ],
        "coherence_score": -0.0024189728677497403,
        "valence_profile": {
          "beta_distribution": [
            0.25076507934202924,
            0.24963438492061082,
            0.2491640887065631,
            0.25043644703079687
          ]
        },
        "social_summary": {
          "n_agents": 0,
          "avg_trust": 0.0
        },
        "timestamp": "2026-03-19T20:30:20.250487"
      },
      "change_magnitude": 0.3761030117763823
    },
    {
      "step": 300,
      "purpose_vector": [
        0.2515211482939197,
        0.24994251411957794,
        0.24916347327898883,
        0.2494319842230173,
        0.0,
        0.0,
        0.0,
        0.0,
        -5.912024885657327e-05
      ],
      "purpose_statement": "I exist to persist and endure. My core drive is Survival, supported by Curiosity and Optimization.",
      "reflection_data": {
        "total_steps": 10,
        "recent_window": 10,
        "action_distribution": {
          "unknown": 10
        },
        "state_distribution": {
          "normal": 10
        },
        "average_reward": 0.2933108586069837,
        "reward_trend": 0.0,
        "current_weights": [
          0.45953912376898054,
          0.19109430177200862,
          0.13840767486571637,
          0.21095889959329436
        ],
        "coherence_score": -0.00029560124428286633,
        "valence_profile": {
          "beta_distribution": [
            0.2515062792639409,
            0.24992773841280094,
            0.24914874362631778,
            0.24941723869694032
          ]
        },
        "social_summary": {
          "n_agents": 0,
          "avg_trust": 0.0
        },
        "timestamp": "2026-03-19T20:30:20.293567"
      },
      "change_magnitude": 0.0013784283445984326
    },
    {
      "step": 450,
      "purpose_vector": [
        0.24936719343619554,
        0.25180450550317907,
        0.24993347978895886,
        0.24928353818760407,
        0.0,
        0.0,
        0.0,
        0.0,
        -0.0003887172494004199
      ],
      "purpose_statement": "I exist to explore and understand. My highest calling is Curiosity, followed by Influence and Survival.",
      "reflection_data": {
        "total_steps": 10,
        "recent_window": 10,
        "action_distribution": {
          "unknown": 10
        },
        "state_distribution": {
          "concerned": 10
        },
        "average_reward": 0.30356734200838714,
        "reward_trend": 0.0,
        "current_weights": [
          0.17813114234415162,
          0.3053346207530575,
          0.2873082110134361,
          0.22922602588935462
        ],
        "coherence_score": -0.0019435862470020995,
        "valence_profile": {
          "beta_distribution": [
            0.24927029785477858,
            0.25170666286546906,
            0.2498363641679904,
            0.24918667511176187
          ]
        },
        "social_summary": {
          "n_agents": 0,
          "avg_trust": 0.0
        },
        "timestamp": "2026-03-19T20:30:20.335588"
      },
      "change_magnitude": 0.0029715507526057775
    }
  ]
}