{
  "agent_id": "enhanced_agent_08",
  "current_purpose": {
    "vector": [
      0.25066338729289667,
      0.24934225358081502,
      0.251058817124961,
      0.2492127900150865,
      0.0,
      0.0,
      0.0,
      0.0,
      -0.0002772483471849329
    ],
    "statement": "I exist to shape and impact. My primary goal is Influence, alongside Survival and Curiosity.",
    "last_generation": 3000
  },
  "purpose_history": [
    {
      "step": 300,
      "purpose_vector": [
        0.24923879620132086,
        0.24932598719325352,
        0.24964274358014407,
        0.2518170308395714,
        0.0,
        0.0,
        0.0,
        0.0,
        -2.4558147631464797e-05
      ],
      "purpose_statement": "I exist to optimize and improve. My purpose centers on Optimization, with Influence and Curiosity as supporting drives.",
      "reflection_data": {
        "total_steps": 10,
        "recent_window": 10,
        "action_distribution": {
          "unknown": 10
        },
        "state_distribution": {
          "crisis": 10
        },
        "average_reward": 0.2872480515319995,
        "reward_trend": 0.0,
        "current_weights": [
          0.12182013479328863,
          0.18477621464183713,
          0.23843282303051483,
          0.4549708275343595
        ],
        "coherence_score": -0.00012279073815732398,
        "valence_profile": {
          "beta_distribution": [
            0.2492326755915587,
            0.2493198644423238,
            0.2496366130505608,
            0.25181084691555666
          ]
        },
        "social_summary": {
          "n_agents": 0,
          "avg_trust": 0.0
        },
        "timestamp": "2026-03-19T20:49:49.720567"
      },
      "change_magnitude": 0.3757888152995557
    },
    {
      "step": 600,
      "purpose_vector": [
        0.25039957500145105,
        0.24835997386290704,
        0.25130603784021205,
        0.2500620679007187,
        0.0,
        0.0,
        0.0,
        0.0,
        -0.00012765493866455556
      ],
      "purpose_statement": "I exist to shape and impact. My primary goal is Influence, alongside Survival and Optimization.",
      "reflection_data": {
        "total_steps": 10,
        "recent_window": 10,
        "action_distribution": {
          "unknown": 10
        },
        "state_distribution": {
          "concerned": 10
        },
        "average_reward": 0.2994341205489263,
        "reward_trend": 0.0,
        "current_weights": [
          0.2899723887529933,
          0.17391790817605007,
          0.40522869824076574,
          0.13088100483019102
        ],
        "coherence_score": -0.0006382746933227778,
        "valence_profile": {
          "beta_distribution": [
            0.2503676144224548,
            0.24832827361515664,
            0.2512739615618295,
            0.250030150400559
          ]
        },
        "social_summary": {
          "n_agents": 0,
          "avg_trust": 0.0
        },
        "timestamp": "2026-03-19T20:49:49.880797"
      },
      "change_magnitude": 0.0028526585561334974
    },
    {
      "step": 900,
      "purpose_vector": [
        0.2508366937847336,
        0.24947265381103687,
        0.24938461297950976,
        0.2506733095305288,
        0.0,
        0.0,
        0.0,
        0.0,
        -0.0003672704392646898
      ],
      "purpose_statement": "I exist to persist and endure. My core drive is Survival, supported by Optimization and Curiosity.",
      "reflection_data": {
        "total_steps": 10,
        "recent_window": 10,
        "action_distribution": {
          "unknown": 10
        },
        "state_distribution": {
          "concerned": 10
        },
        "average_reward": 0.24951803158557878,
        "reward_trend": 0.0,
        "current_weights": [
          0.26796392043650125,
          0.2723759793133774,
          0.17194818997142894,
          0.2877119102786924
        ],
        "coherence_score": -0.0018363521963234487,
        "valence_profile": {
          "beta_distribution": [
            0.25074460278793664,
            0.24938106360142118,
            0.24929305509278832,
            0.2505812785178537
          ]
        },
        "social_summary": {
          "n_agents": 0,
          "avg_trust": 0.0
        },
        "timestamp": "2026-03-19T20:49:50.045567"
      },
      "change_magnitude": 0.002356275644132958
    },
    {
      "step": 1200,
      "purpose_vector": [
        0.24933701409626263,
        0.24893609959784704,
        0.2490010949449624,
        0.2527560186866035,
        0.0,
        0.0,
        0.0,
        0.0,
        -3.0227659018983926e-05
      ],
      "purpose_statement": "I exist to optimize and improve. My purpose centers on Optimization, with Survival and Influence as supporting drives.",
      "reflection_data": {
        "total_steps": 10,
        "recent_window": 10,
        "action_distribution": {
          "unknown": 10
        },
        "state_distribution": {
          "concerned": 10
        },
        "average_reward": 0.3181457469008885,
        "reward_trend": 0.0,
        "current_weights": [
          0.1599237797760964,
          0.18058830635264367,
          0.18625114592596922,
          0.4732367679452909
        ],
        "coherence_score": -0.00015113829509491963,
        "valence_profile": {
          "beta_distribution": [
            0.2493294775329447,
            0.24892857515273595,
            0.2489935685352751,
            0.2527483787790442
          ]
        },
        "social_summary": {
          "n_agents": 0,
          "avg_trust": 0.0
        },
        "timestamp": "2026-03-19T20:49:50.207152"
      },
      "change_magnitude": 0.002671196536955018
    },
    {
      "step": 1500,
      "purpose_vector": [
        0.24984489178865854,
        0.2519381358236632,
        0.2495750911583061,
        0.2488865250231986,
        0.0,
        0.0,
        0.0,
        0.0,
        -0.0002446441272413163
      ],
      "purpose_statement": "I exist to explore and understand. My highest calling is Curiosity, followed by Survival and Influence.",
      "reflection_data": {
        "total_steps": 10,
        "recent_window": 10,
        "action_distribution": {
          "unknown": 10
        },
        "state_distribution": {
          "concerned": 10
        },
        "average_reward": 0.3037977540544995,
        "reward_trend": 0.0,
        "current_weights": [
          0.11411677250292487,
          0.5390519649731917,
          0.22710776970470128,
          0.1197234928191821
        ],
        "coherence_score": -0.0012232206362065815,
        "valence_profile": {
          "beta_distribution": [
            0.249783783736169,
            0.2518765157972627,
            0.24951404909472252,
            0.24882565137184565
          ]
        },
        "social_summary": {
          "n_agents": 0,
          "avg_trust": 0.0
        },
        "timestamp": "2026-03-19T20:49:50.388122"
      },
      "change_magnitude": 0.004961712258631545
    },
    {
      "step": 1800,
      "purpose_vector": [
        0.2502482375147442,
        0.251813211401391,
        0.24913232048849848,
        0.2491243292778192,
        0.0,
        0.0,
        0.0,
        0.0,
        -0.0003180990158920994
      ],
      "purpose_statement": "I exist to explore and understand. My highest calling is Curiosity, followed by Survival and Influence.",
      "reflection_data": {
        "total_steps": 10,
        "recent_window": 10,
        "action_distribution": {
          "unknown": 10
        },
        "state_distribution": {
          "concerned": 10
        },
        "average_reward": 0.29894117508117957,
        "reward_trend": 0.0,
        "current_weights": [
          0.21031976192121973,
          0.5601151926071514,
          0.13108252002503182,
          0.098482525446597
        ],
        "coherence_score": -0.001590495079460497,