{
  "agent_id": "purpose_guided_05",
  "current_purpose": {
    "vector": [
      0.25068786597298537,
      0.25016234357908185,
      0.24782111911390833,
      0.2514405162481265,
      0.0,
      0.0,
      0.0,
      0.0,
      -0.00011184524747277106
    ],
    "statement": "I exist to optimize and improve. My purpose centers on Optimization, with Survival and Curiosity as supporting drives.",
    "last_generation": 2000
  },
  "purpose_history": [
    {
      "step": 200,
      "purpose_vector": [
        0.2509411258833153,
        0.24941970942790423,
        0.24851665088567992,
        0.2511975309297162,
        0.0,
        0.0,
        0.0,
        0.0,
        -7.501745997393743e-05
      ],
      "purpose_statement": "I exist to optimize and improve. My purpose centers on Optimization, with Survival and Curiosity as supporting drives.",
      "reflection_data": {
        "total_steps": 10,
        "recent_window": 10,
        "action_distribution": {
          "unknown": 10
        },
        "state_distribution": {
          "concerned": 10
        },
        "average_reward": 0.26863695225982476,
        "reward_trend": 0.0,
        "current_weights": [
          0.34643123074396537,
          0.18414768796090913,
          0.11129805317547006,
          0.3581230281196555
        ],
        "coherence_score": -0.0003750872998696871,
        "valence_profile": {
          "beta_distribution": [
            0.2509223024131845,
            0.249401000081503,
            0.24849800927905408,
            0.25117868822625833
          ]
        },
        "social_summary": {
          "n_agents": 0,
          "avg_trust": 0.0
        },
        "timestamp": "2026-03-19T21:07:11.820246"
      },
      "change_magnitude": 0.3758242561004603
    },
    {
      "step": 400,
      "purpose_vector": [
        0.2506599746873877,
        0.2492359832855058,
        0.24932468081460626,
        0.25095961767368,
        0.0,
        0.0,
        0.0,
        0.0,
        -0.00018025679457314554
      ],
      "purpose_statement": "I exist to optimize and improve. My purpose centers on Optimization, with Survival and Influence as supporting drives.",
      "reflection_data": {
        "total_steps": 10,
        "recent_window": 10,
        "action_distribution": {
          "unknown": 10
        },
        "state_distribution": {
          "concerned": 10
        },
        "average_reward": 0.29542181788261146,
        "reward_trend": 0.0,
        "current_weights": [
          0.3283284350525163,
          0.1971974384203572,
          0.1252659824396196,
          0.34920814408750694
        ],
        "coherence_score": -0.0009012839728657277,
        "valence_profile": {
          "beta_distribution": [
            0.25061479975046536,
            0.24919106498597382,
            0.24927974652965304,
            0.25091438873390776
          ]
        },
        "social_summary": {
          "n_agents": 0,
          "avg_trust": 0.0
        },
        "timestamp": "2026-03-19T21:07:11.870141"
      },
      "change_magnitude": 0.0009129028926219046
    },
    {
      "step": 600,
      "purpose_vector": [
        0.2495840335081855,
        0.2493834948084017,
        0.2485867254357029,
        0.2527510659769526,
        0.0,
        0.0,
        0.0,
        0.0,
        -0.00030532006267790706
      ],
      "purpose_statement": "I exist to optimize and improve. My purpose centers on Optimization, with Survival and Curiosity as supporting drives.",
      "reflection_data": {
        "total_steps": 10,
        "recent_window": 10,
        "action_distribution": {
          "unknown": 10
        },
        "state_distribution": {
          "concerned": 10
        },
        "average_reward": 0.2805189633631441,
        "reward_trend": 0.0,
        "current_weights": [
          0.15339776397599145,
          0.18100942905463052,
          0.1263350683638121,
          0.539257738605566
        ],
        "coherence_score": -0.0015266003133895352,
        "valence_profile": {
          "beta_distribution": [
            0.2495078538378078,
            0.24930737634775696,
            0.24851085017021507,
            0.25267391964422015
          ]
        },
        "social_summary": {
          "n_agents": 0,
          "avg_trust": 0.0
        },
        "timestamp": "2026-03-19T21:07:11.922605"
      },
      "change_magnitude": 0.00222461570975075
    },
    {
      "step": 800,
      "purpose_vector": [
        0.25045567964368337,
        0.25018601091401155,
        0.24859264577800919,
        0.25086433169140554,
        0.0,
        0.0,
        0.0,
        0.0,
        -9.866836047605025e-05
      ],
      "purpose_statement": "I exist to optimize and improve. My purpose centers on Optimization, with Survival and Curiosity as supporting drives.",
      "reflection_data": {
        "total_steps": 10,
        "recent_window": 10,
        "action_distribution": {
          "unknown": 10
        },
        "state_distribution": {
          "concerned": 10
        },
        "average_reward": 0.282089239218455,
        "reward_trend": 0.0,
        "current_weights": [
          0.3546090719583686,
          0.2758675089103516,
          0.09933268290584422,
          0.27019073622543544
        ],
        "coherence_score": -0.0004933418023802512,
        "valence_profile": {
          "beta_distribution": [
            0.2504309701139351,
            0.2501613279893197,
            0.24856812005200132,
            0.2508395818447439
          ]
        },
        "social_summary": {
          "n_agents": 0,
          "avg_trust": 0.0
        },
        "timestamp": "2026-03-19T21:07:11.976189"
      },
      "change_magnitude": 0.002237477447043076
    },
    {
      "step": 1000,
      "purpose_vector": [
        0.2509622940917954,
        0.24834524009020076,
        0.25072879825697975,
        0.2503153457171577,
        0.0,
        0.0,
        0.0,
        0.0,
        -0.0003516784895841662
      ],
      "purpose_statement": "I exist to persist and endure. My core drive is Survival, supported by Influence and Optimization.",
      "reflection_data": {
        "total_steps": 10,
        "recent_window": 10,
        "action_distribution": {
          "unknown": 10
        },
        "state_distribution": {
          "concerned": 10
        },
        "average_reward": 0.25976063984728315,
        "reward_trend": 0.0,
        "current_weights": [
          0.379259503187857,
          0.14916419520276988,
          0.3129993198368268,
          0.15857698177254642
        ],
        "coherence_score": -0.001758392447920831,
        "valence_profile": {
          "beta_distribution": [
            0.25087406716243393,
            0.2482579331980081,
            0.25064065341413494,
            0.250227346225423
          ]
        },
        "social_summary": {
          "n_agents": 0,
          "avg_trust": 0.0
        },
        "timestamp": "2026-03-19T21:07:12.027966"
      },
      "change_magnitude": 0.0029280783055774177
    },
    {
      "step": 1200,
      "purpose_vector": [
        0.24864624063138163,
        0.24916649779951816,
        0.2518396656198281,
        0.2506709711682326,
        0.0,
        0.0,
        0.0,
        0.0,
        -0.0003233755524016252
      ],
      "purpose_statement": "I exist to shape and impact. My primary goal is Influence, alongside Optimization and Curiosity.",
      "reflection_data": {
        "total_steps": 10,
        "recent_window": 10,
        "action_distribution": {
          "unknown": 10
        },
        "state_distribution": {
          "crisis": 10
        },
        "average_reward": 0.2657726970078858,
        "reward_trend": 0.0,
        "current_weights": [
          0.09567079547437025,
          0.16196974137116102,
          0.47750787897776514,
          0.2648515841767036
        ],
        "coherence_score": -0.001616877762008126,