{
  "agent_id": "enhanced_agent_05",
  "current_purpose": {
    "vector": [
      0.2501971682860244,
      0.24994234894927306,
      0.2518363412785979,
      0.24817936089751427,
      0.0,
      0.0,
      0.0,
      0.0,
      -0.000155219744794804
    ],
    "statement": "I exist to shape and impact. My primary goal is Influence, alongside Survival and Curiosity.",
    "last_generation": 3000
  },
  "purpose_history": [
    {
      "step": 300,
      "purpose_vector": [
        0.25058155954076394,
        0.2495967129375465,
        0.2494753264930631,
        0.25073273250707756,
        0.0,
        0.0,
        0.0,
        0.0,
        -0.00038633181191322964
      ],
      "purpose_statement": "I exist to optimize and improve. My purpose centers on Optimization, with Survival and Curiosity as supporting drives.",
      "reflection_data": {
        "total_steps": 10,
        "recent_window": 10,
        "action_distribution": {
          "unknown": 10
        },
        "state_distribution": {
          "concerned": 10
        },
        "average_reward": 0.3033999060183909,
        "reward_trend": 0.0,
        "current_weights": [
          0.2862462841587614,
          0.15962468344466307,
          0.1893280887643509,
          0.3648009436322247
        ],
        "coherence_score": -0.001931659059566148,
        "valence_profile": {
          "beta_distribution": [
            0.2504847893817526,
            0.24950032310884587,
            0.24937898354165686,
            0.25063590396774477
          ]
        },
        "social_summary": {
          "n_agents": 0,
          "avg_trust": 0.0
        },
        "timestamp": "2026-03-19T20:49:49.716391"
      },
      "change_magnitude": 0.3760350445533826
    },
    {
      "step": 600,
      "purpose_vector": [
        0.2496465041360938,
        0.24935641134729838,
        0.2527306240827298,
        0.24843262994727267,
        0.0,
        0.0,
        0.0,
        0.0,
        -0.00016616984678346485
      ],
      "purpose_statement": "I exist to shape and impact. My primary goal is Influence, alongside Survival and Curiosity.",
      "reflection_data": {
        "total_steps": 10,
        "recent_window": 10,
        "action_distribution": {
          "unknown": 10
        },
        "state_distribution": {
          "concerned": 10
        },
        "average_reward": 0.2809187317022185,
        "reward_trend": 0.0,
        "current_weights": [
          0.16941270056943392,
          0.14337936133534354,
          0.5072788666178809,
          0.17992907147734158
        ],
        "coherence_score": -0.0008308492339173242,
        "valence_profile": {
          "beta_distribution": [
            0.2496050273901515,
            0.24931498279792486,
            0.25268863493522226,
            0.24839135487670133
          ]
        },
        "social_summary": {
          "n_agents": 0,
          "avg_trust": 0.0
        },
        "timestamp": "2026-03-19T20:49:49.878085"
      },
      "change_magnitude": 0.0041070645159139215
    },
    {
      "step": 900,
      "purpose_vector": [
        0.25208342557799,
        0.2499856583951626,
        0.2494469362513061,
        0.24857970711558286,
        0.0,
        0.0,
        0.0,
        0.0,
        -9.572767340680188e-05
      ],
      "purpose_statement": "I exist to persist and endure. My core drive is Survival, supported by Curiosity and Influence.",
      "reflection_data": {
        "total_steps": 10,
        "recent_window": 10,
        "action_distribution": {
          "unknown": 10
        },
        "state_distribution": {
          "normal": 10
        },
        "average_reward": 0.32996067190286077,
        "reward_trend": 0.0,
        "current_weights": [
          0.5490533120117876,
          0.13908402321189206,
          0.2104472710719433,
          0.10141539370437692
        ],
        "coherence_score": -0.0004786383670340094,
        "valence_profile": {
          "beta_distribution": [
            0.2520592966119926,
            0.24996173022361612,
            0.24942305964526126,
            0.24855591351913003
          ]
        },
        "social_summary": {
          "n_agents": 0,
          "avg_trust": 0.0
        },
        "timestamp": "2026-03-19T20:49:50.041905"
      },
      "change_magnitude": 0.0041404996713787535
    },
    {
      "step": 1200,
      "purpose_vector": [
        0.25004251423168034,
        0.251846911645601,
        0.2492560842188703,
        0.24892796180681126,
        0.0,
        0.0,
        0.0,
        0.0,
        -7.34722363206096e-05
      ],
      "purpose_statement": "I exist to explore and understand. My highest calling is Curiosity, followed by Survival and Influence.",
      "reflection_data": {
        "total_steps": 10,
        "recent_window": 10,
        "action_distribution": {
          "unknown": 10
        },
        "state_distribution": {
          "concerned": 10
        },
        "average_reward": 0.3158713938768347,
        "reward_trend": 0.0,
        "current_weights": [
          0.14924196218369676,
          0.4931404544056571,
          0.11316523691715553,
          0.24445234649349043
        ],
        "coherence_score": -0.00036736118160304794,
        "valence_profile": {
          "beta_distribution": [
            0.25002414448199856,
            0.25182840933314715,
            0.24923777224545318,
            0.24890967393940103
          ]
        },
        "social_summary": {
          "n_agents": 0,
          "avg_trust": 0.0
        },
        "timestamp": "2026-03-19T20:49:50.204688"
      },
      "change_magnitude": 0.002790660122352876
    },
    {
      "step": 1500,
      "purpose_vector": [
        0.24878452418808347,
        0.25221020094290053,
        0.2510243109436597,
        0.24817706726764985,
        0.0,
        0.0,
        0.0,
        0.0,
        -0.00019610367569222826
      ],
      "purpose_statement": "I exist to explore and understand. My highest calling is Curiosity, followed by Influence and Survival.",
      "reflection_data": {
        "total_steps": 10,
        "recent_window": 10,
        "action_distribution": {
          "unknown": 10
        },
        "state_distribution": {
          "crisis": 10
        },
        "average_reward": 0.32749662270851904,
        "reward_trend": 0.0,
        "current_weights": [
          0.09846883395432872,
          0.5420029376453226,
          0.20285427229583478,
          0.15667395610451385
        ],
        "coherence_score": -0.0009805183784611412,
        "valence_profile": {
          "beta_distribution": [
            0.24873574627689068,
            0.2521607513767603,
            0.25097509388891565,
            0.24812840845743334
          ]
        },
        "social_summary": {
          "n_agents": 0,
          "avg_trust": 0.0
        },
        "timestamp": "2026-03-19T20:49:50.385562"
      },
      "change_magnitude": 0.0023280946914688338
    },
    {
      "step": 1800,
      "purpose_vector": [
        0.25115365772436177,
        0.25018116381519506,
        0.25080119758156144,
        0.24849441703674785,
        0.0,
        0.0,
        0.0,
        0.0,
        -0.0006304364914095091
      ],
      "purpose_statement": "I exist to persist and endure. My core drive is Survival, supported by Influence and Curiosity.",
      "reflection_data": {
        "total_steps": 10,
        "recent_window": 10,
        "action_distribution": {
          "unknown": 10
        },
        "state_distribution": {
          "normal": 10
        },
        "average_reward": 0.3240079648227526,
        "reward_trend": 0.0,
        "current_weights": [
          0.34584908716021867,
          0.23753494401929065,
          0.2988571659744104,
          0.1177588028460802
        ],
        "coherence_score": -0.003152182457047545,