{
  "agent_id": "faction_agent_01",
  "current_purpose": {
    "vector": [
      0.252188877447594,
      0.2499677580909103,
      0.24917955648183657,
      0.24869495080866091,
      0.0,
      0.0,
      0.0,
      0.0,
      -3.114316234532348e-05
    ],
    "statement": "I exist to persist and endure. My core drive is Survival, supported by Curiosity and Influence.",
    "last_generation": 2000
  },
  "purpose_history": [
    {
      "step": 400,
      "purpose_vector": [
        0.24962281491095994,
        0.25005072594701944,
        0.2507563332845437,
        0.2497164413470065,
        0.0,
        0.0,
        0.0,
        0.0,
        -0.00014631582291159073
      ],
      "purpose_statement": "I exist to shape and impact. My primary goal is Influence, alongside Curiosity and Optimization.",
      "reflection_data": {
        "total_steps": 10,
        "recent_window": 10,
        "action_distribution": {
          "unknown": 10
        },
        "state_distribution": {
          "concerned": 10
        },
        "average_reward": 0.2845208691731349,
        "reward_trend": 0.0,
        "current_weights": [
          0.1265321208472197,
          0.37287763380497596,
          0.2522979065385153,
          0.24829233880928891
        ],
        "coherence_score": -0.0007315791145579536,
        "valence_profile": {
          "beta_distribution": [
            0.24958629656979747,
            0.2500141450050037,
            0.25071964911634853,
            0.24967990930885026
          ]
        },
        "social_summary": {
          "n_agents": 0,
          "avg_trust": 0.0
        },
        "timestamp": "2026-03-19T20:44:16.827614"
      },
      "change_magnitude": 0.375868198748108
    },
    {
      "step": 800,
      "purpose_vector": [
        0.24918875957610817,
        0.2519402996811813,
        0.24896725783774948,
        0.24999582743230256,
        0.0,
        0.0,
        0.0,
        0.0,
        -9.21448607057316e-05
      ],
      "purpose_statement": "I exist to explore and understand. My highest calling is Curiosity, followed by Optimization and Survival.",
      "reflection_data": {
        "total_steps": 10,
        "recent_window": 10,
        "action_distribution": {
          "unknown": 10
        },
        "state_distribution": {
          "concerned": 10
        },
        "average_reward": 0.272498173964137,
        "reward_trend": 0.0,
        "current_weights": [
          0.1470320553974244,
          0.4896600781966086,
          0.11298130220106264,
          0.25032656420490446
        ],
        "coherence_score": -0.00046072430352865797,
        "valence_profile": {
          "beta_distribution": [
            0.24916580031120883,
            0.25191708690027964,
            0.24894431898114258,
            0.24997279380736892
          ]
        },
        "social_summary": {
          "n_agents": 0,
          "avg_trust": 0.0
        },
        "timestamp": "2026-03-19T20:44:17.032399"
      },
      "change_magnitude": 0.0026534270223002414
    },
    {
      "step": 1200,
      "purpose_vector": [
        0.2520301494393267,
        0.24964933585960594,
        0.2497751753461408,
        0.24922182543082938,
        0.0,
        0.0,
        0.0,
        0.0,
        -0.0006764864094618186
      ],
      "purpose_statement": "I exist to persist and endure. My core drive is Survival, supported by Influence and Curiosity.",
      "reflection_data": {
        "total_steps": 10,
        "recent_window": 10,
        "action_distribution": {
          "unknown": 10
        },
        "state_distribution": {
          "normal": 10
        },
        "average_reward": 0.3005630622548731,
        "reward_trend": 0.0,
        "current_weights": [
          0.5319590160820252,
          0.1692269821411504,
          0.09810355210476736,
          0.20071044967205692
        ],
        "coherence_score": -0.003382432047309093,
        "valence_profile": {
          "beta_distribution": [
            0.2518597698119689,
            0.2494805657306808,
            0.24960632014610462,
            0.24905334431124582
          ]
        },
        "social_summary": {
          "n_agents": 0,
          "avg_trust": 0.0
        },
        "timestamp": "2026-03-19T20:44:17.236961"
      },
      "change_magnitude": 0.0038620300919103095
    },
    {
      "step": 1600,
      "purpose_vector": [
        0.24984548921822158,
        0.2498582227527462,
        0.2504967858873696,
        0.24989193703239843,
        0.0,
        0.0,
        0.0,
        0.0,
        -9.243522410009572e-05
      ],
      "purpose_statement": "I exist to shape and impact. My primary goal is Influence, alongside Optimization and Curiosity.",
      "reflection_data": {
        "total_steps": 10,
        "recent_window": 10,
        "action_distribution": {
          "unknown": 10
        },
        "state_distribution": {
          "concerned": 10
        },
        "average_reward": 0.3016894307468756,
        "reward_trend": 0.0,
        "current_weights": [
          0.2692657998134626,
          0.21530236021500027,
          0.2512663893300168,
          0.26416545064152036
        ],
        "coherence_score": -0.0004621761205004786,
        "valence_profile": {
          "beta_distribution": [
            0.24982239691225963,
            0.2498351292698702,
            0.25047363338443557,
            0.2498688404334347
          ]
        },
        "social_summary": {
          "n_agents": 0,
          "avg_trust": 0.0
        },
        "timestamp": "2026-03-19T20:44:17.438662"
      },
      "change_magnitude": 0.0024753305101940146
    },
    {
      "step": 2000,
      "purpose_vector": [
        0.252188877447594,
        0.2499677580909103,
        0.24917955648183657,
        0.24869495080866091,
        0.0,
        0.0,
        0.0,
        0.0,
        -3.114316234532348e-05
      ],
      "purpose_statement": "I exist to persist and endure. My core drive is Survival, supported by Curiosity and Influence.",
      "reflection_data": {
        "total_steps": 10,
        "recent_window": 10,
        "action_distribution": {
          "unknown": 10
        },
        "state_distribution": {
          "normal": 10
        },
        "average_reward": 0.2975920848345043,
        "reward_trend": 0.0,
        "current_weights": [
          0.5219221690292459,
          0.15611986209210435,
          0.21678658311837284,
          0.10517138576027692
        ],
        "coherence_score": -0.00015571581172661738,
        "valence_profile": {
          "beta_distribution": [
            0.25218102381709173,
            0.24995997363019423,
            0.24917179656718402,
            0.24868720598552996
          ]
        },
        "social_summary": {
          "n_agents": 0,
          "avg_trust": 0.0
        },
        "timestamp": "2026-03-19T20:44:17.668690"
      },
      "change_magnitude": 0.0029453509854209894
    }
  ]
}