{
  "agent_id": "purpose_agent_05",
  "current_purpose": {
    "vector": [
      0.25130817074809064,
      0.2492840475578329,
      0.250331018652515,
      0.24948424149523654,
      0.0,
      0.0,
      0.0,
      0.0,
      -0.00040747878714443656
    ],
    "statement": "I exist to persist and endure. My core drive is Survival, supported by Influence and Optimization.",
    "last_generation": 450
  },
  "purpose_history": [
    {
      "step": 150,
      "purpose_vector": [
        0.25258400455265084,
        0.2488930746721531,
        0.24877544282855005,
        0.25000852896099696,
        0.0,
        0.0,
        0.0,
        0.0,
        -0.0002610513477711526
      ],
      "purpose_statement": "I exist to persist and endure. My core drive is Survival, supported by Optimization and Curiosity.",
      "reflection_data": {
        "total_steps": 10,
        "recent_window": 10,
        "action_distribution": {
          "unknown": 10
        },
        "state_distribution": {
          "normal": 10
        },
        "average_reward": 0.28981298294668284,
        "reward_trend": 0.0,
        "current_weights": [
          0.42507374670765785,
          0.14110019800363177,
          0.12863262774829806,
          0.3051934275404123
        ],
        "coherence_score": -0.001305256738855763,
        "valence_profile": {
          "beta_distribution": [
            0.2525180844505631,
            0.2488281178395921,
            0.2487105166958869,
            0.24994328101395813
          ]
        },
        "social_summary": {
          "n_agents": 0,
          "avg_trust": 0.0
        },
        "timestamp": "2026-03-19T20:30:20.255060"
      },
      "change_magnitude": 0.3759590625739834
    },
    {
      "step": 300,
      "purpose_vector": [
        0.251159589613408,
        0.2509111983525553,
        0.2501014081866628,
        0.24786511056368188,
        0.0,
        0.0,
        0.0,
        0.0,
        -3.7307049653968356e-05
      ],
      "purpose_statement": "I exist to persist and endure. My core drive is Survival, supported by Curiosity and Influence.",
      "reflection_data": {
        "total_steps": 10,
        "recent_window": 10,
        "action_distribution": {
          "unknown": 10
        },
        "state_distribution": {
          "concerned": 10
        },
        "average_reward": 0.31595189267205726,
        "reward_trend": 0.0,
        "current_weights": [
          0.4443320716285764,
          0.31663519776160187,
          0.12624789032787134,
          0.11278484028195045
        ],
        "coherence_score": -0.00018653524826984177,
        "valence_profile": {
          "beta_distribution": [
            0.25115022002339893,
            0.2509018380288628,
            0.2500920780724553,
            0.247855863875283
          ]
        },
        "social_summary": {
          "n_agents": 0,
          "avg_trust": 0.0
        },
        "timestamp": "2026-03-19T20:30:20.297105"
      },
      "change_magnitude": 0.0035361376070993313
    },
    {
      "step": 450,
      "purpose_vector": [
        0.25130817074809064,
        0.2492840475578329,
        0.250331018652515,
        0.24948424149523654,
        0.0,
        0.0,
        0.0,
        0.0,
        -0.00040747878714443656
      ],
      "purpose_statement": "I exist to persist and endure. My core drive is Survival, supported by Influence and Optimization.",
      "reflection_data": {
        "total_steps": 10,
        "recent_window": 10,
        "action_distribution": {
          "unknown": 10
        },
        "state_distribution": {
          "concerned": 10
        },
        "average_reward": 0.2847175091955533,
        "reward_trend": 0.0,
        "current_weights": [
          0.36496882026724514,
          0.11530407156791143,
          0.27235741469427466,
          0.24736969347056872
        ],
        "coherence_score": -0.0020373939357221827,
        "valence_profile": {
          "beta_distribution": [
            0.2512058097931619,
            0.2491825110535459,
            0.2502290557038322,
            0.24938262344945986
          ]
        },
        "social_summary": {
          "n_agents": 0,
          "avg_trust": 0.0
        },
        "timestamp": "2026-03-19T20:30:20.339291"
      },
      "change_magnitude": 0.0023411597803507608
    }
  ]
}