{
  "agent_id": "purpose_agent_01",
  "current_purpose": {
    "vector": [
      0.24958893917540934,
      0.24956980171324142,
      0.2509187092913186,
      0.2501552696999268,
      0.0,
      0.0,
      0.0,
      0.0,
      -0.00023272021330724755
    ],
    "statement": "I exist to shape and impact. My primary goal is Influence, alongside Optimization and Survival.",
    "last_generation": 450
  },
  "purpose_history": [
    {
      "step": 150,
      "purpose_vector": [
        0.2492127870909543,
        0.25141739995764206,
        0.24851486947319176,
        0.2509252725523906,
        0.0,
        0.0,
        0.0,
        0.0,
        -7.0329407535395e-05
      ],
      "purpose_statement": "I exist to explore and understand. My highest calling is Curiosity, followed by Optimization and Survival.",
      "reflection_data": {
        "total_steps": 10,
        "recent_window": 10,
        "action_distribution": {
          "unknown": 10
        },
        "state_distribution": {
          "crisis": 10
        },
        "average_reward": 0.2568179946568426,
        "reward_trend": 0.0,
        "current_weights": [
          0.12576124629109273,
          0.4028145208356214,
          0.11149249425051903,
          0.3599317386227668
        ],
        "coherence_score": -0.00035164703767697495,
        "valence_profile": {
          "beta_distribution": [
            0.249195261418929,
            0.25139971924813853,
            0.24849739288161457,
            0.2509076264513179
          ]
        },
        "social_summary": {
          "n_agents": 0,
          "avg_trust": 0.0
        },
        "timestamp": "2026-03-19T20:30:20.249235"
      },
      "change_magnitude": 0.37582212097425305
    },
    {
      "step": 300,
      "purpose_vector": [
        0.2509659763272149,
        0.24972175224104473,
        0.250622216800089,
        0.24877772615123525,
        0.0,
        0.0,
        0.0,
        0.0,
        -8.767185294640043e-05
      ],
      "purpose_statement": "I exist to persist and endure. My core drive is Survival, supported by Influence and Curiosity.",
      "reflection_data": {
        "total_steps": 10,
        "recent_window": 10,
        "action_distribution": {
          "unknown": 10
        },
        "state_distribution": {
          "concerned": 10
        },
        "average_reward": 0.28608225030579215,
        "reward_trend": 0.0,
        "current_weights": [
          0.36245529815805505,
          0.24624007036074852,
          0.2793898455656353,
          0.11191478591556099
        ],
        "coherence_score": -0.00043835926473200214,
        "valence_profile": {
          "beta_distribution": [
            0.2509439756875359,
            0.24969986067481945,
            0.25060024629568817,
            0.2487559173419564
          ]
        },
        "social_summary": {
          "n_agents": 0,
          "avg_trust": 0.0
        },
        "timestamp": "2026-03-19T20:30:20.291868"
      },
      "change_magnitude": 0.0038732496354677323
    },
    {
      "step": 450,
      "purpose_vector": [
        0.24958893917540934,
        0.24956980171324142,
        0.2509187092913186,
        0.2501552696999268,
        0.0,
        0.0,
        0.0,
        0.0,
        -0.00023272021330724755
      ],
      "purpose_statement": "I exist to shape and impact. My primary goal is Influence, alongside Optimization and Survival.",
      "reflection_data": {
        "total_steps": 10,
        "recent_window": 10,
        "action_distribution": {
          "unknown": 10
        },
        "state_distribution": {
          "concerned": 10
        },
        "average_reward": 0.29175315905244226,
        "reward_trend": 0.0,
        "current_weights": [
          0.26862097928187634,
          0.12349804160001705,
          0.3389729325264965,
          0.26890804659161016
        ],
        "coherence_score": -0.0011636010665362377,
        "valence_profile": {
          "beta_distribution": [
            0.24953086838168917,
            0.24951173537215296,
            0.2508603291056584,
            0.2500970671404995
          ]
        },
        "social_summary": {
          "n_agents": 0,
          "avg_trust": 0.0
        },
        "timestamp": "2026-03-19T20:30:20.334219"
      },
      "change_magnitude": 0.001981386719722601
    }
  ]
}