{
  "agent_id": "real_world_agent",
  "current_purpose": {
    "vector": [
      0.25083226188244606,
      0.24925069301972402,
      0.2514231307121548,
      0.24864476808514419,
      0.0,
      0.0,
      0.0,
      0.0,
      -0.00015085403285277195
    ],
    "statement": "I exist to shape and impact. My primary goal is Influence, alongside Survival and Curiosity.",
    "last_generation": 6000
  },
  "purpose_history": [
    {
      "step": 2000,
      "purpose_vector": [
        0.2509397868003432,
        0.2503765846316817,
        0.25031741814485,
        0.24860207230986098,
        0.0,
        0.0,
        0.0,
        0.0,
        -0.00023586222014777025
      ],
      "purpose_statement": "I exist to persist and endure. My core drive is Survival, supported by Curiosity and Influence.",
      "reflection_data": {
        "total_steps": 10,
        "recent_window": 10,
        "action_distribution": {
          "unknown": 10
        },
        "state_distribution": {
          "concerned": 10
        },
        "average_reward": 0.3267257638667436,
        "reward_trend": 0.0,
        "current_weights": [
          0.27762472728890586,
          0.36899587604151035,
          0.2465079402591388,
          0.10687145641044503
        ],
        "coherence_score": -0.0011793111007388512,
        "valence_profile": {
          "beta_distribution": [
            0.250880613625468,
            0.25031754426340863,
            0.2502583917284054,
            0.24854345038271783
          ]
        },
        "social_summary": {
          "n_agents": 0,
          "avg_trust": 0.0
        },
        "timestamp": "2026-03-21T09:05:39.448272"
      },
      "change_magnitude": 0.37593321729188667
    },
    {
      "step": 4000,
      "purpose_vector": [
        0.24951933329489548,
        0.25107925358357,
        0.25064352881272633,
        0.24895860859638427,
        0.0,
        0.0,
        0.0,
        0.0,
        -0.00020072462097636603
      ],
      "purpose_statement": "I exist to explore and understand. My highest calling is Curiosity, followed by Influence and Survival.",
      "reflection_data": {
        "total_steps": 10,
        "recent_window": 10,
        "action_distribution": {
          "unknown": 10
        },
        "state_distribution": {
          "concerned": 10
        },
        "average_reward": 0.29664601388440826,
        "reward_trend": 0.0,
        "current_weights": [
          0.14075363337269456,
          0.43053775432058433,
          0.21346314279633055,
          0.21524546951039059
        ],
        "coherence_score": -0.0010036231048818301,
        "valence_profile": {
          "beta_distribution": [
            0.24946925875565962,
            0.25102886599328245,
            0.2505932286654311,
            0.24890864658562686
          ]
        },
        "social_summary": {
          "n_agents": 0,
          "avg_trust": 0.0
        },
        "timestamp": "2026-03-21T09:09:01.059573"
      },
      "change_magnitude": 0.0016571459680041793
    },
    {
      "step": 6000,
      "purpose_vector": [
        0.25083226188244606,
        0.24925069301972402,
        0.2514231307121548,
        0.24864476808514419,
        0.0,
        0.0,
        0.0,
        0.0,
        -0.00015085403285277195
      ],
      "purpose_statement": "I exist to shape and impact. My primary goal is Influence, alongside Survival and Curiosity.",
      "reflection_data": {
        "total_steps": 10,
        "recent_window": 10,
        "action_distribution": {
          "unknown": 10
        },
        "state_distribution": {
          "concerned": 10
        },
        "average_reward": 0.3167104542144278,
        "reward_trend": 0.0,
        "current_weights": [
          0.2805121327011434,
          0.13564279120405093,
          0.3813622604602149,
          0.20248281563459083
        ],
        "coherence_score": -0.0007542701642638597,
        "valence_profile": {
          "beta_distribution": [
            0.2507944286150833,
            0.24921309830188904,
            0.2513852083234874,
            0.24860726475954031
          ]
        },
        "social_summary": {
          "n_agents": 0,
          "avg_trust": 0.0
        },
        "timestamp": "2026-03-21T09:12:22.718222"
      },
      "change_magnitude": 0.0024033679026124665
    }
  ]
}