{
  "agent_id": "enhanced_agent_10",
  "current_purpose": {
    "vector": [
      0.24862879933204107,
      0.25243735008213947,
      0.24947815602262777,
      0.24948428824286234,
      0.0,
      0.0,
      0.0,
      0.0,
      -2.859401301350541e-05
    ],
    "statement": "I exist to explore and understand. My highest calling is Curiosity, followed by Optimization and Influence.",
    "last_generation": 3000
  },
  "purpose_history": [
    {
      "step": 300,
      "purpose_vector": [
        0.2500127848142881,
        0.2509277964202323,
        0.2480291158777427,
        0.25113025362889735,
        0.0,
        0.0,
        0.0,
        0.0,
        -9.995107452721027e-05
      ],
      "purpose_statement": "I exist to optimize and improve. My purpose centers on Optimization, with Curiosity and Survival as supporting drives.",
      "reflection_data": {
        "total_steps": 10,
        "recent_window": 10,
        "action_distribution": {
          "unknown": 10
        },
        "state_distribution": {
          "concerned": 10
        },
        "average_reward": 0.24689110619585822,
        "reward_trend": 0.0,
        "current_weights": [
          0.25224184757263773,
          0.3264428627601649,
          0.09743931492566982,
          0.3238759747415276
        ],
        "coherence_score": -0.0004997553726360513,
        "valence_profile": {
          "beta_distribution": [
            0.2499877983485621,
            0.2509027185075583,
            0.24800432766138192,
            0.2511051554824976
          ]
        },
        "social_summary": {
          "n_agents": 0,
          "avg_trust": 0.0
        },
        "timestamp": "2026-03-19T20:49:49.722858"
      },
      "change_magnitude": 0.375843062038887
    },
    {
      "step": 600,
      "purpose_vector": [
        0.24983272854853372,
        0.25165687578814894,
        0.2484587879342284,
        0.2502485438486884,
        0.0,
        0.0,
        0.0,
        0.0,
        -0.00019693645299834013
      ],
      "purpose_statement": "I exist to explore and understand. My highest calling is Curiosity, followed by Optimization and Survival.",
      "reflection_data": {
        "total_steps": 10,
        "recent_window": 10,
        "action_distribution": {
          "unknown": 10
        },
        "state_distribution": {
          "concerned": 10
        },
        "average_reward": 0.2803741094351921,
        "reward_trend": 0.0,
        "current_weights": [
          0.30668589387964595,
          0.3288225564654201,
          0.11495665263279714,
          0.24953489702213683
        ],
        "coherence_score": -0.0009846822649917006,
        "valence_profile": {
          "beta_distribution": [
            0.24978353714798798,
            0.2516073252178577,
            0.24840986705893964,
            0.25019927057521474
          ]
        },
        "social_summary": {
          "n_agents": 0,
          "avg_trust": 0.0
        },
        "timestamp": "2026-03-19T20:49:49.882237"
      },
      "change_magnitude": 0.0012391179765612118
    },
    {
      "step": 900,
      "purpose_vector": [
        0.2505640268426421,
        0.2506918144593452,
        0.2502007933973488,
        0.24909588295918708,
        0.0,
        0.0,
        0.0,
        0.0,
        -0.000552517992040827
      ],
      "purpose_statement": "I exist to explore and understand. My highest calling is Curiosity, followed by Survival and Influence.",
      "reflection_data": {
        "total_steps": 10,
        "recent_window": 10,
        "action_distribution": {
          "unknown": 10
        },
        "state_distribution": {
          "concerned": 10
        },
        "average_reward": 0.2529512007477502,
        "reward_trend": 0.0,
        "current_weights": [
          0.3212203834171546,
          0.31968946642567786,
          0.22496671903452753,
          0.13412343112264005
        ],
        "coherence_score": -0.0027625899602041347,
        "valence_profile": {
          "beta_distribution": [
            0.250425662242106,
            0.25055337929288324,
            0.25006262937888024,
            0.24895832908613058
          ]
        },
        "social_summary": {
          "n_agents": 0,
          "avg_trust": 0.0
        },
        "timestamp": "2026-03-19T20:49:50.048007"
      },
      "change_magnitude": 0.0024404485149155217
    },
    {
      "step": 1200,
      "purpose_vector": [
        0.24864652474468865,
        0.2508331631572983,
        0.2508426749925269,
        0.2499189316648664,
        0.0,
        0.0,
        0.0,
        0.0,
        -0.0002412948927941952
      ],
      "purpose_statement": "I exist to shape and impact. My primary goal is Influence, alongside Curiosity and Optimization.",
      "reflection_data": {
        "total_steps": 10,
        "recent_window": 10,
        "action_distribution": {
          "unknown": 10
        },
        "state_distribution": {
          "crisis": 10
        },
        "average_reward": 0.28726398404158404,
        "reward_trend": 0.0,
        "current_weights": [
          0.16199821206165926,
          0.3533266127443878,
          0.29776511806690825,
          0.18691005712704475
        ],
        "coherence_score": -0.001206474463970976,
        "valence_profile": {
          "beta_distribution": [
            0.24858654216452922,
            0.25077265308046864,
            0.2507821626210968,
            0.24985864213390535
          ]
        },
        "social_summary": {
          "n_agents": 0,
          "avg_trust": 0.0
        },
        "timestamp": "2026-03-19T20:49:50.208691"
      },
      "change_magnitude": 0.0022097680244139704
    },
    {
      "step": 1500,
      "purpose_vector": [
        0.25018544882814087,
        0.24881612525498548,
        0.25032279654721346,
        0.25073373247392805,
        0.0,
        0.0,
        0.0,
        0.0,
        -5.810343762049705e-05
      ],
      "purpose_statement": "I exist to optimize and improve. My purpose centers on Optimization, with Influence and Survival as supporting drives.",
      "reflection_data": {
        "total_steps": 10,
        "recent_window": 10,
        "action_distribution": {
          "unknown": 10
        },
        "state_distribution": {
          "concerned": 10
        },
        "average_reward": 0.2598457249367873,
        "reward_trend": 0.0,
        "current_weights": [
          0.27286856741214965,
          0.11417238685051574,
          0.3797193017527084,
          0.23323974398462616
        ],
        "coherence_score": -0.00029051718810248526,
        "valence_profile": {
          "beta_distribution": [
            0.250170913121491,
            0.24880166910566343,
            0.2503082528606984,
            0.25071916491214724
          ]
        },
        "social_summary": {
          "n_agents": 0,
          "avg_trust": 0.0
        },
        "timestamp": "2026-03-19T20:49:50.389800"
      },
      "change_magnitude": 0.0027211141651157325
    },
    {
      "step": 1800,
      "purpose_vector": [
        0.250125481920462,
        0.25037032772510986,
        0.2483577160225691,
        0.251352509662871,
        0.0,
        0.0,
        0.0,
        0.0,
        -0.00020603566441396647
      ],
      "purpose_statement": "I exist to optimize and improve. My purpose centers on Optimization, with Curiosity and Survival as supporting drives.",
      "reflection_data": {
        "total_steps": 10,
        "recent_window": 10,
        "action_distribution": {
          "unknown": 10
        },
        "state_distribution": {
          "concerned": 10
        },
        "average_reward": 0.28754903233829393,
        "reward_trend": 0.0,
        "current_weights": [
          0.26662487898610254,
          0.29283990811746263,
          0.1646649469825925,
          0.27587026591384217
        ],
        "coherence_score": -0.0010301783220698323,