{
  "agent_id": "purpose_agent_03",
  "current_purpose": {
    "vector": [
      0.2498643790655789,
      0.25000288268133397,
      0.2512965928923881,
      0.24913908110409763,
      0.0,
      0.0,
      0.0,
      0.0,
      -0.0003029360768329417
    ],
    "statement": "I exist to shape and impact. My primary goal is Influence, alongside Curiosity and Survival.",
    "last_generation": 450
  },
  "purpose_history": [
    {
      "step": 150,
      "purpose_vector": [
        0.25125395057097466,
        0.2491591025223851,
        0.24928303826696965,
        0.25045433761087327,
        0.0,
        0.0,
        0.0,
        0.0,
        -0.0001504293045862355
      ],
      "purpose_statement": "I exist to persist and endure. My core drive is Survival, supported by Optimization and Influence.",
      "reflection_data": {
        "total_steps": 10,
        "recent_window": 10,
        "action_distribution": {
          "unknown": 10
        },
        "state_distribution": {
          "normal": 10
        },
        "average_reward": 0.28689043392712404,
        "reward_trend": 0.0,
        "current_weights": [
          0.47614767935510677,
          0.12081691661836383,
          0.11705265424392182,
          0.28598274978260757
        ],
        "coherence_score": -0.0007521465229311775,
        "valence_profile": {
          "beta_distribution": [
            0.25121616038241884,
            0.24912162741226912,
            0.24924554451613126,
            0.25041666768918075
          ]
        },
        "social_summary": {
          "n_agents": 0,
          "avg_trust": 0.0
        },
        "timestamp": "2026-03-19T20:30:20.251625"
      },
      "change_magnitude": 0.37587397586346244
    },
    {
      "step": 300,
      "purpose_vector": [
        0.24855934260910545,
        0.2508225455577586,
        0.2493713860624578,
        0.2512831372394689,
        0.0,
        0.0,
        0.0,
        0.0,
        -3.641180213636035e-05
      ],
      "purpose_statement": "I exist to optimize and improve. My purpose centers on Optimization, with Curiosity and Influence as supporting drives.",
      "reflection_data": {
        "total_steps": 10,
        "recent_window": 10,
        "action_distribution": {
          "unknown": 10
        },
        "state_distribution": {
          "crisis": 10
        },
        "average_reward": 0.2985855985110764,
        "reward_trend": 0.0,
        "current_weights": [
          0.14990676082453377,
          0.2157572388724462,
          0.10402306460695568,
          0.5303129356960644
        ],
        "coherence_score": -0.00018205901068180176,
        "valence_profile": {
          "beta_distribution": [
            0.2485502925278861,
            0.25081341307299626,
            0.24936230641462018,
            0.25127398798449746
          ]
        },
        "social_summary": {
          "n_agents": 0,
          "avg_trust": 0.0
        },
        "timestamp": "2026-03-19T20:30:20.294739"
      },
      "change_magnitude": 0.0032765330683962846
    },
    {
      "step": 450,
      "purpose_vector": [
        0.2498643790655789,
        0.25000288268133397,
        0.2512965928923881,
        0.24913908110409763,
        0.0,
        0.0,
        0.0,
        0.0,
        -0.0003029360768329417
      ],
      "purpose_statement": "I exist to shape and impact. My primary goal is Influence, alongside Curiosity and Survival.",
      "reflection_data": {
        "total_steps": 10,
        "recent_window": 10,
        "action_distribution": {
          "unknown": 10
        },
        "state_distribution": {
          "concerned": 10
        },
        "average_reward": 0.2720935059428743,
        "reward_trend": 0.0,
        "current_weights": [
          0.17539113959804226,
          0.19538931395840387,
          0.38638017555584364,
          0.24283937088771032
        ],
        "coherence_score": -0.0015146803841647085,
        "valence_profile": {
          "beta_distribution": [
            0.24978870913728382,
            0.24992717080804971,
            0.25122048922672724,
            0.2490636308279392
          ]
        },
        "social_summary": {
          "n_agents": 0,
          "avg_trust": 0.0
        },
        "timestamp": "2026-03-19T20:30:20.336833"
      },
      "change_magnitude": 0.0032786278566420794
    }
  ]
}