{
  "timestamp": "2026-03-23T16:23:19.109699",
  "step": 3789000,
  "resumed_from": 2610000,
  "progress": 0.8770833333333333,
  "elapsed_hours": 3.3821405891666663,
  "purpose": {
    "vector": [
      0.17600000000000002,
      0.13200000000000014,
      0.43999999999999984,
      0.13200000000000003,
      0.9739307976132947,
      0.42754316128518877,
      0.0,
      0.0,
      0.10794377562102896
    ],
    "dominant": "Influence",
    "statement": "I exist to shape and impact. Creating change is my primary drive (0.44)."
  },
  "metrics": {
    "exploration_rate": 0.1,
    "action_diversity": 0.09,
    "success_rate": 0.56,
    "unique_actions": 9
  },
  "goals": {
    "total": 0,
    "active": 0
  },
  "stats": {
    "purpose_switches": 0,
    "goals_achieved": 0,
    "predictions_made": 0,
    "reflections": 378900
  }
}