{
  "timestamp": "2026-03-23T17:54:54.687493",
  "step": 4320000,
  "resumed_from": 2610000,
  "progress": 1.0,
  "elapsed_hours": 4.908689976944444,
  "purpose": {
    "vector": [
      0.17600000000000002,
      0.13200000000000014,
      0.43999999999999984,
      0.13200000000000003,
      0.9739307976132947,
      0.43416025021155225,
      0.0,
      0.0,
      0.10734969124804081
    ],
    "dominant": "Influence",
    "statement": "I exist to shape and impact. Creating change is my primary drive (0.44)."
  },
  "metrics": {
    "exploration_rate": 0.1,
    "action_diversity": 0.08,
    "success_rate": 0.56,
    "unique_actions": 8
  },
  "goals": {
    "total": 0,
    "active": 0
  },
  "stats": {
    "purpose_switches": 0,
    "goals_achieved": 0,
    "predictions_made": 0,
    "reflections": 432000
  }
}