{
  "timestamp": "2026-03-22T14:50:41.436657",
  "step": 1091000,
  "progress": 0.25254629629629627,
  "elapsed_seconds": 17747.142169,
  "purpose": {
    "vector": [
      0.382987674062356,
      0.18126331887137606,
      0.16956891120225506,
      0.14618009586401293,
      0.9970648870926294,
      0.239068259052274,
      0.0,
      0.0,
      0.12
    ],
    "dominant": "Survival",
    "statement": "I exist to persist and endure. Survival is my primary drive (0.38)."
  },
  "coherence": 0.9472116427379978,
  "goals_total": 73811,
  "goals_active": 0,
  "reflections": 109100
}