{
  "step": 1000,
  "cooperation_rate": 1.0,
  "agents": {
    "agent_00": {
      "weights": [
        0.2155985493657133,
        0.1739948199100503,
        0.39935415955764897,
        0.21105247116658737
      ],
      "state": "concerned",
      "personality": {
        "type": "Influence",
        "weight": 0.2516539368026224,
        "entropy": 1.3862740959647177
      },
      "social": {
        "known_agents": 9,
        "avg_trust": 0.9999920109225021
      },
      "norm": {
        "type": "transitional",
        "value": 0.9999963743533415,
        "violation_rate": 0.0
      }
    },
    "agent_01": {
      "weights": [
        0.49621923016303005,
        0.15369246687184562,
        0.22858405999226486,
        0.12150424297285953
      ],
      "state": "normal",
      "personality": {
        "type": "Survival",
        "weight": 0.25815833577544234,
        "entropy": 1.3859474857625174
      },
      "social": {
        "known_agents": 9,
        "avg_trust": 0.999992828705763
      },
      "norm": {
        "type": "transitional",
        "value": 0.9999966427037936,
        "violation_rate": 0.0
      }
    },
    "agent_02": {
      "weights": [
        0.3405324580007714,
        0.21177484752372122,
        0.2722804334853754,
        0.1754122609901318
      ],
      "state": "concerned",
      "personality": {
        "type": "Influence",
        "weight": 0.2587659885554517,
        "entropy": 1.3858133873186205
      },
      "social": {
        "known_agents": 9,
        "avg_trust": 0.9999837757403388
      },
      "norm": {
        "type": "transitional",
        "value": 0.9999931154630703,
        "violation_rate": 0.0
      }
    },
    "agent_03": {
      "weights": [
        0.2813212055290725,
        0.18602987594327056,
        0.10701792555586848,
        0.42563099297178847
      ],
      "state": "concerned",
      "personality": {
        "type": "Survival",
        "weight": 0.2529800885814761,
        "entropy": 1.3862392865958197
      },
      "social": {
        "known_agents": 9,
        "avg_trust": 0.9999925262172571
      },
      "norm": {
        "type": "transitional",
        "value": 0.9999965283165193,
        "violation_rate": 0.0
      }
    },
    "agent_04": {
      "weights": [
        0.1956878770859715,
        0.11161492198497237,
        0.36555617571851046,
        0.3271410252105456
      ],
      "state": "concerned",
      "personality": {
        "type": "Optimization",
        "weight": 0.2600398895840176,
        "entropy": 1.3855858568955548
      },
      "social": {
        "known_agents": 9,
        "avg_trust": 0.9999940572067383
      },
      "norm": {
        "type": "transitional",
        "value": 0.9999971705588506,
        "violation_rate": 0.0
      }
    },
    "agent_05": {
      "weights": [
        0.5603930496723691,
        0.13226994545055903,
        0.1102849350965189,
        0.19705206978055292
      ],
      "state": "normal",
      "personality": {
        "type": "Survival",
        "weight": 0.2540016315739716,
        "entropy": 1.386234618708398
      },
      "social": {
        "known_agents": 9,
        "avg_trust": 0.9999830678066028
      },
      "norm": {
        "type": "transitional",
        "value": 0.9999926999506146,
        "violation_rate": 0.0
      }
    },
    "agent_06": {
      "weights": [
        0.11014109764577952,
        0.35904098273781093,
        0.4080618081102654,
        0.12275611150614417
      ],
      "state": "concerned",
      "personality": {
        "type": "Influence",
        "weight": 0.2532637562933837,
        "entropy": 1.3862588259133033
      },
      "social": {
        "known_agents": 9,
        "avg_trust": 0.9999939918039311
      },
      "norm": {
        "type": "transitional",
        "value": 0.9999971403234427,
        "violation_rate": 0.0
      }
    },
    "agent_07": {
      "weights": [
        0.405590951849693,
        0.14378332665086713,
        0.3338070798616991,
        0.11681864163774085
      ],
      "state": "normal",
      "personality": {
        "type": "Influence",
        "weight": 0.25141758897706645,
        "entropy": 1.3862867147009221
      },
      "social": {
        "known_agents": 9,
        "avg_trust": 0.9999935622033548
      },
      "norm": {
        "type": "transitional",
        "value": 0.9999969372116957,
        "violation_rate": 0.0
      }
    },
    "agent_08": {
      "weights": [
        0.10582007307798574,
        0.307546979964015,
        0.23535971759133542,
        0.35127322936666394
      ],
      "state": "crisis",
      "personality": {
        "type": "Optimization",
        "weight": 0.256909078426165,
        "entropy": 1.386119680403471
      },
      "social": {
        "known_agents": 9,
        "avg_trust": 0.9999937992168056
      },
      "norm": {
        "type": "transitional",
        "value": 0.9999970506658382,
        "violation_rate": 0.0
      }
    },
    "agent_09": {
      "weights": [
        0.1854635444521251,
        0.2073243278934076,
        0.14870514621545156,
        0.45850698143901575
      ],
      "state": "concerned",
      "personality": {
        "type": "Optimization",
        "weight": 0.25367002648410225,
        "entropy": 1.3862576310612122
      },
      "social": {
        "known_agents": 9,
        "avg_trust": 0.9999922971143784
      },
      "norm": {
        "type": "transitional",
        "value": 0.999996391252276,
        "violation_rate": 0.0
      }
    }
  }
}