{
  "step": 4000,
  "cooperation_rate": 1.0,
  "agents": {
    "agent_00": {
      "weights": [
        0.4056752936625097,
        0.09695562023738209,
        0.2872999167594195,
        0.2100691693406887
      ],
      "state": "normal",
      "personality": {
        "type": "Survival",
        "weight": 0.25298916825961465,
        "entropy": 1.3862589320876926
      },
      "social": {
        "known_agents": 9,
        "avg_trust": 0.9999999999999996
      },
      "norm": {
        "type": "transitional",
        "value": 0.9999999999999998,
        "violation_rate": 0.0
      }
    },
    "agent_01": {
      "weights": [
        0.2249998681276191,
        0.20264457253002618,
        0.23129288072667334,
        0.34106267861568146
      ],
      "state": "concerned",
      "personality": {
        "type": "Optimization",
        "weight": 0.25432094927205745,
        "entropy": 1.386072089450321
      },
      "social": {
        "known_agents": 9,
        "avg_trust": 0.9999999999999996
      },
      "norm": {
        "type": "transitional",
        "value": 0.9999999999999998,
        "violation_rate": 0.0
      }
    },
    "agent_02": {
      "weights": [
        0.14590110977767853,
        0.25883986269498543,
        0.4173276476293187,
        0.17793137989801733
      ],
      "state": "concerned",
      "personality": {
        "type": "Influence",
        "weight": 0.26018259503615987,
        "entropy": 1.3859545366721286
      },
      "social": {
        "known_agents": 9,
        "avg_trust": 0.9999999999999996
      },
      "norm": {
        "type": "transitional",
        "value": 0.9999999999999998,
        "violation_rate": 0.0
      }
    },
    "agent_03": {
      "weights": [
        0.4456840886357261,
        0.29087899212114754,
        0.10093364541611094,
        0.16250327382701554
      ],
      "state": "normal",
      "personality": {
        "type": "Survival",
        "weight": 0.2525859693364784,
        "entropy": 1.3862057720556316
      },
      "social": {
        "known_agents": 9,
        "avg_trust": 0.9999999999999996
      },
      "norm": {
        "type": "transitional",
        "value": 0.9999999999999998,
        "violation_rate": 0.0
      }
    },
    "agent_04": {
      "weights": [
        0.1271238209774646,
        0.2926377928864116,
        0.10256870911314879,
        0.4776696770229749
      ],
      "state": "concerned",
      "personality": {
        "type": "Optimization",
        "weight": 0.26464733359185144,
        "entropy": 1.3853189191497464
      },
      "social": {
        "known_agents": 9,
        "avg_trust": 0.9999999999999996
      },
      "norm": {
        "type": "transitional",
        "value": 0.9999999999999998,
        "violation_rate": 0.0
      }
    },
    "agent_05": {
      "weights": [
        0.3528296716699421,
        0.32199475032931085,
        0.16925586648219487,
        0.15591971151855208
      ],
      "state": "normal",
      "personality": {
        "type": "Survival",
        "weight": 0.25210488282922555,
        "entropy": 1.3862279676117661
      },
      "social": {
        "known_agents": 9,
        "avg_trust": 0.9999999999999996
      },
      "norm": {
        "type": "transitional",
        "value": 0.9999999999999998,
        "violation_rate": 0.0
      }
    },
    "agent_06": {
      "weights": [
        0.12292138533536714,
        0.4007550870940698,
        0.3132296384318928,
        0.16309388913867026
      ],
      "state": "concerned",
      "personality": {
        "type": "Influence",
        "weight": 0.25055300867093266,
        "entropy": 1.3862922208282338
      },
      "social": {
        "known_agents": 9,
        "avg_trust": 0.9999999999999996
      },
      "norm": {
        "type": "transitional",
        "value": 0.9999999999999998,
        "violation_rate": 0.0
      }
    },
    "agent_07": {
      "weights": [
        0.23479818033329594,
        0.5302591906607514,
        0.1199136204990632,
        0.11502900850688956
      ],
      "state": "concerned",
      "personality": {
        "type": "Curiosity",
        "weight": 0.25326066341806924,
        "entropy": 1.3862523922986896
      },
      "social": {
        "known_agents": 9,
        "avg_trust": 0.9999999999999996
      },
      "norm": {
        "type": "transitional",
        "value": 0.9999999999999998,
        "violation_rate": 0.0
      }
    },
    "agent_08": {
      "weights": [
        0.4227977668529254,
        0.16064391614415702,
        0.19385805692639302,
        0.22270026007652452
      ],
      "state": "normal",
      "personality": {
        "type": "Survival",
        "weight": 0.26010561613543104,
        "entropy": 1.3858261581953468
      },
      "social": {
        "known_agents": 9,
        "avg_trust": 0.9999999999999996
      },
      "norm": {
        "type": "transitional",
        "value": 0.9999999999999998,
        "violation_rate": 0.0
      }
    },
    "agent_09": {
      "weights": [
        0.10258974747915862,
        0.5191873422966289,
        0.1458490824843263,
        0.23237382773988627
      ],
      "state": "concerned",
      "personality": {
        "type": "Curiosity",
        "weight": 0.2522939634631207,
        "entropy": 1.3862622676410477
      },
      "social": {
        "known_agents": 9,
        "avg_trust": 0.9999999999999996
      },
      "norm": {
        "type": "transitional",
        "value": 0.9999999999999998,
        "violation_rate": 0.0
      }
    }
  }
}