{
  "step": 8000,
  "cooperation_rate": 1.0,
  "agents": {
    "agent_00": {
      "weights": [
        0.16865411178090836,
        0.13320746187026855,
        0.4782212026689835,
        0.2199172236798395
      ],
      "state": "concerned",
      "personality": {
        "type": "Influence",
        "weight": 0.2526303311409793,
        "entropy": 1.386258991654571
      },
      "social": {
        "known_agents": 9,
        "avg_trust": 0.9999999999999996
      },
      "norm": {
        "type": "transitional",
        "value": 0.9999999999999998,
        "violation_rate": 0.0
      }
    },
    "agent_01": {
      "weights": [
        0.23585737291023645,
        0.291041243505728,
        0.3651524073321738,
        0.10794897625186176
      ],
      "state": "concerned",
      "personality": {
        "type": "Influence",
        "weight": 0.25675999623174894,
        "entropy": 1.385977305369695
      },
      "social": {
        "known_agents": 9,
        "avg_trust": 0.9999999999999996
      },
      "norm": {
        "type": "transitional",
        "value": 0.9999999999999998,
        "violation_rate": 0.0
      }
    },
    "agent_02": {
      "weights": [
        0.10453410428729515,
        0.11494035179099181,
        0.3507219904336102,
        0.42980355348810295
      ],
      "state": "crisis",
      "personality": {
        "type": "Optimization",
        "weight": 0.2597832797511944,
        "entropy": 1.3856143584695975
      },
      "social": {
        "known_agents": 9,
        "avg_trust": 0.9999999999999996
      },
      "norm": {
        "type": "transitional",
        "value": 0.9999999999999998,
        "violation_rate": 0.0
      }
    },
    "agent_03": {
      "weights": [
        0.19438466196116103,
        0.28315118935249467,
        0.11827671570317136,
        0.40418743298317295
      ],
      "state": "concerned",
      "personality": {
        "type": "Curiosity",
        "weight": 0.25380589131247006,
        "entropy": 1.3862269213659002
      },
      "social": {
        "known_agents": 9,
        "avg_trust": 0.9999999999999996
      },
      "norm": {
        "type": "transitional",
        "value": 0.9999999999999998,
        "violation_rate": 0.0
      }
    },
    "agent_04": {
      "weights": [
        0.26577348373337933,
        0.15597425019079067,
        0.3568154819670285,
        0.2214367841088015
      ],
      "state": "concerned",
      "personality": {
        "type": "Optimization",
        "weight": 0.258296733758285,
        "entropy": 1.385666390465859
      },
      "social": {
        "known_agents": 9,
        "avg_trust": 0.9999999999999996
      },
      "norm": {
        "type": "transitional",
        "value": 0.9999999999999998,
        "violation_rate": 0.0
      }
    },
    "agent_05": {
      "weights": [
        0.2196215120509343,
        0.18984177305371636,
        0.24013436780088454,
        0.35040234709446477
      ],
      "state": "concerned",
      "personality": {
        "type": "Influence",
        "weight": 0.2524561199907519,
        "entropy": 1.3862681452453374
      },
      "social": {
        "known_agents": 9,
        "avg_trust": 0.9999999999999996
      },
      "norm": {
        "type": "transitional",
        "value": 0.9999999999999998,
        "violation_rate": 0.0
      }
    },
    "agent_06": {
      "weights": [
        0.18593643902293525,
        0.311004890811494,
        0.17438239252677815,
        0.3286762776387927
      ],
      "state": "concerned",
      "personality": {
        "type": "Survival",
        "weight": 0.2511451249656563,
        "entropy": 1.3862893162339316
      },
      "social": {
        "known_agents": 9,
        "avg_trust": 0.9999999999999996
      },
      "norm": {
        "type": "transitional",
        "value": 0.9999999999999998,
        "violation_rate": 0.0
      }
    },
    "agent_07": {
      "weights": [
        0.255084801313675,
        0.12377706700235347,
        0.09931137459026346,
        0.521826757093708
      ],
      "state": "concerned",
      "personality": {
        "type": "Optimization",
        "weight": 0.2545317381111489,
        "entropy": 1.3862290535367978
      },
      "social": {
        "known_agents": 9,
        "avg_trust": 0.9999999999999996
      },
      "norm": {
        "type": "transitional",
        "value": 0.9999999999999998,
        "violation_rate": 0.0
      }
    },
    "agent_08": {
      "weights": [
        0.4448691292926114,
        0.166306558537187,
        0.28616638005112566,
        0.102657932119076
      ],
      "state": "normal",
      "personality": {
        "type": "Survival",
        "weight": 0.26006808605037873,
        "entropy": 1.3859321410580627
      },
      "social": {
        "known_agents": 9,
        "avg_trust": 0.9999999999999996
      },
      "norm": {
        "type": "transitional",
        "value": 0.9999999999999998,
        "violation_rate": 0.0
      }
    },
    "agent_09": {
      "weights": [
        0.15088290048274544,
        0.4621201144459913,
        0.15790601149279745,
        0.22909097357846567
      ],
      "state": "crisis",
      "personality": {
        "type": "Curiosity",
        "weight": 0.25213079044383124,
        "entropy": 1.3862475351487833
      },
      "social": {
        "known_agents": 9,
        "avg_trust": 0.9999999999999996
      },
      "norm": {
        "type": "transitional",
        "value": 0.9999999999999998,
        "violation_rate": 0.0
      }
    }
  }
}