{
  "step": 9000,
  "cooperation_rate": 1.0,
  "agents": {
    "agent_00": {
      "weights": [
        0.2798965973102991,
        0.15448636080642117,
        0.45272629728786895,
        0.11289074459541086
      ],
      "state": "crisis",
      "personality": {
        "type": "Influence",
        "weight": 0.2529494405427547,
        "entropy": 1.3862649116414587
      },
      "social": {
        "known_agents": 9,
        "avg_trust": 0.9999999999999996
      },
      "norm": {
        "type": "transitional",
        "value": 0.9999999999999998,
        "violation_rate": 0.0
      }
    },
    "agent_01": {
      "weights": [
        0.17822178929419283,
        0.4080752390841794,
        0.14835858896145623,
        0.2653443826601715
      ],
      "state": "concerned",
      "personality": {
        "type": "Optimization",
        "weight": 0.25343803619042105,
        "entropy": 1.3862052695395535
      },
      "social": {
        "known_agents": 9,
        "avg_trust": 0.9999999999999996
      },
      "norm": {
        "type": "transitional",
        "value": 0.9999999999999998,
        "violation_rate": 0.0
      }
    },
    "agent_02": {
      "weights": [
        0.2675112847019355,
        0.1647459458991945,
        0.12680770917879597,
        0.44093506022007406
      ],
      "state": "concerned",
      "personality": {
        "type": "Optimization",
        "weight": 0.2596682762139023,
        "entropy": 1.385820055289917
      },
      "social": {
        "known_agents": 9,
        "avg_trust": 0.9999999999999996
      },
      "norm": {
        "type": "transitional",
        "value": 0.9999999999999998,
        "violation_rate": 0.0
      }
    },
    "agent_03": {
      "weights": [
        0.3562768462929789,
        0.1988116093736721,
        0.2823024223616889,
        0.1626091219716601
      ],
      "state": "normal",
      "personality": {
        "type": "Survival",
        "weight": 0.2544680659455151,
        "entropy": 1.3861503054920024
      },
      "social": {
        "known_agents": 9,
        "avg_trust": 0.9999999999999996
      },
      "norm": {
        "type": "transitional",
        "value": 0.9999999999999998,
        "violation_rate": 0.0
      }
    },
    "agent_04": {
      "weights": [
        0.1691403317687328,
        0.41429869559800214,
        0.2615344978150829,
        0.15502647481818202
      ],
      "state": "concerned",
      "personality": {
        "type": "Curiosity",
        "weight": 0.2588733832336029,
        "entropy": 1.3854079277929707
      },
      "social": {
        "known_agents": 9,
        "avg_trust": 0.9999999999999996
      },
      "norm": {
        "type": "transitional",
        "value": 0.9999999999999998,
        "violation_rate": 0.0
      }
    },
    "agent_05": {
      "weights": [
        0.4066732704869892,
        0.15651738532995024,
        0.20010109013699606,
        0.2367082540460645
      ],
      "state": "normal",
      "personality": {
        "type": "Influence",
        "weight": 0.2525702947909173,
        "entropy": 1.386237012161009
      },
      "social": {
        "known_agents": 9,
        "avg_trust": 0.9999999999999996
      },
      "norm": {
        "type": "transitional",
        "value": 0.9999999999999998,
        "violation_rate": 0.0
      }
    },
    "agent_06": {
      "weights": [
        0.1181724614529986,
        0.4212982352254243,
        0.3078319327877934,
        0.15269737053378377
      ],
      "state": "concerned",
      "personality": {
        "type": "Influence",
        "weight": 0.25164098483751257,
        "entropy": 1.3862853717946342
      },
      "social": {
        "known_agents": 9,
        "avg_trust": 0.9999999999999996
      },
      "norm": {
        "type": "transitional",
        "value": 0.9999999999999998,
        "violation_rate": 0.0
      }
    },
    "agent_07": {
      "weights": [
        0.21713540730525122,
        0.24208005815798633,
        0.15181577712860747,
        0.38896875740815495
      ],
      "state": "concerned",
      "personality": {
        "type": "Optimization",
        "weight": 0.2537987316397124,
        "entropy": 1.3862320153023555
      },
      "social": {
        "known_agents": 9,
        "avg_trust": 0.9999999999999996
      },
      "norm": {
        "type": "transitional",
        "value": 0.9999999999999998,
        "violation_rate": 0.0
      }
    },
    "agent_08": {
      "weights": [
        0.1577084161996361,
        0.40928628483401847,
        0.10241763702676407,
        0.3305876619395814
      ],
      "state": "concerned",
      "personality": {
        "type": "Optimization",
        "weight": 0.25558391272278674,
        "entropy": 1.3860938573992054
      },
      "social": {
        "known_agents": 9,
        "avg_trust": 0.9999999999999996
      },
      "norm": {
        "type": "transitional",
        "value": 0.9999999999999998,
        "violation_rate": 0.0
      }
    },
    "agent_09": {
      "weights": [
        0.23991716999377533,
        0.27983890917111365,
        0.1296596875385565,
        0.35058423329655447
      ],
      "state": "concerned",
      "personality": {
        "type": "Optimization",
        "weight": 0.25345400312779576,
        "entropy": 1.3862606071905188
      },
      "social": {
        "known_agents": 9,
        "avg_trust": 0.9999999999999996
      },
      "norm": {
        "type": "transitional",
        "value": 0.9999999999999998,
        "violation_rate": 0.0
      }
    }
  }
}