{
  "step": 3000,
  "cooperation_rate": 1.0,
  "agents": {
    "agent_00": {
      "weights": [
        0.18071566345958814,
        0.15040991041465993,
        0.21826261610121575,
        0.45061181002453604
      ],
      "state": "crisis",
      "personality": {
        "type": "Optimization",
        "weight": 0.25290051559933535,
        "entropy": 1.3862638875261473
      },
      "social": {
        "known_agents": 9,
        "avg_trust": 0.9999999999999988
      },
      "norm": {
        "type": "transitional",
        "value": 0.9999999999999651,
        "violation_rate": 0.0
      }
    },
    "agent_01": {
      "weights": [
        0.3448658825793581,
        0.4340937542507511,
        0.09663860863126471,
        0.12440175453862629
      ],
      "state": "concerned",
      "personality": {
        "type": "Survival",
        "weight": 0.25525898934096053,
        "entropy": 1.3860921530234775
      },
      "social": {
        "known_agents": 9,
        "avg_trust": 0.999999999999999
      },
      "norm": {
        "type": "transitional",
        "value": 0.9999999999999745,
        "violation_rate": 0.0
      }
    },
    "agent_02": {
      "weights": [
        0.17921430994417634,
        0.39270365290411846,
        0.21025548573244474,
        0.2178265514192606
      ],
      "state": "concerned",
      "personality": {
        "type": "Influence",
        "weight": 0.2569694508427867,
        "entropy": 1.386037561789795
      },
      "social": {
        "known_agents": 9,
        "avg_trust": 0.9999999999999987
      },
      "norm": {
        "type": "transitional",
        "value": 0.9999999999999578,
        "violation_rate": 0.0
      }
    },
    "agent_03": {
      "weights": [
        0.3316694343754092,
        0.310717548758825,
        0.12198144371321304,
        0.2356315731525527
      ],
      "state": "concerned",
      "personality": {
        "type": "Curiosity",
        "weight": 0.25376868959673576,
        "entropy": 1.386163184274547
      },
      "social": {
        "known_agents": 9,
        "avg_trust": 0.999999999999999
      },
      "norm": {
        "type": "transitional",
        "value": 0.9999999999999736,
        "violation_rate": 0.0
      }
    },
    "agent_04": {
      "weights": [
        0.5006571372568098,
        0.1386875069597653,
        0.2123271362388399,
        0.1483282195445848
      ],
      "state": "normal",
      "personality": {
        "type": "Optimization",
        "weight": 0.25634722349470124,
        "entropy": 1.3861396393031316
      },
      "social": {
        "known_agents": 9,
        "avg_trust": 0.9999999999999992
      },
      "norm": {
        "type": "transitional",
        "value": 0.99999999999998,
        "violation_rate": 0.0
      }
    },
    "agent_05": {
      "weights": [
        0.20556599559908809,
        0.10236853935594499,
        0.5619649250084202,
        0.1301005400365467
      ],
      "state": "concerned",
      "personality": {
        "type": "Influence",
        "weight": 0.256660705789727,
        "entropy": 1.3861620095773328
      },
      "social": {
        "known_agents": 9,
        "avg_trust": 0.999999999999999
      },
      "norm": {
        "type": "transitional",
        "value": 0.9999999999999689,
        "violation_rate": 0.0
      }
    },
    "agent_06": {
      "weights": [
        0.19113819114692845,
        0.261154255067259,
        0.379504030194366,
        0.16820352359144655
      ],
      "state": "crisis",
      "personality": {
        "type": "Influence",
        "weight": 0.25278522739573417,
        "entropy": 1.3862647103417667
      },
      "social": {
        "known_agents": 9,
        "avg_trust": 0.9999999999999994
      },
      "norm": {
        "type": "transitional",
        "value": 0.9999999999999822,
        "violation_rate": 0.0
      }
    },
    "agent_07": {
      "weights": [
        0.09924836795875461,
        0.19512320139060244,
        0.5662238258206149,
        0.139404604830028
      ],
      "state": "concerned",
      "personality": {
        "type": "Influence",
        "weight": 0.2524456501881859,
        "entropy": 1.3862430930375913
      },
      "social": {
        "known_agents": 9,
        "avg_trust": 0.9999999999999992
      },
      "norm": {
        "type": "transitional",
        "value": 0.9999999999999774,
        "violation_rate": 0.0
      }
    },
    "agent_08": {
      "weights": [
        0.19716123461924642,
        0.15026870405196877,
        0.4518748215233414,
        0.2006952398054435
      ],
      "state": "concerned",
      "personality": {
        "type": "Survival",
        "weight": 0.25565717321667847,
        "entropy": 1.3860704673447806
      },
      "social": {
        "known_agents": 9,
        "avg_trust": 0.9999999999999992
      },
      "norm": {
        "type": "transitional",
        "value": 0.9999999999999767,
        "violation_rate": 0.0
      }
    },
    "agent_09": {
      "weights": [
        0.3006987017518064,
        0.3250975706483441,
        0.24843559800457007,
        0.12576812959527947
      ],
      "state": "concerned",
      "personality": {
        "type": "Influence",
        "weight": 0.2523023880711632,
        "entropy": 1.3862723981288783
      },
      "social": {
        "known_agents": 9,
        "avg_trust": 0.999999999999999
      },
      "norm": {
        "type": "transitional",
        "value": 0.9999999999999698,
        "violation_rate": 0.0
      }
    }
  }
}