{
  "step": 6000,
  "cooperation_rate": 1.0,
  "agents": {
    "agent_00": {
      "weights": [
        0.1822642032066129,
        0.2609279765910382,
        0.4323142363249396,
        0.12449358387740928
      ],
      "state": "concerned",
      "personality": {
        "type": "Influence",
        "weight": 0.251744109519781,
        "entropy": 1.3862852747996164
      },
      "social": {
        "known_agents": 9,
        "avg_trust": 0.9999999999999996
      },
      "norm": {
        "type": "transitional",
        "value": 0.9999999999999998,
        "violation_rate": 0.0
      }
    },
    "agent_01": {
      "weights": [
        0.31955362616170213,
        0.09687147493162554,
        0.12405775463171391,
        0.4595171442749585
      ],
      "state": "concerned",
      "personality": {
        "type": "Optimization",
        "weight": 0.2579450988589947,
        "entropy": 1.385781987606465
      },
      "social": {
        "known_agents": 9,
        "avg_trust": 0.9999999999999996
      },
      "norm": {
        "type": "transitional",
        "value": 0.9999999999999998,
        "violation_rate": 0.0
      }
    },
    "agent_02": {
      "weights": [
        0.21005771813263577,
        0.5002854403546237,
        0.19152208678815233,
        0.09813475472458819
      ],
      "state": "concerned",
      "personality": {
        "type": "Influence",
        "weight": 0.2558369690658475,
        "entropy": 1.3862015087682407
      },
      "social": {
        "known_agents": 9,
        "avg_trust": 0.9999999999999996
      },
      "norm": {
        "type": "transitional",
        "value": 0.9999999999999998,
        "violation_rate": 0.0
      }
    },
    "agent_03": {
      "weights": [
        0.4460757169026922,
        0.0986998378204917,
        0.2725477485786251,
        0.1826766966981909
      ],
      "state": "normal",
      "personality": {
        "type": "Survival",
        "weight": 0.2559773395893855,
        "entropy": 1.3861327410159698
      },
      "social": {
        "known_agents": 9,
        "avg_trust": 0.9999999999999996
      },
      "norm": {
        "type": "transitional",
        "value": 0.9999999999999998,
        "violation_rate": 0.0
      }
    },
    "agent_04": {
      "weights": [
        0.12056497169059517,
        0.4339924069296164,
        0.23001301341112373,
        0.21542960796866475
      ],
      "state": "crisis",
      "personality": {
        "type": "Optimization",
        "weight": 0.2594656554697963,
        "entropy": 1.385269459668272
      },
      "social": {
        "known_agents": 9,
        "avg_trust": 0.9999999999999996
      },
      "norm": {
        "type": "transitional",
        "value": 0.9999999999999998,
        "violation_rate": 0.0
      }
    },
    "agent_05": {
      "weights": [
        0.23269270295958766,
        0.17980019771722652,
        0.37456181570080893,
        0.21294528362237686
      ],
      "state": "concerned",
      "personality": {
        "type": "Influence",
        "weight": 0.2546009302358023,
        "entropy": 1.3862275922073573
      },
      "social": {
        "known_agents": 9,
        "avg_trust": 0.9999999999999996
      },
      "norm": {
        "type": "transitional",
        "value": 0.9999999999999998,
        "violation_rate": 0.0
      }
    },
    "agent_06": {
      "weights": [
        0.1916107084572689,
        0.20865657166004478,
        0.31079104743207975,
        0.2889416724506064
      ],
      "state": "concerned",
      "personality": {
        "type": "Influence",
        "weight": 0.2522273067710556,
        "entropy": 1.3862668326322962
      },
      "social": {
        "known_agents": 9,
        "avg_trust": 0.9999999999999996
      },
      "norm": {
        "type": "transitional",
        "value": 0.9999999999999998,
        "violation_rate": 0.0
      }
    },
    "agent_07": {
      "weights": [
        0.3298894950675597,
        0.12633804067155194,
        0.4450519771628919,
        0.09872048709799636
      ],
      "state": "concerned",
      "personality": {
        "type": "Influence",
        "weight": 0.2523099161151267,
        "entropy": 1.3862727846534895
      },
      "social": {
        "known_agents": 9,
        "avg_trust": 0.9999999999999996
      },
      "norm": {
        "type": "transitional",
        "value": 0.9999999999999998,
        "violation_rate": 0.0
      }
    },
    "agent_08": {
      "weights": [
        0.22974012177350053,
        0.156742741701652,
        0.3344571570991987,
        0.27905997942564875
      ],
      "state": "concerned",
      "personality": {
        "type": "Survival",
        "weight": 0.25566054478786526,
        "entropy": 1.3860274197329383
      },
      "social": {
        "known_agents": 9,
        "avg_trust": 0.9999999999999996
      },
      "norm": {
        "type": "transitional",
        "value": 0.9999999999999998,
        "violation_rate": 0.0
      }
    },
    "agent_09": {
      "weights": [
        0.250803667223489,
        0.18548154714616152,
        0.3718425840470377,
        0.1918722015833118
      ],
      "state": "concerned",
      "personality": {
        "type": "Influence",
        "weight": 0.2526775571855744,
        "entropy": 1.3862546322566283
      },
      "social": {
        "known_agents": 9,
        "avg_trust": 0.9999999999999996
      },
      "norm": {
        "type": "transitional",
        "value": 0.9999999999999998,
        "violation_rate": 0.0
      }
    }
  }
}