{
  "step": 2000,
  "cooperation_rate": 1.0,
  "agents": {
    "agent_00": {
      "weights": [
        0.1965424061942679,
        0.2740881767955794,
        0.11071258369241799,
        0.4186568333177346
      ],
      "state": "crisis",
      "personality": {
        "type": "Optimization",
        "weight": 0.25208274161846356,
        "entropy": 1.3862810496704523
      },
      "social": {
        "known_agents": 9,
        "avg_trust": 0.999999999797192
      },
      "norm": {
        "type": "transitional",
        "value": 0.9999999996071063,
        "violation_rate": 0.0
      }
    },
    "agent_01": {
      "weights": [
        0.30095075326369886,
        0.12932326971576652,
        0.341954800097712,
        0.22777117692282264
      ],
      "state": "normal",
      "personality": {
        "type": "Survival",
        "weight": 0.2559918179644973,
        "entropy": 1.385961432170689
      },
      "social": {
        "known_agents": 9,
        "avg_trust": 0.9999999999383122
      },
      "norm": {
        "type": "transitional",
        "value": 0.9999999998414879,
        "violation_rate": 0.0
      }
    },
    "agent_02": {
      "weights": [
        0.2780303647977104,
        0.3485429115846757,
        0.14533959500520408,
        0.22808712861240968
      ],
      "state": "concerned",
      "personality": {
        "type": "Influence",
        "weight": 0.2563429563920702,
        "entropy": 1.3861236262211443
      },
      "social": {
        "known_agents": 9,
        "avg_trust": 0.9999999997430751
      },
      "norm": {
        "type": "transitional",
        "value": 0.9999999994952609,
        "violation_rate": 0.0
      }
    },
    "agent_03": {
      "weights": [
        0.14868524818873624,
        0.2518600308823527,
        0.17570328114879916,
        0.423751439780112
      ],
      "state": "concerned",
      "personality": {
        "type": "Influence",
        "weight": 0.2523323241418715,
        "entropy": 1.3862429810436128
      },
      "social": {
        "known_agents": 9,
        "avg_trust": 0.9999999999421182
      },
      "norm": {
        "type": "transitional",
        "value": 0.9999999998537137,
        "violation_rate": 0.0
      }
    },
    "agent_04": {
      "weights": [
        0.2290792916163962,
        0.20421927462578401,
        0.19457691770683258,
        0.3721245160509872
      ],
      "state": "concerned",
      "personality": {
        "type": "Optimization",
        "weight": 0.26082607089116183,
        "entropy": 1.3856014150063456
      },
      "social": {
        "known_agents": 9,
        "avg_trust": 0.999999999949268
      },
      "norm": {
        "type": "transitional",
        "value": 0.9999999998717266,
        "violation_rate": 0.0
      }
    },
    "agent_05": {
      "weights": [
        0.35937061349950133,
        0.1791392676099088,
        0.14969399568226918,
        0.3117961232083206
      ],
      "state": "concerned",
      "personality": {
        "type": "Influence",
        "weight": 0.25236207691573975,
        "entropy": 1.3862560221341398
      },
      "social": {
        "known_agents": 9,
        "avg_trust": 0.999999999880591
      },
      "norm": {
        "type": "transitional",
        "value": 0.9999999997202609,
        "violation_rate": 0.0
      }
    },
    "agent_06": {
      "weights": [
        0.2645979368041486,
        0.29536876635081466,
        0.13057493417656563,
        0.3094583626684711
      ],
      "state": "concerned",
      "personality": {
        "type": "Survival",
        "weight": 0.2508623031419688,
        "entropy": 1.3862888340645532
      },
      "social": {
        "known_agents": 9,
        "avg_trust": 0.9999999999348564
      },
      "norm": {
        "type": "transitional",
        "value": 0.9999999998449396,
        "violation_rate": 0.0
      }
    },
    "agent_07": {
      "weights": [
        0.29912579888717467,
        0.23034068358828483,
        0.330084912654722,
        0.14044860486981844
      ],
      "state": "concerned",
      "personality": {
        "type": "Optimization",
        "weight": 0.25177870438290606,
        "entropy": 1.3862626145628987
      },
      "social": {
        "known_agents": 9,
        "avg_trust": 0.9999999999388822
      },
      "norm": {
        "type": "transitional",
        "value": 0.9999999998464648,
        "violation_rate": 0.0
      }
    },
    "agent_08": {
      "weights": [
        0.36411732414217496,
        0.1194152755703603,
        0.2827419884668713,
        0.23372541182059334
      ],
      "state": "concerned",
      "personality": {
        "type": "Survival",
        "weight": 0.2572003298242918,
        "entropy": 1.3860213838308524
      },
      "social": {
        "known_agents": 9,
        "avg_trust": 0.9999999999310779
      },
      "norm": {
        "type": "transitional",
        "value": 0.9999999998353393,
        "violation_rate": 0.0
      }
    },
    "agent_09": {
      "weights": [
        0.28588233204686014,
        0.29865191377759687,
        0.31308240890364775,
        0.10238334527189534
      ],
      "state": "concerned",
      "personality": {
        "type": "Influence",
        "weight": 0.2515035467204844,
        "entropy": 1.3862840398556298
      },
      "social": {
        "known_agents": 9,
        "avg_trust": 0.9999999999262749
      },
      "norm": {
        "type": "transitional",
        "value": 0.9999999998122862,
        "violation_rate": 0.0
      }
    }
  }
}