{
  "step": 5000,
  "cooperation_rate": 1.0,
  "agents": {
    "agent_00": {
      "weights": [
        0.45974131840810306,
        0.256616464607916,
        0.1251955508071834,
        0.15844666617679762
      ],
      "state": "normal",
      "personality": {
        "type": "Survival",
        "weight": 0.2524760182044264,
        "entropy": 1.3862742139684563
      },
      "social": {
        "known_agents": 9,
        "avg_trust": 0.9999999999999996
      },
      "norm": {
        "type": "transitional",
        "value": 0.9999999999999998,
        "violation_rate": 0.0
      }
    },
    "agent_01": {
      "weights": [
        0.1630553834224791,
        0.35039955465989125,
        0.30950764642399553,
        0.17703741549363414
      ],
      "state": "concerned",
      "personality": {
        "type": "Optimization",
        "weight": 0.25392254722875984,
        "entropy": 1.3860950534346914
      },
      "social": {
        "known_agents": 9,
        "avg_trust": 0.9999999999999996
      },
      "norm": {
        "type": "transitional",
        "value": 0.9999999999999998,
        "violation_rate": 0.0
      }
    },
    "agent_02": {
      "weights": [
        0.1385222420990871,
        0.1468226945071391,
        0.2219672706290549,
        0.4926877927647189
      ],
      "state": "crisis",
      "personality": {
        "type": "Optimization",
        "weight": 0.2589820784693613,
        "entropy": 1.3858916132932428
      },
      "social": {
        "known_agents": 9,
        "avg_trust": 0.9999999999999996
      },
      "norm": {
        "type": "transitional",
        "value": 0.9999999999999998,
        "violation_rate": 0.0
      }
    },
    "agent_03": {
      "weights": [
        0.1562149201463635,
        0.28424600254655963,
        0.1928907057777005,
        0.3666483715293763
      ],
      "state": "concerned",
      "personality": {
        "type": "Curiosity",
        "weight": 0.2519715416326726,
        "entropy": 1.386258520641832
      },
      "social": {
        "known_agents": 9,
        "avg_trust": 0.9999999999999996
      },
      "norm": {
        "type": "transitional",
        "value": 0.9999999999999998,
        "violation_rate": 0.0
      }
    },
    "agent_04": {
      "weights": [
        0.10107255298648843,
        0.48390280776255173,
        0.24630056563490038,
        0.16872407361605937
      ],
      "state": "crisis",
      "personality": {
        "type": "Curiosity",
        "weight": 0.2588627727845665,
        "entropy": 1.3852921757147896
      },
      "social": {
        "known_agents": 9,
        "avg_trust": 0.9999999999999996
      },
      "norm": {
        "type": "transitional",
        "value": 0.9999999999999998,
        "violation_rate": 0.0
      }
    },
    "agent_05": {
      "weights": [
        0.18505201180251524,
        0.5454681207155649,
        0.11277714490537329,
        0.1567027225765465
      ],
      "state": "concerned",
      "personality": {
        "type": "Curiosity",
        "weight": 0.25319177711390506,
        "entropy": 1.3862136458967464
      },
      "social": {
        "known_agents": 9,
        "avg_trust": 0.9999999999999996
      },
      "norm": {
        "type": "transitional",
        "value": 0.9999999999999998,
        "violation_rate": 0.0
      }
    },
    "agent_06": {
      "weights": [
        0.24168143648823265,
        0.2196305184310242,
        0.401393880938773,
        0.13729416414197013
      ],
      "state": "concerned",
      "personality": {
        "type": "Influence",
        "weight": 0.2523436055827686,
        "entropy": 1.386266635848908
      },
      "social": {
        "known_agents": 9,
        "avg_trust": 0.9999999999999996
      },
      "norm": {
        "type": "transitional",
        "value": 0.9999999999999998,
        "violation_rate": 0.0
      }
    },
    "agent_07": {
      "weights": [
        0.4451953933970613,
        0.23950896832818658,
        0.1676669536978539,
        0.1476286845768983
      ],
      "state": "normal",
      "personality": {
        "type": "Optimization",
        "weight": 0.2512968540845358,
        "entropy": 1.3862877803864557
      },
      "social": {
        "known_agents": 9,
        "avg_trust": 0.9999999999999996
      },
      "norm": {
        "type": "transitional",
        "value": 0.9999999999999998,
        "violation_rate": 0.0
      }
    },
    "agent_08": {
      "weights": [
        0.48122966203374257,
        0.19207387573515491,
        0.13051891698857884,
        0.19617754524252376
      ],
      "state": "normal",
      "personality": {
        "type": "Survival",
        "weight": 0.2611203394231464,
        "entropy": 1.3857642443300682
      },
      "social": {
        "known_agents": 9,
        "avg_trust": 0.9999999999999996
      },
      "norm": {
        "type": "transitional",
        "value": 0.9999999999999998,
        "violation_rate": 0.0
      }
    },
    "agent_09": {
      "weights": [
        0.2723000756811636,
        0.2919367058609296,
        0.12084836492671586,
        0.31491485353119086
      ],
      "state": "concerned",
      "personality": {
        "type": "Optimization",
        "weight": 0.25215798657994365,
        "entropy": 1.3862784654659783
      },
      "social": {
        "known_agents": 9,
        "avg_trust": 0.9999999999999996
      },
      "norm": {
        "type": "transitional",
        "value": 0.9999999999999998,
        "violation_rate": 0.0
      }
    }
  }
}