{
  "step": 7000,
  "cooperation_rate": 1.0,
  "agents": {
    "agent_00": {
      "weights": [
        0.10481296405740972,
        0.1446311395742326,
        0.46426014210209254,
        0.28629575426626513
      ],
      "state": "concerned",
      "personality": {
        "type": "Influence",
        "weight": 0.2514622412635214,
        "entropy": 1.3862804189924274
      },
      "social": {
        "known_agents": 9,
        "avg_trust": 0.9999999999999996
      },
      "norm": {
        "type": "transitional",
        "value": 0.9999999999999998,
        "violation_rate": 0.0
      }
    },
    "agent_01": {
      "weights": [
        0.18854530779987566,
        0.16264516227299308,
        0.2008069673498063,
        0.44800256257732496
      ],
      "state": "concerned",
      "personality": {
        "type": "Optimization",
        "weight": 0.25607409858429525,
        "entropy": 1.385985851718726
      },
      "social": {
        "known_agents": 9,
        "avg_trust": 0.9999999999999996
      },
      "norm": {
        "type": "transitional",
        "value": 0.9999999999999998,
        "violation_rate": 0.0
      }
    },
    "agent_02": {
      "weights": [
        0.4445856598392366,
        0.16915268186912255,
        0.09718443580874878,
        0.28907722248289214
      ],
      "state": "normal",
      "personality": {
        "type": "Influence",
        "weight": 0.25501910876150474,
        "entropy": 1.3859349167277775
      },
      "social": {
        "known_agents": 9,
        "avg_trust": 0.9999999999999996
      },
      "norm": {
        "type": "transitional",
        "value": 0.9999999999999998,
        "violation_rate": 0.0
      }
    },
    "agent_03": {
      "weights": [
        0.19578153875383975,
        0.23406752235998704,
        0.4197215363637921,
        0.15042940252238118
      ],
      "state": "concerned",
      "personality": {
        "type": "Influence",
        "weight": 0.25493303201691153,
        "entropy": 1.386143319541859
      },
      "social": {
        "known_agents": 9,
        "avg_trust": 0.9999999999999996
      },
      "norm": {
        "type": "transitional",
        "value": 0.9999999999999998,
        "violation_rate": 0.0
      }
    },
    "agent_04": {
      "weights": [
        0.5113437323903726,
        0.29160528002418384,
        0.09852549379272188,
        0.09852549379272188
      ],
      "state": "normal",
      "personality": {
        "type": "Optimization",
        "weight": 0.25634867020506213,
        "entropy": 1.385952859070994
      },
      "social": {
        "known_agents": 9,
        "avg_trust": 0.9999999999999996
      },
      "norm": {
        "type": "transitional",
        "value": 0.9999999999999998,
        "violation_rate": 0.0
      }
    },
    "agent_05": {
      "weights": [
        0.145172038988208,
        0.3087658157981885,
        0.18033854071567626,
        0.36572360449792723
      ],
      "state": "concerned",
      "personality": {
        "type": "Influence",
        "weight": 0.25346925226453415,
        "entropy": 1.3862429930969196
      },
      "social": {
        "known_agents": 9,
        "avg_trust": 0.9999999999999996
      },
      "norm": {
        "type": "transitional",
        "value": 0.9999999999999998,
        "violation_rate": 0.0
      }
    },
    "agent_06": {
      "weights": [
        0.20920999603949517,
        0.30996724886030863,
        0.2989929154553015,
        0.1818298396448948
      ],
      "state": "concerned",
      "personality": {
        "type": "Influence",
        "weight": 0.2520351843941604,
        "entropy": 1.3862740771740178
      },
      "social": {
        "known_agents": 9,
        "avg_trust": 0.9999999999999996
      },
      "norm": {
        "type": "transitional",
        "value": 0.9999999999999998,
        "violation_rate": 0.0
      }
    },
    "agent_07": {
      "weights": [
        0.32084639560762446,
        0.16608419402849486,
        0.17510800429870269,
        0.3379614060651781
      ],
      "state": "normal",
      "personality": {
        "type": "Optimization",
        "weight": 0.25187497981628393,
        "entropy": 1.386281540858109
      },
      "social": {
        "known_agents": 9,
        "avg_trust": 0.9999999999999996
      },
      "norm": {
        "type": "transitional",
        "value": 0.9999999999999998,
        "violation_rate": 0.0
      }
    },
    "agent_08": {
      "weights": [
        0.10563683699065972,
        0.2811123939361591,
        0.10098619594200772,
        0.5122645731311735
      ],
      "state": "crisis",
      "personality": {
        "type": "Optimization",
        "weight": 0.26337198814060475,
        "entropy": 1.3857116840902235
      },
      "social": {
        "known_agents": 9,
        "avg_trust": 0.9999999999999996
      },
      "norm": {
        "type": "transitional",
        "value": 0.9999999999999998,
        "violation_rate": 0.0
      }
    },
    "agent_09": {
      "weights": [
        0.49913640843368934,
        0.23330321913787092,
        0.13413823711613265,
        0.13342213531230704
      ],
      "state": "normal",
      "personality": {
        "type": "Survival",
        "weight": 0.25111888948465827,
        "entropy": 1.386282205245685
      },
      "social": {
        "known_agents": 9,
        "avg_trust": 0.9999999999999996
      },
      "norm": {
        "type": "transitional",
        "value": 0.9999999999999998,
        "violation_rate": 0.0
      }
    }
  }
}