{
  "spam_attack": {
    "old": {
      "mean": 0.3706666666666667,
      "max": 0.4953333333333333,
      "final": 0.4953333333333333
    },
    "new": {
      "mean": 0.16423322944194,
      "max": 0.2692405189620758,
      "final": 0.2692405189620758
    }
  },
  "resource_exhaustion": {
    "old": {
      "mean": 0.3759166666666667,
      "max": 0.4418333333333333,
      "final": 0.4418333333333333
    },
    "new": {
      "mean": 0.18963907928999466,
      "max": 0.22980734632683658,
      "final": 0.22980734632683658
    }
  },
  "normal_growth": {
    "old": {
      "mean": 0.43986666666666674,
      "max": 0.5277333333333333,
      "final": 0.5277333333333333
    },
    "new": {
      "mean": 0.5881685932914086,
      "max": 0.643539603960396,
      "final": 0.643539603960396
    }
  }
}